/*
SQLyog Ultimate v12.09 (64 bit)
MySQL - 5.5.39 : Database - emplopad.1.1
*********************************************************************
*/

/*!40101 SET NAMES utf8 */;

/*!40101 SET SQL_MODE=''*/;

/*!40014 SET @OLD_UNIQUE_CHECKS=@@UNIQUE_CHECKS, UNIQUE_CHECKS=0 */;
/*!40014 SET @OLD_FOREIGN_KEY_CHECKS=@@FOREIGN_KEY_CHECKS, FOREIGN_KEY_CHECKS=0 */;
/*!40101 SET @OLD_SQL_MODE=@@SQL_MODE, SQL_MODE='NO_AUTO_VALUE_ON_ZERO' */;
/*!40111 SET @OLD_SQL_NOTES=@@SQL_NOTES, SQL_NOTES=0 */;
/*Data for the table `logtable` */

insert  into `logtable`(`id`,`log`) values (1,'plan id :0status id :0'),(2,'code type : approved'),(3,'code type : recruitment_manpower_plan_approved');

/*Data for the table `ww_approver_class` */

insert  into `ww_approver_class`(`class_id`,`class_code`,`class`,`category`,`deleted`) values (1,'SL','Sick Leave','Time Records',0),(2,'VL','Vacation Leave','Time Records',0),(3,'EL','Emergency Leave','Time Records',0),(4,'FL','Bereavement Leave','Time Records',0),(5,'ML','Maternity Leave','Time Records',0),(6,'PL','Paternity Leave','Time Records',0),(7,'LWOP','Leave Without Pay','Time Records',0),(8,'OBT','Business Trip','Time Records',0),(9,'OT','Overtime','Time Records',0),(10,'UT','Undertime','Time Records',0),(11,'DTRP','Daily Time Record Problem','Time Records',0),(12,'CWS','Change Work Schedule','Time Records',0),(13,'BL','Birthday Leave','Time Records',0),(14,'SLW','Special Leave for Women','Time Records',0),(15,'ET','Excused Tardiness','Time Records',0),(16,'201REQ','Change Request','Partners',0),(17,'SPL','Solo Parent Leave','Time Records',0),(18,'VVL','Victim of Violence','Time Records',0),(19,'PPA','Performance Planning & Appraisal','Performance',0),(20,'REC','Recruitment','Recruitment',0),(33,'DTRU','Time Record Updating','Time Records',0),(34,'IR','Incident Report','Partners',0),(35,'ADDL','Complimentary Leave','Time Records',0),(36,'AMP','Manpower Planning','Recruitment',0);

/*Data for the table `ww_approver_class_company` */

/*Data for the table `ww_approver_class_department` */

/*Data for the table `ww_approver_class_position` */

/*Data for the table `ww_approver_class_user` */

/*Data for the table `ww_approver_class_users` */

/*Data for the table `ww_business_group` */

insert  into `ww_business_group`(`group_id`,`group`,`group_code`,`region_id`,`description`,`db`,`icon`,`logo`,`created_by`,`created_on`,`modified_by`,`modified_on`,`deleted`) values (1,'Default','DEFAULT',1,NULL,'default','assets/img/flags/ph.png','assets/img/hdi-logo-resource.png',NULL,'2015-01-21 03:40:26',NULL,NULL,0);

/*Data for the table `ww_business_level` */

insert  into `ww_business_level`(`level_id`,`level`,`deleted`) values (1,'Company',0),(2,'Group',0),(3,'Region',0),(4,'Global',1);

/*Data for the table `ww_business_region` */

insert  into `ww_business_region`(`region_id`,`region`,`region_code`,`description`,`created_by`,`created_on`,`modified_by`,`modified_on`,`deleted`) values (1,'Asia','AS','',1,'2015-01-21 02:51:59',NULL,NULL,0),(2,'Africa','AF',NULL,1,'2015-01-21 02:52:06',NULL,NULL,0),(3,'North America','NA',NULL,1,'2015-01-21 02:52:14',NULL,NULL,0),(4,'South America','SA',NULL,1,'2015-01-21 02:52:21',NULL,NULL,0),(5,'Antarctica','AN',NULL,1,'2015-01-21 02:53:00',NULL,NULL,0),(6,'Europe','EU',NULL,1,'2015-01-21 02:53:13',NULL,NULL,0),(7,'Australia','AU',NULL,1,'2015-01-21 02:53:28',NULL,NULL,0);

/*Data for the table `ww_cities` */

insert  into `ww_cities`(`city_id`,`city`,`province_id`,`minimum_wage`,`ecola`,`minimum_wage_effectivity`,`created_on`,`created_by`,`modified_on`,`modified_by`,`deleted`) values (1,'Abra',1,NULL,NULL,NULL,NULL,NULL,NULL,NULL,0),(2,'Agusan del Norte',2,NULL,NULL,NULL,NULL,NULL,NULL,NULL,0),(3,'Agusan del Sur',3,NULL,NULL,NULL,NULL,NULL,NULL,NULL,0),(4,'Aklan',4,NULL,NULL,NULL,NULL,NULL,NULL,NULL,0),(5,'Alaminos City',60,NULL,NULL,NULL,NULL,NULL,NULL,NULL,0),(6,'Albay',5,NULL,NULL,NULL,NULL,NULL,NULL,NULL,0),(7,'Angeles City',59,NULL,NULL,NULL,NULL,NULL,NULL,NULL,0),(8,'Antipolo City',63,NULL,NULL,NULL,NULL,NULL,NULL,NULL,0),(9,'Antique',6,NULL,NULL,NULL,NULL,NULL,NULL,NULL,0),(10,'Apayao',7,NULL,NULL,NULL,NULL,NULL,NULL,NULL,0),(11,'Aurora',8,NULL,NULL,NULL,NULL,NULL,NULL,NULL,0),(12,'Bacolod City',51,NULL,NULL,NULL,NULL,NULL,NULL,NULL,0),(13,'Bacoor City',24,NULL,NULL,NULL,NULL,NULL,NULL,NULL,0),(14,'Bago City',51,NULL,NULL,NULL,NULL,NULL,NULL,NULL,0),(15,'Baguio City',13,NULL,NULL,NULL,NULL,NULL,NULL,NULL,0),(16,'Bais City',52,NULL,NULL,NULL,NULL,NULL,NULL,NULL,0),(17,'Balanga City',10,NULL,NULL,NULL,NULL,NULL,NULL,NULL,0),(18,'Basilan',9,NULL,NULL,NULL,NULL,NULL,NULL,NULL,0),(19,'Bataan',10,NULL,NULL,NULL,NULL,NULL,NULL,NULL,0),(20,'Batac City',34,NULL,NULL,NULL,NULL,NULL,NULL,NULL,0),(21,'Batanes',11,NULL,NULL,NULL,NULL,NULL,NULL,NULL,0),(22,'Batangas',12,NULL,NULL,NULL,NULL,NULL,NULL,NULL,0),(23,'Batangas City',12,NULL,NULL,NULL,NULL,NULL,NULL,NULL,0),(24,'Bayawan City',52,NULL,NULL,NULL,NULL,NULL,NULL,NULL,0),(25,'Baybay City',43,NULL,NULL,NULL,NULL,NULL,NULL,NULL,0),(26,'Bayugan City',3,NULL,NULL,NULL,NULL,NULL,NULL,NULL,0),(27,'Benguet',13,NULL,NULL,NULL,NULL,NULL,NULL,NULL,0),(28,'Biliran',14,NULL,NULL,NULL,NULL,NULL,NULL,NULL,0),(29,'Biñan City',40,NULL,NULL,NULL,NULL,NULL,NULL,NULL,0),(30,'Bislig City',74,NULL,NULL,NULL,NULL,NULL,NULL,NULL,0),(31,'Bogo City',25,NULL,NULL,NULL,NULL,NULL,NULL,NULL,0),(32,'Bohol',15,NULL,NULL,NULL,NULL,NULL,NULL,NULL,0),(33,'Borongan City',31,NULL,NULL,NULL,NULL,NULL,NULL,NULL,0),(34,'Bukidnon',16,NULL,NULL,NULL,NULL,NULL,NULL,NULL,0),(35,'Bulacan',17,NULL,NULL,NULL,NULL,NULL,NULL,NULL,0),(36,'Butuan City',2,NULL,NULL,NULL,NULL,NULL,NULL,NULL,0),(37,'Cabadbaran City',2,NULL,NULL,NULL,NULL,NULL,NULL,NULL,0),(38,'Cabanatuan City',54,NULL,NULL,NULL,NULL,NULL,NULL,NULL,0),(39,'Cabuyao City',40,NULL,NULL,NULL,NULL,NULL,NULL,NULL,0),(40,'Cadiz City',51,NULL,NULL,NULL,NULL,NULL,NULL,NULL,0),(41,'Cagayan',18,NULL,NULL,NULL,NULL,NULL,NULL,NULL,0),(42,'Cagayan de Oro',49,NULL,NULL,NULL,NULL,NULL,NULL,NULL,0),(43,'Calamba City',40,NULL,NULL,NULL,NULL,NULL,NULL,NULL,0),(44,'Calapan City',57,NULL,NULL,NULL,NULL,NULL,NULL,NULL,0),(45,'Calbayog City',65,NULL,NULL,NULL,NULL,NULL,NULL,NULL,0),(46,'Caloocan',47,NULL,NULL,NULL,NULL,NULL,NULL,NULL,0),(47,'Camarines Norte',19,NULL,NULL,NULL,NULL,NULL,NULL,NULL,0),(48,'Camarines Sur',20,NULL,NULL,NULL,NULL,NULL,NULL,NULL,0),(49,'Camiguin',21,NULL,NULL,NULL,NULL,NULL,NULL,NULL,0),(50,'Candon City',35,NULL,NULL,NULL,NULL,NULL,NULL,NULL,0),(51,'Canlaon City',52,NULL,NULL,NULL,NULL,NULL,NULL,NULL,0),(52,'Capiz',22,NULL,NULL,NULL,NULL,NULL,NULL,NULL,0),(53,'Carcar City',25,NULL,NULL,NULL,NULL,NULL,NULL,NULL,0),(54,'Catanduanes',23,NULL,NULL,NULL,NULL,NULL,NULL,NULL,0),(55,'Catbalogan City',65,NULL,NULL,NULL,NULL,NULL,NULL,NULL,0),(56,'Cauayan City',37,NULL,NULL,NULL,NULL,NULL,NULL,NULL,0),(57,'Cavite',24,NULL,NULL,NULL,NULL,NULL,NULL,NULL,0),(58,'Cavite City',24,NULL,NULL,NULL,NULL,NULL,NULL,NULL,0),(59,'Cebu',25,NULL,NULL,NULL,NULL,NULL,NULL,NULL,0),(60,'Cebu City',25,NULL,NULL,NULL,NULL,NULL,NULL,NULL,0),(61,'Compostela Valley',26,NULL,NULL,NULL,NULL,NULL,NULL,NULL,0),(62,'Cotabato',44,NULL,NULL,NULL,NULL,NULL,NULL,NULL,0),(63,'Cotabato City',44,NULL,NULL,NULL,NULL,NULL,NULL,NULL,0),(64,'Dagupan City',60,NULL,NULL,NULL,NULL,NULL,NULL,NULL,0),(65,'Danao City',25,NULL,NULL,NULL,NULL,NULL,NULL,NULL,0),(66,'Dapitan City',78,NULL,NULL,NULL,NULL,NULL,NULL,NULL,0),(67,'Dasmariñas City',24,NULL,NULL,NULL,NULL,NULL,NULL,NULL,0),(68,'Davao City',29,NULL,NULL,NULL,NULL,NULL,NULL,NULL,0),(69,'Davao del Norte',28,NULL,NULL,NULL,NULL,NULL,NULL,NULL,0),(70,'Davao del Sur',29,NULL,NULL,NULL,NULL,NULL,NULL,NULL,0),(71,'Davao Oriental',30,NULL,NULL,NULL,NULL,NULL,NULL,NULL,0),(72,'Digos City',29,NULL,NULL,NULL,NULL,NULL,NULL,NULL,0),(73,'Dinagat',73,NULL,NULL,NULL,NULL,NULL,NULL,NULL,0),(74,'Dipolog City',78,NULL,NULL,NULL,NULL,NULL,NULL,NULL,0),(75,'Dumaguete City',52,NULL,NULL,NULL,NULL,NULL,NULL,NULL,0),(76,'Eastern Samar',31,NULL,NULL,NULL,NULL,NULL,NULL,NULL,0),(77,'El Salvador City',49,NULL,NULL,NULL,NULL,NULL,NULL,NULL,0),(78,'Escalante City',51,NULL,NULL,NULL,NULL,NULL,NULL,NULL,0),(79,'Gapan City',54,NULL,NULL,NULL,NULL,NULL,NULL,NULL,0),(80,'General Santos City',69,NULL,NULL,NULL,NULL,NULL,NULL,NULL,0),(81,'Gingoog City',49,NULL,NULL,NULL,NULL,NULL,NULL,NULL,0),(82,'Guihulngan City',52,NULL,NULL,NULL,NULL,NULL,NULL,NULL,0),(83,'Guimaras',32,NULL,NULL,NULL,NULL,NULL,NULL,NULL,0),(84,'Himamaylan City',51,NULL,NULL,NULL,NULL,NULL,NULL,NULL,0),(85,'Ifugao',33,NULL,NULL,NULL,NULL,NULL,NULL,NULL,0),(86,'Ilagan City',37,NULL,NULL,NULL,NULL,NULL,NULL,NULL,0),(87,'Iligan City',41,NULL,NULL,NULL,NULL,NULL,NULL,NULL,0),(88,'Ilocos Norte',34,NULL,NULL,NULL,NULL,NULL,NULL,NULL,0),(89,'Ilocos Sur',35,NULL,NULL,NULL,NULL,NULL,NULL,NULL,0),(90,'Iloilo',36,NULL,NULL,NULL,NULL,NULL,NULL,NULL,0),(91,'Iloilo City',36,NULL,NULL,NULL,NULL,NULL,NULL,NULL,0),(92,'Imus City',24,NULL,NULL,NULL,NULL,NULL,NULL,NULL,0),(93,'Iriga City',20,NULL,NULL,NULL,NULL,NULL,NULL,NULL,0),(94,'Isabela City',9,NULL,NULL,NULL,NULL,NULL,NULL,NULL,0),(95,'Isabela City',37,NULL,NULL,NULL,NULL,NULL,NULL,NULL,0),(96,'Kabankalan City',51,NULL,NULL,NULL,NULL,NULL,NULL,NULL,0),(97,'Kalinga',38,NULL,NULL,NULL,NULL,NULL,NULL,NULL,0),(98,'Kidapawan City',27,NULL,NULL,NULL,NULL,NULL,NULL,NULL,0),(99,'Koronadal City',69,NULL,NULL,NULL,NULL,NULL,NULL,NULL,0),(100,'La Carlota City',51,NULL,NULL,NULL,NULL,NULL,NULL,NULL,0),(101,'La Union',39,NULL,NULL,NULL,NULL,NULL,NULL,NULL,0),(102,'Laguna',40,NULL,NULL,NULL,NULL,NULL,NULL,NULL,0),(103,'Lamitan City',9,NULL,NULL,NULL,NULL,NULL,NULL,NULL,0),(104,'Lanao del Norte',41,NULL,NULL,NULL,NULL,NULL,NULL,NULL,0),(105,'Lanao del Sur',42,NULL,NULL,NULL,NULL,NULL,NULL,NULL,0),(106,'Laoag City',34,NULL,NULL,NULL,NULL,NULL,NULL,NULL,0),(107,'Lapu-Lapu City',25,NULL,NULL,NULL,NULL,NULL,NULL,NULL,0),(108,'Las Piñas',47,NULL,NULL,NULL,NULL,NULL,NULL,NULL,0),(109,'Legazpi City',5,NULL,NULL,NULL,NULL,NULL,NULL,NULL,0),(110,'Leyte',43,NULL,NULL,NULL,NULL,NULL,NULL,NULL,0),(111,'Ligao City',5,NULL,NULL,NULL,NULL,NULL,NULL,NULL,0),(112,'Lipa City',12,NULL,NULL,NULL,NULL,NULL,NULL,NULL,0),(113,'Lucena City',61,NULL,NULL,NULL,NULL,NULL,NULL,NULL,0),(114,'Maasin City',70,NULL,NULL,NULL,NULL,NULL,NULL,NULL,0),(115,'Mabalacat City',59,NULL,NULL,NULL,NULL,NULL,NULL,NULL,0),(116,'Maguindanao',44,NULL,NULL,NULL,NULL,NULL,NULL,NULL,0),(117,'Makati',47,NULL,NULL,NULL,NULL,NULL,NULL,NULL,0),(118,'Malabon',47,NULL,NULL,NULL,NULL,NULL,NULL,NULL,0),(119,'Malaybalay City',16,NULL,NULL,NULL,NULL,NULL,NULL,NULL,0),(120,'Malolos City',17,NULL,NULL,NULL,NULL,NULL,NULL,NULL,0),(121,'Mandaluyong',47,NULL,NULL,NULL,NULL,NULL,NULL,NULL,0),(122,'Mandaue City',25,NULL,NULL,NULL,NULL,NULL,NULL,NULL,0),(123,'City of Manila',47,NULL,NULL,NULL,NULL,NULL,NULL,NULL,0),(124,'Marawi City',42,NULL,NULL,NULL,NULL,NULL,NULL,NULL,0),(125,'Marikina',47,NULL,NULL,NULL,NULL,NULL,NULL,NULL,0),(126,'Marinduque',45,NULL,NULL,NULL,NULL,NULL,NULL,NULL,0),(127,'Masbate',46,NULL,NULL,NULL,NULL,NULL,NULL,NULL,0),(128,'Masbate City',46,NULL,NULL,NULL,NULL,NULL,NULL,NULL,0),(129,'Mati City',30,NULL,NULL,NULL,NULL,NULL,NULL,NULL,0),(130,'Meycauayan City',17,NULL,NULL,NULL,NULL,NULL,NULL,NULL,0),(131,'Misamis Occidental',48,NULL,NULL,NULL,NULL,NULL,NULL,NULL,0),(132,'Misamis Oriental',49,NULL,NULL,NULL,NULL,NULL,NULL,NULL,0),(133,'Mountain Province',50,NULL,NULL,NULL,NULL,NULL,NULL,NULL,0),(134,'Science City of Muñoz',54,NULL,NULL,NULL,NULL,NULL,NULL,NULL,0),(135,'Muntinlupa',47,NULL,NULL,NULL,NULL,NULL,NULL,NULL,0),(136,'Naga City',20,NULL,NULL,NULL,NULL,NULL,NULL,NULL,0),(137,'Navotas',47,NULL,NULL,NULL,NULL,NULL,NULL,NULL,0),(138,'Negros Occidental',51,NULL,NULL,NULL,NULL,NULL,NULL,NULL,0),(139,'Negros Oriental',52,NULL,NULL,NULL,NULL,NULL,NULL,NULL,0),(140,'Northern Samar',53,NULL,NULL,NULL,NULL,NULL,NULL,NULL,0),(141,'Nueva Ecija',54,NULL,NULL,NULL,NULL,NULL,NULL,NULL,0),(142,'Nueva Vizcaya',55,NULL,NULL,NULL,NULL,NULL,NULL,NULL,0),(143,'Occidental Mindoro',56,NULL,NULL,NULL,NULL,NULL,NULL,NULL,0),(144,'Olongapo City',77,NULL,NULL,NULL,NULL,NULL,NULL,NULL,0),(145,'Oriental Mindoro',57,NULL,NULL,NULL,NULL,NULL,NULL,NULL,0),(146,'Ormoc City',43,NULL,NULL,NULL,NULL,NULL,NULL,NULL,0),(147,'Oroquieta City',48,NULL,NULL,NULL,NULL,NULL,NULL,NULL,0),(148,'Ozamiz City',48,NULL,NULL,NULL,NULL,NULL,NULL,NULL,0),(149,'Pagadian City',79,NULL,NULL,NULL,NULL,NULL,NULL,NULL,0),(150,'Palawan',58,NULL,NULL,NULL,NULL,NULL,NULL,NULL,0),(151,'Palayan City',54,NULL,NULL,NULL,NULL,NULL,NULL,NULL,0),(152,'Pampanga',59,NULL,NULL,NULL,NULL,NULL,NULL,NULL,0),(153,'Panabo City',28,NULL,NULL,NULL,NULL,NULL,NULL,NULL,0),(154,'Pangasinan',60,NULL,NULL,NULL,NULL,NULL,NULL,NULL,0),(155,'Parañaque',47,NULL,NULL,NULL,NULL,NULL,NULL,NULL,0),(156,'Pasay',47,NULL,NULL,NULL,NULL,NULL,NULL,NULL,0),(157,'Pasig',47,NULL,NULL,NULL,NULL,NULL,NULL,NULL,0),(158,'Passi City',36,NULL,NULL,NULL,NULL,NULL,NULL,NULL,0),(159,'Puerto Princesa City',58,NULL,NULL,NULL,NULL,NULL,NULL,NULL,0),(160,'Quezon',61,NULL,NULL,NULL,NULL,NULL,NULL,NULL,0),(161,'Quezon City',47,NULL,NULL,NULL,NULL,NULL,NULL,NULL,0),(162,'Quirino',62,NULL,NULL,NULL,NULL,NULL,NULL,NULL,0),(163,'Rizal',63,NULL,NULL,NULL,NULL,NULL,NULL,NULL,0),(164,'Romblon',64,NULL,NULL,NULL,NULL,NULL,NULL,NULL,0),(165,'Roxas City',22,NULL,NULL,NULL,NULL,NULL,NULL,NULL,0),(166,'Sagay City',51,NULL,NULL,NULL,NULL,NULL,NULL,NULL,0),(167,'Samal City',28,NULL,NULL,NULL,NULL,NULL,NULL,NULL,0),(168,'Samar',65,NULL,NULL,NULL,NULL,NULL,NULL,NULL,0),(169,'San Carlos City',51,NULL,NULL,NULL,NULL,NULL,NULL,NULL,0),(170,'San Fernando City',39,NULL,NULL,NULL,NULL,NULL,NULL,NULL,0),(171,'San Jose City',54,NULL,NULL,NULL,NULL,NULL,NULL,NULL,0),(172,'San Jose del Monte City',17,NULL,NULL,NULL,NULL,NULL,NULL,NULL,0),(173,'San Juan',47,NULL,NULL,NULL,NULL,NULL,NULL,NULL,0),(174,'San Pablo City',40,NULL,NULL,NULL,NULL,NULL,NULL,NULL,0),(175,'Santa Rosa City',40,NULL,NULL,NULL,NULL,NULL,NULL,NULL,0),(176,'Santiago City',37,NULL,NULL,NULL,NULL,NULL,NULL,NULL,0),(177,'Sarangani',66,NULL,NULL,NULL,NULL,NULL,NULL,NULL,0),(178,'Silay City',51,NULL,NULL,NULL,NULL,NULL,NULL,NULL,0),(179,'Sipalay City',51,NULL,NULL,NULL,NULL,NULL,NULL,NULL,0),(180,'Siquijor',67,NULL,NULL,NULL,NULL,NULL,NULL,NULL,0),(181,'Sorsogon',68,NULL,NULL,NULL,NULL,NULL,NULL,NULL,0),(182,'Sorsogon City',68,NULL,NULL,NULL,NULL,NULL,NULL,NULL,0),(183,'South Cotabato',69,NULL,NULL,NULL,NULL,NULL,NULL,NULL,0),(184,'Southern Leyte',70,NULL,NULL,NULL,NULL,NULL,NULL,NULL,0),(185,'Sultan Kudarat',71,NULL,NULL,NULL,NULL,NULL,NULL,NULL,0),(186,'Sulu',72,NULL,NULL,NULL,NULL,NULL,NULL,NULL,0),(187,'Surigao City',73,NULL,NULL,NULL,NULL,NULL,NULL,NULL,0),(188,'Surigao del Norte',73,NULL,NULL,NULL,NULL,NULL,NULL,NULL,0),(189,'Surigao del Sur',74,NULL,NULL,NULL,NULL,NULL,NULL,NULL,0),(190,'Tabaco City',5,NULL,NULL,NULL,NULL,NULL,NULL,NULL,0),(191,'Tabuk City',38,NULL,NULL,NULL,NULL,NULL,NULL,NULL,0),(192,'Tacloban City',43,NULL,NULL,NULL,NULL,NULL,NULL,NULL,0),(193,'Tacurong City',71,NULL,NULL,NULL,NULL,NULL,NULL,NULL,0),(194,'Tagaytay City',24,NULL,NULL,NULL,NULL,NULL,NULL,NULL,0),(195,'Tagbilaran City',15,NULL,NULL,NULL,NULL,NULL,NULL,NULL,0),(196,'Taguig',47,NULL,NULL,NULL,NULL,NULL,NULL,NULL,0),(197,'Tagum City',28,NULL,NULL,NULL,NULL,NULL,NULL,NULL,0),(198,'Talisay City',25,NULL,NULL,NULL,NULL,NULL,NULL,NULL,0),(199,'Tanauan City',12,NULL,NULL,NULL,NULL,NULL,NULL,NULL,0),(200,'Tandag City',74,NULL,NULL,NULL,NULL,NULL,NULL,NULL,0),(201,'Tangub City',48,NULL,NULL,NULL,NULL,NULL,NULL,NULL,0),(202,'Tanjay City',52,NULL,NULL,NULL,NULL,NULL,NULL,NULL,0),(203,'Tarlac',75,NULL,NULL,NULL,NULL,NULL,NULL,NULL,0),(204,'Tarlac City',75,NULL,NULL,NULL,NULL,NULL,NULL,NULL,0),(205,'Tawi-Tawi',76,NULL,NULL,NULL,NULL,NULL,NULL,NULL,0),(206,'Tayabas City',61,NULL,NULL,NULL,NULL,NULL,NULL,NULL,0),(207,'Toledo City',25,NULL,NULL,NULL,NULL,NULL,NULL,NULL,0),(208,'Trece Martires City',24,NULL,NULL,NULL,NULL,NULL,NULL,NULL,0),(209,'Tuguegarao City',18,NULL,NULL,NULL,NULL,NULL,NULL,NULL,0),(210,'Urdaneta City',60,NULL,NULL,NULL,NULL,NULL,NULL,NULL,0),(211,'Valencia City',16,NULL,NULL,NULL,NULL,NULL,NULL,NULL,0),(212,'Valenzuela',47,NULL,NULL,NULL,NULL,NULL,NULL,NULL,0),(213,'Victorias City',51,NULL,NULL,NULL,NULL,NULL,NULL,NULL,0),(214,'Vigan City',35,NULL,NULL,NULL,NULL,NULL,NULL,NULL,0),(215,'Zambales',77,NULL,NULL,NULL,NULL,NULL,NULL,NULL,0),(216,'Zamboanga City',79,NULL,NULL,NULL,NULL,NULL,NULL,NULL,0),(217,'Zamboanga del Norte',78,NULL,NULL,NULL,NULL,NULL,NULL,NULL,0),(218,'Zamboanga del Sur',79,NULL,NULL,NULL,NULL,NULL,NULL,NULL,0),(219,'Zamboanga Sibugay',80,NULL,NULL,NULL,NULL,NULL,NULL,NULL,0),(220,'Talisay City',51,NULL,NULL,NULL,NULL,NULL,NULL,NULL,0),(221,'San Fernando City',59,NULL,NULL,NULL,NULL,NULL,NULL,NULL,0),(222,'San Carlos City',60,NULL,NULL,NULL,NULL,NULL,NULL,NULL,0),(223,'Naga City',25,NULL,NULL,NULL,NULL,NULL,NULL,NULL,0),(224,'Bangued',1,NULL,NULL,NULL,NULL,NULL,NULL,NULL,0),(225,'Boliney',1,NULL,NULL,NULL,NULL,NULL,NULL,NULL,0),(226,'Bucay',1,NULL,NULL,NULL,NULL,NULL,NULL,NULL,0),(227,'Bucloc',1,NULL,NULL,NULL,NULL,NULL,NULL,NULL,0),(228,'Daguioman',1,NULL,NULL,NULL,NULL,NULL,NULL,NULL,0),(229,'Danglas',1,NULL,NULL,NULL,NULL,NULL,NULL,NULL,0),(230,'Dolores',1,NULL,NULL,NULL,NULL,NULL,NULL,NULL,0),(231,'La Paz',1,NULL,NULL,NULL,NULL,NULL,NULL,NULL,0),(232,'Lacub',1,NULL,NULL,NULL,NULL,NULL,NULL,NULL,0),(233,'Lagangilang',1,NULL,NULL,NULL,NULL,NULL,NULL,NULL,0),(234,'Lagayan',1,NULL,NULL,NULL,NULL,NULL,NULL,NULL,0),(235,'Langiden',1,NULL,NULL,NULL,NULL,NULL,NULL,NULL,0),(236,'Licuan-Baay',1,NULL,NULL,NULL,NULL,NULL,NULL,NULL,0),(237,'Luba',1,NULL,NULL,NULL,NULL,NULL,NULL,NULL,0),(238,'Malibcong',1,NULL,NULL,NULL,NULL,NULL,NULL,NULL,0),(239,'Manabo',1,NULL,NULL,NULL,NULL,NULL,NULL,NULL,0),(240,'Peñarrubia',1,NULL,NULL,NULL,NULL,NULL,NULL,NULL,0),(241,'Pidigan',1,NULL,NULL,NULL,NULL,NULL,NULL,NULL,0),(242,'Pilar',1,NULL,NULL,NULL,NULL,NULL,NULL,NULL,0),(243,'Sallapadan',1,NULL,NULL,NULL,NULL,NULL,NULL,NULL,0),(244,'San Isidro',1,NULL,NULL,NULL,NULL,NULL,NULL,NULL,0),(245,'San Juan',1,NULL,NULL,NULL,NULL,NULL,NULL,NULL,0),(246,'San Quintin',1,NULL,NULL,NULL,NULL,NULL,NULL,NULL,0),(247,'Tayum',1,NULL,NULL,NULL,NULL,NULL,NULL,NULL,0),(248,'Tineg',1,NULL,NULL,NULL,NULL,NULL,NULL,NULL,0),(249,'Tubo',1,NULL,NULL,NULL,NULL,NULL,NULL,NULL,0),(250,'Villaviciosa',1,NULL,NULL,NULL,NULL,NULL,NULL,NULL,0),(251,'Buenavista',2,NULL,NULL,NULL,NULL,NULL,NULL,NULL,0),(252,'Carmen',2,NULL,NULL,NULL,NULL,NULL,NULL,NULL,0),(253,'Jabonga',2,NULL,NULL,NULL,NULL,NULL,NULL,NULL,0),(254,'Kitcharao',2,NULL,NULL,NULL,NULL,NULL,NULL,NULL,0),(255,'Las Nieves',2,NULL,NULL,NULL,NULL,NULL,NULL,NULL,0),(256,'Magallanes',2,NULL,NULL,NULL,NULL,NULL,NULL,NULL,0),(257,'Nasipit',2,NULL,NULL,NULL,NULL,NULL,NULL,NULL,0),(258,'Remedios T. Romualdez',2,NULL,NULL,NULL,NULL,NULL,NULL,NULL,0),(259,'Santiago',2,NULL,NULL,NULL,NULL,NULL,NULL,NULL,0),(260,'Tubay',2,NULL,NULL,NULL,NULL,NULL,NULL,NULL,0),(261,'Bunawan',3,NULL,NULL,NULL,NULL,NULL,NULL,NULL,0),(262,'Esperanza',3,NULL,NULL,NULL,NULL,NULL,NULL,NULL,0),(263,'La Paz',3,NULL,NULL,NULL,NULL,NULL,NULL,NULL,0),(264,'Loreto',3,NULL,NULL,NULL,NULL,NULL,NULL,NULL,0),(265,'Prosperidad',3,NULL,NULL,NULL,NULL,NULL,NULL,NULL,0),(266,'Rosario',3,NULL,NULL,NULL,NULL,NULL,NULL,NULL,0),(267,'San Francisco',3,NULL,NULL,NULL,NULL,NULL,NULL,NULL,0),(268,'San Luis',3,NULL,NULL,NULL,NULL,NULL,NULL,NULL,0),(269,'Santa Josefa',3,NULL,NULL,NULL,NULL,NULL,NULL,NULL,0),(270,'Sibagat',3,NULL,NULL,NULL,NULL,NULL,NULL,NULL,0),(271,'Talacogon',3,NULL,NULL,NULL,NULL,NULL,NULL,NULL,0),(272,'Trento',3,NULL,NULL,NULL,NULL,NULL,NULL,NULL,0),(273,'Veruela',3,NULL,NULL,NULL,NULL,NULL,NULL,NULL,0),(274,'Altavas',4,NULL,NULL,NULL,NULL,NULL,NULL,NULL,0),(275,'Balete',4,NULL,NULL,NULL,NULL,NULL,NULL,NULL,0),(276,'Banga',4,NULL,NULL,NULL,NULL,NULL,NULL,NULL,0),(277,'Batan',4,NULL,NULL,NULL,NULL,NULL,NULL,NULL,0),(278,'Buruanga',4,NULL,NULL,NULL,NULL,NULL,NULL,NULL,0),(279,'Ibajay',4,NULL,NULL,NULL,NULL,NULL,NULL,NULL,0),(280,'Kalibo',4,NULL,NULL,NULL,NULL,NULL,NULL,NULL,0),(281,'Lezo',4,NULL,NULL,NULL,NULL,NULL,NULL,NULL,0),(282,'Libacao',4,NULL,NULL,NULL,NULL,NULL,NULL,NULL,0),(283,'Madalag',4,NULL,NULL,NULL,NULL,NULL,NULL,NULL,0),(284,'Makato',4,NULL,NULL,NULL,NULL,NULL,NULL,NULL,0),(285,'Malay',4,NULL,NULL,NULL,NULL,NULL,NULL,NULL,0),(286,'Malinao',4,NULL,NULL,NULL,NULL,NULL,NULL,NULL,0),(287,'Nabas',4,NULL,NULL,NULL,NULL,NULL,NULL,NULL,0),(288,'New Washington',4,NULL,NULL,NULL,NULL,NULL,NULL,NULL,0),(289,'Numancia',4,NULL,NULL,NULL,NULL,NULL,NULL,NULL,0),(290,'Tangalan',4,NULL,NULL,NULL,NULL,NULL,NULL,NULL,0),(291,'Bacacay',5,NULL,NULL,NULL,NULL,NULL,NULL,NULL,0),(292,'Camalig',5,NULL,NULL,NULL,NULL,NULL,NULL,NULL,0),(293,'Daraga',5,NULL,NULL,NULL,NULL,NULL,NULL,NULL,0),(294,'Guinobatan',5,NULL,NULL,NULL,NULL,NULL,NULL,NULL,0),(295,'Jovellar',5,NULL,NULL,NULL,NULL,NULL,NULL,NULL,0),(296,'Libon',5,NULL,NULL,NULL,NULL,NULL,NULL,NULL,0),(297,'Malilipot',5,NULL,NULL,NULL,NULL,NULL,NULL,NULL,0),(298,'Malinao',5,NULL,NULL,NULL,NULL,NULL,NULL,NULL,0),(299,'Manito',5,NULL,NULL,NULL,NULL,NULL,NULL,NULL,0),(300,'Oas',5,NULL,NULL,NULL,NULL,NULL,NULL,NULL,0),(301,'Pio Duran',5,NULL,NULL,NULL,NULL,NULL,NULL,NULL,0),(302,'Polangui',5,NULL,NULL,NULL,NULL,NULL,NULL,NULL,0),(303,'Rapu-Rapu',5,NULL,NULL,NULL,NULL,NULL,NULL,NULL,0),(304,'Santo Domingo',5,NULL,NULL,NULL,NULL,NULL,NULL,NULL,0),(305,'Tiwi',5,NULL,NULL,NULL,NULL,NULL,NULL,NULL,0),(306,'Anini-y',6,NULL,NULL,NULL,NULL,NULL,NULL,NULL,0),(307,'Barbaza',6,NULL,NULL,NULL,NULL,NULL,NULL,NULL,0),(308,'Belison',6,NULL,NULL,NULL,NULL,NULL,NULL,NULL,0),(309,'Bugasong',6,NULL,NULL,NULL,NULL,NULL,NULL,NULL,0),(310,'Caluya',6,NULL,NULL,NULL,NULL,NULL,NULL,NULL,0),(311,'Culasi',6,NULL,NULL,NULL,NULL,NULL,NULL,NULL,0),(312,'Hamtic',6,NULL,NULL,NULL,NULL,NULL,NULL,NULL,0),(313,'Laua-an',6,NULL,NULL,NULL,NULL,NULL,NULL,NULL,0),(314,'Libertad',6,NULL,NULL,NULL,NULL,NULL,NULL,NULL,0),(315,'Pandan',6,NULL,NULL,NULL,NULL,NULL,NULL,NULL,0),(316,'Patnongon',6,NULL,NULL,NULL,NULL,NULL,NULL,NULL,0),(317,'San Jose',6,NULL,NULL,NULL,NULL,NULL,NULL,NULL,0),(318,'San Remigio',6,NULL,NULL,NULL,NULL,NULL,NULL,NULL,0),(319,'Sebaste',6,NULL,NULL,NULL,NULL,NULL,NULL,NULL,0),(320,'Sibalom',6,NULL,NULL,NULL,NULL,NULL,NULL,NULL,0),(321,'Tibiao',6,NULL,NULL,NULL,NULL,NULL,NULL,NULL,0),(322,'Tobias Fornier',6,NULL,NULL,NULL,NULL,NULL,NULL,NULL,0),(323,'Valderrama',6,NULL,NULL,NULL,NULL,NULL,NULL,NULL,0),(324,'Calanasan',7,NULL,NULL,NULL,NULL,NULL,NULL,NULL,0),(325,'Conner',7,NULL,NULL,NULL,NULL,NULL,NULL,NULL,0),(326,'Flora',7,NULL,NULL,NULL,NULL,NULL,NULL,NULL,0),(327,'Kabugao',7,NULL,NULL,NULL,NULL,NULL,NULL,NULL,0),(328,'Luna',7,NULL,NULL,NULL,NULL,NULL,NULL,NULL,0),(329,'Pudtol',7,NULL,NULL,NULL,NULL,NULL,NULL,NULL,0),(330,'Santa Marcela',7,NULL,NULL,NULL,NULL,NULL,NULL,NULL,0),(331,'Baler',8,NULL,NULL,NULL,NULL,NULL,NULL,NULL,0),(332,'Casiguran',8,NULL,NULL,NULL,NULL,NULL,NULL,NULL,0),(333,'Dilasag',8,NULL,NULL,NULL,NULL,NULL,NULL,NULL,0),(334,'Dinalungan',8,NULL,NULL,NULL,NULL,NULL,NULL,NULL,0),(335,'Dingalan',8,NULL,NULL,NULL,NULL,NULL,NULL,NULL,0),(336,'Dipaculao',8,NULL,NULL,NULL,NULL,NULL,NULL,NULL,0),(337,'Maria Aurora',8,NULL,NULL,NULL,NULL,NULL,NULL,NULL,0),(338,'San Luis',8,NULL,NULL,NULL,NULL,NULL,NULL,NULL,0),(339,'Akbar',9,NULL,NULL,NULL,NULL,NULL,NULL,NULL,0),(340,'Al-Barka',9,NULL,NULL,NULL,NULL,NULL,NULL,NULL,0),(341,'Hadji Mohammad Ajul',9,NULL,NULL,NULL,NULL,NULL,NULL,NULL,0),(342,'Hadji Muhtamad',9,NULL,NULL,NULL,NULL,NULL,NULL,NULL,0),(343,'Lantawan',9,NULL,NULL,NULL,NULL,NULL,NULL,NULL,0),(344,'Maluso',9,NULL,NULL,NULL,NULL,NULL,NULL,NULL,0),(345,'Sumisip',9,NULL,NULL,NULL,NULL,NULL,NULL,NULL,0),(346,'Tabuan-Lasa',9,NULL,NULL,NULL,NULL,NULL,NULL,NULL,0),(347,'Tipo-Tipo',9,NULL,NULL,NULL,NULL,NULL,NULL,NULL,0),(348,'Tuburan',9,NULL,NULL,NULL,NULL,NULL,NULL,NULL,0),(349,'Ungkaya Pukan',9,NULL,NULL,NULL,NULL,NULL,NULL,NULL,0),(350,'Abucay',10,NULL,NULL,NULL,NULL,NULL,NULL,NULL,0),(351,'Bagac',10,NULL,NULL,NULL,NULL,NULL,NULL,NULL,0),(352,'Dinalupihan',10,NULL,NULL,NULL,NULL,NULL,NULL,NULL,0),(353,'Hermosa',10,NULL,NULL,NULL,NULL,NULL,NULL,NULL,0),(354,'Limay',10,NULL,NULL,NULL,NULL,NULL,NULL,NULL,0),(355,'Mariveles',10,NULL,NULL,NULL,NULL,NULL,NULL,NULL,0),(356,'Morong',10,NULL,NULL,NULL,NULL,NULL,NULL,NULL,0),(357,'Orani',10,NULL,NULL,NULL,NULL,NULL,NULL,NULL,0),(358,'Orion',10,NULL,NULL,NULL,NULL,NULL,NULL,NULL,0),(359,'Pilar',10,NULL,NULL,NULL,NULL,NULL,NULL,NULL,0),(360,'Samal',10,NULL,NULL,NULL,NULL,NULL,NULL,NULL,0),(361,'Basco',11,NULL,NULL,NULL,NULL,NULL,NULL,NULL,0),(362,'Itbayat',11,NULL,NULL,NULL,NULL,NULL,NULL,NULL,0),(363,'Ivana',11,NULL,NULL,NULL,NULL,NULL,NULL,NULL,0),(364,'Mahatao',11,NULL,NULL,NULL,NULL,NULL,NULL,NULL,0),(365,'Sabtang',11,NULL,NULL,NULL,NULL,NULL,NULL,NULL,0),(366,'Uyugan',11,NULL,NULL,NULL,NULL,NULL,NULL,NULL,0),(367,'Agoncillo',12,NULL,NULL,NULL,NULL,NULL,NULL,NULL,0),(368,'Alitagtag',12,NULL,NULL,NULL,NULL,NULL,NULL,NULL,0),(369,'Balayan',12,NULL,NULL,NULL,NULL,NULL,NULL,NULL,0),(370,'Balete',12,NULL,NULL,NULL,NULL,NULL,NULL,NULL,0),(371,'Bauan',12,NULL,NULL,NULL,NULL,NULL,NULL,NULL,0),(372,'Calaca',12,NULL,NULL,NULL,NULL,NULL,NULL,NULL,0),(373,'Calatagan',12,NULL,NULL,NULL,NULL,NULL,NULL,NULL,0),(374,'Cuenca',12,NULL,NULL,NULL,NULL,NULL,NULL,NULL,0),(375,'Ibaan',12,NULL,NULL,NULL,NULL,NULL,NULL,NULL,0),(376,'Laurel',12,NULL,NULL,NULL,NULL,NULL,NULL,NULL,0),(377,'Lemery',12,NULL,NULL,NULL,NULL,NULL,NULL,NULL,0),(378,'Lian',12,NULL,NULL,NULL,NULL,NULL,NULL,NULL,0),(379,'Lobo',12,NULL,NULL,NULL,NULL,NULL,NULL,NULL,0),(380,'Mabini',12,NULL,NULL,NULL,NULL,NULL,NULL,NULL,0),(381,'Malvar',12,NULL,NULL,NULL,NULL,NULL,NULL,NULL,0),(382,'Mataas na Kahoy',12,NULL,NULL,NULL,NULL,NULL,NULL,NULL,0),(383,'Nasugbu',12,NULL,NULL,NULL,NULL,NULL,NULL,NULL,0),(384,'Padre Garcia',12,NULL,NULL,NULL,NULL,NULL,NULL,NULL,0),(385,'Rosario',12,NULL,NULL,NULL,NULL,NULL,NULL,NULL,0),(386,'San Jose',12,NULL,NULL,NULL,NULL,NULL,NULL,NULL,0),(387,'San Juan',12,NULL,NULL,NULL,NULL,NULL,NULL,NULL,0),(388,'San Luis',12,NULL,NULL,NULL,NULL,NULL,NULL,NULL,0),(389,'San Nicolas',12,NULL,NULL,NULL,NULL,NULL,NULL,NULL,0),(390,'San Pascual',12,NULL,NULL,NULL,NULL,NULL,NULL,NULL,0),(391,'Santa Teresita',12,NULL,NULL,NULL,NULL,NULL,NULL,NULL,0),(392,'Santo Tomas',12,NULL,NULL,NULL,NULL,NULL,NULL,NULL,0),(393,'Taal',12,NULL,NULL,NULL,NULL,NULL,NULL,NULL,0),(394,'Talisay',12,NULL,NULL,NULL,NULL,NULL,NULL,NULL,0),(395,'Taysan',12,NULL,NULL,NULL,NULL,NULL,NULL,NULL,0),(396,'Tingloy',12,NULL,NULL,NULL,NULL,NULL,NULL,NULL,0),(397,'Tuy',12,NULL,NULL,NULL,NULL,NULL,NULL,NULL,0),(398,'Atok',13,NULL,NULL,NULL,NULL,NULL,NULL,NULL,0),(399,'Bakun',13,NULL,NULL,NULL,NULL,NULL,NULL,NULL,0),(400,'Bokod',13,NULL,NULL,NULL,NULL,NULL,NULL,NULL,0),(401,'Buguias',13,NULL,NULL,NULL,NULL,NULL,NULL,NULL,0),(402,'Itogon',13,NULL,NULL,NULL,NULL,NULL,NULL,NULL,0),(403,'Kabayan',13,NULL,NULL,NULL,NULL,NULL,NULL,NULL,0),(404,'Kapangan',13,NULL,NULL,NULL,NULL,NULL,NULL,NULL,0),(405,'Kibungan',13,NULL,NULL,NULL,NULL,NULL,NULL,NULL,0),(406,'La Trinidad',13,NULL,NULL,NULL,NULL,NULL,NULL,NULL,0),(407,'Mankayan',13,NULL,NULL,NULL,NULL,NULL,NULL,NULL,0),(408,'Sablan',13,NULL,NULL,NULL,NULL,NULL,NULL,NULL,0),(409,'Tuba',13,NULL,NULL,NULL,NULL,NULL,NULL,NULL,0),(410,'Tublay',13,NULL,NULL,NULL,NULL,NULL,NULL,NULL,0),(411,'Almeria',14,NULL,NULL,NULL,NULL,NULL,NULL,NULL,0),(412,'Biliran',14,NULL,NULL,NULL,NULL,NULL,NULL,NULL,0),(413,'Cabucgayan',14,NULL,NULL,NULL,NULL,NULL,NULL,NULL,0),(414,'Caibiran',14,NULL,NULL,NULL,NULL,NULL,NULL,NULL,0),(415,'Culaba',14,NULL,NULL,NULL,NULL,NULL,NULL,NULL,0),(416,'Kawayan',14,NULL,NULL,NULL,NULL,NULL,NULL,NULL,0),(417,'Maripipi',14,NULL,NULL,NULL,NULL,NULL,NULL,NULL,0),(418,'Naval',14,NULL,NULL,NULL,NULL,NULL,NULL,NULL,0),(419,'Alburquerque',15,NULL,NULL,NULL,NULL,NULL,NULL,NULL,0),(420,'Alicia',15,NULL,NULL,NULL,NULL,NULL,NULL,NULL,0),(421,'Anda',15,NULL,NULL,NULL,NULL,NULL,NULL,NULL,0),(422,'Antequera',15,NULL,NULL,NULL,NULL,NULL,NULL,NULL,0),(423,'Baclayon',15,NULL,NULL,NULL,NULL,NULL,NULL,NULL,0),(424,'Balilihan',15,NULL,NULL,NULL,NULL,NULL,NULL,NULL,0),(425,'Batuan',15,NULL,NULL,NULL,NULL,NULL,NULL,NULL,0),(426,'Bien Unido',15,NULL,NULL,NULL,NULL,NULL,NULL,NULL,0),(427,'Bilar',15,NULL,NULL,NULL,NULL,NULL,NULL,NULL,0),(428,'Buenavista',15,NULL,NULL,NULL,NULL,NULL,NULL,NULL,0),(429,'Calape',15,NULL,NULL,NULL,NULL,NULL,NULL,NULL,0),(430,'Candijay',15,NULL,NULL,NULL,NULL,NULL,NULL,NULL,0),(431,'Carmen',15,NULL,NULL,NULL,NULL,NULL,NULL,NULL,0),(432,'Catigbian',15,NULL,NULL,NULL,NULL,NULL,NULL,NULL,0),(433,'Clarin',15,NULL,NULL,NULL,NULL,NULL,NULL,NULL,0),(434,'Corella',15,NULL,NULL,NULL,NULL,NULL,NULL,NULL,0),(435,'Cortes',15,NULL,NULL,NULL,NULL,NULL,NULL,NULL,0),(436,'Dagohoy',15,NULL,NULL,NULL,NULL,NULL,NULL,NULL,0),(437,'Danao',15,NULL,NULL,NULL,NULL,NULL,NULL,NULL,0),(438,'Dauis',15,NULL,NULL,NULL,NULL,NULL,NULL,NULL,0),(439,'Dimiao',15,NULL,NULL,NULL,NULL,NULL,NULL,NULL,0),(440,'Duero',15,NULL,NULL,NULL,NULL,NULL,NULL,NULL,0),(441,'Garcia Hernandez',15,NULL,NULL,NULL,NULL,NULL,NULL,NULL,0),(442,'Getafe',15,NULL,NULL,NULL,NULL,NULL,NULL,NULL,0),(443,'Guindulman',15,NULL,NULL,NULL,NULL,NULL,NULL,NULL,0),(444,'Inabanga',15,NULL,NULL,NULL,NULL,NULL,NULL,NULL,0),(445,'Jagna',15,NULL,NULL,NULL,NULL,NULL,NULL,NULL,0),(446,'Lila',15,NULL,NULL,NULL,NULL,NULL,NULL,NULL,0),(447,'Loay',15,NULL,NULL,NULL,NULL,NULL,NULL,NULL,0),(448,'Loboc',15,NULL,NULL,NULL,NULL,NULL,NULL,NULL,0),(449,'Loon',15,NULL,NULL,NULL,NULL,NULL,NULL,NULL,0),(450,'Mabini',15,NULL,NULL,NULL,NULL,NULL,NULL,NULL,0),(451,'Maribojoc',15,NULL,NULL,NULL,NULL,NULL,NULL,NULL,0),(452,'Panglao',15,NULL,NULL,NULL,NULL,NULL,NULL,NULL,0),(453,'Pilar',15,NULL,NULL,NULL,NULL,NULL,NULL,NULL,0),(454,'President Carlos P. Garcia',15,NULL,NULL,NULL,NULL,NULL,NULL,NULL,0),(455,'Sagbayan',15,NULL,NULL,NULL,NULL,NULL,NULL,NULL,0),(456,'San Isidro',15,NULL,NULL,NULL,NULL,NULL,NULL,NULL,0),(457,'San Miguel',15,NULL,NULL,NULL,NULL,NULL,NULL,NULL,0),(458,'Sevilla',15,NULL,NULL,NULL,NULL,NULL,NULL,NULL,0),(459,'Sierra Bullones',15,NULL,NULL,NULL,NULL,NULL,NULL,NULL,0),(460,'Sikatuna',15,NULL,NULL,NULL,NULL,NULL,NULL,NULL,0),(461,'Talibon',15,NULL,NULL,NULL,NULL,NULL,NULL,NULL,0),(462,'Trinidad',15,NULL,NULL,NULL,NULL,NULL,NULL,NULL,0),(463,'Tubigon',15,NULL,NULL,NULL,NULL,NULL,NULL,NULL,0),(464,'Ubay',15,NULL,NULL,NULL,NULL,NULL,NULL,NULL,0),(465,'Valencia',15,NULL,NULL,NULL,NULL,NULL,NULL,NULL,0),(466,'Baungon',16,NULL,NULL,NULL,NULL,NULL,NULL,NULL,0),(467,'Cabanglasan',16,NULL,NULL,NULL,NULL,NULL,NULL,NULL,0),(468,'Damulog',16,NULL,NULL,NULL,NULL,NULL,NULL,NULL,0),(469,'Dangcagan',16,NULL,NULL,NULL,NULL,NULL,NULL,NULL,0),(470,'Don Carlos',16,NULL,NULL,NULL,NULL,NULL,NULL,NULL,0),(471,'Impasug-ong',16,NULL,NULL,NULL,NULL,NULL,NULL,NULL,0),(472,'Kadingilan',16,NULL,NULL,NULL,NULL,NULL,NULL,NULL,0),(473,'Kalilangan',16,NULL,NULL,NULL,NULL,NULL,NULL,NULL,0),(474,'Kibawe',16,NULL,NULL,NULL,NULL,NULL,NULL,NULL,0),(475,'Kitaotao',16,NULL,NULL,NULL,NULL,NULL,NULL,NULL,0),(476,'Lantapan',16,NULL,NULL,NULL,NULL,NULL,NULL,NULL,0),(477,'Libona',16,NULL,NULL,NULL,NULL,NULL,NULL,NULL,0),(478,'Malitbog',16,NULL,NULL,NULL,NULL,NULL,NULL,NULL,0),(479,'Manolo Fortich',16,NULL,NULL,NULL,NULL,NULL,NULL,NULL,0),(480,'Maramag',16,NULL,NULL,NULL,NULL,NULL,NULL,NULL,0),(481,'Pangantucan',16,NULL,NULL,NULL,NULL,NULL,NULL,NULL,0),(482,'Quezon',16,NULL,NULL,NULL,NULL,NULL,NULL,NULL,0),(483,'San Fernando',16,NULL,NULL,NULL,NULL,NULL,NULL,NULL,0),(484,'Sumilao',16,NULL,NULL,NULL,NULL,NULL,NULL,NULL,0),(485,'Talakag',16,NULL,NULL,NULL,NULL,NULL,NULL,NULL,0),(486,'Angat',17,NULL,NULL,NULL,NULL,NULL,NULL,NULL,0),(487,'Balagtas',17,NULL,NULL,NULL,NULL,NULL,NULL,NULL,0),(488,'Baliuag',17,NULL,NULL,NULL,NULL,NULL,NULL,NULL,0),(489,'Bocaue',17,NULL,NULL,NULL,NULL,NULL,NULL,NULL,0),(490,'Bulacan',17,NULL,NULL,NULL,NULL,NULL,NULL,NULL,0),(491,'Bustos',17,NULL,NULL,NULL,NULL,NULL,NULL,NULL,0),(492,'Calumpit',17,NULL,NULL,NULL,NULL,NULL,NULL,NULL,0),(493,'Doña Remedios Trinidad',17,NULL,NULL,NULL,NULL,NULL,NULL,NULL,0),(494,'Guiguinto',17,NULL,NULL,NULL,NULL,NULL,NULL,NULL,0),(495,'Hagonoy',17,NULL,NULL,NULL,NULL,NULL,NULL,NULL,0),(496,'Marilao',17,NULL,NULL,NULL,NULL,NULL,NULL,NULL,0),(497,'Norzagaray',17,NULL,NULL,NULL,NULL,NULL,NULL,NULL,0),(498,'Obando',17,NULL,NULL,NULL,NULL,NULL,NULL,NULL,0),(499,'Pandi',17,NULL,NULL,NULL,NULL,NULL,NULL,NULL,0),(500,'Paombong',17,NULL,NULL,NULL,NULL,NULL,NULL,NULL,0),(501,'Plaridel',17,NULL,NULL,NULL,NULL,NULL,NULL,NULL,0),(502,'Pulilan',17,NULL,NULL,NULL,NULL,NULL,NULL,NULL,0),(503,'San Ildefonso',17,NULL,NULL,NULL,NULL,NULL,NULL,NULL,0),(504,'San Miguel',17,NULL,NULL,NULL,NULL,NULL,NULL,NULL,0),(505,'San Rafael',17,NULL,NULL,NULL,NULL,NULL,NULL,NULL,0),(506,'Santa Maria',17,NULL,NULL,NULL,NULL,NULL,NULL,NULL,0),(507,'Abulug',18,NULL,NULL,NULL,NULL,NULL,NULL,NULL,0),(508,'Alcala',18,NULL,NULL,NULL,NULL,NULL,NULL,NULL,0),(509,'Allacapan',18,NULL,NULL,NULL,NULL,NULL,NULL,NULL,0),(510,'Amulung',18,NULL,NULL,NULL,NULL,NULL,NULL,NULL,0),(511,'Aparri',18,NULL,NULL,NULL,NULL,NULL,NULL,NULL,0),(512,'Baggao',18,NULL,NULL,NULL,NULL,NULL,NULL,NULL,0),(513,'Ballesteros',18,NULL,NULL,NULL,NULL,NULL,NULL,NULL,0),(514,'Buguey',18,NULL,NULL,NULL,NULL,NULL,NULL,NULL,0),(515,'Calayan',18,NULL,NULL,NULL,NULL,NULL,NULL,NULL,0),(516,'Camalaniugan',18,NULL,NULL,NULL,NULL,NULL,NULL,NULL,0),(517,'Claveria',18,NULL,NULL,NULL,NULL,NULL,NULL,NULL,0),(518,'Enrile',18,NULL,NULL,NULL,NULL,NULL,NULL,NULL,0),(519,'Gattaran',18,NULL,NULL,NULL,NULL,NULL,NULL,NULL,0),(520,'Gonzaga',18,NULL,NULL,NULL,NULL,NULL,NULL,NULL,0),(521,'Iguig',18,NULL,NULL,NULL,NULL,NULL,NULL,NULL,0),(522,'Lal-lo',18,NULL,NULL,NULL,NULL,NULL,NULL,NULL,0),(523,'Lasam',18,NULL,NULL,NULL,NULL,NULL,NULL,NULL,0),(524,'Pamplona',18,NULL,NULL,NULL,NULL,NULL,NULL,NULL,0),(525,'Peñablanca',18,NULL,NULL,NULL,NULL,NULL,NULL,NULL,0),(526,'Piat',18,NULL,NULL,NULL,NULL,NULL,NULL,NULL,0),(527,'Rizal',18,NULL,NULL,NULL,NULL,NULL,NULL,NULL,0),(528,'Sanchez-Mira',18,NULL,NULL,NULL,NULL,NULL,NULL,NULL,0),(529,'Santa Ana',18,NULL,NULL,NULL,NULL,NULL,NULL,NULL,0),(530,'Santa Praxedes',18,NULL,NULL,NULL,NULL,NULL,NULL,NULL,0),(531,'Santa Teresita',18,NULL,NULL,NULL,NULL,NULL,NULL,NULL,0),(532,'Santo Niño',18,NULL,NULL,NULL,NULL,NULL,NULL,NULL,0),(533,'Solana',18,NULL,NULL,NULL,NULL,NULL,NULL,NULL,0),(534,'Tuao',18,NULL,NULL,NULL,NULL,NULL,NULL,NULL,0),(535,'Basud',19,NULL,NULL,NULL,NULL,NULL,NULL,NULL,0),(536,'Capalonga',19,NULL,NULL,NULL,NULL,NULL,NULL,NULL,0),(537,'Daet',19,NULL,NULL,NULL,NULL,NULL,NULL,NULL,0),(538,'Jose Panganiban',19,NULL,NULL,NULL,NULL,NULL,NULL,NULL,0),(539,'Labo',19,NULL,NULL,NULL,NULL,NULL,NULL,NULL,0),(540,'Mercedes',19,NULL,NULL,NULL,NULL,NULL,NULL,NULL,0),(541,'Paracale',19,NULL,NULL,NULL,NULL,NULL,NULL,NULL,0),(542,'San Lorenzo Ruiz',19,NULL,NULL,NULL,NULL,NULL,NULL,NULL,0),(543,'San Vicente',19,NULL,NULL,NULL,NULL,NULL,NULL,NULL,0),(544,'Santa Elena',19,NULL,NULL,NULL,NULL,NULL,NULL,NULL,0),(545,'Talisay',19,NULL,NULL,NULL,NULL,NULL,NULL,NULL,0),(546,'Vinzons',19,NULL,NULL,NULL,NULL,NULL,NULL,NULL,0),(547,'Baao',20,NULL,NULL,NULL,NULL,NULL,NULL,NULL,0),(548,'Balatan',20,NULL,NULL,NULL,NULL,NULL,NULL,NULL,0),(549,'Bato',20,NULL,NULL,NULL,NULL,NULL,NULL,NULL,0),(550,'Bombon',20,NULL,NULL,NULL,NULL,NULL,NULL,NULL,0),(551,'Buhi',20,NULL,NULL,NULL,NULL,NULL,NULL,NULL,0),(552,'Bula',20,NULL,NULL,NULL,NULL,NULL,NULL,NULL,0),(553,'Cabusao',20,NULL,NULL,NULL,NULL,NULL,NULL,NULL,0),(554,'Calabanga',20,NULL,NULL,NULL,NULL,NULL,NULL,NULL,0),(555,'Camaligan',20,NULL,NULL,NULL,NULL,NULL,NULL,NULL,0),(556,'Canaman',20,NULL,NULL,NULL,NULL,NULL,NULL,NULL,0),(557,'Caramoan',20,NULL,NULL,NULL,NULL,NULL,NULL,NULL,0),(558,'Del Gallego',20,NULL,NULL,NULL,NULL,NULL,NULL,NULL,0),(559,'Gainza',20,NULL,NULL,NULL,NULL,NULL,NULL,NULL,0),(560,'Garchitorena',20,NULL,NULL,NULL,NULL,NULL,NULL,NULL,0),(561,'Goa',20,NULL,NULL,NULL,NULL,NULL,NULL,NULL,0),(562,'Lagonoy',20,NULL,NULL,NULL,NULL,NULL,NULL,NULL,0),(563,'Libmanan',20,NULL,NULL,NULL,NULL,NULL,NULL,NULL,0),(564,'Lupi',20,NULL,NULL,NULL,NULL,NULL,NULL,NULL,0),(565,'Magarao',20,NULL,NULL,NULL,NULL,NULL,NULL,NULL,0),(566,'Milaor',20,NULL,NULL,NULL,NULL,NULL,NULL,NULL,0),(567,'Minalabac',20,NULL,NULL,NULL,NULL,NULL,NULL,NULL,0),(568,'Nabua',20,NULL,NULL,NULL,NULL,NULL,NULL,NULL,0),(569,'Ocampo',20,NULL,NULL,NULL,NULL,NULL,NULL,NULL,0),(570,'Pamplona',20,NULL,NULL,NULL,NULL,NULL,NULL,NULL,0),(571,'Pasacao',20,NULL,NULL,NULL,NULL,NULL,NULL,NULL,0),(572,'Pili',20,NULL,NULL,NULL,NULL,NULL,NULL,NULL,0),(573,'Presentacion',20,NULL,NULL,NULL,NULL,NULL,NULL,NULL,0),(574,'Ragay',20,NULL,NULL,NULL,NULL,NULL,NULL,NULL,0),(575,'Sagñay',20,NULL,NULL,NULL,NULL,NULL,NULL,NULL,0),(576,'San Fernando',20,NULL,NULL,NULL,NULL,NULL,NULL,NULL,0),(577,'San Jose',20,NULL,NULL,NULL,NULL,NULL,NULL,NULL,0),(578,'Sipocot',20,NULL,NULL,NULL,NULL,NULL,NULL,NULL,0),(579,'Siruma',20,NULL,NULL,NULL,NULL,NULL,NULL,NULL,0),(580,'Tigaon',20,NULL,NULL,NULL,NULL,NULL,NULL,NULL,0),(581,'Tinambac',20,NULL,NULL,NULL,NULL,NULL,NULL,NULL,0),(582,'Catarman',21,NULL,NULL,NULL,NULL,NULL,NULL,NULL,0),(583,'Guinsiliban',21,NULL,NULL,NULL,NULL,NULL,NULL,NULL,0),(584,'Mahinog',21,NULL,NULL,NULL,NULL,NULL,NULL,NULL,0),(585,'Mambajao',21,NULL,NULL,NULL,NULL,NULL,NULL,NULL,0),(586,'Sagay',21,NULL,NULL,NULL,NULL,NULL,NULL,NULL,0),(587,'Cuartero',22,NULL,NULL,NULL,NULL,NULL,NULL,NULL,0),(588,'Dao',22,NULL,NULL,NULL,NULL,NULL,NULL,NULL,0),(589,'Dumalag',22,NULL,NULL,NULL,NULL,NULL,NULL,NULL,0),(590,'Dumarao',22,NULL,NULL,NULL,NULL,NULL,NULL,NULL,0),(591,'Ivisan',22,NULL,NULL,NULL,NULL,NULL,NULL,NULL,0),(592,'Jamindan',22,NULL,NULL,NULL,NULL,NULL,NULL,NULL,0),(593,'Ma-ayon',22,NULL,NULL,NULL,NULL,NULL,NULL,NULL,0),(594,'Mambusao',22,NULL,NULL,NULL,NULL,NULL,NULL,NULL,0),(595,'Panay',22,NULL,NULL,NULL,NULL,NULL,NULL,NULL,0),(596,'Panitan',22,NULL,NULL,NULL,NULL,NULL,NULL,NULL,0),(597,'Pilar',22,NULL,NULL,NULL,NULL,NULL,NULL,NULL,0),(598,'Pontevedra',22,NULL,NULL,NULL,NULL,NULL,NULL,NULL,0),(599,'President Roxas',22,NULL,NULL,NULL,NULL,NULL,NULL,NULL,0),(600,'Sapi-an',22,NULL,NULL,NULL,NULL,NULL,NULL,NULL,0),(601,'Sigma',22,NULL,NULL,NULL,NULL,NULL,NULL,NULL,0),(602,'Tapaz',22,NULL,NULL,NULL,NULL,NULL,NULL,NULL,0),(603,'Bagamanoc',23,NULL,NULL,NULL,NULL,NULL,NULL,NULL,0),(604,'Baras',23,NULL,NULL,NULL,NULL,NULL,NULL,NULL,0),(605,'Bato',23,NULL,NULL,NULL,NULL,NULL,NULL,NULL,0),(606,'Caramoran',23,NULL,NULL,NULL,NULL,NULL,NULL,NULL,0),(607,'Gigmoto',23,NULL,NULL,NULL,NULL,NULL,NULL,NULL,0),(608,'Pandan',23,NULL,NULL,NULL,NULL,NULL,NULL,NULL,0),(609,'Panganiban',23,NULL,NULL,NULL,NULL,NULL,NULL,NULL,0),(610,'San Andres',23,NULL,NULL,NULL,NULL,NULL,NULL,NULL,0),(611,'San Miguel',23,NULL,NULL,NULL,NULL,NULL,NULL,NULL,0),(612,'Viga',23,NULL,NULL,NULL,NULL,NULL,NULL,NULL,0),(613,'Virac',23,NULL,NULL,NULL,NULL,NULL,NULL,NULL,0),(614,'Alfonso',24,NULL,NULL,NULL,NULL,NULL,NULL,NULL,0),(615,'Amadeo',24,NULL,NULL,NULL,NULL,NULL,NULL,NULL,0),(616,'Carmona',24,NULL,NULL,NULL,NULL,NULL,NULL,NULL,0),(617,'General Mariano Alvarez',24,NULL,NULL,NULL,NULL,NULL,NULL,NULL,0),(618,'General Emilio Aguinaldo',24,NULL,NULL,NULL,NULL,NULL,NULL,NULL,0),(619,'General Trias',24,NULL,NULL,NULL,NULL,NULL,NULL,NULL,0),(620,'Indang',24,NULL,NULL,NULL,NULL,NULL,NULL,NULL,0),(621,'Kawit',24,NULL,NULL,NULL,NULL,NULL,NULL,NULL,0),(622,'Magallanes',24,NULL,NULL,NULL,NULL,NULL,NULL,NULL,0),(623,'Maragondon',24,NULL,NULL,NULL,NULL,NULL,NULL,NULL,0),(624,'Mendez',24,NULL,NULL,NULL,NULL,NULL,NULL,NULL,0),(625,'Naic',24,NULL,NULL,NULL,NULL,NULL,NULL,NULL,0),(626,'Noveleta',24,NULL,NULL,NULL,NULL,NULL,NULL,NULL,0),(627,'Rosario',24,NULL,NULL,NULL,NULL,NULL,NULL,NULL,0),(628,'Silang',24,NULL,NULL,NULL,NULL,NULL,NULL,NULL,0),(629,'Tanza',24,NULL,NULL,NULL,NULL,NULL,NULL,NULL,0),(630,'Ternate',24,NULL,NULL,NULL,NULL,NULL,NULL,NULL,0),(631,'Alcantara',25,NULL,NULL,NULL,NULL,NULL,NULL,NULL,0),(632,'Alcoy',25,NULL,NULL,NULL,NULL,NULL,NULL,NULL,0),(633,'Alegria',25,NULL,NULL,NULL,NULL,NULL,NULL,NULL,0),(634,'Aloguinsan',25,NULL,NULL,NULL,NULL,NULL,NULL,NULL,0),(635,'Argao',25,NULL,NULL,NULL,NULL,NULL,NULL,NULL,0),(636,'Asturias',25,NULL,NULL,NULL,NULL,NULL,NULL,NULL,0),(637,'Badian',25,NULL,NULL,NULL,NULL,NULL,NULL,NULL,0),(638,'Balamban',25,NULL,NULL,NULL,NULL,NULL,NULL,NULL,0),(639,'Bantayan',25,NULL,NULL,NULL,NULL,NULL,NULL,NULL,0),(640,'Barili',25,NULL,NULL,NULL,NULL,NULL,NULL,NULL,0),(641,'Boljoon',25,NULL,NULL,NULL,NULL,NULL,NULL,NULL,0),(642,'Borbon',25,NULL,NULL,NULL,NULL,NULL,NULL,NULL,0),(643,'Carmen',25,NULL,NULL,NULL,NULL,NULL,NULL,NULL,0),(644,'Catmon',25,NULL,NULL,NULL,NULL,NULL,NULL,NULL,0),(645,'Compostela',25,NULL,NULL,NULL,NULL,NULL,NULL,NULL,0),(646,'Consolacion',25,NULL,NULL,NULL,NULL,NULL,NULL,NULL,0),(647,'Cordoba',25,NULL,NULL,NULL,NULL,NULL,NULL,NULL,0),(648,'Daanbantayan',25,NULL,NULL,NULL,NULL,NULL,NULL,NULL,0),(649,'Dalaguete',25,NULL,NULL,NULL,NULL,NULL,NULL,NULL,0),(650,'Dumanjug',25,NULL,NULL,NULL,NULL,NULL,NULL,NULL,0),(651,'Ginatilan',25,NULL,NULL,NULL,NULL,NULL,NULL,NULL,0),(652,'Liloan',25,NULL,NULL,NULL,NULL,NULL,NULL,NULL,0),(653,'Madridejos',25,NULL,NULL,NULL,NULL,NULL,NULL,NULL,0),(654,'Malabuyoc',25,NULL,NULL,NULL,NULL,NULL,NULL,NULL,0),(655,'Medellin',25,NULL,NULL,NULL,NULL,NULL,NULL,NULL,0),(656,'Minglanilla',25,NULL,NULL,NULL,NULL,NULL,NULL,NULL,0),(657,'Moalboal',25,NULL,NULL,NULL,NULL,NULL,NULL,NULL,0),(658,'Oslob',25,NULL,NULL,NULL,NULL,NULL,NULL,NULL,0),(659,'Pilar',25,NULL,NULL,NULL,NULL,NULL,NULL,NULL,0),(660,'Pinamungahan',25,NULL,NULL,NULL,NULL,NULL,NULL,NULL,0),(661,'Poro',25,NULL,NULL,NULL,NULL,NULL,NULL,NULL,0),(662,'Ronda',25,NULL,NULL,NULL,NULL,NULL,NULL,NULL,0),(663,'Samboan',25,NULL,NULL,NULL,NULL,NULL,NULL,NULL,0),(664,'San Fernando',25,NULL,NULL,NULL,NULL,NULL,NULL,NULL,0),(665,'San Francisco',25,NULL,NULL,NULL,NULL,NULL,NULL,NULL,0),(666,'San Remigio',25,NULL,NULL,NULL,NULL,NULL,NULL,NULL,0),(667,'Santa Fe',25,NULL,NULL,NULL,NULL,NULL,NULL,NULL,0),(668,'Santander',25,NULL,NULL,NULL,NULL,NULL,NULL,NULL,0),(669,'Sibonga',25,NULL,NULL,NULL,NULL,NULL,NULL,NULL,0),(670,'Sogod',25,NULL,NULL,NULL,NULL,NULL,NULL,NULL,0),(671,'Tabogon',25,NULL,NULL,NULL,NULL,NULL,NULL,NULL,0),(672,'Tabuelan',25,NULL,NULL,NULL,NULL,NULL,NULL,NULL,0),(673,'Tuburan',25,NULL,NULL,NULL,NULL,NULL,NULL,NULL,0),(674,'Tudela',25,NULL,NULL,NULL,NULL,NULL,NULL,NULL,0),(675,'Compostela',26,NULL,NULL,NULL,NULL,NULL,NULL,NULL,0),(676,'Laak',26,NULL,NULL,NULL,NULL,NULL,NULL,NULL,0),(677,'Mabini',26,NULL,NULL,NULL,NULL,NULL,NULL,NULL,0),(678,'Maco',26,NULL,NULL,NULL,NULL,NULL,NULL,NULL,0),(679,'Maragusan',26,NULL,NULL,NULL,NULL,NULL,NULL,NULL,0),(680,'Mawab',26,NULL,NULL,NULL,NULL,NULL,NULL,NULL,0),(681,'Monkayo',26,NULL,NULL,NULL,NULL,NULL,NULL,NULL,0),(682,'Montevista',26,NULL,NULL,NULL,NULL,NULL,NULL,NULL,0),(683,'Nabunturan',26,NULL,NULL,NULL,NULL,NULL,NULL,NULL,0),(684,'New Bataan',26,NULL,NULL,NULL,NULL,NULL,NULL,NULL,0),(685,'Pantukan',26,NULL,NULL,NULL,NULL,NULL,NULL,NULL,0),(686,'Alamada',27,NULL,NULL,NULL,NULL,NULL,NULL,NULL,0),(687,'Aleosan',27,NULL,NULL,NULL,NULL,NULL,NULL,NULL,0),(688,'Antipas',27,NULL,NULL,NULL,NULL,NULL,NULL,NULL,0),(689,'Arakan',27,NULL,NULL,NULL,NULL,NULL,NULL,NULL,0),(690,'Banisilan',27,NULL,NULL,NULL,NULL,NULL,NULL,NULL,0),(691,'Carmen',27,NULL,NULL,NULL,NULL,NULL,NULL,NULL,0),(692,'Kabacan',27,NULL,NULL,NULL,NULL,NULL,NULL,NULL,0),(693,'Libungan',27,NULL,NULL,NULL,NULL,NULL,NULL,NULL,0),(694,'M\'lang',27,NULL,NULL,NULL,NULL,NULL,NULL,NULL,0),(695,'Magpet',27,NULL,NULL,NULL,NULL,NULL,NULL,NULL,0),(696,'Makilala',27,NULL,NULL,NULL,NULL,NULL,NULL,NULL,0),(697,'Matalam',27,NULL,NULL,NULL,NULL,NULL,NULL,NULL,0),(698,'Midsayap',27,NULL,NULL,NULL,NULL,NULL,NULL,NULL,0),(699,'Pigkawayan',27,NULL,NULL,NULL,NULL,NULL,NULL,NULL,0),(700,'Pikit',27,NULL,NULL,NULL,NULL,NULL,NULL,NULL,0),(701,'President Roxas',27,NULL,NULL,NULL,NULL,NULL,NULL,NULL,0),(702,'Tulunan',27,NULL,NULL,NULL,NULL,NULL,NULL,NULL,0),(703,'Asuncion',28,NULL,NULL,NULL,NULL,NULL,NULL,NULL,0),(704,'Braulio E. Dujali',28,NULL,NULL,NULL,NULL,NULL,NULL,NULL,0),(705,'Carmen',28,NULL,NULL,NULL,NULL,NULL,NULL,NULL,0),(706,'Kapalong',28,NULL,NULL,NULL,NULL,NULL,NULL,NULL,0),(707,'New Corella',28,NULL,NULL,NULL,NULL,NULL,NULL,NULL,0),(708,'San Isidro',28,NULL,NULL,NULL,NULL,NULL,NULL,NULL,0),(709,'Santo Tomas',28,NULL,NULL,NULL,NULL,NULL,NULL,NULL,0),(710,'Talaingod',28,NULL,NULL,NULL,NULL,NULL,NULL,NULL,0),(711,'Bansalan',29,NULL,NULL,NULL,NULL,NULL,NULL,NULL,0),(712,'Don Marcelino',29,NULL,NULL,NULL,NULL,NULL,NULL,NULL,0),(713,'Hagonoy',29,NULL,NULL,NULL,NULL,NULL,NULL,NULL,0),(714,'Jose Abad Santos',29,NULL,NULL,NULL,NULL,NULL,NULL,NULL,0),(715,'Kiblawan',29,NULL,NULL,NULL,NULL,NULL,NULL,NULL,0),(716,'Magsaysay',29,NULL,NULL,NULL,NULL,NULL,NULL,NULL,0),(717,'Malalag',29,NULL,NULL,NULL,NULL,NULL,NULL,NULL,0),(718,'Malita',29,NULL,NULL,NULL,NULL,NULL,NULL,NULL,0),(719,'Matanao',29,NULL,NULL,NULL,NULL,NULL,NULL,NULL,0),(720,'Padada',29,NULL,NULL,NULL,NULL,NULL,NULL,NULL,0),(721,'Santa Cruz',29,NULL,NULL,NULL,NULL,NULL,NULL,NULL,0),(722,'Santa Maria',29,NULL,NULL,NULL,NULL,NULL,NULL,NULL,0),(723,'Sarangani',29,NULL,NULL,NULL,NULL,NULL,NULL,NULL,0),(724,'Sulop',29,NULL,NULL,NULL,NULL,NULL,NULL,NULL,0),(725,'Baganga',30,NULL,NULL,NULL,NULL,NULL,NULL,NULL,0),(726,'Banaybanay',30,NULL,NULL,NULL,NULL,NULL,NULL,NULL,0),(727,'Boston',30,NULL,NULL,NULL,NULL,NULL,NULL,NULL,0),(728,'Caraga',30,NULL,NULL,NULL,NULL,NULL,NULL,NULL,0),(729,'Cateel',30,NULL,NULL,NULL,NULL,NULL,NULL,NULL,0),(730,'Governor Generoso',30,NULL,NULL,NULL,NULL,NULL,NULL,NULL,0),(731,'Lupon',30,NULL,NULL,NULL,NULL,NULL,NULL,NULL,0),(732,'Manay',30,NULL,NULL,NULL,NULL,NULL,NULL,NULL,0),(733,'San Isidro',30,NULL,NULL,NULL,NULL,NULL,NULL,NULL,0),(734,'Tarragona',30,NULL,NULL,NULL,NULL,NULL,NULL,NULL,0),(735,'Arteche',31,NULL,NULL,NULL,NULL,NULL,NULL,NULL,0),(736,'Balangiga',31,NULL,NULL,NULL,NULL,NULL,NULL,NULL,0),(737,'Balangkayan',31,NULL,NULL,NULL,NULL,NULL,NULL,NULL,0),(738,'Can-avid',31,NULL,NULL,NULL,NULL,NULL,NULL,NULL,0),(739,'Dolores',31,NULL,NULL,NULL,NULL,NULL,NULL,NULL,0),(740,'General MacArthur',31,NULL,NULL,NULL,NULL,NULL,NULL,NULL,0),(741,'Giporlos',31,NULL,NULL,NULL,NULL,NULL,NULL,NULL,0),(742,'Guiuan',31,NULL,NULL,NULL,NULL,NULL,NULL,NULL,0),(743,'Hernani',31,NULL,NULL,NULL,NULL,NULL,NULL,NULL,0),(744,'Jipapad',31,NULL,NULL,NULL,NULL,NULL,NULL,NULL,0),(745,'Lawaan',31,NULL,NULL,NULL,NULL,NULL,NULL,NULL,0),(746,'Llorente',31,NULL,NULL,NULL,NULL,NULL,NULL,NULL,0),(747,'Maslog',31,NULL,NULL,NULL,NULL,NULL,NULL,NULL,0),(748,'Maydolong',31,NULL,NULL,NULL,NULL,NULL,NULL,NULL,0),(749,'Mercedes',31,NULL,NULL,NULL,NULL,NULL,NULL,NULL,0),(750,'Oras',31,NULL,NULL,NULL,NULL,NULL,NULL,NULL,0),(751,'Quinapondan',31,NULL,NULL,NULL,NULL,NULL,NULL,NULL,0),(752,'Salcedo',31,NULL,NULL,NULL,NULL,NULL,NULL,NULL,0),(753,'San Julian',31,NULL,NULL,NULL,NULL,NULL,NULL,NULL,0),(754,'San Policarpo',31,NULL,NULL,NULL,NULL,NULL,NULL,NULL,0),(755,'Sulat',31,NULL,NULL,NULL,NULL,NULL,NULL,NULL,0),(756,'Taft',31,NULL,NULL,NULL,NULL,NULL,NULL,NULL,0),(757,'Buenavista',32,NULL,NULL,NULL,NULL,NULL,NULL,NULL,0),(758,'Jordan',32,NULL,NULL,NULL,NULL,NULL,NULL,NULL,0),(759,'Nueva Valencia',32,NULL,NULL,NULL,NULL,NULL,NULL,NULL,0),(760,'San Lorenzo',32,NULL,NULL,NULL,NULL,NULL,NULL,NULL,0),(761,'Sibunag',32,NULL,NULL,NULL,NULL,NULL,NULL,NULL,0),(762,'Aguinaldo',33,NULL,NULL,NULL,NULL,NULL,NULL,NULL,0),(763,'Alfonso Lista',33,NULL,NULL,NULL,NULL,NULL,NULL,NULL,0),(764,'Asipulo',33,NULL,NULL,NULL,NULL,NULL,NULL,NULL,0),(765,'Banaue',33,NULL,NULL,NULL,NULL,NULL,NULL,NULL,0),(766,'Hingyon',33,NULL,NULL,NULL,NULL,NULL,NULL,NULL,0),(767,'Hungduan',33,NULL,NULL,NULL,NULL,NULL,NULL,NULL,0),(768,'Kiangan',33,NULL,NULL,NULL,NULL,NULL,NULL,NULL,0),(769,'Lagawe',33,NULL,NULL,NULL,NULL,NULL,NULL,NULL,0),(770,'Lamut',33,NULL,NULL,NULL,NULL,NULL,NULL,NULL,0),(771,'Mayoyao',33,NULL,NULL,NULL,NULL,NULL,NULL,NULL,0),(772,'Tinoc',33,NULL,NULL,NULL,NULL,NULL,NULL,NULL,0),(773,'Adams',34,NULL,NULL,NULL,NULL,NULL,NULL,NULL,0),(774,'Bacarra',34,NULL,NULL,NULL,NULL,NULL,NULL,NULL,0),(775,'Badoc',34,NULL,NULL,NULL,NULL,NULL,NULL,NULL,0),(776,'Bangui',34,NULL,NULL,NULL,NULL,NULL,NULL,NULL,0),(777,'Banna',34,NULL,NULL,NULL,NULL,NULL,NULL,NULL,0),(778,'Burgos',34,NULL,NULL,NULL,NULL,NULL,NULL,NULL,0),(779,'Carasi',34,NULL,NULL,NULL,NULL,NULL,NULL,NULL,0),(780,'Currimao',34,NULL,NULL,NULL,NULL,NULL,NULL,NULL,0),(781,'Dingras',34,NULL,NULL,NULL,NULL,NULL,NULL,NULL,0),(782,'Dumalneg',34,NULL,NULL,NULL,NULL,NULL,NULL,NULL,0),(783,'Marcos',34,NULL,NULL,NULL,NULL,NULL,NULL,NULL,0),(784,'Nueva Era',34,NULL,NULL,NULL,NULL,NULL,NULL,NULL,0),(785,'Pagudpud',34,NULL,NULL,NULL,NULL,NULL,NULL,NULL,0),(786,'Paoay',34,NULL,NULL,NULL,NULL,NULL,NULL,NULL,0),(787,'Pasuquin',34,NULL,NULL,NULL,NULL,NULL,NULL,NULL,0),(788,'Piddig',34,NULL,NULL,NULL,NULL,NULL,NULL,NULL,0),(789,'Pinili',34,NULL,NULL,NULL,NULL,NULL,NULL,NULL,0),(790,'San Nicolas',34,NULL,NULL,NULL,NULL,NULL,NULL,NULL,0),(791,'Sarrat',34,NULL,NULL,NULL,NULL,NULL,NULL,NULL,0),(792,'Solsona',34,NULL,NULL,NULL,NULL,NULL,NULL,NULL,0),(793,'Vintar',34,NULL,NULL,NULL,NULL,NULL,NULL,NULL,0),(794,'Alilem',35,NULL,NULL,NULL,NULL,NULL,NULL,NULL,0),(795,'Banayoyo',35,NULL,NULL,NULL,NULL,NULL,NULL,NULL,0),(796,'Bantay',35,NULL,NULL,NULL,NULL,NULL,NULL,NULL,0),(797,'Burgos',35,NULL,NULL,NULL,NULL,NULL,NULL,NULL,0),(798,'Cabugao',35,NULL,NULL,NULL,NULL,NULL,NULL,NULL,0),(799,'Caoayan',35,NULL,NULL,NULL,NULL,NULL,NULL,NULL,0),(800,'Cervantes',35,NULL,NULL,NULL,NULL,NULL,NULL,NULL,0),(801,'Galimuyod',35,NULL,NULL,NULL,NULL,NULL,NULL,NULL,0),(802,'Gregorio Del Pilar',35,NULL,NULL,NULL,NULL,NULL,NULL,NULL,0),(803,'Lidlidda',35,NULL,NULL,NULL,NULL,NULL,NULL,NULL,0),(804,'Magsingal',35,NULL,NULL,NULL,NULL,NULL,NULL,NULL,0),(805,'Nagbukel',35,NULL,NULL,NULL,NULL,NULL,NULL,NULL,0),(806,'Narvacan',35,NULL,NULL,NULL,NULL,NULL,NULL,NULL,0),(807,'Quirino',35,NULL,NULL,NULL,NULL,NULL,NULL,NULL,0),(808,'Salcedo',35,NULL,NULL,NULL,NULL,NULL,NULL,NULL,0),(809,'San Emilio',35,NULL,NULL,NULL,NULL,NULL,NULL,NULL,0),(810,'San Esteban',35,NULL,NULL,NULL,NULL,NULL,NULL,NULL,0),(811,'San Ildefonso',35,NULL,NULL,NULL,NULL,NULL,NULL,NULL,0),(812,'San Juan',35,NULL,NULL,NULL,NULL,NULL,NULL,NULL,0),(813,'San Vicente',35,NULL,NULL,NULL,NULL,NULL,NULL,NULL,0),(814,'Santa',35,NULL,NULL,NULL,NULL,NULL,NULL,NULL,0),(815,'Santa Catalina',35,NULL,NULL,NULL,NULL,NULL,NULL,NULL,0),(816,'Santa Cruz',35,NULL,NULL,NULL,NULL,NULL,NULL,NULL,0),(817,'Santa Lucia',35,NULL,NULL,NULL,NULL,NULL,NULL,NULL,0),(818,'Santa Maria',35,NULL,NULL,NULL,NULL,NULL,NULL,NULL,0),(819,'Santiago',35,NULL,NULL,NULL,NULL,NULL,NULL,NULL,0),(820,'Santo Domingo',35,NULL,NULL,NULL,NULL,NULL,NULL,NULL,0),(821,'Sigay',35,NULL,NULL,NULL,NULL,NULL,NULL,NULL,0),(822,'Sinait',35,NULL,NULL,NULL,NULL,NULL,NULL,NULL,0),(823,'Sugpon',35,NULL,NULL,NULL,NULL,NULL,NULL,NULL,0),(824,'Suyo',35,NULL,NULL,NULL,NULL,NULL,NULL,NULL,0),(825,'Tagudin',35,NULL,NULL,NULL,NULL,NULL,NULL,NULL,0),(826,'Ajuy',36,NULL,NULL,NULL,NULL,NULL,NULL,NULL,0),(827,'Alimodian',36,NULL,NULL,NULL,NULL,NULL,NULL,NULL,0),(828,'Anilao',36,NULL,NULL,NULL,NULL,NULL,NULL,NULL,0),(829,'Badiangan',36,NULL,NULL,NULL,NULL,NULL,NULL,NULL,0),(830,'Balasan',36,NULL,NULL,NULL,NULL,NULL,NULL,NULL,0),(831,'Banate',36,NULL,NULL,NULL,NULL,NULL,NULL,NULL,0),(832,'Barotac Nuevo',36,NULL,NULL,NULL,NULL,NULL,NULL,NULL,0),(833,'Barotac Viejo',36,NULL,NULL,NULL,NULL,NULL,NULL,NULL,0),(834,'Batad',36,NULL,NULL,NULL,NULL,NULL,NULL,NULL,0),(835,'Bingawan',36,NULL,NULL,NULL,NULL,NULL,NULL,NULL,0),(836,'Cabatuan',36,NULL,NULL,NULL,NULL,NULL,NULL,NULL,0),(837,'Calinog',36,NULL,NULL,NULL,NULL,NULL,NULL,NULL,0),(838,'Carles',36,NULL,NULL,NULL,NULL,NULL,NULL,NULL,0),(839,'Concepcion',36,NULL,NULL,NULL,NULL,NULL,NULL,NULL,0),(840,'Dingle',36,NULL,NULL,NULL,NULL,NULL,NULL,NULL,0),(841,'Dueñas',36,NULL,NULL,NULL,NULL,NULL,NULL,NULL,0),(842,'Dumangas',36,NULL,NULL,NULL,NULL,NULL,NULL,NULL,0),(843,'Estancia',36,NULL,NULL,NULL,NULL,NULL,NULL,NULL,0),(844,'Guimbal',36,NULL,NULL,NULL,NULL,NULL,NULL,NULL,0),(845,'Igbaras',36,NULL,NULL,NULL,NULL,NULL,NULL,NULL,0),(846,'Janiuay',36,NULL,NULL,NULL,NULL,NULL,NULL,NULL,0),(847,'Lambunao',36,NULL,NULL,NULL,NULL,NULL,NULL,NULL,0),(848,'Leganes',36,NULL,NULL,NULL,NULL,NULL,NULL,NULL,0),(849,'Lemery',36,NULL,NULL,NULL,NULL,NULL,NULL,NULL,0),(850,'Leon',36,NULL,NULL,NULL,NULL,NULL,NULL,NULL,0),(851,'Maasin',36,NULL,NULL,NULL,NULL,NULL,NULL,NULL,0),(852,'Miagao',36,NULL,NULL,NULL,NULL,NULL,NULL,NULL,0),(853,'Mina',36,NULL,NULL,NULL,NULL,NULL,NULL,NULL,0),(854,'New Lucena',36,NULL,NULL,NULL,NULL,NULL,NULL,NULL,0),(855,'Oton',36,NULL,NULL,NULL,NULL,NULL,NULL,NULL,0),(856,'Pavia',36,NULL,NULL,NULL,NULL,NULL,NULL,NULL,0),(857,'Pototan',36,NULL,NULL,NULL,NULL,NULL,NULL,NULL,0),(858,'San Dionisio',36,NULL,NULL,NULL,NULL,NULL,NULL,NULL,0),(859,'San Enrique',36,NULL,NULL,NULL,NULL,NULL,NULL,NULL,0),(860,'San Joaquin',36,NULL,NULL,NULL,NULL,NULL,NULL,NULL,0),(861,'San Miguel',36,NULL,NULL,NULL,NULL,NULL,NULL,NULL,0),(862,'San Rafael',36,NULL,NULL,NULL,NULL,NULL,NULL,NULL,0),(863,'Santa Barbara',36,NULL,NULL,NULL,NULL,NULL,NULL,NULL,0),(864,'Sara',36,NULL,NULL,NULL,NULL,NULL,NULL,NULL,0),(865,'Tigbauan',36,NULL,NULL,NULL,NULL,NULL,NULL,NULL,0),(866,'Tubungan',36,NULL,NULL,NULL,NULL,NULL,NULL,NULL,0),(867,'Zarraga',36,NULL,NULL,NULL,NULL,NULL,NULL,NULL,0),(868,'Alicia',37,NULL,NULL,NULL,NULL,NULL,NULL,NULL,0),(869,'Angadanan',37,NULL,NULL,NULL,NULL,NULL,NULL,NULL,0),(870,'Aurora',37,NULL,NULL,NULL,NULL,NULL,NULL,NULL,0),(871,'Benito Soliven',37,NULL,NULL,NULL,NULL,NULL,NULL,NULL,0),(872,'Burgos',37,NULL,NULL,NULL,NULL,NULL,NULL,NULL,0),(873,'Cabagan',37,NULL,NULL,NULL,NULL,NULL,NULL,NULL,0),(874,'Cabatuan',37,NULL,NULL,NULL,NULL,NULL,NULL,NULL,0),(875,'Cordon',37,NULL,NULL,NULL,NULL,NULL,NULL,NULL,0),(876,'Delfin Albano',37,NULL,NULL,NULL,NULL,NULL,NULL,NULL,0),(877,'Dinapigue',37,NULL,NULL,NULL,NULL,NULL,NULL,NULL,0),(878,'Divilacan',37,NULL,NULL,NULL,NULL,NULL,NULL,NULL,0),(879,'Echague',37,NULL,NULL,NULL,NULL,NULL,NULL,NULL,0),(880,'Gamu',37,NULL,NULL,NULL,NULL,NULL,NULL,NULL,0),(881,'Jones',37,NULL,NULL,NULL,NULL,NULL,NULL,NULL,0),(882,'Luna',37,NULL,NULL,NULL,NULL,NULL,NULL,NULL,0),(883,'Maconacon',37,NULL,NULL,NULL,NULL,NULL,NULL,NULL,0),(884,'Mallig',37,NULL,NULL,NULL,NULL,NULL,NULL,NULL,0),(885,'Naguilian',37,NULL,NULL,NULL,NULL,NULL,NULL,NULL,0),(886,'Palanan',37,NULL,NULL,NULL,NULL,NULL,NULL,NULL,0),(887,'Quezon',37,NULL,NULL,NULL,NULL,NULL,NULL,NULL,0),(888,'Quirino',37,NULL,NULL,NULL,NULL,NULL,NULL,NULL,0),(889,'Ramon',37,NULL,NULL,NULL,NULL,NULL,NULL,NULL,0),(890,'Reina Mercedes',37,NULL,NULL,NULL,NULL,NULL,NULL,NULL,0),(891,'Roxas',37,NULL,NULL,NULL,NULL,NULL,NULL,NULL,0),(892,'San Agustin',37,NULL,NULL,NULL,NULL,NULL,NULL,NULL,0),(893,'San Guillermo',37,NULL,NULL,NULL,NULL,NULL,NULL,NULL,0),(894,'San Isidro',37,NULL,NULL,NULL,NULL,NULL,NULL,NULL,0),(895,'San Manuel',37,NULL,NULL,NULL,NULL,NULL,NULL,NULL,0),(896,'San Mariano',37,NULL,NULL,NULL,NULL,NULL,NULL,NULL,0),(897,'San Mateo',37,NULL,NULL,NULL,NULL,NULL,NULL,NULL,0),(898,'San Pablo',37,NULL,NULL,NULL,NULL,NULL,NULL,NULL,0),(899,'Santa Maria',37,NULL,NULL,NULL,NULL,NULL,NULL,NULL,0),(900,'Santo Tomas',37,NULL,NULL,NULL,NULL,NULL,NULL,NULL,0),(901,'Tumauini',37,NULL,NULL,NULL,NULL,NULL,NULL,NULL,0),(902,'Balbalan',38,NULL,NULL,NULL,NULL,NULL,NULL,NULL,0),(903,'Lubuagan',38,NULL,NULL,NULL,NULL,NULL,NULL,NULL,0),(904,'Pasil',38,NULL,NULL,NULL,NULL,NULL,NULL,NULL,0),(905,'Pinukpuk',38,NULL,NULL,NULL,NULL,NULL,NULL,NULL,0),(906,'Rizal',38,NULL,NULL,NULL,NULL,NULL,NULL,NULL,0),(907,'Tanudan',38,NULL,NULL,NULL,NULL,NULL,NULL,NULL,0),(908,'Tinglayan',38,NULL,NULL,NULL,NULL,NULL,NULL,NULL,0),(909,'Agoo',39,NULL,NULL,NULL,NULL,NULL,NULL,NULL,0),(910,'Aringay',39,NULL,NULL,NULL,NULL,NULL,NULL,NULL,0),(911,'Bacnotan',39,NULL,NULL,NULL,NULL,NULL,NULL,NULL,0),(912,'Bagulin',39,NULL,NULL,NULL,NULL,NULL,NULL,NULL,0),(913,'Balaoan',39,NULL,NULL,NULL,NULL,NULL,NULL,NULL,0),(914,'Bangar',39,NULL,NULL,NULL,NULL,NULL,NULL,NULL,0),(915,'Bauang',39,NULL,NULL,NULL,NULL,NULL,NULL,NULL,0),(916,'Burgos',39,NULL,NULL,NULL,NULL,NULL,NULL,NULL,0),(917,'Caba',39,NULL,NULL,NULL,NULL,NULL,NULL,NULL,0),(918,'Luna',39,NULL,NULL,NULL,NULL,NULL,NULL,NULL,0),(919,'Naguilian',39,NULL,NULL,NULL,NULL,NULL,NULL,NULL,0),(920,'Pugo',39,NULL,NULL,NULL,NULL,NULL,NULL,NULL,0),(921,'Rosario',39,NULL,NULL,NULL,NULL,NULL,NULL,NULL,0),(922,'San Gabriel',39,NULL,NULL,NULL,NULL,NULL,NULL,NULL,0),(923,'San Juan',39,NULL,NULL,NULL,NULL,NULL,NULL,NULL,0),(924,'Santo Tomas',39,NULL,NULL,NULL,NULL,NULL,NULL,NULL,0),(925,'Santol',39,NULL,NULL,NULL,NULL,NULL,NULL,NULL,0),(926,'Sudipen',39,NULL,NULL,NULL,NULL,NULL,NULL,NULL,0),(927,'Tubao',39,NULL,NULL,NULL,NULL,NULL,NULL,NULL,0),(928,'Nature and Science City of Los Baños',40,NULL,NULL,NULL,NULL,NULL,NULL,NULL,0),(929,'Alaminos',40,NULL,NULL,NULL,NULL,NULL,NULL,NULL,0),(930,'Bay',40,NULL,NULL,NULL,NULL,NULL,NULL,NULL,0),(931,'Calauan',40,NULL,NULL,NULL,NULL,NULL,NULL,NULL,0),(932,'Cavinti',40,NULL,NULL,NULL,NULL,NULL,NULL,NULL,0),(933,'Famy',40,NULL,NULL,NULL,NULL,NULL,NULL,NULL,0),(934,'Kalayaan',40,NULL,NULL,NULL,NULL,NULL,NULL,NULL,0),(935,'Liliw',40,NULL,NULL,NULL,NULL,NULL,NULL,NULL,0),(936,'Luisiana',40,NULL,NULL,NULL,NULL,NULL,NULL,NULL,0),(937,'Lumban',40,NULL,NULL,NULL,NULL,NULL,NULL,NULL,0),(938,'Mabitac',40,NULL,NULL,NULL,NULL,NULL,NULL,NULL,0),(939,'Magdalena',40,NULL,NULL,NULL,NULL,NULL,NULL,NULL,0),(940,'Majayjay',40,NULL,NULL,NULL,NULL,NULL,NULL,NULL,0),(941,'Nagcarlan',40,NULL,NULL,NULL,NULL,NULL,NULL,NULL,0),(942,'Paete',40,NULL,NULL,NULL,NULL,NULL,NULL,NULL,0),(943,'Pagsanjan',40,NULL,NULL,NULL,NULL,NULL,NULL,NULL,0),(944,'Pakil',40,NULL,NULL,NULL,NULL,NULL,NULL,NULL,0),(945,'Pangil',40,NULL,NULL,NULL,NULL,NULL,NULL,NULL,0),(946,'Pila',40,NULL,NULL,NULL,NULL,NULL,NULL,NULL,0),(947,'Rizal',40,NULL,NULL,NULL,NULL,NULL,NULL,NULL,0),(948,'San Pedro',40,NULL,NULL,NULL,NULL,NULL,NULL,NULL,0),(949,'Santa Cruz',40,NULL,NULL,NULL,NULL,NULL,NULL,NULL,0),(950,'Santa Maria',40,NULL,NULL,NULL,NULL,NULL,NULL,NULL,0),(951,'Siniloan',40,NULL,NULL,NULL,NULL,NULL,NULL,NULL,0),(952,'Victoria',40,NULL,NULL,NULL,NULL,NULL,NULL,NULL,0),(953,'Bacolod',41,NULL,NULL,NULL,NULL,NULL,NULL,NULL,0),(954,'Baloi',41,NULL,NULL,NULL,NULL,NULL,NULL,NULL,0),(955,'Baroy',41,NULL,NULL,NULL,NULL,NULL,NULL,NULL,0),(956,'Kapatagan',41,NULL,NULL,NULL,NULL,NULL,NULL,NULL,0),(957,'Kauswagan',41,NULL,NULL,NULL,NULL,NULL,NULL,NULL,0),(958,'Kolambugan',41,NULL,NULL,NULL,NULL,NULL,NULL,NULL,0),(959,'Lala',41,NULL,NULL,NULL,NULL,NULL,NULL,NULL,0),(960,'Linamon',41,NULL,NULL,NULL,NULL,NULL,NULL,NULL,0),(961,'Magsaysay',41,NULL,NULL,NULL,NULL,NULL,NULL,NULL,0),(962,'Maigo',41,NULL,NULL,NULL,NULL,NULL,NULL,NULL,0),(963,'Matungao',41,NULL,NULL,NULL,NULL,NULL,NULL,NULL,0),(964,'Munai',41,NULL,NULL,NULL,NULL,NULL,NULL,NULL,0),(965,'Nunungan',41,NULL,NULL,NULL,NULL,NULL,NULL,NULL,0),(966,'Pantao Ragat',41,NULL,NULL,NULL,NULL,NULL,NULL,NULL,0),(967,'Pantar',41,NULL,NULL,NULL,NULL,NULL,NULL,NULL,0),(968,'Poona Piagapo',41,NULL,NULL,NULL,NULL,NULL,NULL,NULL,0),(969,'Salvador',41,NULL,NULL,NULL,NULL,NULL,NULL,NULL,0),(970,'Sapad',41,NULL,NULL,NULL,NULL,NULL,NULL,NULL,0),(971,'Sultan Naga Dimaporo',41,NULL,NULL,NULL,NULL,NULL,NULL,NULL,0),(972,'Tagoloan',41,NULL,NULL,NULL,NULL,NULL,NULL,NULL,0),(973,'Tangcal',41,NULL,NULL,NULL,NULL,NULL,NULL,NULL,0),(974,'Tubod',41,NULL,NULL,NULL,NULL,NULL,NULL,NULL,0),(975,'Bacolod-Kalawi',42,NULL,NULL,NULL,NULL,NULL,NULL,NULL,0),(976,'Balabagan',42,NULL,NULL,NULL,NULL,NULL,NULL,NULL,0),(977,'Balindong',42,NULL,NULL,NULL,NULL,NULL,NULL,NULL,0),(978,'Bayang',42,NULL,NULL,NULL,NULL,NULL,NULL,NULL,0),(979,'Binidayan',42,NULL,NULL,NULL,NULL,NULL,NULL,NULL,0),(980,'Buadiposo-Buntong',42,NULL,NULL,NULL,NULL,NULL,NULL,NULL,0),(981,'Bubong',42,NULL,NULL,NULL,NULL,NULL,NULL,NULL,0),(982,'Bumbaran',42,NULL,NULL,NULL,NULL,NULL,NULL,NULL,0),(983,'Butig',42,NULL,NULL,NULL,NULL,NULL,NULL,NULL,0),(984,'Calanogas',42,NULL,NULL,NULL,NULL,NULL,NULL,NULL,0),(985,'Ditsaan-Ramain',42,NULL,NULL,NULL,NULL,NULL,NULL,NULL,0),(986,'Ganassi',42,NULL,NULL,NULL,NULL,NULL,NULL,NULL,0),(987,'Kapai',42,NULL,NULL,NULL,NULL,NULL,NULL,NULL,0),(988,'Kapatagan',42,NULL,NULL,NULL,NULL,NULL,NULL,NULL,0),(989,'Lumba-Bayabao',42,NULL,NULL,NULL,NULL,NULL,NULL,NULL,0),(990,'Lumbaca-Unayan',42,NULL,NULL,NULL,NULL,NULL,NULL,NULL,0),(991,'Lumbatan',42,NULL,NULL,NULL,NULL,NULL,NULL,NULL,0),(992,'Lumbayanague',42,NULL,NULL,NULL,NULL,NULL,NULL,NULL,0),(993,'Madalum',42,NULL,NULL,NULL,NULL,NULL,NULL,NULL,0),(994,'Madamba',42,NULL,NULL,NULL,NULL,NULL,NULL,NULL,0),(995,'Maguing',42,NULL,NULL,NULL,NULL,NULL,NULL,NULL,0),(996,'Malabang',42,NULL,NULL,NULL,NULL,NULL,NULL,NULL,0),(997,'Marantao',42,NULL,NULL,NULL,NULL,NULL,NULL,NULL,0),(998,'Marogong',42,NULL,NULL,NULL,NULL,NULL,NULL,NULL,0),(999,'Masiu',42,NULL,NULL,NULL,NULL,NULL,NULL,NULL,0),(1000,'Mulondo',42,NULL,NULL,NULL,NULL,NULL,NULL,NULL,0),(1001,'Pagayawan',42,NULL,NULL,NULL,NULL,NULL,NULL,NULL,0),(1002,'Piagapo',42,NULL,NULL,NULL,NULL,NULL,NULL,NULL,0),(1003,'Poona Bayabao',42,NULL,NULL,NULL,NULL,NULL,NULL,NULL,0),(1004,'Pualas',42,NULL,NULL,NULL,NULL,NULL,NULL,NULL,0),(1005,'Saguiaran',42,NULL,NULL,NULL,NULL,NULL,NULL,NULL,0),(1006,'Sultan Dumalondong',42,NULL,NULL,NULL,NULL,NULL,NULL,NULL,0),(1007,'Picong',42,NULL,NULL,NULL,NULL,NULL,NULL,NULL,0),(1008,'Tagoloan II',42,NULL,NULL,NULL,NULL,NULL,NULL,NULL,0),(1009,'Tamparan',42,NULL,NULL,NULL,NULL,NULL,NULL,NULL,0),(1010,'Taraka',42,NULL,NULL,NULL,NULL,NULL,NULL,NULL,0),(1011,'Tubaran',42,NULL,NULL,NULL,NULL,NULL,NULL,NULL,0),(1012,'Tugaya',42,NULL,NULL,NULL,NULL,NULL,NULL,NULL,0),(1013,'Wao',42,NULL,NULL,NULL,NULL,NULL,NULL,NULL,0),(1014,'Abuyog',43,NULL,NULL,NULL,NULL,NULL,NULL,NULL,0),(1015,'Alangalang',43,NULL,NULL,NULL,NULL,NULL,NULL,NULL,0),(1016,'Albuera',43,NULL,NULL,NULL,NULL,NULL,NULL,NULL,0),(1017,'Babatngon',43,NULL,NULL,NULL,NULL,NULL,NULL,NULL,0),(1018,'Barugo',43,NULL,NULL,NULL,NULL,NULL,NULL,NULL,0),(1019,'Bato',43,NULL,NULL,NULL,NULL,NULL,NULL,NULL,0),(1020,'Burauen',43,NULL,NULL,NULL,NULL,NULL,NULL,NULL,0),(1021,'Calubian',43,NULL,NULL,NULL,NULL,NULL,NULL,NULL,0),(1022,'Capoocan',43,NULL,NULL,NULL,NULL,NULL,NULL,NULL,0),(1023,'Carigara',43,NULL,NULL,NULL,NULL,NULL,NULL,NULL,0),(1024,'Dagami',43,NULL,NULL,NULL,NULL,NULL,NULL,NULL,0),(1025,'Dulag',43,NULL,NULL,NULL,NULL,NULL,NULL,NULL,0),(1026,'Hilongos',43,NULL,NULL,NULL,NULL,NULL,NULL,NULL,0),(1027,'Hindang',43,NULL,NULL,NULL,NULL,NULL,NULL,NULL,0),(1028,'Inopacan',43,NULL,NULL,NULL,NULL,NULL,NULL,NULL,0),(1029,'Isabel',43,NULL,NULL,NULL,NULL,NULL,NULL,NULL,0),(1030,'Jaro',43,NULL,NULL,NULL,NULL,NULL,NULL,NULL,0),(1031,'Javier',43,NULL,NULL,NULL,NULL,NULL,NULL,NULL,0),(1032,'Julita',43,NULL,NULL,NULL,NULL,NULL,NULL,NULL,0),(1033,'Kananga',43,NULL,NULL,NULL,NULL,NULL,NULL,NULL,0),(1034,'La Paz',43,NULL,NULL,NULL,NULL,NULL,NULL,NULL,0),(1035,'Leyte',43,NULL,NULL,NULL,NULL,NULL,NULL,NULL,0),(1036,'Liloan',43,NULL,NULL,NULL,NULL,NULL,NULL,NULL,0),(1037,'MacArthur',43,NULL,NULL,NULL,NULL,NULL,NULL,NULL,0),(1038,'Mahaplag',43,NULL,NULL,NULL,NULL,NULL,NULL,NULL,0),(1039,'Matag-ob',43,NULL,NULL,NULL,NULL,NULL,NULL,NULL,0),(1040,'Matalom',43,NULL,NULL,NULL,NULL,NULL,NULL,NULL,0),(1041,'Mayorga',43,NULL,NULL,NULL,NULL,NULL,NULL,NULL,0),(1042,'Merida',43,NULL,NULL,NULL,NULL,NULL,NULL,NULL,0),(1043,'Palo',43,NULL,NULL,NULL,NULL,NULL,NULL,NULL,0),(1044,'Palompon',43,NULL,NULL,NULL,NULL,NULL,NULL,NULL,0),(1045,'Pastrana',43,NULL,NULL,NULL,NULL,NULL,NULL,NULL,0),(1046,'San Isidro',43,NULL,NULL,NULL,NULL,NULL,NULL,NULL,0),(1047,'San Miguel',43,NULL,NULL,NULL,NULL,NULL,NULL,NULL,0),(1048,'Santa Fe',43,NULL,NULL,NULL,NULL,NULL,NULL,NULL,0),(1049,'Sogod',43,NULL,NULL,NULL,NULL,NULL,NULL,NULL,0),(1050,'Tabango',43,NULL,NULL,NULL,NULL,NULL,NULL,NULL,0),(1051,'Tabontabon',43,NULL,NULL,NULL,NULL,NULL,NULL,NULL,0),(1052,'Tanauan',43,NULL,NULL,NULL,NULL,NULL,NULL,NULL,0),(1053,'Tolosa',43,NULL,NULL,NULL,NULL,NULL,NULL,NULL,0),(1054,'Tunga',43,NULL,NULL,NULL,NULL,NULL,NULL,NULL,0),(1055,'Villaba',43,NULL,NULL,NULL,NULL,NULL,NULL,NULL,0),(1056,'Ampatuan',44,NULL,NULL,NULL,NULL,NULL,NULL,NULL,0),(1057,'Barira',44,NULL,NULL,NULL,NULL,NULL,NULL,NULL,0),(1058,'Buldon',44,NULL,NULL,NULL,NULL,NULL,NULL,NULL,0),(1059,'Buluan',44,NULL,NULL,NULL,NULL,NULL,NULL,NULL,0),(1060,'Datu Abdullah Sangki',44,NULL,NULL,NULL,NULL,NULL,NULL,NULL,0),(1061,'Datu Anggal Midtimbang',44,NULL,NULL,NULL,NULL,NULL,NULL,NULL,0),(1062,'Datu Blah T. Sinsuat',44,NULL,NULL,NULL,NULL,NULL,NULL,NULL,0),(1063,'Datu Hoffer Ampatuan',44,NULL,NULL,NULL,NULL,NULL,NULL,NULL,0),(1064,'Datu Montawal',44,NULL,NULL,NULL,NULL,NULL,NULL,NULL,0),(1065,'Datu Odin Sinsuat',44,NULL,NULL,NULL,NULL,NULL,NULL,NULL,0),(1066,'Datu Paglas',44,NULL,NULL,NULL,NULL,NULL,NULL,NULL,0),(1067,'Datu Piang',44,NULL,NULL,NULL,NULL,NULL,NULL,NULL,0),(1068,'Datu Salibo',44,NULL,NULL,NULL,NULL,NULL,NULL,NULL,0),(1069,'Datu Saudi-Ampatuan',44,NULL,NULL,NULL,NULL,NULL,NULL,NULL,0),(1070,'Datu Unsay',44,NULL,NULL,NULL,NULL,NULL,NULL,NULL,0),(1071,'General Salipada K. Pendatun',44,NULL,NULL,NULL,NULL,NULL,NULL,NULL,0),(1072,'Guindulungan',44,NULL,NULL,NULL,NULL,NULL,NULL,NULL,0),(1073,'Kabuntalan',44,NULL,NULL,NULL,NULL,NULL,NULL,NULL,0),(1074,'Mamasapano',44,NULL,NULL,NULL,NULL,NULL,NULL,NULL,0),(1075,'Mangudadatu',44,NULL,NULL,NULL,NULL,NULL,NULL,NULL,0),(1076,'Matanog',44,NULL,NULL,NULL,NULL,NULL,NULL,NULL,0),(1077,'Northern Kabuntalan',44,NULL,NULL,NULL,NULL,NULL,NULL,NULL,0),(1078,'Pagalungan',44,NULL,NULL,NULL,NULL,NULL,NULL,NULL,0),(1079,'Paglat',44,NULL,NULL,NULL,NULL,NULL,NULL,NULL,0),(1080,'Pandag',44,NULL,NULL,NULL,NULL,NULL,NULL,NULL,0),(1081,'Parang',44,NULL,NULL,NULL,NULL,NULL,NULL,NULL,0),(1082,'Rajah Buayan',44,NULL,NULL,NULL,NULL,NULL,NULL,NULL,0),(1083,'Shariff Aguak',44,NULL,NULL,NULL,NULL,NULL,NULL,NULL,0),(1084,'Shariff Saydona Mustapha',44,NULL,NULL,NULL,NULL,NULL,NULL,NULL,0),(1085,'South Upi',44,NULL,NULL,NULL,NULL,NULL,NULL,NULL,0),(1086,'Sultan Kudarat',44,NULL,NULL,NULL,NULL,NULL,NULL,NULL,0),(1087,'Sultan Mastura',44,NULL,NULL,NULL,NULL,NULL,NULL,NULL,0),(1088,'Sultan sa Barongis',44,NULL,NULL,NULL,NULL,NULL,NULL,NULL,0),(1089,'Talayan',44,NULL,NULL,NULL,NULL,NULL,NULL,NULL,0),(1090,'Talitay',44,NULL,NULL,NULL,NULL,NULL,NULL,NULL,0),(1091,'Upi',44,NULL,NULL,NULL,NULL,NULL,NULL,NULL,0),(1092,'Boac',45,NULL,NULL,NULL,NULL,NULL,NULL,NULL,0),(1093,'Buenavista',45,NULL,NULL,NULL,NULL,NULL,NULL,NULL,0),(1094,'Gasan',45,NULL,NULL,NULL,NULL,NULL,NULL,NULL,0),(1095,'Mogpog',45,NULL,NULL,NULL,NULL,NULL,NULL,NULL,0),(1096,'Santa Cruz',45,NULL,NULL,NULL,NULL,NULL,NULL,NULL,0),(1097,'Torrijos',45,NULL,NULL,NULL,NULL,NULL,NULL,NULL,0),(1098,'Aroroy',46,NULL,NULL,NULL,NULL,NULL,NULL,NULL,0),(1099,'Baleno',46,NULL,NULL,NULL,NULL,NULL,NULL,NULL,0),(1100,'Balud',46,NULL,NULL,NULL,NULL,NULL,NULL,NULL,0),(1101,'Batuan',46,NULL,NULL,NULL,NULL,NULL,NULL,NULL,0),(1102,'Cataingan',46,NULL,NULL,NULL,NULL,NULL,NULL,NULL,0),(1103,'Cawayan',46,NULL,NULL,NULL,NULL,NULL,NULL,NULL,0),(1104,'Claveria',46,NULL,NULL,NULL,NULL,NULL,NULL,NULL,0),(1105,'Dimasalang',46,NULL,NULL,NULL,NULL,NULL,NULL,NULL,0),(1106,'Esperanza',46,NULL,NULL,NULL,NULL,NULL,NULL,NULL,0),(1107,'Mandaon',46,NULL,NULL,NULL,NULL,NULL,NULL,NULL,0),(1108,'Milagros',46,NULL,NULL,NULL,NULL,NULL,NULL,NULL,0),(1109,'Mobo',46,NULL,NULL,NULL,NULL,NULL,NULL,NULL,0),(1110,'Monreal',46,NULL,NULL,NULL,NULL,NULL,NULL,NULL,0),(1111,'Palanas',46,NULL,NULL,NULL,NULL,NULL,NULL,NULL,0),(1112,'Pio V. Corpuz',46,NULL,NULL,NULL,NULL,NULL,NULL,NULL,0),(1113,'Placer',46,NULL,NULL,NULL,NULL,NULL,NULL,NULL,0),(1114,'San Fernando',46,NULL,NULL,NULL,NULL,NULL,NULL,NULL,0),(1115,'San Jacinto',46,NULL,NULL,NULL,NULL,NULL,NULL,NULL,0),(1116,'San Pascual',46,NULL,NULL,NULL,NULL,NULL,NULL,NULL,0),(1117,'Uson',46,NULL,NULL,NULL,NULL,NULL,NULL,NULL,0),(1118,'Pateros',47,NULL,NULL,NULL,NULL,NULL,NULL,NULL,0),(1119,'Aloran',48,NULL,NULL,NULL,NULL,NULL,NULL,NULL,0),(1120,'Baliangao',48,NULL,NULL,NULL,NULL,NULL,NULL,NULL,0),(1121,'Bonifacio',48,NULL,NULL,NULL,NULL,NULL,NULL,NULL,0),(1122,'Calamba',48,NULL,NULL,NULL,NULL,NULL,NULL,NULL,0),(1123,'Clarin',48,NULL,NULL,NULL,NULL,NULL,NULL,NULL,0),(1124,'Concepcion',48,NULL,NULL,NULL,NULL,NULL,NULL,NULL,0),(1125,'Don Victoriano Chiongbian',48,NULL,NULL,NULL,NULL,NULL,NULL,NULL,0),(1126,'Jimenez',48,NULL,NULL,NULL,NULL,NULL,NULL,NULL,0),(1127,'Lopez Jaena',48,NULL,NULL,NULL,NULL,NULL,NULL,NULL,0),(1128,'Panaon',48,NULL,NULL,NULL,NULL,NULL,NULL,NULL,0),(1129,'Plaridel',48,NULL,NULL,NULL,NULL,NULL,NULL,NULL,0),(1130,'Sapang Dalaga',48,NULL,NULL,NULL,NULL,NULL,NULL,NULL,0),(1131,'Sinacaban',48,NULL,NULL,NULL,NULL,NULL,NULL,NULL,0),(1132,'Tudela',48,NULL,NULL,NULL,NULL,NULL,NULL,NULL,0),(1133,'Alubijid',49,NULL,NULL,NULL,NULL,NULL,NULL,NULL,0),(1134,'Balingasag',49,NULL,NULL,NULL,NULL,NULL,NULL,NULL,0),(1135,'Balingoan',49,NULL,NULL,NULL,NULL,NULL,NULL,NULL,0),(1136,'Binuangan',49,NULL,NULL,NULL,NULL,NULL,NULL,NULL,0),(1137,'Claveria',49,NULL,NULL,NULL,NULL,NULL,NULL,NULL,0),(1138,'Gitagum',49,NULL,NULL,NULL,NULL,NULL,NULL,NULL,0),(1139,'Initao',49,NULL,NULL,NULL,NULL,NULL,NULL,NULL,0),(1140,'Jasaan',49,NULL,NULL,NULL,NULL,NULL,NULL,NULL,0),(1141,'Kinoguitan',49,NULL,NULL,NULL,NULL,NULL,NULL,NULL,0),(1142,'Lagonglong',49,NULL,NULL,NULL,NULL,NULL,NULL,NULL,0),(1143,'Laguindingan',49,NULL,NULL,NULL,NULL,NULL,NULL,NULL,0),(1144,'Libertad',49,NULL,NULL,NULL,NULL,NULL,NULL,NULL,0),(1145,'Lugait',49,NULL,NULL,NULL,NULL,NULL,NULL,NULL,0),(1146,'Magsaysay',49,NULL,NULL,NULL,NULL,NULL,NULL,NULL,0),(1147,'Manticao',49,NULL,NULL,NULL,NULL,NULL,NULL,NULL,0),(1148,'Medina',49,NULL,NULL,NULL,NULL,NULL,NULL,NULL,0),(1149,'Naawan',49,NULL,NULL,NULL,NULL,NULL,NULL,NULL,0),(1150,'Opol',49,NULL,NULL,NULL,NULL,NULL,NULL,NULL,0),(1151,'Salay',49,NULL,NULL,NULL,NULL,NULL,NULL,NULL,0),(1152,'Sugbongcogon',49,NULL,NULL,NULL,NULL,NULL,NULL,NULL,0),(1153,'Tagoloan',49,NULL,NULL,NULL,NULL,NULL,NULL,NULL,0),(1154,'Talisayan',49,NULL,NULL,NULL,NULL,NULL,NULL,NULL,0),(1155,'Villanueva',49,NULL,NULL,NULL,NULL,NULL,NULL,NULL,0),(1156,'Barlig',50,NULL,NULL,NULL,NULL,NULL,NULL,NULL,0),(1157,'Bauko',50,NULL,NULL,NULL,NULL,NULL,NULL,NULL,0),(1158,'Besao',50,NULL,NULL,NULL,NULL,NULL,NULL,NULL,0),(1159,'Bontoc',50,NULL,NULL,NULL,NULL,NULL,NULL,NULL,0),(1160,'Natonin',50,NULL,NULL,NULL,NULL,NULL,NULL,NULL,0),(1161,'Paracelis',50,NULL,NULL,NULL,NULL,NULL,NULL,NULL,0),(1162,'Sabangan',50,NULL,NULL,NULL,NULL,NULL,NULL,NULL,0),(1163,'Sadanga',50,NULL,NULL,NULL,NULL,NULL,NULL,NULL,0),(1164,'Sagada',50,NULL,NULL,NULL,NULL,NULL,NULL,NULL,0),(1165,'Tadian',50,NULL,NULL,NULL,NULL,NULL,NULL,NULL,0),(1166,'Binalbagan',51,NULL,NULL,NULL,NULL,NULL,NULL,NULL,0),(1167,'Calatrava',51,NULL,NULL,NULL,NULL,NULL,NULL,NULL,0),(1168,'Candoni',51,NULL,NULL,NULL,NULL,NULL,NULL,NULL,0),(1169,'Cauayan',51,NULL,NULL,NULL,NULL,NULL,NULL,NULL,0),(1170,'Enrique B. Magalona',51,NULL,NULL,NULL,NULL,NULL,NULL,NULL,0),(1171,'Hinigaran',51,NULL,NULL,NULL,NULL,NULL,NULL,NULL,0),(1172,'Hinoba-an',51,NULL,NULL,NULL,NULL,NULL,NULL,NULL,0),(1173,'Ilog',51,NULL,NULL,NULL,NULL,NULL,NULL,NULL,0),(1174,'Isabela',51,NULL,NULL,NULL,NULL,NULL,NULL,NULL,0),(1175,'La Castellana',51,NULL,NULL,NULL,NULL,NULL,NULL,NULL,0),(1176,'Manapla',51,NULL,NULL,NULL,NULL,NULL,NULL,NULL,0),(1177,'Moises Padilla',51,NULL,NULL,NULL,NULL,NULL,NULL,NULL,0),(1178,'Murcia',51,NULL,NULL,NULL,NULL,NULL,NULL,NULL,0),(1179,'Pontevedra',51,NULL,NULL,NULL,NULL,NULL,NULL,NULL,0),(1180,'Pulupandan',51,NULL,NULL,NULL,NULL,NULL,NULL,NULL,0),(1181,'Salvador Benedicto',51,NULL,NULL,NULL,NULL,NULL,NULL,NULL,0),(1182,'San Enrique',51,NULL,NULL,NULL,NULL,NULL,NULL,NULL,0),(1183,'Toboso',51,NULL,NULL,NULL,NULL,NULL,NULL,NULL,0),(1184,'Valladolid',51,NULL,NULL,NULL,NULL,NULL,NULL,NULL,0),(1185,'Amlan',52,NULL,NULL,NULL,NULL,NULL,NULL,NULL,0),(1186,'Ayungon',52,NULL,NULL,NULL,NULL,NULL,NULL,NULL,0),(1187,'Bacong',52,NULL,NULL,NULL,NULL,NULL,NULL,NULL,0),(1188,'Basay',52,NULL,NULL,NULL,NULL,NULL,NULL,NULL,0),(1189,'Bindoy',52,NULL,NULL,NULL,NULL,NULL,NULL,NULL,0),(1190,'Dauin',52,NULL,NULL,NULL,NULL,NULL,NULL,NULL,0),(1191,'Jimalalud',52,NULL,NULL,NULL,NULL,NULL,NULL,NULL,0),(1192,'La Libertad',52,NULL,NULL,NULL,NULL,NULL,NULL,NULL,0),(1193,'Mabinay',52,NULL,NULL,NULL,NULL,NULL,NULL,NULL,0),(1194,'Manjuyod',52,NULL,NULL,NULL,NULL,NULL,NULL,NULL,0),(1195,'Pamplona',52,NULL,NULL,NULL,NULL,NULL,NULL,NULL,0),(1196,'San Jose',52,NULL,NULL,NULL,NULL,NULL,NULL,NULL,0),(1197,'Santa Catalina',52,NULL,NULL,NULL,NULL,NULL,NULL,NULL,0),(1198,'Siaton',52,NULL,NULL,NULL,NULL,NULL,NULL,NULL,0),(1199,'Sibulan',52,NULL,NULL,NULL,NULL,NULL,NULL,NULL,0),(1200,'Tayasan',52,NULL,NULL,NULL,NULL,NULL,NULL,NULL,0),(1201,'Valencia',52,NULL,NULL,NULL,NULL,NULL,NULL,NULL,0),(1202,'Vallehermoso',52,NULL,NULL,NULL,NULL,NULL,NULL,NULL,0),(1203,'Zamboanguita',52,NULL,NULL,NULL,NULL,NULL,NULL,NULL,0),(1204,'Allen',53,NULL,NULL,NULL,NULL,NULL,NULL,NULL,0),(1205,'Biri',53,NULL,NULL,NULL,NULL,NULL,NULL,NULL,0),(1206,'Bobon',53,NULL,NULL,NULL,NULL,NULL,NULL,NULL,0),(1207,'Capul',53,NULL,NULL,NULL,NULL,NULL,NULL,NULL,0),(1208,'Catarman',53,NULL,NULL,NULL,NULL,NULL,NULL,NULL,0),(1209,'Catubig',53,NULL,NULL,NULL,NULL,NULL,NULL,NULL,0),(1210,'Gamay',53,NULL,NULL,NULL,NULL,NULL,NULL,NULL,0),(1211,'Laoang',53,NULL,NULL,NULL,NULL,NULL,NULL,NULL,0),(1212,'Lapinig',53,NULL,NULL,NULL,NULL,NULL,NULL,NULL,0),(1213,'Las Navas',53,NULL,NULL,NULL,NULL,NULL,NULL,NULL,0),(1214,'Lavezares',53,NULL,NULL,NULL,NULL,NULL,NULL,NULL,0),(1215,'Lope de Vega',53,NULL,NULL,NULL,NULL,NULL,NULL,NULL,0),(1216,'Mapanas',53,NULL,NULL,NULL,NULL,NULL,NULL,NULL,0),(1217,'Mondragon',53,NULL,NULL,NULL,NULL,NULL,NULL,NULL,0),(1218,'Palapag',53,NULL,NULL,NULL,NULL,NULL,NULL,NULL,0),(1219,'Pambujan',53,NULL,NULL,NULL,NULL,NULL,NULL,NULL,0),(1220,'Rosario',53,NULL,NULL,NULL,NULL,NULL,NULL,NULL,0),(1221,'San Antonio',53,NULL,NULL,NULL,NULL,NULL,NULL,NULL,0),(1222,'San Isidro',53,NULL,NULL,NULL,NULL,NULL,NULL,NULL,0),(1223,'San Jose',53,NULL,NULL,NULL,NULL,NULL,NULL,NULL,0),(1224,'San Roque',53,NULL,NULL,NULL,NULL,NULL,NULL,NULL,0),(1225,'San Vicente',53,NULL,NULL,NULL,NULL,NULL,NULL,NULL,0),(1226,'Silvino Lobos',53,NULL,NULL,NULL,NULL,NULL,NULL,NULL,0),(1227,'Victoria',53,NULL,NULL,NULL,NULL,NULL,NULL,NULL,0),(1228,'Aliaga',54,NULL,NULL,NULL,NULL,NULL,NULL,NULL,0),(1229,'Bongabon',54,NULL,NULL,NULL,NULL,NULL,NULL,NULL,0),(1230,'Cabiao',54,NULL,NULL,NULL,NULL,NULL,NULL,NULL,0),(1231,'Carranglan',54,NULL,NULL,NULL,NULL,NULL,NULL,NULL,0),(1232,'Cuyapo',54,NULL,NULL,NULL,NULL,NULL,NULL,NULL,0),(1233,'Gabaldon',54,NULL,NULL,NULL,NULL,NULL,NULL,NULL,0),(1234,'General Mamerto Natividad',54,NULL,NULL,NULL,NULL,NULL,NULL,NULL,0),(1235,'General Tinio',54,NULL,NULL,NULL,NULL,NULL,NULL,NULL,0),(1236,'Guimba',54,NULL,NULL,NULL,NULL,NULL,NULL,NULL,0),(1237,'Jaen',54,NULL,NULL,NULL,NULL,NULL,NULL,NULL,0),(1238,'Laur',54,NULL,NULL,NULL,NULL,NULL,NULL,NULL,0),(1239,'Licab',54,NULL,NULL,NULL,NULL,NULL,NULL,NULL,0),(1240,'Llanera',54,NULL,NULL,NULL,NULL,NULL,NULL,NULL,0),(1241,'Lupao',54,NULL,NULL,NULL,NULL,NULL,NULL,NULL,0),(1242,'Nampicuan',54,NULL,NULL,NULL,NULL,NULL,NULL,NULL,0),(1243,'Pantabangan',54,NULL,NULL,NULL,NULL,NULL,NULL,NULL,0),(1244,'Peñaranda',54,NULL,NULL,NULL,NULL,NULL,NULL,NULL,0),(1245,'Quezon',54,NULL,NULL,NULL,NULL,NULL,NULL,NULL,0),(1246,'Rizal',54,NULL,NULL,NULL,NULL,NULL,NULL,NULL,0),(1247,'San Antonio',54,NULL,NULL,NULL,NULL,NULL,NULL,NULL,0),(1248,'San Isidro',54,NULL,NULL,NULL,NULL,NULL,NULL,NULL,0),(1249,'San Leonardo',54,NULL,NULL,NULL,NULL,NULL,NULL,NULL,0),(1250,'Santa Rosa',54,NULL,NULL,NULL,NULL,NULL,NULL,NULL,0),(1251,'Santo Domingo',54,NULL,NULL,NULL,NULL,NULL,NULL,NULL,0),(1252,'Talavera',54,NULL,NULL,NULL,NULL,NULL,NULL,NULL,0),(1253,'Talugtug',54,NULL,NULL,NULL,NULL,NULL,NULL,NULL,0),(1254,'Zaragoza',54,NULL,NULL,NULL,NULL,NULL,NULL,NULL,0),(1255,'Alfonso Castaneda',55,NULL,NULL,NULL,NULL,NULL,NULL,NULL,0),(1256,'Ambaguio',55,NULL,NULL,NULL,NULL,NULL,NULL,NULL,0),(1257,'Aritao',55,NULL,NULL,NULL,NULL,NULL,NULL,NULL,0),(1258,'Bagabag',55,NULL,NULL,NULL,NULL,NULL,NULL,NULL,0),(1259,'Bambang',55,NULL,NULL,NULL,NULL,NULL,NULL,NULL,0),(1260,'Bayombong',55,NULL,NULL,NULL,NULL,NULL,NULL,NULL,0),(1261,'Diadi',55,NULL,NULL,NULL,NULL,NULL,NULL,NULL,0),(1262,'Dupax del Norte',55,NULL,NULL,NULL,NULL,NULL,NULL,NULL,0),(1263,'Dupax del Sur',55,NULL,NULL,NULL,NULL,NULL,NULL,NULL,0),(1264,'Kasibu',55,NULL,NULL,NULL,NULL,NULL,NULL,NULL,0),(1265,'Kayapa',55,NULL,NULL,NULL,NULL,NULL,NULL,NULL,0),(1266,'Quezon',55,NULL,NULL,NULL,NULL,NULL,NULL,NULL,0),(1267,'Santa Fe',55,NULL,NULL,NULL,NULL,NULL,NULL,NULL,0),(1268,'Solano',55,NULL,NULL,NULL,NULL,NULL,NULL,NULL,0),(1269,'Villaverde',55,NULL,NULL,NULL,NULL,NULL,NULL,NULL,0),(1270,'Abra de Ilog',56,NULL,NULL,NULL,NULL,NULL,NULL,NULL,0),(1271,'Calintaan',56,NULL,NULL,NULL,NULL,NULL,NULL,NULL,0),(1272,'Looc',56,NULL,NULL,NULL,NULL,NULL,NULL,NULL,0),(1273,'Lubang',56,NULL,NULL,NULL,NULL,NULL,NULL,NULL,0),(1274,'Magsaysay',56,NULL,NULL,NULL,NULL,NULL,NULL,NULL,0),(1275,'Mamburao',56,NULL,NULL,NULL,NULL,NULL,NULL,NULL,0),(1276,'Paluan',56,NULL,NULL,NULL,NULL,NULL,NULL,NULL,0),(1277,'Rizal',56,NULL,NULL,NULL,NULL,NULL,NULL,NULL,0),(1278,'Sablayan',56,NULL,NULL,NULL,NULL,NULL,NULL,NULL,0),(1279,'San Jose',56,NULL,NULL,NULL,NULL,NULL,NULL,NULL,0),(1280,'Santa Cruz',56,NULL,NULL,NULL,NULL,NULL,NULL,NULL,0),(1281,'Baco',57,NULL,NULL,NULL,NULL,NULL,NULL,NULL,0),(1282,'Bansud',57,NULL,NULL,NULL,NULL,NULL,NULL,NULL,0),(1283,'Bongabong',57,NULL,NULL,NULL,NULL,NULL,NULL,NULL,0),(1284,'Bulalacao',57,NULL,NULL,NULL,NULL,NULL,NULL,NULL,0),(1285,'Gloria',57,NULL,NULL,NULL,NULL,NULL,NULL,NULL,0),(1286,'Mansalay',57,NULL,NULL,NULL,NULL,NULL,NULL,NULL,0),(1287,'Naujan',57,NULL,NULL,NULL,NULL,NULL,NULL,NULL,0),(1288,'Pinamalayan',57,NULL,NULL,NULL,NULL,NULL,NULL,NULL,0),(1289,'Pola',57,NULL,NULL,NULL,NULL,NULL,NULL,NULL,0),(1290,'Puerto Galera',57,NULL,NULL,NULL,NULL,NULL,NULL,NULL,0),(1291,'Roxas',57,NULL,NULL,NULL,NULL,NULL,NULL,NULL,0),(1292,'San Teodoro',57,NULL,NULL,NULL,NULL,NULL,NULL,NULL,0),(1293,'Socorro',57,NULL,NULL,NULL,NULL,NULL,NULL,NULL,0),(1294,'Victoria',57,NULL,NULL,NULL,NULL,NULL,NULL,NULL,0),(1295,'Aborlan',58,NULL,NULL,NULL,NULL,NULL,NULL,NULL,0),(1296,'Agutaya',58,NULL,NULL,NULL,NULL,NULL,NULL,NULL,0),(1297,'Araceli',58,NULL,NULL,NULL,NULL,NULL,NULL,NULL,0),(1298,'Balabac',58,NULL,NULL,NULL,NULL,NULL,NULL,NULL,0),(1299,'Bataraza',58,NULL,NULL,NULL,NULL,NULL,NULL,NULL,0),(1300,'Brooke\'s Point',58,NULL,NULL,NULL,NULL,NULL,NULL,NULL,0),(1301,'Busuanga',58,NULL,NULL,NULL,NULL,NULL,NULL,NULL,0),(1302,'Cagayancillo',58,NULL,NULL,NULL,NULL,NULL,NULL,NULL,0),(1303,'Coron',58,NULL,NULL,NULL,NULL,NULL,NULL,NULL,0),(1304,'Culion',58,NULL,NULL,NULL,NULL,NULL,NULL,NULL,0),(1305,'Cuyo',58,NULL,NULL,NULL,NULL,NULL,NULL,NULL,0),(1306,'Dumaran',58,NULL,NULL,NULL,NULL,NULL,NULL,NULL,0),(1307,'El Nido',58,NULL,NULL,NULL,NULL,NULL,NULL,NULL,0),(1308,'Kalayaan',58,NULL,NULL,NULL,NULL,NULL,NULL,NULL,0),(1309,'Linapacan',58,NULL,NULL,NULL,NULL,NULL,NULL,NULL,0),(1310,'Magsaysay',58,NULL,NULL,NULL,NULL,NULL,NULL,NULL,0),(1311,'Narra',58,NULL,NULL,NULL,NULL,NULL,NULL,NULL,0),(1312,'Quezon',58,NULL,NULL,NULL,NULL,NULL,NULL,NULL,0),(1313,'Rizal',58,NULL,NULL,NULL,NULL,NULL,NULL,NULL,0),(1314,'Roxas',58,NULL,NULL,NULL,NULL,NULL,NULL,NULL,0),(1315,'San Vicente',58,NULL,NULL,NULL,NULL,NULL,NULL,NULL,0),(1316,'Sofronio Española',58,NULL,NULL,NULL,NULL,NULL,NULL,NULL,0),(1317,'Taytay',58,NULL,NULL,NULL,NULL,NULL,NULL,NULL,0),(1318,'Apalit',59,NULL,NULL,NULL,NULL,NULL,NULL,NULL,0),(1319,'Arayat',59,NULL,NULL,NULL,NULL,NULL,NULL,NULL,0),(1320,'Bacolor',59,NULL,NULL,NULL,NULL,NULL,NULL,NULL,0),(1321,'Candaba',59,NULL,NULL,NULL,NULL,NULL,NULL,NULL,0),(1322,'Floridablanca',59,NULL,NULL,NULL,NULL,NULL,NULL,NULL,0),(1323,'Guagua',59,NULL,NULL,NULL,NULL,NULL,NULL,NULL,0),(1324,'Lubao',59,NULL,NULL,NULL,NULL,NULL,NULL,NULL,0),(1325,'Macabebe',59,NULL,NULL,NULL,NULL,NULL,NULL,NULL,0),(1326,'Magalang',59,NULL,NULL,NULL,NULL,NULL,NULL,NULL,0),(1327,'Masantol',59,NULL,NULL,NULL,NULL,NULL,NULL,NULL,0),(1328,'Mexico',59,NULL,NULL,NULL,NULL,NULL,NULL,NULL,0),(1329,'Minalin',59,NULL,NULL,NULL,NULL,NULL,NULL,NULL,0),(1330,'Porac',59,NULL,NULL,NULL,NULL,NULL,NULL,NULL,0),(1331,'San Luis',59,NULL,NULL,NULL,NULL,NULL,NULL,NULL,0),(1332,'San Simon',59,NULL,NULL,NULL,NULL,NULL,NULL,NULL,0),(1333,'Santa Ana',59,NULL,NULL,NULL,NULL,NULL,NULL,NULL,0),(1334,'Santa Rita',59,NULL,NULL,NULL,NULL,NULL,NULL,NULL,0),(1335,'Santo Tomas',59,NULL,NULL,NULL,NULL,NULL,NULL,NULL,0),(1336,'Sasmuan',59,NULL,NULL,NULL,NULL,NULL,NULL,NULL,0),(1337,'Agno',60,NULL,NULL,NULL,NULL,NULL,NULL,NULL,0),(1338,'Aguilar',60,NULL,NULL,NULL,NULL,NULL,NULL,NULL,0),(1339,'Alcala',60,NULL,NULL,NULL,NULL,NULL,NULL,NULL,0),(1340,'Anda',60,NULL,NULL,NULL,NULL,NULL,NULL,NULL,0),(1341,'Asingan',60,NULL,NULL,NULL,NULL,NULL,NULL,NULL,0),(1342,'Balungao',60,NULL,NULL,NULL,NULL,NULL,NULL,NULL,0),(1343,'Bani',60,NULL,NULL,NULL,NULL,NULL,NULL,NULL,0),(1344,'Basista',60,NULL,NULL,NULL,NULL,NULL,NULL,NULL,0),(1345,'Bautista',60,NULL,NULL,NULL,NULL,NULL,NULL,NULL,0),(1346,'Bayambang',60,NULL,NULL,NULL,NULL,NULL,NULL,NULL,0),(1347,'Binalonan',60,NULL,NULL,NULL,NULL,NULL,NULL,NULL,0),(1348,'Binmaley',60,NULL,NULL,NULL,NULL,NULL,NULL,NULL,0),(1349,'Bolinao',60,NULL,NULL,NULL,NULL,NULL,NULL,NULL,0),(1350,'Bugallon',60,NULL,NULL,NULL,NULL,NULL,NULL,NULL,0),(1351,'Burgos',60,NULL,NULL,NULL,NULL,NULL,NULL,NULL,0),(1352,'Calasiao',60,NULL,NULL,NULL,NULL,NULL,NULL,NULL,0),(1353,'Dasol',60,NULL,NULL,NULL,NULL,NULL,NULL,NULL,0),(1354,'Infanta',60,NULL,NULL,NULL,NULL,NULL,NULL,NULL,0),(1355,'Labrador',60,NULL,NULL,NULL,NULL,NULL,NULL,NULL,0),(1356,'Laoac',60,NULL,NULL,NULL,NULL,NULL,NULL,NULL,0),(1357,'Lingayen',60,NULL,NULL,NULL,NULL,NULL,NULL,NULL,0),(1358,'Mabini',60,NULL,NULL,NULL,NULL,NULL,NULL,NULL,0),(1359,'Malasiqui',60,NULL,NULL,NULL,NULL,NULL,NULL,NULL,0),(1360,'Manaoag',60,NULL,NULL,NULL,NULL,NULL,NULL,NULL,0),(1361,'Mangaldan',60,NULL,NULL,NULL,NULL,NULL,NULL,NULL,0),(1362,'Mangatarem',60,NULL,NULL,NULL,NULL,NULL,NULL,NULL,0),(1363,'Mapandan',60,NULL,NULL,NULL,NULL,NULL,NULL,NULL,0),(1364,'Natividad',60,NULL,NULL,NULL,NULL,NULL,NULL,NULL,0),(1365,'Pozzorubio',60,NULL,NULL,NULL,NULL,NULL,NULL,NULL,0),(1366,'Rosales',60,NULL,NULL,NULL,NULL,NULL,NULL,NULL,0),(1367,'San Fabian',60,NULL,NULL,NULL,NULL,NULL,NULL,NULL,0),(1368,'San Jacinto',60,NULL,NULL,NULL,NULL,NULL,NULL,NULL,0),(1369,'San Manuel',60,NULL,NULL,NULL,NULL,NULL,NULL,NULL,0),(1370,'San Nicolas',60,NULL,NULL,NULL,NULL,NULL,NULL,NULL,0),(1371,'San Quintin',60,NULL,NULL,NULL,NULL,NULL,NULL,NULL,0),(1372,'Santa Barbara',60,NULL,NULL,NULL,NULL,NULL,NULL,NULL,0),(1373,'Santa Maria',60,NULL,NULL,NULL,NULL,NULL,NULL,NULL,0),(1374,'Santo Tomas',60,NULL,NULL,NULL,NULL,NULL,NULL,NULL,0),(1375,'Sison',60,NULL,NULL,NULL,NULL,NULL,NULL,NULL,0),(1376,'Sual',60,NULL,NULL,NULL,NULL,NULL,NULL,NULL,0),(1377,'Tayug',60,NULL,NULL,NULL,NULL,NULL,NULL,NULL,0),(1378,'Umingan',60,NULL,NULL,NULL,NULL,NULL,NULL,NULL,0),(1379,'Urbiztondo',60,NULL,NULL,NULL,NULL,NULL,NULL,NULL,0),(1380,'Villasis',60,NULL,NULL,NULL,NULL,NULL,NULL,NULL,0),(1381,'Agdangan',61,NULL,NULL,NULL,NULL,NULL,NULL,NULL,0),(1382,'Alabat',61,NULL,NULL,NULL,NULL,NULL,NULL,NULL,0),(1383,'Atimonan',61,NULL,NULL,NULL,NULL,NULL,NULL,NULL,0),(1384,'Buenavista',61,NULL,NULL,NULL,NULL,NULL,NULL,NULL,0),(1385,'Burdeos',61,NULL,NULL,NULL,NULL,NULL,NULL,NULL,0),(1386,'Calauag',61,NULL,NULL,NULL,NULL,NULL,NULL,NULL,0),(1387,'Candelaria',61,NULL,NULL,NULL,NULL,NULL,NULL,NULL,0),(1388,'Catanauan',61,NULL,NULL,NULL,NULL,NULL,NULL,NULL,0),(1389,'Dolores',61,NULL,NULL,NULL,NULL,NULL,NULL,NULL,0),(1390,'General Luna',61,NULL,NULL,NULL,NULL,NULL,NULL,NULL,0),(1391,'General Nakar',61,NULL,NULL,NULL,NULL,NULL,NULL,NULL,0),(1392,'Guinayangan',61,NULL,NULL,NULL,NULL,NULL,NULL,NULL,0),(1393,'Gumaca',61,NULL,NULL,NULL,NULL,NULL,NULL,NULL,0),(1394,'Infanta',61,NULL,NULL,NULL,NULL,NULL,NULL,NULL,0),(1395,'Jomalig',61,NULL,NULL,NULL,NULL,NULL,NULL,NULL,0),(1396,'Lopez',61,NULL,NULL,NULL,NULL,NULL,NULL,NULL,0),(1397,'Lucban',61,NULL,NULL,NULL,NULL,NULL,NULL,NULL,0),(1398,'Macalelon',61,NULL,NULL,NULL,NULL,NULL,NULL,NULL,0),(1399,'Mauban',61,NULL,NULL,NULL,NULL,NULL,NULL,NULL,0),(1400,'Mulanay',61,NULL,NULL,NULL,NULL,NULL,NULL,NULL,0),(1401,'Padre Burgos',61,NULL,NULL,NULL,NULL,NULL,NULL,NULL,0),(1402,'Pagbilao',61,NULL,NULL,NULL,NULL,NULL,NULL,NULL,0),(1403,'Panukulan',61,NULL,NULL,NULL,NULL,NULL,NULL,NULL,0),(1404,'Patnanungan',61,NULL,NULL,NULL,NULL,NULL,NULL,NULL,0),(1405,'Perez',61,NULL,NULL,NULL,NULL,NULL,NULL,NULL,0),(1406,'Pitogo',61,NULL,NULL,NULL,NULL,NULL,NULL,NULL,0),(1407,'Plaridel',61,NULL,NULL,NULL,NULL,NULL,NULL,NULL,0),(1408,'Polillo',61,NULL,NULL,NULL,NULL,NULL,NULL,NULL,0),(1409,'Quezon',61,NULL,NULL,NULL,NULL,NULL,NULL,NULL,0),(1410,'Real',61,NULL,NULL,NULL,NULL,NULL,NULL,NULL,0),(1411,'Sampaloc',61,NULL,NULL,NULL,NULL,NULL,NULL,NULL,0),(1412,'San Andres',61,NULL,NULL,NULL,NULL,NULL,NULL,NULL,0),(1413,'San Antonio',61,NULL,NULL,NULL,NULL,NULL,NULL,NULL,0),(1414,'San Francisco',61,NULL,NULL,NULL,NULL,NULL,NULL,NULL,0),(1415,'San Narciso',61,NULL,NULL,NULL,NULL,NULL,NULL,NULL,0),(1416,'Sariaya',61,NULL,NULL,NULL,NULL,NULL,NULL,NULL,0),(1417,'Tagkawayan',61,NULL,NULL,NULL,NULL,NULL,NULL,NULL,0),(1418,'Tiaong',61,NULL,NULL,NULL,NULL,NULL,NULL,NULL,0),(1419,'Unisan',61,NULL,NULL,NULL,NULL,NULL,NULL,NULL,0),(1420,'Aglipay',62,NULL,NULL,NULL,NULL,NULL,NULL,NULL,0),(1421,'Cabarroguis',62,NULL,NULL,NULL,NULL,NULL,NULL,NULL,0),(1422,'Diffun',62,NULL,NULL,NULL,NULL,NULL,NULL,NULL,0),(1423,'Maddela',62,NULL,NULL,NULL,NULL,NULL,NULL,NULL,0),(1424,'Nagtipunan',62,NULL,NULL,NULL,NULL,NULL,NULL,NULL,0),(1425,'Saguday',62,NULL,NULL,NULL,NULL,NULL,NULL,NULL,0),(1426,'Angono',63,NULL,NULL,NULL,NULL,NULL,NULL,NULL,0),(1427,'Baras',63,NULL,NULL,NULL,NULL,NULL,NULL,NULL,0),(1428,'Binangonan',63,NULL,NULL,NULL,NULL,NULL,NULL,NULL,0),(1429,'Cainta',63,NULL,NULL,NULL,NULL,NULL,NULL,NULL,0),(1430,'Cardona',63,NULL,NULL,NULL,NULL,NULL,NULL,NULL,0),(1431,'Jalajala',63,NULL,NULL,NULL,NULL,NULL,NULL,NULL,0),(1432,'Morong',63,NULL,NULL,NULL,NULL,NULL,NULL,NULL,0),(1433,'Pililla',63,NULL,NULL,NULL,NULL,NULL,NULL,NULL,0),(1434,'Rodriguez',63,NULL,NULL,NULL,NULL,NULL,NULL,NULL,0),(1435,'San Mateo',63,NULL,NULL,NULL,NULL,NULL,NULL,NULL,0),(1436,'Tanay',63,NULL,NULL,NULL,NULL,NULL,NULL,NULL,0),(1437,'Taytay',63,NULL,NULL,NULL,NULL,NULL,NULL,NULL,0),(1438,'Teresa',63,NULL,NULL,NULL,NULL,NULL,NULL,NULL,0),(1439,'Alcantara',64,NULL,NULL,NULL,NULL,NULL,NULL,NULL,0),(1440,'Banton',64,NULL,NULL,NULL,NULL,NULL,NULL,NULL,0),(1441,'Cajidiocan',64,NULL,NULL,NULL,NULL,NULL,NULL,NULL,0),(1442,'Calatrava',64,NULL,NULL,NULL,NULL,NULL,NULL,NULL,0),(1443,'Concepcion',64,NULL,NULL,NULL,NULL,NULL,NULL,NULL,0),(1444,'Corcuera',64,NULL,NULL,NULL,NULL,NULL,NULL,NULL,0),(1445,'Ferrol',64,NULL,NULL,NULL,NULL,NULL,NULL,NULL,0),(1446,'Looc',64,NULL,NULL,NULL,NULL,NULL,NULL,NULL,0),(1447,'Magdiwang',64,NULL,NULL,NULL,NULL,NULL,NULL,NULL,0),(1448,'Odiongan',64,NULL,NULL,NULL,NULL,NULL,NULL,NULL,0),(1449,'Romblon',64,NULL,NULL,NULL,NULL,NULL,NULL,NULL,0),(1450,'San Agustin',64,NULL,NULL,NULL,NULL,NULL,NULL,NULL,0),(1451,'San Andres',64,NULL,NULL,NULL,NULL,NULL,NULL,NULL,0),(1452,'San Fernando',64,NULL,NULL,NULL,NULL,NULL,NULL,NULL,0),(1453,'San Jose',64,NULL,NULL,NULL,NULL,NULL,NULL,NULL,0),(1454,'Santa Fe',64,NULL,NULL,NULL,NULL,NULL,NULL,NULL,0),(1455,'Santa Maria',64,NULL,NULL,NULL,NULL,NULL,NULL,NULL,0),(1456,'Almagro',65,NULL,NULL,NULL,NULL,NULL,NULL,NULL,0),(1457,'Basey',65,NULL,NULL,NULL,NULL,NULL,NULL,NULL,0),(1458,'Calbiga',65,NULL,NULL,NULL,NULL,NULL,NULL,NULL,0),(1459,'Daram',65,NULL,NULL,NULL,NULL,NULL,NULL,NULL,0),(1460,'Gandara',65,NULL,NULL,NULL,NULL,NULL,NULL,NULL,0),(1461,'Hinabangan',65,NULL,NULL,NULL,NULL,NULL,NULL,NULL,0),(1462,'Jiabong',65,NULL,NULL,NULL,NULL,NULL,NULL,NULL,0),(1463,'Marabut',65,NULL,NULL,NULL,NULL,NULL,NULL,NULL,0),(1464,'Matuguinao',65,NULL,NULL,NULL,NULL,NULL,NULL,NULL,0),(1465,'Motiong',65,NULL,NULL,NULL,NULL,NULL,NULL,NULL,0),(1466,'Pagsanghan',65,NULL,NULL,NULL,NULL,NULL,NULL,NULL,0),(1467,'Paranas',65,NULL,NULL,NULL,NULL,NULL,NULL,NULL,0),(1468,'Pinabacdao',65,NULL,NULL,NULL,NULL,NULL,NULL,NULL,0),(1469,'San Jorge',65,NULL,NULL,NULL,NULL,NULL,NULL,NULL,0),(1470,'San Jose De Buan',65,NULL,NULL,NULL,NULL,NULL,NULL,NULL,0),(1471,'San Sebastian',65,NULL,NULL,NULL,NULL,NULL,NULL,NULL,0),(1472,'Santa Margarita',65,NULL,NULL,NULL,NULL,NULL,NULL,NULL,0),(1473,'Santa Rita',65,NULL,NULL,NULL,NULL,NULL,NULL,NULL,0),(1474,'Santo Niño',65,NULL,NULL,NULL,NULL,NULL,NULL,NULL,0),(1475,'Tagapul-an',65,NULL,NULL,NULL,NULL,NULL,NULL,NULL,0),(1476,'Talalora',65,NULL,NULL,NULL,NULL,NULL,NULL,NULL,0),(1477,'Tarangnan',65,NULL,NULL,NULL,NULL,NULL,NULL,NULL,0),(1478,'Villareal',65,NULL,NULL,NULL,NULL,NULL,NULL,NULL,0),(1479,'Zumarraga',65,NULL,NULL,NULL,NULL,NULL,NULL,NULL,0),(1480,'Alabel',66,NULL,NULL,NULL,NULL,NULL,NULL,NULL,0),(1481,'Glan',66,NULL,NULL,NULL,NULL,NULL,NULL,NULL,0),(1482,'Kiamba',66,NULL,NULL,NULL,NULL,NULL,NULL,NULL,0),(1483,'Maasim',66,NULL,NULL,NULL,NULL,NULL,NULL,NULL,0),(1484,'Maitum',66,NULL,NULL,NULL,NULL,NULL,NULL,NULL,0),(1485,'Malapatan',66,NULL,NULL,NULL,NULL,NULL,NULL,NULL,0),(1486,'Malungon',66,NULL,NULL,NULL,NULL,NULL,NULL,NULL,0),(1487,'Enrique Villanueva',67,NULL,NULL,NULL,NULL,NULL,NULL,NULL,0),(1488,'Larena',67,NULL,NULL,NULL,NULL,NULL,NULL,NULL,0),(1489,'Lazi',67,NULL,NULL,NULL,NULL,NULL,NULL,NULL,0),(1490,'Maria',67,NULL,NULL,NULL,NULL,NULL,NULL,NULL,0),(1491,'San Juan',67,NULL,NULL,NULL,NULL,NULL,NULL,NULL,0),(1492,'Siquijor',67,NULL,NULL,NULL,NULL,NULL,NULL,NULL,0),(1493,'Barcelona',68,NULL,NULL,NULL,NULL,NULL,NULL,NULL,0),(1494,'Bulan',68,NULL,NULL,NULL,NULL,NULL,NULL,NULL,0),(1495,'Bulusan',68,NULL,NULL,NULL,NULL,NULL,NULL,NULL,0),(1496,'Casiguran',68,NULL,NULL,NULL,NULL,NULL,NULL,NULL,0),(1497,'Castilla',68,NULL,NULL,NULL,NULL,NULL,NULL,NULL,0),(1498,'Donsol',68,NULL,NULL,NULL,NULL,NULL,NULL,NULL,0),(1499,'Gubat',68,NULL,NULL,NULL,NULL,NULL,NULL,NULL,0),(1500,'Irosin',68,NULL,NULL,NULL,NULL,NULL,NULL,NULL,0),(1501,'Juban',68,NULL,NULL,NULL,NULL,NULL,NULL,NULL,0),(1502,'Magallanes',68,NULL,NULL,NULL,NULL,NULL,NULL,NULL,0),(1503,'Matnog',68,NULL,NULL,NULL,NULL,NULL,NULL,NULL,0),(1504,'Pilar',68,NULL,NULL,NULL,NULL,NULL,NULL,NULL,0),(1505,'Prieto Diaz',68,NULL,NULL,NULL,NULL,NULL,NULL,NULL,0),(1506,'Santa Magdalena',68,NULL,NULL,NULL,NULL,NULL,NULL,NULL,0),(1507,'Polomolok',69,NULL,NULL,NULL,NULL,NULL,NULL,NULL,0),(1508,'Banga',69,NULL,NULL,NULL,NULL,NULL,NULL,NULL,0),(1509,'Lake Sebu',69,NULL,NULL,NULL,NULL,NULL,NULL,NULL,0),(1510,'Norala',69,NULL,NULL,NULL,NULL,NULL,NULL,NULL,0),(1511,'Santo Niño',69,NULL,NULL,NULL,NULL,NULL,NULL,NULL,0),(1512,'Surallah',69,NULL,NULL,NULL,NULL,NULL,NULL,NULL,0),(1513,'T\'boli',69,NULL,NULL,NULL,NULL,NULL,NULL,NULL,0),(1514,'Tampakan',69,NULL,NULL,NULL,NULL,NULL,NULL,NULL,0),(1515,'Tantangan',69,NULL,NULL,NULL,NULL,NULL,NULL,NULL,0),(1516,'Tupi',69,NULL,NULL,NULL,NULL,NULL,NULL,NULL,0),(1517,'Anahawan',70,NULL,NULL,NULL,NULL,NULL,NULL,NULL,0),(1518,'Bontoc',70,NULL,NULL,NULL,NULL,NULL,NULL,NULL,0),(1519,'Hinunangan',70,NULL,NULL,NULL,NULL,NULL,NULL,NULL,0),(1520,'Hinundayan',70,NULL,NULL,NULL,NULL,NULL,NULL,NULL,0),(1521,'Libagon',70,NULL,NULL,NULL,NULL,NULL,NULL,NULL,0),(1522,'Liloan',70,NULL,NULL,NULL,NULL,NULL,NULL,NULL,0),(1523,'Limasawa',70,NULL,NULL,NULL,NULL,NULL,NULL,NULL,0),(1524,'Macrohon',70,NULL,NULL,NULL,NULL,NULL,NULL,NULL,0),(1525,'Malitbog',70,NULL,NULL,NULL,NULL,NULL,NULL,NULL,0),(1526,'Padre Burgos',70,NULL,NULL,NULL,NULL,NULL,NULL,NULL,0),(1527,'Pintuyan',70,NULL,NULL,NULL,NULL,NULL,NULL,NULL,0),(1528,'Saint Bernard',70,NULL,NULL,NULL,NULL,NULL,NULL,NULL,0),(1529,'San Francisco',70,NULL,NULL,NULL,NULL,NULL,NULL,NULL,0),(1530,'San Juan',70,NULL,NULL,NULL,NULL,NULL,NULL,NULL,0),(1531,'San Ricardo',70,NULL,NULL,NULL,NULL,NULL,NULL,NULL,0),(1532,'Silago',70,NULL,NULL,NULL,NULL,NULL,NULL,NULL,0),(1533,'Sogod',70,NULL,NULL,NULL,NULL,NULL,NULL,NULL,0),(1534,'Tomas Oppus',70,NULL,NULL,NULL,NULL,NULL,NULL,NULL,0),(1535,'Bagumbayan',71,NULL,NULL,NULL,NULL,NULL,NULL,NULL,0),(1536,'Columbio',71,NULL,NULL,NULL,NULL,NULL,NULL,NULL,0),(1537,'Esperanza',71,NULL,NULL,NULL,NULL,NULL,NULL,NULL,0),(1538,'Isulan',71,NULL,NULL,NULL,NULL,NULL,NULL,NULL,0),(1539,'Kalamansig',71,NULL,NULL,NULL,NULL,NULL,NULL,NULL,0),(1540,'Lambayong',71,NULL,NULL,NULL,NULL,NULL,NULL,NULL,0),(1541,'Lebak',71,NULL,NULL,NULL,NULL,NULL,NULL,NULL,0),(1542,'Lutayan',71,NULL,NULL,NULL,NULL,NULL,NULL,NULL,0),(1543,'Palimbang',71,NULL,NULL,NULL,NULL,NULL,NULL,NULL,0),(1544,'President Quirino',71,NULL,NULL,NULL,NULL,NULL,NULL,NULL,0),(1545,'Senator Ninoy Aquino',71,NULL,NULL,NULL,NULL,NULL,NULL,NULL,0),(1546,'Banguingui',72,NULL,NULL,NULL,NULL,NULL,NULL,NULL,0),(1547,'Hadji Panglima Tahil',72,NULL,NULL,NULL,NULL,NULL,NULL,NULL,0),(1548,'Indanan',72,NULL,NULL,NULL,NULL,NULL,NULL,NULL,0),(1549,'Jolo',72,NULL,NULL,NULL,NULL,NULL,NULL,NULL,0),(1550,'Kalingalan Caluang',72,NULL,NULL,NULL,NULL,NULL,NULL,NULL,0),(1551,'Lugus',72,NULL,NULL,NULL,NULL,NULL,NULL,NULL,0),(1552,'Luuk',72,NULL,NULL,NULL,NULL,NULL,NULL,NULL,0),(1553,'Maimbung',72,NULL,NULL,NULL,NULL,NULL,NULL,NULL,0),(1554,'Old Panamao',72,NULL,NULL,NULL,NULL,NULL,NULL,NULL,0),(1555,'Omar',72,NULL,NULL,NULL,NULL,NULL,NULL,NULL,0),(1556,'Pandami',72,NULL,NULL,NULL,NULL,NULL,NULL,NULL,0),(1557,'Panglima Estino',72,NULL,NULL,NULL,NULL,NULL,NULL,NULL,0),(1558,'Pangutaran',72,NULL,NULL,NULL,NULL,NULL,NULL,NULL,0),(1559,'Parang',72,NULL,NULL,NULL,NULL,NULL,NULL,NULL,0),(1560,'Pata',72,NULL,NULL,NULL,NULL,NULL,NULL,NULL,0),(1561,'Patikul',72,NULL,NULL,NULL,NULL,NULL,NULL,NULL,0),(1562,'Siasi',72,NULL,NULL,NULL,NULL,NULL,NULL,NULL,0),(1563,'Talipao',72,NULL,NULL,NULL,NULL,NULL,NULL,NULL,0),(1564,'Tapul',72,NULL,NULL,NULL,NULL,NULL,NULL,NULL,0),(1565,'Alegria',73,NULL,NULL,NULL,NULL,NULL,NULL,NULL,0),(1566,'Bacuag',73,NULL,NULL,NULL,NULL,NULL,NULL,NULL,0),(1567,'Basilisa',73,NULL,NULL,NULL,NULL,NULL,NULL,NULL,0),(1568,'Burgos',73,NULL,NULL,NULL,NULL,NULL,NULL,NULL,0),(1569,'Cagdianao',73,NULL,NULL,NULL,NULL,NULL,NULL,NULL,0),(1570,'Claver',73,NULL,NULL,NULL,NULL,NULL,NULL,NULL,0),(1571,'Dapa',73,NULL,NULL,NULL,NULL,NULL,NULL,NULL,0),(1572,'Del Carmen',73,NULL,NULL,NULL,NULL,NULL,NULL,NULL,0),(1573,'General Luna',73,NULL,NULL,NULL,NULL,NULL,NULL,NULL,0),(1574,'Gigaquit',73,NULL,NULL,NULL,NULL,NULL,NULL,NULL,0),(1575,'Libjo',73,NULL,NULL,NULL,NULL,NULL,NULL,NULL,0),(1576,'Loreto',73,NULL,NULL,NULL,NULL,NULL,NULL,NULL,0),(1577,'Mainit',73,NULL,NULL,NULL,NULL,NULL,NULL,NULL,0),(1578,'Malimono',73,NULL,NULL,NULL,NULL,NULL,NULL,NULL,0),(1579,'Pilar',73,NULL,NULL,NULL,NULL,NULL,NULL,NULL,0),(1580,'Placer',73,NULL,NULL,NULL,NULL,NULL,NULL,NULL,0),(1581,'San Benito',73,NULL,NULL,NULL,NULL,NULL,NULL,NULL,0),(1582,'San Francisco',73,NULL,NULL,NULL,NULL,NULL,NULL,NULL,0),(1583,'San Isidro',73,NULL,NULL,NULL,NULL,NULL,NULL,NULL,0),(1584,'San Jose',73,NULL,NULL,NULL,NULL,NULL,NULL,NULL,0),(1585,'Santa Monica',73,NULL,NULL,NULL,NULL,NULL,NULL,NULL,0),(1586,'Sison',73,NULL,NULL,NULL,NULL,NULL,NULL,NULL,0),(1587,'Socorro',73,NULL,NULL,NULL,NULL,NULL,NULL,NULL,0),(1588,'Tagana-an',73,NULL,NULL,NULL,NULL,NULL,NULL,NULL,0),(1589,'Tubajon',73,NULL,NULL,NULL,NULL,NULL,NULL,NULL,0),(1590,'Tubod',73,NULL,NULL,NULL,NULL,NULL,NULL,NULL,0),(1591,'Barobo',74,NULL,NULL,NULL,NULL,NULL,NULL,NULL,0),(1592,'Bayabas',74,NULL,NULL,NULL,NULL,NULL,NULL,NULL,0),(1593,'Cagwait',74,NULL,NULL,NULL,NULL,NULL,NULL,NULL,0),(1594,'Cantilan',74,NULL,NULL,NULL,NULL,NULL,NULL,NULL,0),(1595,'Carmen',74,NULL,NULL,NULL,NULL,NULL,NULL,NULL,0),(1596,'Carrascal',74,NULL,NULL,NULL,NULL,NULL,NULL,NULL,0),(1597,'Cortes',74,NULL,NULL,NULL,NULL,NULL,NULL,NULL,0),(1598,'Hinatuan',74,NULL,NULL,NULL,NULL,NULL,NULL,NULL,0),(1599,'Lanuza',74,NULL,NULL,NULL,NULL,NULL,NULL,NULL,0),(1600,'Lianga',74,NULL,NULL,NULL,NULL,NULL,NULL,NULL,0),(1601,'Lingig',74,NULL,NULL,NULL,NULL,NULL,NULL,NULL,0),(1602,'Madrid',74,NULL,NULL,NULL,NULL,NULL,NULL,NULL,0),(1603,'Marihatag',74,NULL,NULL,NULL,NULL,NULL,NULL,NULL,0),(1604,'San Agustin',74,NULL,NULL,NULL,NULL,NULL,NULL,NULL,0),(1605,'San Miguel',74,NULL,NULL,NULL,NULL,NULL,NULL,NULL,0),(1606,'Tagbina',74,NULL,NULL,NULL,NULL,NULL,NULL,NULL,0),(1607,'Tago',74,NULL,NULL,NULL,NULL,NULL,NULL,NULL,0),(1608,'Anao',75,NULL,NULL,NULL,NULL,NULL,NULL,NULL,0),(1609,'Bamban',75,NULL,NULL,NULL,NULL,NULL,NULL,NULL,0),(1610,'Camiling',75,NULL,NULL,NULL,NULL,NULL,NULL,NULL,0),(1611,'Capas',75,NULL,NULL,NULL,NULL,NULL,NULL,NULL,0),(1612,'Concepcion',75,NULL,NULL,NULL,NULL,NULL,NULL,NULL,0),(1613,'Gerona',75,NULL,NULL,NULL,NULL,NULL,NULL,NULL,0),(1614,'La Paz',75,NULL,NULL,NULL,NULL,NULL,NULL,NULL,0),(1615,'Mayantoc',75,NULL,NULL,NULL,NULL,NULL,NULL,NULL,0),(1616,'Moncada',75,NULL,NULL,NULL,NULL,NULL,NULL,NULL,0),(1617,'Paniqui',75,NULL,NULL,NULL,NULL,NULL,NULL,NULL,0),(1618,'Pura',75,NULL,NULL,NULL,NULL,NULL,NULL,NULL,0),(1619,'Ramos',75,NULL,NULL,NULL,NULL,NULL,NULL,NULL,0),(1620,'San Clemente',75,NULL,NULL,NULL,NULL,NULL,NULL,NULL,0),(1621,'San Jose',75,NULL,NULL,NULL,NULL,NULL,NULL,NULL,0),(1622,'San Manuel',75,NULL,NULL,NULL,NULL,NULL,NULL,NULL,0),(1623,'Santa Ignacia',75,NULL,NULL,NULL,NULL,NULL,NULL,NULL,0),(1624,'Victoria',75,NULL,NULL,NULL,NULL,NULL,NULL,NULL,0),(1625,'Bongao',76,NULL,NULL,NULL,NULL,NULL,NULL,NULL,0),(1626,'Languyan',76,NULL,NULL,NULL,NULL,NULL,NULL,NULL,0),(1627,'Mapun',76,NULL,NULL,NULL,NULL,NULL,NULL,NULL,0),(1628,'Panglima Sugala',76,NULL,NULL,NULL,NULL,NULL,NULL,NULL,0),(1629,'Sapa-Sapa',76,NULL,NULL,NULL,NULL,NULL,NULL,NULL,0),(1630,'Sibutu',76,NULL,NULL,NULL,NULL,NULL,NULL,NULL,0),(1631,'Simunul',76,NULL,NULL,NULL,NULL,NULL,NULL,NULL,0),(1632,'Sitangkai',76,NULL,NULL,NULL,NULL,NULL,NULL,NULL,0),(1633,'South Ubian',76,NULL,NULL,NULL,NULL,NULL,NULL,NULL,0),(1634,'Tandubas',76,NULL,NULL,NULL,NULL,NULL,NULL,NULL,0),(1635,'Turtle Islands',76,NULL,NULL,NULL,NULL,NULL,NULL,NULL,0),(1636,'Botolan',77,NULL,NULL,NULL,NULL,NULL,NULL,NULL,0),(1637,'Cabangan',77,NULL,NULL,NULL,NULL,NULL,NULL,NULL,0),(1638,'Candelaria',77,NULL,NULL,NULL,NULL,NULL,NULL,NULL,0),(1639,'Castillejos',77,NULL,NULL,NULL,NULL,NULL,NULL,NULL,0),(1640,'Iba',77,NULL,NULL,NULL,NULL,NULL,NULL,NULL,0),(1641,'Masinloc',77,NULL,NULL,NULL,NULL,NULL,NULL,NULL,0),(1642,'Palauig',77,NULL,NULL,NULL,NULL,NULL,NULL,NULL,0),(1643,'San Antonio',77,NULL,NULL,NULL,NULL,NULL,NULL,NULL,0),(1644,'San Felipe',77,NULL,NULL,NULL,NULL,NULL,NULL,NULL,0),(1645,'San Marcelino',77,NULL,NULL,NULL,NULL,NULL,NULL,NULL,0),(1646,'San Narciso',77,NULL,NULL,NULL,NULL,NULL,NULL,NULL,0),(1647,'Santa Cruz',77,NULL,NULL,NULL,NULL,NULL,NULL,NULL,0),(1648,'Subic',77,NULL,NULL,NULL,NULL,NULL,NULL,NULL,0),(1649,'Bacungan',78,NULL,NULL,NULL,NULL,NULL,NULL,NULL,0),(1650,'Baliguian',78,NULL,NULL,NULL,NULL,NULL,NULL,NULL,0),(1651,'Godod',78,NULL,NULL,NULL,NULL,NULL,NULL,NULL,0),(1652,'Gutalac',78,NULL,NULL,NULL,NULL,NULL,NULL,NULL,0),(1653,'Jose Dalman',78,NULL,NULL,NULL,NULL,NULL,NULL,NULL,0),(1654,'Kalawit',78,NULL,NULL,NULL,NULL,NULL,NULL,NULL,0),(1655,'Katipunan',78,NULL,NULL,NULL,NULL,NULL,NULL,NULL,0),(1656,'La Libertad',78,NULL,NULL,NULL,NULL,NULL,NULL,NULL,0),(1657,'Labason',78,NULL,NULL,NULL,NULL,NULL,NULL,NULL,0),(1658,'Liloy',78,NULL,NULL,NULL,NULL,NULL,NULL,NULL,0),(1659,'Manukan',78,NULL,NULL,NULL,NULL,NULL,NULL,NULL,0),(1660,'Mutia',78,NULL,NULL,NULL,NULL,NULL,NULL,NULL,0),(1661,'Piñan',78,NULL,NULL,NULL,NULL,NULL,NULL,NULL,0),(1662,'Polanco',78,NULL,NULL,NULL,NULL,NULL,NULL,NULL,0),(1663,'President Manuel A. Roxas',78,NULL,NULL,NULL,NULL,NULL,NULL,NULL,0),(1664,'Rizal',78,NULL,NULL,NULL,NULL,NULL,NULL,NULL,0),(1665,'Salug',78,NULL,NULL,NULL,NULL,NULL,NULL,NULL,0),(1666,'Sergio Osmeña Sr.',78,NULL,NULL,NULL,NULL,NULL,NULL,NULL,0),(1667,'Siayan',78,NULL,NULL,NULL,NULL,NULL,NULL,NULL,0),(1668,'Sibuco',78,NULL,NULL,NULL,NULL,NULL,NULL,NULL,0),(1669,'Sibutad',78,NULL,NULL,NULL,NULL,NULL,NULL,NULL,0),(1670,'Sindangan',78,NULL,NULL,NULL,NULL,NULL,NULL,NULL,0),(1671,'Siocon',78,NULL,NULL,NULL,NULL,NULL,NULL,NULL,0),(1672,'Sirawai',78,NULL,NULL,NULL,NULL,NULL,NULL,NULL,0),(1673,'Tampilisan',78,NULL,NULL,NULL,NULL,NULL,NULL,NULL,0),(1674,'Aurora',79,NULL,NULL,NULL,NULL,NULL,NULL,NULL,0),(1675,'Bayog',79,NULL,NULL,NULL,NULL,NULL,NULL,NULL,0),(1676,'Dimataling',79,NULL,NULL,NULL,NULL,NULL,NULL,NULL,0),(1677,'Dinas',79,NULL,NULL,NULL,NULL,NULL,NULL,NULL,0),(1678,'Dumalinao',79,NULL,NULL,NULL,NULL,NULL,NULL,NULL,0),(1679,'Dumingag',79,NULL,NULL,NULL,NULL,NULL,NULL,NULL,0),(1680,'Guipos',79,NULL,NULL,NULL,NULL,NULL,NULL,NULL,0),(1681,'Josefina',79,NULL,NULL,NULL,NULL,NULL,NULL,NULL,0),(1682,'Kumalarang',79,NULL,NULL,NULL,NULL,NULL,NULL,NULL,0),(1683,'Labangan',79,NULL,NULL,NULL,NULL,NULL,NULL,NULL,0),(1684,'Lakewood',79,NULL,NULL,NULL,NULL,NULL,NULL,NULL,0),(1685,'Lapuyan',79,NULL,NULL,NULL,NULL,NULL,NULL,NULL,0),(1686,'Mahayag',79,NULL,NULL,NULL,NULL,NULL,NULL,NULL,0),(1687,'Margosatubig',79,NULL,NULL,NULL,NULL,NULL,NULL,NULL,0),(1688,'Midsalip',79,NULL,NULL,NULL,NULL,NULL,NULL,NULL,0),(1689,'Molave',79,NULL,NULL,NULL,NULL,NULL,NULL,NULL,0),(1690,'Pitogo',79,NULL,NULL,NULL,NULL,NULL,NULL,NULL,0),(1691,'Ramon Magsaysay',79,NULL,NULL,NULL,NULL,NULL,NULL,NULL,0),(1692,'San Miguel',79,NULL,NULL,NULL,NULL,NULL,NULL,NULL,0),(1693,'San Pablo',79,NULL,NULL,NULL,NULL,NULL,NULL,NULL,0),(1694,'Sominot',79,NULL,NULL,NULL,NULL,NULL,NULL,NULL,0),(1695,'Tabina',79,NULL,NULL,NULL,NULL,NULL,NULL,NULL,0),(1696,'Tambulig',79,NULL,NULL,NULL,NULL,NULL,NULL,NULL,0),(1697,'Tigbao',79,NULL,NULL,NULL,NULL,NULL,NULL,NULL,0),(1698,'Tukuran',79,NULL,NULL,NULL,NULL,NULL,NULL,NULL,0),(1699,'Vincenzo A. Sagun',79,NULL,NULL,NULL,NULL,NULL,NULL,NULL,0),(1700,'Alicia',80,NULL,NULL,NULL,NULL,NULL,NULL,NULL,0),(1701,'Buug',80,NULL,NULL,NULL,NULL,NULL,NULL,NULL,0),(1702,'Diplahan',80,NULL,NULL,NULL,NULL,NULL,NULL,NULL,0),(1703,'Imelda',80,NULL,NULL,NULL,NULL,NULL,NULL,NULL,0),(1704,'Ipil',80,NULL,NULL,NULL,NULL,NULL,NULL,NULL,0),(1705,'Kabasalan',80,NULL,NULL,NULL,NULL,NULL,NULL,NULL,0),(1706,'Mabuhay',80,NULL,NULL,NULL,NULL,NULL,NULL,NULL,0),(1707,'Malangas',80,NULL,NULL,NULL,NULL,NULL,NULL,NULL,0),(1708,'Naga',80,NULL,NULL,NULL,NULL,NULL,NULL,NULL,0),(1709,'Olutanga',80,NULL,NULL,NULL,NULL,NULL,NULL,NULL,0),(1710,'Payao',80,NULL,NULL,NULL,NULL,NULL,NULL,NULL,0),(1711,'Roseller Lim',80,NULL,NULL,NULL,NULL,NULL,NULL,NULL,0),(1712,'Siay',80,NULL,NULL,NULL,NULL,NULL,NULL,NULL,0),(1713,'Talusan',80,NULL,NULL,NULL,NULL,NULL,NULL,NULL,0),(1714,'Titay',80,NULL,NULL,NULL,NULL,NULL,NULL,NULL,0),(1715,'Tungawan',80,NULL,NULL,NULL,NULL,NULL,NULL,NULL,0);

/*Data for the table `ww_config` */

insert  into `ww_config`(`config_id`,`config_group_id`,`key`,`description`,`value`,`encrypted`,`add_qoutes`,`created_on`,`created_by`,`modified_on`,`modified_by`,`deleted`) values (1,1,'smtp_host',NULL,'smtp.gmail.com',0,1,NULL,NULL,NULL,NULL,0),(2,1,'smtp_user',NULL,'noreply@email.com',0,1,NULL,NULL,NULL,NULL,0),(3,1,'smtp_pass',NULL,'password',0,1,NULL,NULL,NULL,NULL,0),(4,1,'smtp_port',NULL,'465',0,0,NULL,NULL,NULL,NULL,0),(5,1,'from_address',NULL,'noreply@email.com',0,1,NULL,NULL,NULL,NULL,0),(6,1,'from_name',NULL,'Emplopad',0,1,NULL,NULL,NULL,NULL,0),(7,1,'encryption',NULL,'should you choose encryption ',0,1,NULL,NULL,NULL,NULL,0),(8,2,'themes_path',NULL,'base_path() . \'/themes/\'',0,1,NULL,NULL,NULL,NULL,0),(9,2,'application_title',NULL,'Teemworx SCI, Inc.',0,1,'2014-01-18 06:23:42',NULL,NULL,NULL,0),(10,2,'use_logo',NULL,'1',0,0,'2014-01-18 06:23:42',NULL,NULL,NULL,0),(11,2,'logo','(for Login/Lock Screen)','uploads/system/login/emplopad_login.png',0,1,'2014-01-18 06:23:42',NULL,NULL,NULL,0),(12,2,'author',NULL,'Teemworx SCI, Inc.',0,1,'2014-01-18 06:23:42',NULL,NULL,NULL,0),(13,2,'footer',NULL,'© Emplopad',0,1,'2014-01-18 06:23:42',NULL,NULL,NULL,0),(14,2,'copyright_details',NULL,'© Emplopad',0,1,'2014-01-18 06:23:42',NULL,NULL,NULL,0),(15,1,'mailtype',NULL,'html',0,1,'2014-01-24 03:35:49',NULL,NULL,NULL,0),(16,3,'enable_chat',NULL,'1',0,0,'2014-01-24 03:40:06',NULL,NULL,NULL,0),(17,3,'enable_captcha',NULL,'0',0,0,'2014-01-24 03:40:06',NULL,NULL,NULL,0),(18,3,'warnafter',NULL,'36000005',0,0,'2014-01-24 03:40:06',NULL,NULL,NULL,0),(19,3,'redirafter',NULL,'18000005',0,0,'2014-04-25 08:31:42',NULL,NULL,NULL,0),(20,2,'description',NULL,'emplopad',0,1,'2014-04-30 08:59:50',NULL,NULL,NULL,0),(21,2,'keywords',NULL,'emplopad',0,1,'2014-04-30 09:09:07',NULL,NULL,NULL,0),(22,2,'copyright',NULL,'© Emplopad',0,1,'2014-04-30 09:09:28',NULL,NULL,NULL,0),(23,1,'protocol',NULL,'mail',0,1,'2014-05-01 08:06:31',NULL,NULL,NULL,0),(24,2,'URL',NULL,'http://localhost/apps/',0,1,'2014-07-04 14:19:24',NULL,NULL,NULL,0),(25,5,'minwage_amount',NULL,'466.00',0,1,'2015-06-10 04:22:25',NULL,NULL,NULL,0),(26,5,'max_bonus',NULL,'82000.00',0,1,'2015-06-10 04:24:50',NULL,NULL,NULL,0),(27,2,'header_logo','(for Header Screen)','uploads/system/header/emplopad_header.png',0,1,'2015-09-09 09:53:07',NULL,NULL,NULL,0),(28,2,'print_logo','(for Print/Email)','uploads/system/print/emplopad_print.png',0,1,'2015-09-09 09:53:32',NULL,NULL,NULL,0),(29,6,'min_kra',NULL,'5',0,1,'2015-09-09 10:03:15',NULL,NULL,NULL,0),(30,6,'min_kpi_per_kra',NULL,'3',0,1,'2015-09-09 10:04:37',NULL,NULL,NULL,0),(31,6,'min_kpi_weight',NULL,'2',0,1,'2015-09-09 10:04:42',NULL,NULL,NULL,0),(32,3,'enable_geolocation',NULL,'0',0,0,'2016-01-08 07:55:56',NULL,NULL,NULL,0),(34,3,'enable_language',NULL,'0',0,1,'2016-02-10 08:29:36',NULL,NULL,NULL,0),(35,7,'hr_assign',NULL,'5',0,1,'2016-05-05 09:24:57',NULL,NULL,NULL,0),(36,5,'service_charge_days','Default Number of Days for Service Charge','26',0,1,'2016-02-25 07:54:36',NULL,NULL,NULL,0),(37,3,'date_from',NULL,'2016-02-22',0,1,'2016-02-20 00:48:27',NULL,NULL,NULL,0),(38,3,'date_to',NULL,'2016-02-24',0,1,'2016-02-20 00:48:46',NULL,NULL,NULL,0),(39,2,'bg_image',NULL,'assets/img/bg/1.jpg',0,1,'2016-10-13 17:36:08',1,NULL,NULL,0),(40,2,'bg_image',NULL,'assets/img/bg/2.jpg',0,1,'2016-10-19 10:32:50',1,NULL,NULL,0),(41,2,'bg_image',NULL,'assets/img/bg/3.jpg',0,1,'2016-10-19 10:41:26',1,NULL,NULL,0),(42,5,'minimum_takehome','minimum takehome percentage','30',0,1,'2016-11-02 18:29:25',NULL,NULL,NULL,0);

/*Data for the table `ww_config_group` */

insert  into `ww_config_group`(`config_group_id`,`module_group`,`group_key`,`group_name`,`created_on`,`created_by`,`modified_on`,`modified_by`,`deleted`) values (1,'System','outgoing_mailserver','Outgoing Mail Server',NULL,NULL,NULL,NULL,0),(2,'System','system','System Env',NULL,NULL,NULL,NULL,0),(3,'System','other_settings','Miscellaneous Settings','2014-01-24 03:37:01',NULL,NULL,NULL,0),(4,'Time Records','time_leave','Leave Settings','2014-02-21 07:44:32',NULL,NULL,NULL,0),(5,'Payroll','payroll','Payroll','2015-09-09 10:06:07',NULL,NULL,NULL,0),(6,'Appraisal','appraisal','Appraisal','2015-09-09 10:06:19',NULL,NULL,NULL,0),(7,'Personnel','recruitment','Recruitment','2016-03-19 22:43:52',NULL,NULL,NULL,0);

/*Data for the table `ww_countries` */

insert  into `ww_countries`(`country_id`,`iso2`,`short_name`,`long_name`,`iso3`,`numcode`,`un_member`,`calling_code`,`cctld`,`mobile_count`,`phone_count`,`created_on`,`created_by`,`modified_on`,`modified_by`,`deleted`) values (1,'AF','Afghanistan','Islamic Republic of Afghanistan','AFG','004','yes','93','.af',10,8,NULL,NULL,NULL,NULL,0),(2,'AX','Aland Islands','&Aring;land Islands','ALA','248','no','358','.ax',10,8,NULL,NULL,NULL,NULL,0),(3,'AL','Albania','Republic of Albania','ALB','008','yes','355','.al',10,8,NULL,NULL,NULL,NULL,0),(4,'DZ','Algeria','People\'s Democratic Republic of Algeria','DZA','012','yes','213','.dz',10,8,NULL,NULL,NULL,NULL,0),(5,'AS','American Samoa','American Samoa','ASM','016','no','1+684','.as',10,8,NULL,NULL,NULL,NULL,0),(6,'AD','Andorra','Principality of Andorra','AND','020','yes','376','.ad',10,8,NULL,NULL,NULL,NULL,0),(7,'AO','Angola','Republic of Angola','AGO','024','yes','244','.ao',10,8,NULL,NULL,NULL,NULL,0),(8,'AI','Anguilla','Anguilla','AIA','660','no','1+264','.ai',10,8,NULL,NULL,NULL,NULL,0),(9,'AQ','Antarctica','Antarctica','ATA','010','no','672','.aq',10,8,NULL,NULL,NULL,NULL,0),(10,'AG','Antigua and Barbuda','Antigua and Barbuda','ATG','028','yes','1+268','.ag',10,8,NULL,NULL,NULL,NULL,0),(11,'AR','Argentina','Argentine Republic','ARG','032','yes','54','.ar',10,8,NULL,NULL,NULL,NULL,0),(12,'AM','Armenia','Republic of Armenia','ARM','051','yes','374','.am',10,8,NULL,NULL,NULL,NULL,0),(13,'AW','Aruba','Aruba','ABW','533','no','297','.aw',10,8,NULL,NULL,NULL,NULL,0),(14,'AU','Australia','Commonwealth of Australia','AUS','036','yes','61','.au',10,8,NULL,NULL,NULL,NULL,0),(15,'AT','Austria','Republic of Austria','AUT','040','yes','43','.at',10,8,NULL,NULL,NULL,NULL,0),(16,'AZ','Azerbaijan','Republic of Azerbaijan','AZE','031','yes','994','.az',10,8,NULL,NULL,NULL,NULL,0),(17,'BS','Bahamas','Commonwealth of The Bahamas','BHS','044','yes','1+242','.bs',10,8,NULL,NULL,NULL,NULL,0),(18,'BH','Bahrain','Kingdom of Bahrain','BHR','048','yes','973','.bh',10,8,NULL,NULL,NULL,NULL,0),(19,'BD','Bangladesh','People\'s Republic of Bangladesh','BGD','050','yes','880','.bd',10,8,NULL,NULL,NULL,NULL,0),(20,'BB','Barbados','Barbados','BRB','052','yes','1+246','.bb',10,8,NULL,NULL,NULL,NULL,0),(21,'BY','Belarus','Republic of Belarus','BLR','112','yes','375','.by',10,8,NULL,NULL,NULL,NULL,0),(22,'BE','Belgium','Kingdom of Belgium','BEL','056','yes','32','.be',10,8,NULL,NULL,NULL,NULL,0),(23,'BZ','Belize','Belize','BLZ','084','yes','501','.bz',10,8,NULL,NULL,NULL,NULL,0),(24,'BJ','Benin','Republic of Benin','BEN','204','yes','229','.bj',10,8,NULL,NULL,NULL,NULL,0),(25,'BM','Bermuda','Bermuda Islands','BMU','060','no','1+441','.bm',10,8,NULL,NULL,NULL,NULL,0),(26,'BT','Bhutan','Kingdom of Bhutan','BTN','064','yes','975','.bt',10,8,NULL,NULL,NULL,NULL,0),(27,'BO','Bolivia','Plurinational State of Bolivia','BOL','068','yes','591','.bo',10,8,NULL,NULL,NULL,NULL,0),(28,'BQ','Bonaire, Sint Eustatius and Saba','Bonaire, Sint Eustatius and Saba','BES','535','no','599','.bq',10,8,NULL,NULL,NULL,NULL,0),(29,'BA','Bosnia and Herzegovina','Bosnia and Herzegovina','BIH','070','yes','387','.ba',10,8,NULL,NULL,NULL,NULL,0),(30,'BW','Botswana','Republic of Botswana','BWA','072','yes','267','.bw',10,8,NULL,NULL,NULL,NULL,0),(31,'BV','Bouvet Island','Bouvet Island','BVT','074','no','NONE','.bv',10,8,NULL,NULL,NULL,NULL,0),(32,'BR','Brazil','Federative Republic of Brazil','BRA','076','yes','55','.br',10,8,NULL,NULL,NULL,NULL,0),(33,'IO','British Indian Ocean Territory','British Indian Ocean Territory','IOT','086','no','246','.io',10,8,NULL,NULL,NULL,NULL,0),(34,'BN','Brunei','Brunei Darussalam','BRN','096','yes','673','.bn',10,8,NULL,NULL,NULL,NULL,0),(35,'BG','Bulgaria','Republic of Bulgaria','BGR','100','yes','359','.bg',10,8,NULL,NULL,NULL,NULL,0),(36,'BF','Burkina Faso','Burkina Faso','BFA','854','yes','226','.bf',10,8,NULL,NULL,NULL,NULL,0),(37,'BI','Burundi','Republic of Burundi','BDI','108','yes','257','.bi',10,8,NULL,NULL,NULL,NULL,0),(38,'KH','Cambodia','Kingdom of Cambodia','KHM','116','yes','855','.kh',10,8,NULL,NULL,NULL,NULL,0),(39,'CM','Cameroon','Republic of Cameroon','CMR','120','yes','237','.cm',10,8,NULL,NULL,NULL,NULL,0),(40,'CA','Canada','Canada','CAN','124','yes','1','.ca',10,8,NULL,NULL,NULL,NULL,0),(41,'CV','Cape Verde','Republic of Cape Verde','CPV','132','yes','238','.cv',10,8,NULL,NULL,NULL,NULL,0),(42,'KY','Cayman Islands','The Cayman Islands','CYM','136','no','1+345','.ky',10,8,NULL,NULL,NULL,NULL,0),(43,'CF','Central African Republic','Central African Republic','CAF','140','yes','236','.cf',10,8,NULL,NULL,NULL,NULL,0),(44,'TD','Chad','Republic of Chad','TCD','148','yes','235','.td',10,8,NULL,NULL,NULL,NULL,0),(45,'CL','Chile','Republic of Chile','CHL','152','yes','56','.cl',10,8,NULL,NULL,NULL,NULL,0),(46,'CN','China','People\'s Republic of China','CHN','156','yes','86','.cn',10,8,NULL,NULL,NULL,NULL,0),(47,'CX','Christmas Island','Christmas Island','CXR','162','no','61','.cx',10,8,NULL,NULL,NULL,NULL,0),(48,'CC','Cocos (Keeling) Islands','Cocos (Keeling) Islands','CCK','166','no','61','.cc',10,8,NULL,NULL,NULL,NULL,0),(49,'CO','Colombia','Republic of Colombia','COL','170','yes','57','.co',10,8,NULL,NULL,NULL,NULL,0),(50,'KM','Comoros','Union of the Comoros','COM','174','yes','269','.km',10,8,NULL,NULL,NULL,NULL,0),(51,'CG','Congo','Republic of the Congo','COG','178','yes','242','.cg',10,8,NULL,NULL,NULL,NULL,0),(52,'CK','Cook Islands','Cook Islands','COK','184','some','682','.ck',10,8,NULL,NULL,NULL,NULL,0),(53,'CR','Costa Rica','Republic of Costa Rica','CRI','188','yes','506','.cr',10,8,NULL,NULL,NULL,NULL,0),(54,'CI','Cote d\'ivoire (Ivory Coast)','Republic of C&ocirc;te D\'Ivoire (Ivory Coast)','CIV','384','yes','225','.ci',10,8,NULL,NULL,NULL,NULL,0),(55,'HR','Croatia','Republic of Croatia','HRV','191','yes','385','.hr',10,8,NULL,NULL,NULL,NULL,0),(56,'CU','Cuba','Republic of Cuba','CUB','192','yes','53','.cu',10,8,NULL,NULL,NULL,NULL,0),(57,'CW','Curacao','Cura&ccedil;ao','CUW','531','no','599','.cw',10,8,NULL,NULL,NULL,NULL,0),(58,'CY','Cyprus','Republic of Cyprus','CYP','196','yes','357','.cy',10,8,NULL,NULL,NULL,NULL,0),(59,'CZ','Czech Republic','Czech Republic','CZE','203','yes','420','.cz',10,8,NULL,NULL,NULL,NULL,0),(60,'CD','Democratic Republic of the Congo','Democratic Republic of the Congo','COD','180','yes','243','.cd',10,8,NULL,NULL,NULL,NULL,0),(61,'DK','Denmark','Kingdom of Denmark','DNK','208','yes','45','.dk',10,8,NULL,NULL,NULL,NULL,0),(62,'DJ','Djibouti','Republic of Djibouti','DJI','262','yes','253','.dj',10,8,NULL,NULL,NULL,NULL,0),(63,'DM','Dominica','Commonwealth of Dominica','DMA','212','yes','1+767','.dm',10,8,NULL,NULL,NULL,NULL,0),(64,'DO','Dominican Republic','Dominican Republic','DOM','214','yes','1+809, 8','.do',10,8,NULL,NULL,NULL,NULL,0),(65,'EC','Ecuador','Republic of Ecuador','ECU','218','yes','593','.ec',10,8,NULL,NULL,NULL,NULL,0),(66,'EG','Egypt','Arab Republic of Egypt','EGY','818','yes','20','.eg',10,8,NULL,NULL,NULL,NULL,0),(67,'SV','El Salvador','Republic of El Salvador','SLV','222','yes','503','.sv',10,8,NULL,NULL,NULL,NULL,0),(68,'GQ','Equatorial Guinea','Republic of Equatorial Guinea','GNQ','226','yes','240','.gq',10,8,NULL,NULL,NULL,NULL,0),(69,'ER','Eritrea','State of Eritrea','ERI','232','yes','291','.er',10,8,NULL,NULL,NULL,NULL,0),(70,'EE','Estonia','Republic of Estonia','EST','233','yes','372','.ee',10,8,NULL,NULL,NULL,NULL,0),(71,'ET','Ethiopia','Federal Democratic Republic of Ethiopia','ETH','231','yes','251','.et',10,8,NULL,NULL,NULL,NULL,0),(72,'FK','Falkland Islands (Malvinas)','The Falkland Islands (Malvinas)','FLK','238','no','500','.fk',10,8,NULL,NULL,NULL,NULL,0),(73,'FO','Faroe Islands','The Faroe Islands','FRO','234','no','298','.fo',10,8,NULL,NULL,NULL,NULL,0),(74,'FJ','Fiji','Republic of Fiji','FJI','242','yes','679','.fj',10,8,NULL,NULL,NULL,NULL,0),(75,'FI','Finland','Republic of Finland','FIN','246','yes','358','.fi',10,8,NULL,NULL,NULL,NULL,0),(76,'FR','France','French Republic','FRA','250','yes','33','.fr',10,8,NULL,NULL,NULL,NULL,0),(77,'GF','French Guiana','French Guiana','GUF','254','no','594','.gf',10,8,NULL,NULL,NULL,NULL,0),(78,'PF','French Polynesia','French Polynesia','PYF','258','no','689','.pf',10,8,NULL,NULL,NULL,NULL,0),(79,'TF','French Southern Territories','French Southern Territories','ATF','260','no',NULL,'.tf',10,8,NULL,NULL,NULL,NULL,0),(80,'GA','Gabon','Gabonese Republic','GAB','266','yes','241','.ga',10,8,NULL,NULL,NULL,NULL,0),(81,'GM','Gambia','Republic of The Gambia','GMB','270','yes','220','.gm',10,8,NULL,NULL,NULL,NULL,0),(82,'GE','Georgia','Georgia','GEO','268','yes','995','.ge',10,8,NULL,NULL,NULL,NULL,0),(83,'DE','Germany','Federal Republic of Germany','DEU','276','yes','49','.de',10,8,NULL,NULL,NULL,NULL,0),(84,'GH','Ghana','Republic of Ghana','GHA','288','yes','233','.gh',10,8,NULL,NULL,NULL,NULL,0),(85,'GI','Gibraltar','Gibraltar','GIB','292','no','350','.gi',10,8,NULL,NULL,NULL,NULL,0),(86,'GR','Greece','Hellenic Republic','GRC','300','yes','30','.gr',10,8,NULL,NULL,NULL,NULL,0),(87,'GL','Greenland','Greenland','GRL','304','no','299','.gl',10,8,NULL,NULL,NULL,NULL,0),(88,'GD','Grenada','Grenada','GRD','308','yes','1+473','.gd',10,8,NULL,NULL,NULL,NULL,0),(89,'GP','Guadaloupe','Guadeloupe','GLP','312','no','590','.gp',10,8,NULL,NULL,NULL,NULL,0),(90,'GU','Guam','Guam','GUM','316','no','1+671','.gu',10,8,NULL,NULL,NULL,NULL,0),(91,'GT','Guatemala','Republic of Guatemala','GTM','320','yes','502','.gt',10,8,NULL,NULL,NULL,NULL,0),(92,'GG','Guernsey','Guernsey','GGY','831','no','44','.gg',10,8,NULL,NULL,NULL,NULL,0),(93,'GN','Guinea','Republic of Guinea','GIN','324','yes','224','.gn',10,8,NULL,NULL,NULL,NULL,0),(94,'GW','Guinea-Bissau','Republic of Guinea-Bissau','GNB','624','yes','245','.gw',10,8,NULL,NULL,NULL,NULL,0),(95,'GY','Guyana','Co-operative Republic of Guyana','GUY','328','yes','592','.gy',10,8,NULL,NULL,NULL,NULL,0),(96,'HT','Haiti','Republic of Haiti','HTI','332','yes','509','.ht',10,8,NULL,NULL,NULL,NULL,0),(97,'HM','Heard Island and McDonald Islands','Heard Island and McDonald Islands','HMD','334','no','NONE','.hm',10,8,NULL,NULL,NULL,NULL,0),(98,'HN','Honduras','Republic of Honduras','HND','340','yes','504','.hn',10,8,NULL,NULL,NULL,NULL,0),(99,'HK','Hong Kong','Hong Kong','HKG','344','no','852','.hk',10,8,NULL,NULL,NULL,NULL,0),(100,'HU','Hungary','Hungary','HUN','348','yes','36','.hu',10,8,NULL,NULL,NULL,NULL,0),(101,'IS','Iceland','Republic of Iceland','ISL','352','yes','354','.is',10,8,NULL,NULL,NULL,NULL,0),(102,'IN','India','Republic of India','IND','356','yes','91','.in',10,8,NULL,NULL,NULL,NULL,0),(103,'ID','Indonesia','Republic of Indonesia','IDN','360','yes','62','.id',10,8,NULL,NULL,NULL,NULL,0),(104,'IR','Iran','Islamic Republic of Iran','IRN','364','yes','98','.ir',10,8,NULL,NULL,NULL,NULL,0),(105,'IQ','Iraq','Republic of Iraq','IRQ','368','yes','964','.iq',10,8,NULL,NULL,NULL,NULL,0),(106,'IE','Ireland','Ireland','IRL','372','yes','353','.ie',10,8,NULL,NULL,NULL,NULL,0),(107,'IM','Isle of Man','Isle of Man','IMN','833','no','44','.im',10,8,NULL,NULL,NULL,NULL,0),(108,'IL','Israel','State of Israel','ISR','376','yes','972','.il',10,8,NULL,NULL,NULL,NULL,0),(109,'IT','Italy','Italian Republic','ITA','380','yes','39','.jm',10,8,NULL,NULL,NULL,NULL,0),(110,'JM','Jamaica','Jamaica','JAM','388','yes','1+876','.jm',10,8,NULL,NULL,NULL,NULL,0),(111,'JP','Japan','Japan','JPN','392','yes','81','.jp',10,8,NULL,NULL,NULL,NULL,0),(112,'JE','Jersey','The Bailiwick of Jersey','JEY','832','no','44','.je',10,8,NULL,NULL,NULL,NULL,0),(113,'JO','Jordan','Hashemite Kingdom of Jordan','JOR','400','yes','962','.jo',10,8,NULL,NULL,NULL,NULL,0),(114,'KZ','Kazakhstan','Republic of Kazakhstan','KAZ','398','yes','7','.kz',10,8,NULL,NULL,NULL,NULL,0),(115,'KE','Kenya','Republic of Kenya','KEN','404','yes','254','.ke',10,8,NULL,NULL,NULL,NULL,0),(116,'KI','Kiribati','Republic of Kiribati','KIR','296','yes','686','.ki',10,8,NULL,NULL,NULL,NULL,0),(117,'XK','Kosovo','Republic of Kosovo','---','---','some','381','',10,8,NULL,NULL,NULL,NULL,0),(118,'KW','Kuwait','State of Kuwait','KWT','414','yes','965','.kw',10,8,NULL,NULL,NULL,NULL,0),(119,'KG','Kyrgyzstan','Kyrgyz Republic','KGZ','417','yes','996','.kg',10,8,NULL,NULL,NULL,NULL,0),(120,'LA','Laos','Lao People\'s Democratic Republic','LAO','418','yes','856','.la',10,8,NULL,NULL,NULL,NULL,0),(121,'LV','Latvia','Republic of Latvia','LVA','428','yes','371','.lv',10,8,NULL,NULL,NULL,NULL,0),(122,'LB','Lebanon','Republic of Lebanon','LBN','422','yes','961','.lb',10,8,NULL,NULL,NULL,NULL,0),(123,'LS','Lesotho','Kingdom of Lesotho','LSO','426','yes','266','.ls',10,8,NULL,NULL,NULL,NULL,0),(124,'LR','Liberia','Republic of Liberia','LBR','430','yes','231','.lr',10,8,NULL,NULL,NULL,NULL,0),(125,'LY','Libya','Libya','LBY','434','yes','218','.ly',10,8,NULL,NULL,NULL,NULL,0),(126,'LI','Liechtenstein','Principality of Liechtenstein','LIE','438','yes','423','.li',10,8,NULL,NULL,NULL,NULL,0),(127,'LT','Lithuania','Republic of Lithuania','LTU','440','yes','370','.lt',10,8,NULL,NULL,NULL,NULL,0),(128,'LU','Luxembourg','Grand Duchy of Luxembourg','LUX','442','yes','352','.lu',10,8,NULL,NULL,NULL,NULL,0),(129,'MO','Macao','The Macao Special Administrative Region','MAC','446','no','853','.mo',10,8,NULL,NULL,NULL,NULL,0),(130,'MK','Macedonia','The Former Yugoslav Republic of Macedonia','MKD','807','yes','389','.mk',10,8,NULL,NULL,NULL,NULL,0),(131,'MG','Madagascar','Republic of Madagascar','MDG','450','yes','261','.mg',10,8,NULL,NULL,NULL,NULL,0),(132,'MW','Malawi','Republic of Malawi','MWI','454','yes','265','.mw',10,8,NULL,NULL,NULL,NULL,0),(133,'MY','Malaysia','Malaysia','MYS','458','yes','60','.my',10,8,NULL,NULL,NULL,NULL,0),(134,'MV','Maldives','Republic of Maldives','MDV','462','yes','960','.mv',10,8,NULL,NULL,NULL,NULL,0),(135,'ML','Mali','Republic of Mali','MLI','466','yes','223','.ml',10,8,NULL,NULL,NULL,NULL,0),(136,'MT','Malta','Republic of Malta','MLT','470','yes','356','.mt',10,8,NULL,NULL,NULL,NULL,0),(137,'MH','Marshall Islands','Republic of the Marshall Islands','MHL','584','yes','692','.mh',10,8,NULL,NULL,NULL,NULL,0),(138,'MQ','Martinique','Martinique','MTQ','474','no','596','.mq',10,8,NULL,NULL,NULL,NULL,0),(139,'MR','Mauritania','Islamic Republic of Mauritania','MRT','478','yes','222','.mr',10,8,NULL,NULL,NULL,NULL,0),(140,'MU','Mauritius','Republic of Mauritius','MUS','480','yes','230','.mu',10,8,NULL,NULL,NULL,NULL,0),(141,'YT','Mayotte','Mayotte','MYT','175','no','262','.yt',10,8,NULL,NULL,NULL,NULL,0),(142,'MX','Mexico','United Mexican States','MEX','484','yes','52','.mx',10,8,NULL,NULL,NULL,NULL,0),(143,'FM','Micronesia','Federated States of Micronesia','FSM','583','yes','691','.fm',10,8,NULL,NULL,NULL,NULL,0),(144,'MD','Moldava','Republic of Moldova','MDA','498','yes','373','.md',10,8,NULL,NULL,NULL,NULL,0),(145,'MC','Monaco','Principality of Monaco','MCO','492','yes','377','.mc',10,8,NULL,NULL,NULL,NULL,0),(146,'MN','Mongolia','Mongolia','MNG','496','yes','976','.mn',10,8,NULL,NULL,NULL,NULL,0),(147,'ME','Montenegro','Montenegro','MNE','499','yes','382','.me',10,8,NULL,NULL,NULL,NULL,0),(148,'MS','Montserrat','Montserrat','MSR','500','no','1+664','.ms',10,8,NULL,NULL,NULL,NULL,0),(149,'MA','Morocco','Kingdom of Morocco','MAR','504','yes','212','.ma',10,8,NULL,NULL,NULL,NULL,0),(150,'MZ','Mozambique','Republic of Mozambique','MOZ','508','yes','258','.mz',10,8,NULL,NULL,NULL,NULL,0),(151,'MM','Myanmar (Burma)','Republic of the Union of Myanmar','MMR','104','yes','95','.mm',10,8,NULL,NULL,NULL,NULL,0),(152,'NA','Namibia','Republic of Namibia','NAM','516','yes','264','.na',10,8,NULL,NULL,NULL,NULL,0),(153,'NR','Nauru','Republic of Nauru','NRU','520','yes','674','.nr',10,8,NULL,NULL,NULL,NULL,0),(154,'NP','Nepal','Federal Democratic Republic of Nepal','NPL','524','yes','977','.np',10,8,NULL,NULL,NULL,NULL,0),(155,'NL','Netherlands','Kingdom of the Netherlands','NLD','528','yes','31','.nl',10,8,NULL,NULL,NULL,NULL,0),(156,'NC','New Caledonia','New Caledonia','NCL','540','no','687','.nc',10,8,NULL,NULL,NULL,NULL,0),(157,'NZ','New Zealand','New Zealand','NZL','554','yes','64','.nz',10,8,NULL,NULL,NULL,NULL,0),(158,'NI','Nicaragua','Republic of Nicaragua','NIC','558','yes','505','.ni',10,8,NULL,NULL,NULL,NULL,0),(159,'NE','Niger','Republic of Niger','NER','562','yes','227','.ne',10,8,NULL,NULL,NULL,NULL,0),(160,'NG','Nigeria','Federal Republic of Nigeria','NGA','566','yes','234','.ng',10,8,NULL,NULL,NULL,NULL,0),(161,'NU','Niue','Niue','NIU','570','some','683','.nu',10,8,NULL,NULL,NULL,NULL,0),(162,'NF','Norfolk Island','Norfolk Island','NFK','574','no','672','.nf',10,8,NULL,NULL,NULL,NULL,0),(163,'KP','North Korea','Democratic People\'s Republic of Korea','PRK','408','yes','850','.kp',10,8,NULL,NULL,NULL,NULL,0),(164,'MP','Northern Mariana Islands','Northern Mariana Islands','MNP','580','no','1+670','.mp',10,8,NULL,NULL,NULL,NULL,0),(165,'NO','Norway','Kingdom of Norway','NOR','578','yes','47','.no',10,8,NULL,NULL,NULL,NULL,0),(166,'OM','Oman','Sultanate of Oman','OMN','512','yes','968','.om',10,8,NULL,NULL,NULL,NULL,0),(167,'PK','Pakistan','Islamic Republic of Pakistan','PAK','586','yes','92','.pk',10,8,NULL,NULL,NULL,NULL,0),(168,'PW','Palau','Republic of Palau','PLW','585','yes','680','.pw',10,8,NULL,NULL,NULL,NULL,0),(169,'PS','Palestine','State of Palestine (or Occupied Palestinian Territory)','PSE','275','some','970','.ps',10,8,NULL,NULL,NULL,NULL,0),(170,'PA','Panama','Republic of Panama','PAN','591','yes','507','.pa',10,8,NULL,NULL,NULL,NULL,0),(171,'PG','Papua New Guinea','Independent State of Papua New Guinea','PNG','598','yes','675','.pg',10,8,NULL,NULL,NULL,NULL,0),(172,'PY','Paraguay','Republic of Paraguay','PRY','600','yes','595','.py',10,8,NULL,NULL,NULL,NULL,0),(173,'PE','Peru','Republic of Peru','PER','604','yes','51','.pe',10,8,NULL,NULL,NULL,NULL,0),(174,'PH','Phillipines','Republic of the Philippines','PHL','608','yes','63','.ph',10,8,NULL,NULL,NULL,NULL,0),(175,'PN','Pitcairn','Pitcairn','PCN','612','no','NONE','.pn',10,8,NULL,NULL,NULL,NULL,0),(176,'PL','Poland','Republic of Poland','POL','616','yes','48','.pl',10,8,NULL,NULL,NULL,NULL,0),(177,'PT','Portugal','Portuguese Republic','PRT','620','yes','351','.pt',10,8,NULL,NULL,NULL,NULL,0),(178,'PR','Puerto Rico','Commonwealth of Puerto Rico','PRI','630','no','1+939','.pr',10,8,NULL,NULL,NULL,NULL,0),(179,'QA','Qatar','State of Qatar','QAT','634','yes','974','.qa',10,8,NULL,NULL,NULL,NULL,0),(180,'RE','Reunion','R&eacute;union','REU','638','no','262','.re',10,8,NULL,NULL,NULL,NULL,0),(181,'RO','Romania','Romania','ROU','642','yes','40','.ro',10,8,NULL,NULL,NULL,NULL,0),(182,'RU','Russia','Russian Federation','RUS','643','yes','7','.ru',10,8,NULL,NULL,NULL,NULL,0),(183,'RW','Rwanda','Republic of Rwanda','RWA','646','yes','250','.rw',10,8,NULL,NULL,NULL,NULL,0),(184,'BL','Saint Barthelemy','Saint Barth&eacute;lemy','BLM','652','no','590','.bl',10,8,NULL,NULL,NULL,NULL,0),(185,'SH','Saint Helena','Saint Helena, Ascension and Tristan da Cunha','SHN','654','no','290','.sh',10,8,NULL,NULL,NULL,NULL,0),(186,'KN','Saint Kitts and Nevis','Federation of Saint Christopher and Nevis','KNA','659','yes','1+869','.kn',10,8,NULL,NULL,NULL,NULL,0),(187,'LC','Saint Lucia','Saint Lucia','LCA','662','yes','1+758','.lc',10,8,NULL,NULL,NULL,NULL,0),(188,'MF','Saint Martin','Saint Martin','MAF','663','no','590','.mf',10,8,NULL,NULL,NULL,NULL,0),(189,'PM','Saint Pierre and Miquelon','Saint Pierre and Miquelon','SPM','666','no','508','.pm',10,8,NULL,NULL,NULL,NULL,0),(190,'VC','Saint Vincent and the Grenadines','Saint Vincent and the Grenadines','VCT','670','yes','1+784','.vc',10,8,NULL,NULL,NULL,NULL,0),(191,'WS','Samoa','Independent State of Samoa','WSM','882','yes','685','.ws',10,8,NULL,NULL,NULL,NULL,0),(192,'SM','San Marino','Republic of San Marino','SMR','674','yes','378','.sm',10,8,NULL,NULL,NULL,NULL,0),(193,'ST','Sao Tome and Principe','Democratic Republic of S&atilde;o Tom&eacute; and Pr&iacute;ncipe','STP','678','yes','239','.st',10,8,NULL,NULL,NULL,NULL,0),(194,'SA','Saudi Arabia','Kingdom of Saudi Arabia','SAU','682','yes','966','.sa',10,8,NULL,NULL,NULL,NULL,0),(195,'SN','Senegal','Republic of Senegal','SEN','686','yes','221','.sn',10,8,NULL,NULL,NULL,NULL,0),(196,'RS','Serbia','Republic of Serbia','SRB','688','yes','381','.rs',10,8,NULL,NULL,NULL,NULL,0),(197,'SC','Seychelles','Republic of Seychelles','SYC','690','yes','248','.sc',10,8,NULL,NULL,NULL,NULL,0),(198,'SL','Sierra Leone','Republic of Sierra Leone','SLE','694','yes','232','.sl',10,8,NULL,NULL,NULL,NULL,0),(199,'SG','Singapore','Republic of Singapore','SGP','702','yes','65','.sg',10,8,NULL,NULL,NULL,NULL,0),(200,'SX','Sint Maarten','Sint Maarten','SXM','534','no','1+721','.sx',10,8,NULL,NULL,NULL,NULL,0),(201,'SK','Slovakia','Slovak Republic','SVK','703','yes','421','.sk',10,8,NULL,NULL,NULL,NULL,0),(202,'SI','Slovenia','Republic of Slovenia','SVN','705','yes','386','.si',10,8,NULL,NULL,NULL,NULL,0),(203,'SB','Solomon Islands','Solomon Islands','SLB','090','yes','677','.sb',10,8,NULL,NULL,NULL,NULL,0),(204,'SO','Somalia','Somali Republic','SOM','706','yes','252','.so',10,8,NULL,NULL,NULL,NULL,0),(205,'ZA','South Africa','Republic of South Africa','ZAF','710','yes','27','.za',10,8,NULL,NULL,NULL,NULL,0),(206,'GS','South Georgia and the South Sandwich Islands','South Georgia and the South Sandwich Islands','SGS','239','no','500','.gs',10,8,NULL,NULL,NULL,NULL,0),(207,'KR','South Korea','Republic of Korea','KOR','410','yes','82','.kr',10,8,NULL,NULL,NULL,NULL,0),(208,'SS','South Sudan','Republic of South Sudan','SSD','728','yes','211','.ss',10,8,NULL,NULL,NULL,NULL,0),(209,'ES','Spain','Kingdom of Spain','ESP','724','yes','34','.es',10,8,NULL,NULL,NULL,NULL,0),(210,'LK','Sri Lanka','Democratic Socialist Republic of Sri Lanka','LKA','144','yes','94','.lk',10,8,NULL,NULL,NULL,NULL,0),(211,'SD','Sudan','Republic of the Sudan','SDN','729','yes','249','.sd',10,8,NULL,NULL,NULL,NULL,0),(212,'SR','Suriname','Republic of Suriname','SUR','740','yes','597','.sr',10,8,NULL,NULL,NULL,NULL,0),(213,'SJ','Svalbard and Jan Mayen','Svalbard and Jan Mayen','SJM','744','no','47','.sj',10,8,NULL,NULL,NULL,NULL,0),(214,'SZ','Swaziland','Kingdom of Swaziland','SWZ','748','yes','268','.sz',10,8,NULL,NULL,NULL,NULL,0),(215,'SE','Sweden','Kingdom of Sweden','SWE','752','yes','46','.se',10,8,NULL,NULL,NULL,NULL,0),(216,'CH','Switzerland','Swiss Confederation','CHE','756','yes','41','.ch',10,8,NULL,NULL,NULL,NULL,0),(217,'SY','Syria','Syrian Arab Republic','SYR','760','yes','963','.sy',10,8,NULL,NULL,NULL,NULL,0),(218,'TW','Taiwan','Republic of China (Taiwan)','TWN','158','former','886','.tw',10,8,NULL,NULL,NULL,NULL,0),(219,'TJ','Tajikistan','Republic of Tajikistan','TJK','762','yes','992','.tj',10,8,NULL,NULL,NULL,NULL,0),(220,'TZ','Tanzania','United Republic of Tanzania','TZA','834','yes','255','.tz',10,8,NULL,NULL,NULL,NULL,0),(221,'TH','Thailand','Kingdom of Thailand','THA','764','yes','66','.th',10,8,NULL,NULL,NULL,NULL,0),(222,'TL','Timor-Leste (East Timor)','Democratic Republic of Timor-Leste','TLS','626','yes','670','.tl',10,8,NULL,NULL,NULL,NULL,0),(223,'TG','Togo','Togolese Republic','TGO','768','yes','228','.tg',10,8,NULL,NULL,NULL,NULL,0),(224,'TK','Tokelau','Tokelau','TKL','772','no','690','.tk',10,8,NULL,NULL,NULL,NULL,0),(225,'TO','Tonga','Kingdom of Tonga','TON','776','yes','676','.to',10,8,NULL,NULL,NULL,NULL,0),(226,'TT','Trinidad and Tobago','Republic of Trinidad and Tobago','TTO','780','yes','1+868','.tt',10,8,NULL,NULL,NULL,NULL,0),(227,'TN','Tunisia','Republic of Tunisia','TUN','788','yes','216','.tn',10,8,NULL,NULL,NULL,NULL,0),(228,'TR','Turkey','Republic of Turkey','TUR','792','yes','90','.tr',10,8,NULL,NULL,NULL,NULL,0),(229,'TM','Turkmenistan','Turkmenistan','TKM','795','yes','993','.tm',10,8,NULL,NULL,NULL,NULL,0),(230,'TC','Turks and Caicos Islands','Turks and Caicos Islands','TCA','796','no','1+649','.tc',10,8,NULL,NULL,NULL,NULL,0),(231,'TV','Tuvalu','Tuvalu','TUV','798','yes','688','.tv',10,8,NULL,NULL,NULL,NULL,0),(232,'UG','Uganda','Republic of Uganda','UGA','800','yes','256','.ug',10,8,NULL,NULL,NULL,NULL,0),(233,'UA','Ukraine','Ukraine','UKR','804','yes','380','.ua',10,8,NULL,NULL,NULL,NULL,0),(234,'AE','United Arab Emirates','United Arab Emirates','ARE','784','yes','971','.ae',10,8,NULL,NULL,NULL,NULL,0),(235,'GB','United Kingdom','United Kingdom of Great Britain and Nothern Ireland','GBR','826','yes','44','.uk',10,8,NULL,NULL,NULL,NULL,0),(236,'US','United States','United States of America','USA','840','yes','1','.us',10,8,NULL,NULL,NULL,NULL,0),(237,'UM','United States Minor Outlying Islands','United States Minor Outlying Islands','UMI','581','no','NONE','NONE',10,8,NULL,NULL,NULL,NULL,0),(238,'UY','Uruguay','Eastern Republic of Uruguay','URY','858','yes','598','.uy',10,8,NULL,NULL,NULL,NULL,0),(239,'UZ','Uzbekistan','Republic of Uzbekistan','UZB','860','yes','998','.uz',10,8,NULL,NULL,NULL,NULL,0),(240,'VU','Vanuatu','Republic of Vanuatu','VUT','548','yes','678','.vu',10,8,NULL,NULL,NULL,NULL,0),(241,'VA','Vatican City','State of the Vatican City','VAT','336','no','39','.va',10,8,NULL,NULL,NULL,NULL,0),(242,'VE','Venezuela','Bolivarian Republic of Venezuela','VEN','862','yes','58','.ve',10,8,NULL,NULL,NULL,NULL,0),(243,'VN','Vietnam','Socialist Republic of Vietnam','VNM','704','yes','84','.vn',10,8,NULL,NULL,NULL,NULL,0),(244,'VG','Virgin Islands, British','British Virgin Islands','VGB','092','no','1+284','.vg',10,8,NULL,NULL,NULL,NULL,0),(245,'VI','Virgin Islands, US','Virgin Islands of the United States','VIR','850','no','1+340','.vi',10,8,NULL,NULL,NULL,NULL,0),(246,'WF','Wallis and Futuna','Wallis and Futuna','WLF','876','no','681','.wf',10,8,NULL,NULL,NULL,NULL,0),(247,'EH','Western Sahara','Western Sahara','ESH','732','no','212','.eh',10,8,NULL,NULL,NULL,NULL,0),(248,'YE','Yemen','Republic of Yemen','YEM','887','yes','967','.ye',10,8,NULL,NULL,NULL,NULL,0),(249,'ZM','Zambia','Republic of Zambia','ZMB','894','yes','260','.zm',10,8,NULL,NULL,NULL,NULL,0),(250,'ZW','Zimbabwe','Republic of Zimbabwe','ZWE','716','yes','263','.zw',10,8,NULL,NULL,NULL,NULL,0);

/*Data for the table `ww_db_backup` */

insert  into `ww_db_backup`(`backup_id`,`backup_type_id`,`file`,`created_by`,`created_on`,`modified_by`,`modified_on`,`deleted`) values (1,1,NULL,1,'2014-07-31 05:15:10',NULL,NULL,0);

/*Data for the table `ww_db_backup_type` */

insert  into `ww_db_backup_type`(`backup_type_id`,`backup_type`,`deleted`) values (1,'Whole Database',0),(2,'Specific Tables',0),(3,'Import',0);

/*Data for the table `ww_displays` */

insert  into `ww_displays`(`display_id`,`display`,`deleted`) values (1,'Detail Only',0),(2,'Edit Only',0),(3,'Both',0),(4,'None',0);

/*Data for the table `ww_fieldgroups` */

insert  into `ww_fieldgroups`(`fg_id`,`mod_id`,`label`,`description`,`display_id`,`sequence`,`created_on`,`created_by`,`modified_on`,`modified_by`,`deleted`) values (1,1,'Basic Information',NULL,3,1,'2014-02-06 05:28:14',1,'2014-02-06 05:28:14',NULL,0),(2,1,'Module Configuration',NULL,3,2,'2014-02-06 05:28:30',1,'2014-02-06 05:28:30',NULL,0),(3,1,'Field Groups',NULL,3,3,'2014-02-06 05:28:30',1,'2014-02-06 05:28:30',NULL,0),(4,2,'Employee Information',NULL,3,1,'2014-02-19 02:46:33',1,'0000-00-00 00:00:00',NULL,0),(5,2,'Personal Information',NULL,3,2,'2014-02-19 02:46:35',1,'0000-00-00 00:00:00',NULL,0),(6,2,'Contact Information',NULL,3,3,'2014-02-19 02:47:12',1,'0000-00-00 00:00:00',NULL,0);

/*Data for the table `ww_groups` */

/*Data for the table `ww_groups_members` */

/*Data for the table `ww_groups_notif` */

/*Data for the table `ww_groups_notif_recipient` */

/*Data for the table `ww_groups_notif_type` */

insert  into `ww_groups_notif_type`(`type_id`,`type`,`deleted`) values (1,'New Group',0),(2,'Added To Group',0),(3,'New Post',0),(4,'New Comment',0),(5,'Wants to Join',0),(6,'Accepted To Group',0),(7,'Liked Your Post',0),(8,'Also Commented',0);

/*Data for the table `ww_groups_post` */

/*Data for the table `ww_groups_post_comments` */

/*Data for the table `ww_groups_post_likes` */

/*Data for the table `ww_groups_post_upload` */

insert  into `ww_groups_post_upload`(`id`,`post_id`,`upload_id`,`deleted`) values (1,1,0,0),(2,2,0,0),(3,3,59,0),(4,4,0,0),(5,5,0,0),(6,6,0,0),(7,7,0,0),(8,8,0,0);

/*Data for the table `ww_memo` */

/*Data for the table `ww_memo_apply_to` */

insert  into `ww_memo_apply_to`(`apply_to_id`,`apply_to`,`description`,`deleted`) values (1,'Employee',NULL,0),(2,'Company',NULL,0),(3,'Division',NULL,0),(4,'Department',NULL,0);

/*Data for the table `ww_memo_recipient` */

/*Data for the table `ww_memo_type` */

insert  into `ww_memo_type`(`memo_type_id`,`memo_type`,`default_template`,`deleted`) values (1,'Company News',NULL,0),(2,'New Partners','New Employee Annoucement: {{company-name}}\r\nPosted on: {{date}} By: {{user-name}}\r\n\r\nLet\'s welcome our new HDI Family member!\r\n{{partner-name}}\r\nwho is joining us as our {{position-name}}\r\nfor {{company-name}}\r\neffective {{employed-date}}\r\n\r\n{{paragraph-1}}\r\n\r\n{{paragraph-2}}\r\n\r\nPlease join {{company-name}} in welcoming {{partner-name}} as part of the HDI Family.\r\n',0),(3,'Resigned',NULL,0),(4,'Promoted',NULL,0),(5,'Announcement',NULL,0);

/*Data for the table `ww_menu` */

insert  into `ww_menu`(`menu_item_id`,`parent_menu_item_id`,`sequence`,`label`,`icon`,`description`,`menu_item_type_id`,`mod_id`,`uri`,`method`,`created_on`,`created_by`,`modified_on`,`modified_by`,`can_delete`,`deleted`) values (1,0,1,'Dashboard','fa-home',NULL,1,9,NULL,NULL,'2013-11-08 05:58:49',1,'2014-04-11 13:56:43',1,0,0),(2,0,2,'My Record','fa-user',NULL,3,0,NULL,NULL,'2014-02-06 05:03:45',0,NULL,0,1,0),(3,0,3,'Employee','fa-folder-open-o',NULL,3,0,NULL,NULL,'2014-02-06 05:03:52',0,NULL,0,1,0),(4,0,4,'Appraisal','fa-trophy',NULL,3,0,NULL,NULL,'2014-02-06 05:04:05',0,NULL,0,1,1),(5,0,4,'Timekeeping','fa-clock-o','',3,1,'','','2014-02-06 05:04:26',0,'2014-07-02 07:05:20',1,1,0),(6,0,8,'Recruitment','fa-search-plus','',3,122,'','','2014-02-06 05:04:34',0,'2015-08-26 11:56:55',1,1,0),(7,0,7,'Training','fa-group',NULL,3,0,NULL,NULL,'2014-02-06 05:04:40',0,NULL,0,1,1),(8,0,10,'Reports','fa-bar-chart-o',NULL,3,0,NULL,NULL,'2014-02-06 05:09:05',0,NULL,0,1,0),(9,0,9,'Master','fa-th',NULL,3,0,NULL,NULL,'2013-11-12 07:48:06',0,NULL,0,1,0),(10,0,11,'System Configuration','fa-cogs',NULL,1,5,NULL,NULL,'2014-02-06 05:25:19',0,NULL,0,1,0),(11,0,11,'Reserved 1','fa-list',NULL,3,0,NULL,NULL,'2014-02-06 05:25:29',0,NULL,0,1,1),(12,0,12,'Reserved 2','fa-list',NULL,3,0,NULL,NULL,'2014-02-06 06:15:28',0,NULL,0,1,1),(13,10,1,'Settings','fa-list',NULL,1,5,NULL,NULL,'2013-11-12 07:54:12',0,NULL,0,1,0),(14,10,2,'Module Manager','fa-user',NULL,1,1,NULL,NULL,'2013-11-13 08:09:21',1,NULL,0,1,0),(15,10,3,'Menu Manager','fa-list',NULL,1,7,NULL,NULL,'2013-11-22 03:09:20',0,NULL,0,1,0),(16,10,4,'Template Manager','fa-list',NULL,3,0,NULL,NULL,'2014-02-05 12:42:41',0,NULL,0,1,1),(17,10,5,'Utilities','fa-list',NULL,3,0,NULL,NULL,'2014-02-06 05:14:13',0,NULL,0,1,1),(18,10,4,'Roles','fa-list',NULL,1,4,NULL,NULL,'2014-02-06 05:27:08',0,NULL,0,1,0),(19,10,5,'Permission','fa-list',NULL,1,3,NULL,NULL,'2014-02-06 05:27:28',0,NULL,0,1,0),(20,9,2,'Employee Approver','fa-list',NULL,1,30,NULL,NULL,'2014-02-06 05:27:50',0,NULL,0,1,0),(21,10,9,'Reserved-Setting 4','fa-list',NULL,3,0,NULL,NULL,'2014-02-06 05:28:16',0,NULL,0,1,1),(22,10,10,'Reserved-Setting 5','fa-list',NULL,3,0,NULL,NULL,'2014-02-06 05:28:36',0,NULL,0,1,1),(23,2,2,'201','fa-list','',1,38,'','','2014-02-06 06:33:09',0,'2014-10-22 16:19:06',1,1,0),(24,2,1,'Schedule','fa-list',NULL,1,28,NULL,NULL,'2014-02-06 06:33:19',0,NULL,0,1,0),(25,2,4,'Inbox','fa-list',NULL,3,0,NULL,NULL,'2014-02-06 06:33:40',0,NULL,0,1,0),(26,2,4,'Reserved-My Account 1','fa-list',NULL,3,0,NULL,NULL,'2014-02-06 06:34:20',0,NULL,0,1,1),(27,2,5,'Reserved-My Account 2','fa-list',NULL,3,0,NULL,NULL,'2014-02-06 06:34:26',0,NULL,0,1,1),(28,2,6,'Reserved-My Account 3','fa-list',NULL,3,0,NULL,NULL,'2014-02-06 06:34:32',0,NULL,0,1,1),(29,2,7,'Reserved-My Account 4','fa-list',NULL,3,0,NULL,NULL,'2014-02-06 06:34:36',0,NULL,0,1,1),(30,2,8,'Reserved-My Account 5','fa-list',NULL,3,0,NULL,NULL,'2014-02-06 06:34:42',0,NULL,0,1,1),(31,3,1,'Employee List','fa-list','',1,43,'','','2014-02-06 08:02:24',0,'2014-04-16 19:05:42',1,1,0),(32,3,4,'Update 201 Manage','fa-list','',1,70,'','','2014-02-06 08:03:02',0,'2014-06-19 13:22:18',1,1,0),(33,3,8,'Clearance','','',1,134,'','','2014-02-06 08:03:44',0,'2016-01-05 12:01:32',1,1,0),(34,3,2,'Subordinates','fa-list','',1,45,'','','2014-02-06 08:05:22',0,'2014-04-23 14:11:10',1,1,0),(35,3,3,'Birthdays','fa-list',NULL,1,41,NULL,NULL,'2014-02-06 08:05:27',0,NULL,0,1,0),(36,3,6,'Reserved-Employee 3','fa-list',NULL,3,0,NULL,NULL,'2014-02-06 08:05:30',0,NULL,0,1,1),(37,3,7,'Reserved-Employee 4','fa-list',NULL,3,0,NULL,NULL,'2014-02-06 08:05:34',0,NULL,0,1,1),(38,3,8,'Reserved-Employee 5','fa-list',NULL,3,0,NULL,NULL,'2014-02-06 08:05:40',0,NULL,0,1,1),(39,3,9,'Reserved-Employee 6','fa-list',NULL,3,0,NULL,NULL,'2014-02-06 08:05:44',0,NULL,0,1,1),(40,3,10,'Reserved-Employee 7','fa-list',NULL,3,0,NULL,NULL,'2014-02-06 08:05:47',0,NULL,0,1,1),(41,3,11,'Reserved-Employee 8','fa-list',NULL,3,0,NULL,NULL,'2014-02-06 08:06:00',0,NULL,0,1,1),(42,3,12,'Reserved-Employee 9','fa-list',NULL,3,0,NULL,NULL,'2014-02-06 08:07:41',0,NULL,0,1,1),(43,3,13,'Reserved-Employee 10','fa-list',NULL,3,0,NULL,NULL,'2014-02-06 08:07:52',0,NULL,0,1,1),(44,5,9,'Work Schedule','fa-list',NULL,1,27,NULL,NULL,'2014-02-06 08:08:10',0,NULL,0,1,0),(45,5,6,'Daily Time Records','fa-list',NULL,1,31,NULL,NULL,'2014-02-06 08:08:30',0,NULL,0,1,0),(46,5,1,'Application','fa-list',NULL,1,42,NULL,NULL,'2014-02-06 08:08:58',0,NULL,0,1,0),(47,5,11,'DTR Period','fa-list',NULL,1,29,NULL,NULL,'2014-02-06 08:09:48',0,NULL,0,1,0),(48,5,12,'DTR Uploading','fa-list','',1,46,'','','2014-02-06 08:10:34',0,'2016-06-27 17:32:27',1,1,0),(49,5,2,'Application - Manage','fa-list','',1,44,'','','2014-02-06 08:11:04',0,'2014-07-21 20:06:43',1,1,0),(50,5,7,'Reserved-Time Record 2','fa-list',NULL,3,0,NULL,NULL,'2014-02-06 08:11:07',0,NULL,0,1,1),(51,5,8,'Reserved-Time Record 3','fa-list',NULL,3,0,NULL,NULL,'2014-02-06 08:11:10',0,NULL,0,1,1),(52,5,9,'Reserved-Time Record 4','fa-list',NULL,3,0,NULL,NULL,'2014-02-06 08:11:13',0,NULL,0,1,1),(53,5,10,'Reserved-Time Record 5','fa-list',NULL,3,0,NULL,NULL,'2014-02-06 08:11:17',0,NULL,0,1,1),(54,6,1,'Manpower Planning','fa-list','',1,120,'','','2014-02-06 08:28:38',0,'2016-01-12 09:48:48',1,1,0),(55,6,2,'Manpower Request','Personnel Requisition','',1,122,'','','2014-02-06 08:28:50',0,'2016-01-12 09:49:31',1,1,0),(56,6,3,'Applicant Monitoring','fa-list','',1,125,'','','2014-02-06 08:29:25',0,'2015-08-26 12:04:51',1,1,0),(57,6,4,'Applicant List','fa-list','',1,121,'','','2014-02-06 08:30:30',0,'2015-08-26 12:04:23',1,1,0),(58,6,5,'Applicant Registration (External)','fa-list','',1,124,'','','2014-02-06 08:30:51',0,'2015-08-26 12:05:55',1,1,0),(59,6,6,'Reserved-Personnel 1','fa-list',NULL,3,0,NULL,NULL,'2014-02-06 08:31:09',0,NULL,0,1,1),(60,6,7,'Reserved-Personnel 2','fa-list',NULL,3,0,NULL,NULL,'2014-02-06 08:31:15',0,NULL,0,1,1),(61,6,8,'Reserved-Personnel 3','fa-list',NULL,3,0,NULL,NULL,'2014-02-06 08:31:18',0,NULL,0,1,1),(62,6,9,'Reserved-Personnel 4','fa-list',NULL,3,0,NULL,NULL,'2014-02-06 08:31:22',0,NULL,0,1,1),(63,6,10,'Reserved-Personnel 5','fa-list',NULL,3,0,NULL,NULL,'2014-02-06 08:31:25',0,NULL,0,1,1),(64,9,1,'Employee Master','fa-list',NULL,1,23,NULL,NULL,'2014-02-06 08:32:56',0,NULL,0,1,0),(65,9,3,'Employee Master 2','fa-list','',1,219,'','','2014-02-06 08:33:05',0,'2015-12-14 17:05:27',1,1,0),(66,9,6,'Appraisal Master','fa-list','',1,113,'','','2014-02-06 08:33:18',0,'2015-01-22 13:48:03',1,1,0),(67,9,4,'Time Keeping Master','fa-list','',1,78,'','','2014-02-06 08:33:34',0,'2014-08-03 09:08:18',1,1,0),(68,9,9,'Personnel Manager','fa-list',NULL,3,0,NULL,NULL,'2014-02-06 08:33:56',0,NULL,0,1,1),(69,9,7,'Training Manager','fa-list','',1,198,'','','2014-02-06 08:34:24',0,'2017-02-02 14:44:55',1,1,0),(70,9,11,'Analytics References','fa-list',NULL,3,0,NULL,NULL,'2014-02-06 08:34:30',0,NULL,0,1,1),(71,9,8,'Reserved-Admin 1','fa-list',NULL,3,0,NULL,NULL,'2014-02-06 08:34:48',0,NULL,0,1,1),(72,9,9,'Reserved-Admin 2','fa-list',NULL,3,0,NULL,NULL,'2014-02-06 08:35:29',0,NULL,0,1,1),(73,9,5,'Payroll Master','fa-money','',1,9,'admin/payroll/settings','payroll','2014-05-06 06:41:02',1,'2014-05-05 18:01:33',1,1,0),(74,0,5,'Payroll','fa-money','',1,9,'payroll/setup','payroll_setup','2014-05-13 02:33:41',1,'2014-05-12 11:35:04',1,1,0),(75,3,5,'Announcement','','',1,73,'','','2014-06-21 10:21:37',1,'2014-06-20 13:25:05',1,1,0),(76,5,3,'Application - Admin','fa-list','',1,74,'','','2014-06-25 05:16:18',1,'2014-07-21 20:01:55',1,1,0),(77,9,4,'Form Policy','','',1,72,'','','2014-06-26 02:36:08',1,NULL,0,1,1),(78,2,5,'Update 201','fa-folder','',1,75,'','','2014-06-28 04:33:03',1,'2014-06-27 13:36:21',1,1,0),(79,5,8,'Time Records - Admin','','',1,58,'','','2014-07-09 06:40:17',1,'2014-07-21 19:58:28',1,1,0),(80,5,7,'Time Records - Manage','','',1,77,'','','2014-07-09 07:00:30',1,'2014-07-21 20:06:17',1,1,0),(81,74,1,'Chart of Accounts','','',1,54,'','','2014-07-23 05:32:26',1,'2014-07-22 14:37:23',1,1,1),(82,10,6,'Utilities','','',1,9,'','utilities','2014-07-31 04:26:17',1,NULL,0,1,1),(83,5,5,'Leave Balance - Admin','','',1,85,'','','2014-08-01 04:39:11',1,'2014-08-04 14:48:18',1,1,0),(84,5,4,'Leave Balance','','',1,86,'','','2014-08-02 00:49:40',1,'2014-08-01 09:50:56',1,1,0),(86,3,6,'Movement','fa-user','',1,87,'','','2014-08-20 06:55:14',1,NULL,0,1,0),(87,9,9,'Report Generator','','',1,88,'','','2014-09-11 02:35:47',1,NULL,0,1,0),(88,5,10,'DTR Summary','','',1,89,'','','2014-09-19 02:20:52',1,NULL,0,1,0),(89,8,1,'Generate Reports','','',1,9,'','reports','2014-09-23 05:38:28',1,'2014-09-22 15:36:59',1,1,0),(93,8,2,'Demographics','','',1,126,'','','2015-01-08 10:32:51',1,'2015-01-09 15:21:48',1,1,0),(94,8,3,'Company Demographics','','',1,126,'','company','2015-01-14 06:18:21',1,NULL,0,1,0),(95,2,3,'Payroll','','',1,170,'','','2015-03-19 04:43:00',1,NULL,0,1,0),(96,0,7,'Appraisal','fa fa-trophy','',3,1,'','','2015-01-22 06:05:08',1,NULL,0,1,0),(97,96,3,'Appraisal','','',1,116,'','','2015-01-22 06:06:40',1,'2015-01-26 15:24:52',1,1,0),(98,96,1,'Target Setting','','',1,109,'','','2015-01-22 06:09:33',1,'2015-06-15 18:24:42',1,1,0),(99,96,2,'Target Setting Period','','',1,107,'','','2015-01-22 06:10:51',1,'2015-06-15 18:25:00',1,1,0),(102,96,5,'Appraisal Period','','',1,111,'','','2015-01-22 06:13:57',1,'2015-01-26 15:21:09',1,1,0),(103,96,4,'Appraisal Manage','','',1,112,'','','2015-01-22 06:14:44',1,NULL,0,1,0),(106,3,7,'Code of Conduct','','',1,138,'','','2015-01-24 05:33:34',1,'2015-02-03 16:02:39',1,1,0),(107,3,10,'Resources','','',1,143,'','','2015-01-29 00:40:57',1,'2015-09-02 17:56:17',1,1,0),(108,9,8,'Clearance Signatory','','',1,163,'','','2015-02-11 03:41:39',1,'2017-01-26 09:34:23',1,1,0),(111,3,6,'Memo Manage','','',1,166,'','','2015-02-12 00:59:52',1,NULL,0,1,1),(114,120,1,'Outgoing Emails','','',1,178,'','','2015-05-05 00:38:49',1,'2017-01-26 09:38:12',1,1,0),(115,6,6,'Applicant Registration (Internal)','','',1,129,'','','2015-08-27 03:06:31',1,NULL,0,1,0),(116,3,9,'Clearance Manage','','',3,164,'partner/clearance_manage','','2016-01-08 08:29:57',1,'2016-01-07 16:32:04',1,1,0),(117,3,1,'Health Information','','',1,130,'','','2016-02-20 00:16:00',1,NULL,0,1,1),(118,10,1,'Test Menu one','','',2,5,'','','2016-07-20 04:55:36',1,'2016-07-19 13:56:35',1,1,1),(119,9,1,'ab','ab','ab',1,54,'ab','ab','2016-07-23 10:08:52',1,'2016-07-22 19:09:17',1,1,1),(120,0,12,'Utilities','fa-cogs','',1,5,'','','2017-01-26 01:36:08',1,NULL,0,1,0),(121,0,6,'Training','fa-folder-open-o','',3,54,'','','2017-02-01 07:09:26',1,NULL,0,1,0),(122,121,1,'Employee Training Database','','',1,241,'','','2017-02-01 07:16:16',1,'2017-02-01 15:16:46',1,1,0),(123,121,1,'Training Calendar','','',1,242,'','','2017-02-01 09:39:20',1,NULL,0,1,0),(124,121,1,'Level 2 and 3 Training Evaluation','','',1,243,'','','2017-02-02 05:39:38',1,'2017-02-02 15:40:47',1,1,0),(125,121,1,'Training Evaluation','','',1,244,'','','2017-02-02 05:50:23',1,NULL,0,1,0);

/*Data for the table `ww_menu_item_type` */

insert  into `ww_menu_item_type`(`menu_item_type_id`,`menu_item_type`,`deleted`) values (1,'Module',0),(2,'External',0),(3,'Plain Label',0);

/*Data for the table `ww_modules` */

insert  into `ww_modules`(`mod_id`,`mod_code`,`route`,`table`,`primary_key`,`enable_mass_action`,`short_name`,`long_name`,`icon`,`disabled`,`wizard_on_new`,`description`,`list_template_header`,`list_template`,`sensitivity_filter`,`fg_id`,`f_id`,`parent_group`,`sub_group`,`created_on`,`created_by`,`modified_on`,`modified_by`,`deleted`) values (1,'module','admin/modules','modules','mod_id',1,'Module','Module Manager','',0,0,'contains modules made through the system.','<th width=\"8%\" class=\"hidden-xs\"></th>\r\n<th width=\"30%\">Module</th>\r\n<th width=\"45%\">Description</th>','<tr class=\"record\">\r\n    <td>\r\n        <div>\r\n            <input type=\"checkbox\" class=\"record-checker checkboxes\" value=\"{{ $record_id }}\">\r\n        </div>\r\n    </td>\r\n    <td class=\"hidden-xs\">\r\n        <a href=\"{{ $edit_url }}\">\r\n            <img src=\"data:image/png;base64,iVBORw0KGgoAAAANSUhEUgAAADAAAAAwCAYAAABXAvmHAAABwUlEQVRoQ+2YvavCQBDEJ4KCinZ+VIIEOy3FkH/fSguxE9uIVUArCyH63ruDDTEYkzhCeLipjJcdb+a3e6LO6XT6wT++HDVQMT0lUDEAKAElQCagLUQGSJcrATpCUkAJkAHS5UqAjpAUUAJkgHT59xA4HA7Y7/cYDAaYzWY2OXlPYpxOpxgOh4VT/YRmIQL3+x2r1QqXyyU2EEURlsslWq0WFosFNpsNzuczfN9Hs9nMNfEpzUIGdrsdwjCE2XSv17ME/n5LY7vdxvfmmePxCEOh0WjYtXa7bc0l14RQWc0ssrkGZKOj0QhBEMQbziMgRDzPw3q9jkkZNO9qPsP60oBgrtVqmEwmD4kbMTFxu93gOM5D+2StMZqlDTxriyItJLgNBZN2cvBZzbSJTALJIUsXdToddLtd2/Pj8Riu68YnktxLm9TrdVyvVzsb/X4/Pgze0SxNIFmQHtpXQywbNa01n8/tCWVem4E2huQqo/n2EGd92LPvAUlf2iRNJ9lKyWGWtnylmXUu555CuQd6xQ+ogYoB6D9zVQNQAkqATUCPUTZBtl4JsAmy9UqATZCtVwJsgmy9EmATZOuVAJsgW/8L+6U4/9EQxOwAAAAASUVORK5CYII=\"\r\n            data-src=\"holder.js/48x48\" alt=\"48x48\" style=\"width: 48px; height: 48px;\">\r\n        </a>\r\n    </td>\r\n    <td>\r\n        <a id=\"date_name\" href=\"{{ $edit_url }}\" class=\"text-success\">{{ $modules_long_name }}</a>\r\n        <br>\r\n        <span id=\"date_set\" class=\"small\">{{ $modules_mod_code }}</span>\r\n    </td>\r\n    <td class=\"hidden-xs\">\r\n        {{ $modules_description }}\r\n    </td>\r\n    <td>\r\n        <div class=\"btn-group\">\r\n            <a class=\"btn btn-xs text-muted\" href=\"{{ $edit_url }}\"><i class=\"fa fa-pencil\"></i> Edit</a>\r\n        </div>\r\n        <div class=\"btn-group\">\r\n            <a class=\"btn btn-xs text-muted\" href=\"#\" data-close-others=\"true\" data-toggle=\"dropdown\"><i class=\"fa fa-gear\"></i> Options</a>\r\n            <ul class=\"dropdown-menu pull-right\">\r\n                {{ $options }}\r\n            </ul>\r\n        </div>\r\n    </td>\r\n</tr>\r\n',1,4,16,'System','','2013-11-07 08:40:39',1,'2014-02-28 15:30:52',1,0),(2,'users','admin/users','users','user_id',1,'Users','Users','fa-user',0,0,'manage and list application users. ','<th width=\"8%\"></th>\r\n<th width=\"30%\">User</th>\r\n<th class=\"hidden-xs\" width=\"30%\">Email</th>\r\n<th width=\"15%\">Type</th>','<tr class=\"record\">\r\n    <td class=\"hidden-xs\"><input type=\"checkbox\" value=\"{{ $record_id }}\" class=\"record-checker checkboxes\"></td>\r\n    <td>\r\n        <?php $avatar = base_url(\'assets/img/avatar.png\');?>\r\n        @if( !empty($users_profile_photo) )\r\n            <?php\r\n                $filename = basename($users_profile_photo);\r\n                $path = str_replace($filename, \'\', $users_profile_photo);\r\n                $ftpath = FCPATH . $path .\'thumbnail/\' . $filename;\r\n                $fpath = FCPATH . $path . $filename;\r\n                if( file_exists( $ftpath ) ){\r\n                    $avatar = base_url( $path .\'thumbnail/\' . $filename ) ;\r\n                }\r\n                else if( file_exists( $fpath ) ){\r\n                    $avatar = base_url( $path . $filename );\r\n                }\r\n            ?>\r\n        @endif\r\n        <a href=\"#\"><img src=\"{{ $avatar }}\" width=\"45px\"></a>\r\n    </td>\r\n    <td>\r\n        <a href=\"{{ $edit_url }}\" id=\"date_name\">{{ $users_profile_firstname }} {{ $users_profile_lastname }}</a>\r\n        <br>\r\n        <span class=\"small\" id=\"date_set\">{{ $users_role_id }}</span>\r\n    </td>\r\n    <td class=\"hidden-xs\">{{ $users_email }}</td>\r\n    <td>\r\n        @if( $users_active == \'Yes\' )\r\n            <span class=\"badge badge-success\">active</span>\r\n        @else\r\n            <span class=\"badge badge-error\">inactive</span>\r\n        @endif\r\n    </td>\r\n    <td>\r\n        <div class=\"btn-group\">\r\n            <a class=\"btn btn-xs text-muted\" href=\"{{ $edit_url }}\"><i class=\"fa fa-pencil\"></i> Edit</a>\r\n        </div>\r\n        <div class=\"btn-group\">\r\n            <a class=\"btn btn-xs text-muted\" href=\"#\" data-close-others=\"true\" data-toggle=\"dropdown\"><i class=\"fa fa-gear\"></i> Options</a>\r\n            <ul class=\"dropdown-menu pull-right\">\r\n                {{ $options }}\r\n            </ul>\r\n        </div>\r\n    </td>\r\n</tr>',0,3,15,'Admin','User Manager','2013-11-07 08:40:39',1,'2014-04-24 18:33:40',1,0),(3,'profiles','admin/permissions','profiles','profile_id',1,'Data Access and Permissions','Data Access and Permissions','fa-gear',0,0,'','<th width=\"35%\">Name</th>\r\n<th width=\"44%\">Description</th>','<tr class=\"record\">\r\n    <td>\r\n        <div>\r\n            <input type=\"checkbox\" class=\"record-checker checkboxes\" value=\"{{ $record_id }}\">\r\n        </div>\r\n    </td>\r\n    <td>\r\n        <a href=\"{{ $edit_url }}\" class=\"text-success\" href=\"#\">{{ $profiles_profile }}</a>\r\n    </td>\r\n    <td>\r\n        {{ $profiles_description }}\r\n    </td>\r\n    <td>\r\n        <div class=\"btn-group\">\r\n            <a class=\"btn btn-xs text-muted\" href=\"{{ $edit_url }}\"><i class=\"fa fa-pencil\"></i> Edit</a>\r\n        </div>\r\n        <div class=\"btn-group\">\r\n            <a class=\"btn btn-xs text-muted\" href=\"#\" data-close-others=\"true\" data-toggle=\"dropdown\"><i class=\"fa fa-gear\"></i> Options</a>\r\n            <ul class=\"dropdown-menu pull-right\">\r\n                {{ $options }}\r\n            </ul>\r\n        </div>\r\n    </td>\r\n</tr>',1,3,2,'System','','2013-11-07 08:40:39',1,'2014-03-31 17:03:09',1,0),(4,'roles','admin/roles','roles','role_id',1,'Roles','Roles','fa-key',0,0,'Manage permissions to a module.','<th width=\"25%\">Roles</th>\r\n<th class=\"hidden-xs\" width=\"30%\">Description</th>\r\n<th class=\"hidden-xs\" width=\"25%\">Profile</th>','<tr class=\"record\">\r\n    <td>\r\n        <div>\r\n            <input type=\"checkbox\" class=\"record-checker checkboxes\" value=\"{{ $record_id }}\">\r\n        </div>\r\n    </td>\r\n    <td>\r\n        <a href=\"{{ $edit_url }}\">\r\n            {{ $roles_role }}\r\n        </a>\r\n    </td>\r\n    <td>\r\n        {{ $roles_description }}\r\n    </td>\r\n    <td>\r\n        \r\n    </td>\r\n    <td>\r\n        <div class=\"btn-group\">\r\n            <a class=\"btn btn-xs text-muted\" href=\"{{ $edit_url }}\"><i class=\"fa fa-pencil\"></i> Edit</a>\r\n        </div>\r\n        <div class=\"btn-group\">\r\n            <a class=\"btn btn-xs text-muted\" href=\"#\" data-close-others=\"true\" data-toggle=\"dropdown\"><i class=\"fa fa-gear\"></i> Options</a>\r\n            <ul class=\"dropdown-menu pull-right\">\r\n                {{ $options }}\r\n            </ul>\r\n        </div>\r\n    </td>\r\n</tr>',1,2,7,'System','','2013-11-07 08:40:39',1,'2014-03-28 16:57:09',1,0),(5,'system','admin/system','config','config_id',1,'System','System Configuration','fa-wrench',0,0,'','-','-',0,0,0,'Admin','','2013-11-07 08:40:39',1,'2014-03-27 16:00:54',1,0),(6,'ConfigGroup','admin/config_group','config_group','config_group_id',1,'Config Group','Config Group',NULL,0,0,NULL,NULL,NULL,0,0,0,'Admin','','2013-11-07 08:40:39',1,'2013-11-06 16:40:39',1,0),(7,'menu_manager','admin/menu_manager','menu','menu_item_id',1,'Menu Manager','Menu Manager',NULL,0,0,NULL,'<th width=\"20%\">Label</th>\r\n<th width=\"17%\">Icon</th>\r\n<th width=\"15%\">Type</th>\r\n<th width=\"25%\">Description</th>','<tr class=\"record\">\r\n    <td>\r\n        <div>\r\n            <input type=\"checkbox\" class=\"record-checker checkboxes\" value=\"{{ $record_id }}\">\r\n        </div>\r\n    </td>\r\n    <td>\r\n        <a href=\"{{ $edit_url }}\">{{ $menu_label }}</a>\r\n    </td>\r\n    <td>\r\n        {{ $menu_icon }}\r\n    </td>\r\n    <td>\r\n        {{ $menu_menu_item_type_id }}\r\n    </td>\r\n    <td>\r\n        {{ $menu_description }}\r\n    </td>\r\n    <td>\r\n        <div class=\"btn-group\">\r\n            <a class=\"btn btn-xs text-muted\" href=\"{{ $edit_url }}\"><i class=\"fa fa-pencil\"></i> Edit</a>\r\n        </div>\r\n        <div class=\"btn-group\">\r\n            <a class=\"btn btn-xs text-muted\" href=\"#\" data-close-others=\"true\" data-toggle=\"dropdown\"><i class=\"fa fa-gear\"></i> Options</a>\r\n            <ul class=\"dropdown-menu pull-right\">\r\n                {{ $options }}\r\n            </ul>\r\n        </div>\r\n    </td>\r\n</tr>',0,1,8,'System','','2013-11-07 08:40:39',1,'2014-04-04 11:59:57',21930,0),(8,'field_group','admin/field_groups','fieldgroups','fg_id',1,'Field Groups','Field Groups','fa-fg',0,0,'contains list of field groups of modules of the system.',NULL,'',0,6,11,'Admin','','2014-02-05 07:38:43',1,'2014-02-05 14:01:41',1,0),(9,'dashboard','dashboard','','',0,'Dashboards','Dashboard','',0,0,'',NULL,'',0,0,0,'Dashboard','','2014-02-05 09:46:28',1,'2014-02-25 17:00:16',1,0),(10,'company','admin/company','users_company','company_id',0,'Company','Company','fa-sitemap',0,0,'Manage and list company names registered in the government.','<th width=\"8%\"></th>\r\n<th width=\"30%\">Company</th>\r\n<th width=\"45%\">Address</th>','<tr class=\"record\">\r\n    <td><input type=\"checkbox\" value=\"{{ $record_id }}\" class=\"record-checker checkboxes\"></td>\r\n\r\n    <td class=\"hidden-xs\"><a href=\"#\"><img src=\"data:image/png;base64,iVBORw0KGgoAAAANSUhEUgAAADAAAAAwCAYAAABXAvmHAAABF0lEQVRoge2UsQ7DIAxE+/+f4o3NCxsbIzufwC/QyYg4rVRC1GulG24gwPmegTxaa/2f9UAHIAA6AAHQAQiADkAAdAACoAMQAB2AAOgABEAH+BpAKaWLSE8pnb6ZSilLxe/w/BgghHAqJiI9xthba11Vu4gsAdzh+RFASml0xIr57tmaWuuYsyAxxlM3Vz0vA9Rah+lKtyy07bN1O56XAFS1q+qh6Dw/31e/993cjucSQM55HKEv5sfW8fm47dvc/V3PJQA7Qi9VHUHsXtv9zTkfxv5vsuN5+RG/6o5/cP6h2h/G9oUQtj1vBZivg8k6ZY/Tj/1dX/HcBvhVEQAtAqBFALQIgBYB0CIAWgRAiwBoEQAtAqD1BBs6m19czwjTAAAAAElFTkSuQmCC\" data-src=\"holder.js/48x48\" alt=\"48x48\" style=\"width: 48px; height: 48px;\"></a></td>\r\n    <td>\r\n        <a class=\"text-success\" href=\"{{ $edit_url }}\">{{ $users_company_company }}</a>\r\n        <br>\r\n        <span class=\"small\">{{ $users_company_company_code }}</span>\r\n    </td>\r\n    <td>\r\n            {{ $users_company_address }}<br>\r\n            {{ $users_company_city_id }}, {{ $users_company_country_id }} {{ $users_company_zipcode }}</td>\r\n    <td>\r\n        <div class=\"btn-group\">\r\n            <a class=\"btn btn-xs text-muted\" href=\"{{ $edit_url }}\"><i class=\"fa fa-pencil\"></i> Edit</a>\r\n        </div>\r\n        <div class=\"btn-group\">\r\n            <a class=\"btn btn-xs text-muted\" href=\"#\" data-close-others=\"true\" data-toggle=\"dropdown\"><i class=\"fa fa-gear\"></i> Options</a>\r\n            <ul class=\"dropdown-menu pull-right\">\r\n                {{ $options }}\r\n            </ul>\r\n        </div>\r\n    </td>\r\n</tr>',0,3,8,'Admin','User Manager','2014-02-08 09:54:46',1,'2014-05-12 11:37:24',1,0),(13,'field','admin/fields','fields','f_id',1,'Fields','Fields','fa-field',0,0,'fields','1','2',0,4,0,'Admin','','2014-02-11 06:02:41',1,'2014-02-20 14:20:41',1,0),(16,'group','admin/group','users_group','group_id',1,'Group','Group','fa-th-list',0,0,'Manage and list company group per department.','<th width=\"8%\" class=\"hidden-xs\"></th>\r\n<th width=\"30%\">Group</th>\r\n<th width=\"45%\">Group Code</th>','<tr class=\"record\">\r\n    <td>\r\n        <div>\r\n            <input type=\"checkbox\" class=\"record-checker checkboxes\" value=\"{{ $record_id }}\">\r\n        </div>\r\n    </td>\r\n    <td class=\"hidden-xs\">\r\n        <a href=\"{{ $edit_url }}\">\r\n            <img src=\"data:image/png;base64,iVBORw0KGgoAAAANSUhEUgAAADAAAAAwCAYAAABXAvmHAAABwUlEQVRoQ+2YvavCQBDEJ4KCinZ+VIIEOy3FkH/fSguxE9uIVUArCyH63ruDDTEYkzhCeLipjJcdb+a3e6LO6XT6wT++HDVQMT0lUDEAKAElQCagLUQGSJcrATpCUkAJkAHS5UqAjpAUUAJkgHT59xA4HA7Y7/cYDAaYzWY2OXlPYpxOpxgOh4VT/YRmIQL3+x2r1QqXyyU2EEURlsslWq0WFosFNpsNzuczfN9Hs9nMNfEpzUIGdrsdwjCE2XSv17ME/n5LY7vdxvfmmePxCEOh0WjYtXa7bc0l14RQWc0ssrkGZKOj0QhBEMQbziMgRDzPw3q9jkkZNO9qPsP60oBgrtVqmEwmD4kbMTFxu93gOM5D+2StMZqlDTxriyItJLgNBZN2cvBZzbSJTALJIUsXdToddLtd2/Pj8Riu68YnktxLm9TrdVyvVzsb/X4/Pgze0SxNIFmQHtpXQywbNa01n8/tCWVem4E2huQqo/n2EGd92LPvAUlf2iRNJ9lKyWGWtnylmXUu555CuQd6xQ+ogYoB6D9zVQNQAkqATUCPUTZBtl4JsAmy9UqATZCtVwJsgmy9EmATZOuVAJsgW/8L+6U4/9EQxOwAAAAASUVORK5CYII=\"\r\n            data-src=\"holder.js/48x48\" alt=\"48x48\" style=\"width: 48px; height: 48px;\">\r\n        </a>\r\n    </td>\r\n    <td class=\"hidden-xs\">\r\n        {{ $users_group_group }}\r\n    </td>\r\n<td class=\"hidden-xs\">\r\n        {{ $users_group_group_code }}\r\n    </td>\r\n    <td>\r\n        <div class=\"btn-group\">\r\n            <a class=\"btn btn-xs text-muted\" href=\"{{ $edit_url }}\"><i class=\"fa fa-pencil\"></i> Edit</a>\r\n        </div>\r\n        <div class=\"btn-group\">\r\n            <a class=\"btn btn-xs text-muted\" href=\"#\" data-close-others=\"true\" data-toggle=\"dropdown\"><i class=\"fa fa-gear\"></i> Options</a>\r\n            <ul class=\"dropdown-menu pull-right\">\r\n                {{ $options }}\r\n            </ul>\r\n        </div>\r\n    </td>\r\n</tr>\r\n',0,1,5,'Admin','User Manager','2014-02-11 06:31:58',1,'2014-03-25 16:03:15',1,0),(23,'user_manager','admin/user/manager','1','1',0,'User Manager','User Manager','',0,0,'user management and configuration section.','1','2',0,0,0,'Admin','User Manager','2014-02-11 07:18:16',1,'2015-12-14 16:32:55',1,0),(25,'division','admin/division','users_division','division_id',1,'Division','Division','fa-th-list',0,0,'Manage and list company divisions.','<th width=\"8%\" class=\"hidden-xs\"></th>\r\n<th width=\"35%\">Division</th>\r\n<th width=\"35%\">Immediate</th>','<tr class=\"record\">\r\n    <td>\r\n        <div>\r\n            <input type=\"checkbox\" class=\"record-checker checkboxes\" value=\"<?php echo $record_id; ?>\" />\r\n        </div>\r\n    </td>\r\n<td class=\"hidden-xs\">\r\n        <a href=\"<?php echo $edit_url; ?>\">\r\n            <img src=\"data:image/png;base64,iVBORw0KGgoAAAANSUhEUgAAADAAAAAwCAYAAABXAvmHAAABwUlEQVRoQ+2YvavCQBDEJ4KCinZ+VIIEOy3FkH/fSguxE9uIVUArCyH63ruDDTEYkzhCeLipjJcdb+a3e6LO6XT6wT++HDVQMT0lUDEAKAElQCagLUQGSJcrATpCUkAJkAHS5UqAjpAUUAJkgHT59xA4HA7Y7/cYDAaYzWY2OXlPYpxOpxgOh4VT/YRmIQL3+x2r1QqXyyU2EEURlsslWq0WFosFNpsNzuczfN9Hs9nMNfEpzUIGdrsdwjCE2XSv17ME/n5LY7vdxvfmmePxCEOh0WjYtXa7bc0l14RQWc0ssrkGZKOj0QhBEMQbziMgRDzPw3q9jkkZNO9qPsP60oBgrtVqmEwmD4kbMTFxu93gOM5D+2StMZqlDTxriyItJLgNBZN2cvBZzbSJTALJIUsXdToddLtd2/Pj8Riu68YnktxLm9TrdVyvVzsb/X4/Pgze0SxNIFmQHtpXQywbNa01n8/tCWVem4E2huQqo/n2EGd92LPvAUlf2iRNJ9lKyWGWtnylmXUu555CuQd6xQ+ogYoB6D9zVQNQAkqATUCPUTZBtl4JsAmy9UqATZCtVwJsgmy9EmATZOuVAJsgW/8L+6U4/9EQxOwAAAAASUVORK5CYII=\"\r\n            data-src=\"holder.js/48x48\" alt=\"48x48\" style=\"width: 48px; height: 48px;\">\r\n        </a>\r\n    </td>\r\n    <td>\r\n        <a id=\"users_division_division\" href=\"<?php echo $edit_url; ?>\" class=\"text-success\"><?php echo $users_division_division; ?></a>\r\n        <br>\r\n        <span id=\"users_division_division_code\" class=\"small\"><?php echo $users_division_division_code; ?></span>\r\n    </td>\r\n    <td class=\"hidden-xs\">\r\n        <span id=\"users_division_immediate_id;\"><?php echo $users_division_immediate_id; ?></span>\r\n        <br>\r\n        <span class=\"small\" id=\"users_division_position\"><?php echo $users_division_position; ?></span>\r\n    </td>\r\n    <td>\r\n        <div class=\"btn-group\">\r\n            <a class=\"btn btn-xs text-muted\" href=\"{{ $edit_url }}\"><i class=\"fa fa-pencil\"></i> Edit</a>\r\n        </div>\r\n        <div class=\"btn-group\">\r\n            <a class=\"btn btn-xs text-muted\" href=\"#\" data-close-others=\"true\" data-toggle=\"dropdown\"><i class=\"fa fa-gear\"></i> Options</a>\r\n            <ul class=\"dropdown-menu pull-right\">\r\n                {{ $options }}\r\n            </ul>\r\n        </div>\r\n    </td>\r\n</tr>',0,1,7,'Admin','User Manager','2014-02-11 08:13:26',1,'2014-10-13 19:50:05',1,0),(27,'work_calendar','time/calendar','time_work_calendar','work_calendar_id',0,'Work Calendar','Work Calendar Manager','fa-clock-o',0,0,'calendar of work schedules.','<div class=\"portlet-title\">\r\n<div class=\"caption\"> </div>\r\n</div>','<tr class=\"record\">\r\n    <td>\r\n        <div>\r\n            <input type=\"checkbox\" class=\"record-checker checkboxes\" value=\"{{ $record_id }}\">\r\n        </div>\r\n    </td>\r\n    <td class=\"hidden-xs\">\r\n        <a href=\"{{ $edit_url }}\">\r\n            <img src=\"data:image/png;base64,iVBORw0KGgoAAAANSUhEUgAAADAAAAAwCAYAAABXAvmHAAABwUlEQVRoQ+2YvavCQBDEJ4KCinZ+VIIEOy3FkH/fSguxE9uIVUArCyH63ruDDTEYkzhCeLipjJcdb+a3e6LO6XT6wT++HDVQMT0lUDEAKAElQCagLUQGSJcrATpCUkAJkAHS5UqAjpAUUAJkgHT59xA4HA7Y7/cYDAaYzWY2OXlPYpxOpxgOh4VT/YRmIQL3+x2r1QqXyyU2EEURlsslWq0WFosFNpsNzuczfN9Hs9nMNfEpzUIGdrsdwjCE2XSv17ME/n5LY7vdxvfmmePxCEOh0WjYtXa7bc0l14RQWc0ssrkGZKOj0QhBEMQbziMgRDzPw3q9jkkZNO9qPsP60oBgrtVqmEwmD4kbMTFxu93gOM5D+2StMZqlDTxriyItJLgNBZN2cvBZzbSJTALJIUsXdToddLtd2/Pj8Riu68YnktxLm9TrdVyvVzsb/X4/Pgze0SxNIFmQHtpXQywbNa01n8/tCWVem4E2huQqo/n2EGd92LPvAUlf2iRNJ9lKyWGWtnylmXUu555CuQd6xQ+ogYoB6D9zVQNQAkqATUCPUTZBtl4JsAmy9UqATZCtVwJsgmy9EmATZOuVAJsgW/8L+6U4/9EQxOwAAAAASUVORK5CYII=\"\r\n            data-src=\"holder.js/48x48\" alt=\"48x48\" style=\"width: 48px; height: 48px;\">\r\n        </a>\r\n    </td>\r\n    <td>\r\n        <a id=\"date_name\" href=\"{{ $edit_url }}\" class=\"text-success\">{{ $modules_long_name }}</a>\r\n        <br>\r\n        <span id=\"date_set\" class=\"small\">{{ $modules_mod_code }}</span>\r\n    </td>\r\n    <td class=\"hidden-xs\">\r\n        {{ $modules_description }}\r\n    </td>\r\n    <td>\r\n        <div class=\"btn-group\">\r\n            <a class=\"btn btn-xs text-muted\" href=\"{{ $edit_url }}\"><i class=\"fa fa-pencil\"></i> Edit</a>\r\n        </div>\r\n        <div class=\"btn-group\">\r\n            <a class=\"btn btn-xs text-muted\" href=\"#\" data-close-others=\"true\" data-toggle=\"dropdown\"><i class=\"fa fa-gear\"></i> Options</a>\r\n            <ul class=\"dropdown-menu pull-right\">\r\n                {{ $options }}\r\n            </ul>\r\n        </div>\r\n    </td>\r\n</tr>\r\n',0,0,0,'Time Records','','2014-02-20 08:04:44',1,'2014-03-27 16:33:08',1,0),(28,'my_calendar','account/calendar','time_forms','forms_id',1,'Calendar','My Calendar','fa-clock-o',0,0,'calendar of attendance.','my_calendar','my_calendar',0,3,9,'Account','','2014-02-20 08:31:23',1,'2014-03-25 16:11:17',1,0),(29,'dtr_processing','time/processing','time_period','period_id',1,'Processing','Processing','fa-clock-o',0,0,'calculation of timesheets.','<th width=\"10%\">Period</th>\r\n<th width=\"10%\"></th>\r\n<th width=\"30%\">Payroll</th>\r\n<th class=\"hidden-xs\" width=\"15%\">From</th>\r\n<th class=\"hidden-xs\" width=\"15%\">To</th>','<tr rel=\"{{ $record_id }}\">\r\n	<td>\r\n		<a class=\"text-success\" data-toggle=\"modal\" href=\"#process\" id=\"period_year\">{{ $period_year }}</a>\r\n		<br>\r\n		<span class=\"small text-muted\" id=\"period_month\">{{ $period_month }}</span>\r\n	</td>\r\n	<td>\r\n		<span class=\"small text-muted\" id=\"count\">{{ $proces_status }}</span>\r\n	</td>\r\n	<td>\r\n		<a class=\"text-success\" data-toggle=\"modal\" href=\"#process\" id=\"period_from\">{{ $payroll_date }}</a>\r\n		<br>\r\n		<span class=\"small text-muted\" id=\"company_name\">{{ $company }}</span>\r\n	</td>\r\n	<td class=\"hidden-xs\">\r\n		<span id=\"period_from\">{{ $date_from }} <span class=\"small text-muted\" id=\"period_from_dayname\">{{ $date_from_day }}</span></span>\r\n		<br>\r\n		<span class=\"small text-muted\" id=\"period_month\">{{ $date_from_year }}</span>\r\n	</td>\r\n	<td class=\"hidden-xs\">\r\n		<span id=\"period_to\">{{ $date_to }} <span class=\"small text-muted\" id=\"period_to_dayname\">{{ $date_to_day }}</span></span>\r\n		<br>\r\n		<span class=\"small text-muted\" id=\"period_month\">{{ $date_to_year }}</span>\r\n	</td>\r\n	<td>\r\n		<div class=\"btn-group\">\r\n            <a class=\"btn btn-xs text-muted\" href=\"{{ $quickedit_url }}\"><i class=\"fa fa-pencil\"></i> Edit</a>\r\n        </div>\r\n        <div class=\"btn-group\">\r\n            <a class=\"btn btn-xs text-muted\" href=\"#\" data-close-others=\"true\" data-toggle=\"dropdown\"><i class=\"fa fa-gear\"></i> Options</a>\r\n            <ul class=\"dropdown-menu pull-right\">\r\n                {{ $options }}\r\n            </ul>\r\n        </div>\r\n	    </td>\r\n</tr>',0,4,5,'Time Records','','2014-02-26 09:02:58',1,'2014-04-03 15:24:26',1,0),(30,'signatories','admin/signatories','approver_class','approver_class_id',1,'Signatories','Signatory Settings','fa-cogs',0,0,'signatory manager and settings','1','2',0,0,0,'Admin','','2014-02-26 09:04:53',1,'2014-04-14 14:01:44',1,0),(31,'timerecord','time/timerecords','time_record','record_id',1,'Time Records','Time Records','',0,0,'timesheets.','<th width=\"1%\" class=\"hidden-xs\"><i class=\"fa fa-align-justify\"></i></th>\r\n<th width=\"1%\" class=\"\"> </th>\r\n<th width=\"1%\" class=\"\"> </th>\r\n<th width=\"15%\">Date</th>\r\n<th width=\"15%\">IN</th>\r\n<th width=\"15%\">OUT</th>\r\n<th width=\"1%\" class=\"hidden-xs\"> </th>\r\n<th width=\"10%\" class=\"hidden-xs\">Late</th>\r\n<th width=\"10%\" class=\"hidden-xs\">Under</th>\r\n<th width=\"10%\" class=\"hidden-xs\">OT</th>','<tr rel=\"3\">\r\n    <td class=\"hidden-xs\" style=\"border-right: 1px solid #eeeeee\">\r\n         \r\n    </td>\r\n    <td class=\"\" style=\"border-right: 1px solid #eeeeee\">\r\n        <span data-original-title=\"Logs\" data-content=\"You have incured 31 minutes of late, kindly file necessary form application\" data-placement=\"right\" data-trigger=\"hover\" class=\"popovers\">\r\n			<i class=\"fa fa-bell-o\"></i>\r\n		</span>\r\n    </td>\r\n    <td class=\"\">\r\n         </td>\r\n    <td>\r\n        <span id=\"time_name\">Jan-3</span>  <span class=\"small text-muted\">Fri</span>\r\n        <br>\r\n        <span class=\"small text-muted\">9-6pm</span>\r\n    </td>\r\n    <td class=\"\">\r\n        <span class=\"\" id=\"time_in\">9:31 <span class=\"small text-muted\">am</span></span>\r\n        <span class=\"small\" style=\"cursor:pointer\"><i class=\"fa fa-pencil fa-border text-danger\" data-toggle=\"modal\" href=\"#cws_form\"></i></span>\r\n    </td>\r\n\r\n    <td class=\"\">\r\n        <span class=\"\" id=\"time_out\">6:05 <span class=\"small text-muted\">pm</span></span>\r\n    </td>\r\n    <td class=\"hidden-xs\" style=\"border-left:1px solid #eeeeee\">\r\n        <span id=\"\"> </span>\r\n    </td>\r\n    <td class=\"hidden-xs\">\r\n        31 <span class=\"small text-muted\">mins</span>\r\n    </td>\r\n    <td class=\"hidden-xs\">\r\n        1 <span class=\"small text-muted\">min</span>\r\n    </td>\r\n    <td class=\"hidden-xs\">\r\n        1.25 <span class=\"small text-muted\">hrs</span>\r\n    </td>\r\n    <td class=\"hidden-xs\">\r\n        <div class=\"btn-group\">\r\n            <a class=\"btn btn-xs text-muted\" href=\"#\" data-close-others=\"true\" data-hover=\"dropdown\" data-toggle=\"dropdown-toggle\"><i class=\"fa fa-pencil\"></i> Leave</a>\r\n            <ul class=\"dropdown-menu pull-right\">\r\n                <li class=\"small\"><a data-toggle=\"modal\" href=\"#sl_form\"><i class=\"fa fa-medkit\"></i> Sick Leave</a>\r\n                </li>\r\n                <li class=\"small\"><a data-toggle=\"modal\" href=\"#vl_form\"><i class=\"fa fa-plane\"></i> Vacation Leave</a>\r\n                </li>\r\n                <li class=\"divider\"></li>\r\n                <li class=\"small\"><a data-toggle=\"modal\" href=\"#el_form\"><i class=\"fa fa-ambulance\"></i> Emergency</a>\r\n                </li>\r\n                <li class=\"small\"><a data-toggle=\"modal\" href=\"#bl_form\"><i class=\"fa fa-plus-square\"></i> Bereavement</a>\r\n                </li>\r\n                <li class=\"divider\"></li>\r\n                <li class=\"small\"><a data-toggle=\"modal\" href=\"#m_form\"><i class=\"fa fa-stethoscope\"></i> Maternity</a>\r\n                </li>\r\n                <li class=\"small\"><a data-toggle=\"modal\" href=\"#p_form\"><i class=\"fa fa-hospital\"></i> Paternity</a>\r\n                </li>\r\n            </ul>\r\n        </div>\r\n        <div class=\"btn-group\">\r\n            <a class=\"btn btn-xs text-muted\" href=\"#\" data-close-others=\"true\" data-hover=\"dropdown\" data-toggle=\"dropdown-toggle\"><i class=\"fa fa-pencil\"></i> Others</a>\r\n            <ul class=\"dropdown-menu pull-right\">\r\n                <li class=\"small\"><a data-toggle=\"modal\" href=\"#cws_form\"><i class=\"fa fa-clock-o\"></i> Change Work</a>\r\n                </li>\r\n                <li class=\"small\"><a data-toggle=\"modal\" href=\"#bt_form\"><i class=\"fa fa-plane\"></i> Business Trip</a>\r\n                </li>\r\n                <li class=\"divider\"></li>\r\n                <li class=\"small\"><a data-toggle=\"modal\" href=\"#bt_form\"><i class=\"fa fa-money\"></i> Overtime</a>\r\n                </li>\r\n                <li class=\"small\"><a data-toggle=\"modal\" href=\"#ut_form\"><i class=\"fa fa-files-o\"></i> Undertime</a>\r\n                </li>\r\n                <li class=\"small\"><a href=\"#\"><i class=\"fa fa-clock-o\"></i> Dispute</a>\r\n                </li>\r\n            </ul>\r\n        </div>\r\n    </td>\r\n</tr>',0,4,21,'Time Records','','2014-02-27 06:25:54',1,'2014-06-26 04:14:22',1,0),(32,'emailer','emailer','email_queue','timein',1,'Outgoing Emails','Outgoing Emails','fa-mail',0,0,'Outgoing emails','','',0,0,0,'Admin','','2014-02-28 02:27:42',1,'2014-04-30 13:35:00',1,0),(33,'position','admin/user/position','users_position','position_id',1,'Position','Position','fa-suitcase',0,0,'Manage and list company positions. Employees are linked to positions, and all of the data elements, both job code and position-related, are defaulted to their job data records.','<th width=\"8%\" class=\"hidden-xs\"></th>\r\n<th width=\"35%\">Position</th>\r\n<th width=\"35%\">Immediate</th>','<tr class=\"record\">\r\n    <td>\r\n        <div>\r\n            <input type=\"checkbox\" class=\"record-checker checkboxes\" value=\"<?php echo $record_id; ?>\" />\r\n        </div>\r\n    </td>\r\n<td class=\"hidden-xs\">\r\n        <a href=\"<?php echo $edit_url; ?>\">\r\n            <img src=\"data:image/png;base64,iVBORw0KGgoAAAANSUhEUgAAADAAAAAwCAYAAABXAvmHAAABwUlEQVRoQ+2YvavCQBDEJ4KCinZ+VIIEOy3FkH/fSguxE9uIVUArCyH63ruDDTEYkzhCeLipjJcdb+a3e6LO6XT6wT++HDVQMT0lUDEAKAElQCagLUQGSJcrATpCUkAJkAHS5UqAjpAUUAJkgHT59xA4HA7Y7/cYDAaYzWY2OXlPYpxOpxgOh4VT/YRmIQL3+x2r1QqXyyU2EEURlsslWq0WFosFNpsNzuczfN9Hs9nMNfEpzUIGdrsdwjCE2XSv17ME/n5LY7vdxvfmmePxCEOh0WjYtXa7bc0l14RQWc0ssrkGZKOj0QhBEMQbziMgRDzPw3q9jkkZNO9qPsP60oBgrtVqmEwmD4kbMTFxu93gOM5D+2StMZqlDTxriyItJLgNBZN2cvBZzbSJTALJIUsXdToddLtd2/Pj8Riu68YnktxLm9TrdVyvVzsb/X4/Pgze0SxNIFmQHtpXQywbNa01n8/tCWVem4E2huQqo/n2EGd92LPvAUlf2iRNJ9lKyWGWtnylmXUu555CuQd6xQ+ogYoB6D9zVQNQAkqATUCPUTZBtl4JsAmy9UqATZCtVwJsgmy9EmATZOuVAJsgW/8L+6U4/9EQxOwAAAAASUVORK5CYII=\"\r\n            data-src=\"holder.js/48x48\" alt=\"48x48\" style=\"width: 48px; height: 48px;\">\r\n        </a>\r\n    </td>\r\n    <td>\r\n        <a id=\"users_position_position\" href=\"<?php echo $edit_url; ?>\" class=\"text-success\"><?php echo $users_position_position; ?></a>\r\n        <br>\r\n        <span id=\"users_position_position_code\" class=\"small\"><?php echo $users_position_position_code; ?></span>\r\n    </td>\r\n    <td class=\"hidden-xs\">\r\n        <span id=\"users_position_immediate_id;\"><?php echo $users_position_immediate_id; ?></span>\r\n        <br>\r\n        <span class=\"small\" id=\"users_position_immediate_position\"><?php echo $users_position_immediate_position; ?></span>\r\n    </td>\r\n    <td>\r\n        <div class=\"btn-group\">\r\n            <a class=\"btn btn-xs text-muted\" href=\"{{ $edit_url }}\"><i class=\"fa fa-pencil\"></i> Edit</a>\r\n        </div>\r\n        <div class=\"btn-group\">\r\n            <a class=\"btn btn-xs text-muted\" href=\"#\" data-close-others=\"true\" data-toggle=\"dropdown\"><i class=\"fa fa-gear\"></i> Options</a>\r\n            <ul class=\"dropdown-menu pull-right\">\r\n                {{ $options }}\r\n            </ul>\r\n        </div>\r\n    </td>\r\n</tr>',0,7,9,'Admin','User Manager','2014-03-19 08:23:47',1,'2014-03-25 15:40:42',1,0),(34,'department','admin/user/department','users_department','department_id',0,'Department','Department','fa-th-list',0,0,'Manage and list company department per division.','<th width=\"8%\" class=\"hidden-xs\"></th>\r\n<th width=\"30%\">Department</th>\r\n<th width=\"45%\">Immediate</th>','<tr class=\"record\">\r\n    <td>\r\n        <div>\r\n            <input type=\"checkbox\" class=\"record-checker checkboxes\" value=\"<?php echo $record_id; ?>\" />\r\n        </div>\r\n    </td>\r\n<td class=\"hidden-xs\">\r\n        <a href=\"<?php echo $edit_url; ?>\">\r\n            <img src=\"data:image/png;base64,iVBORw0KGgoAAAANSUhEUgAAADAAAAAwCAYAAABXAvmHAAABwUlEQVRoQ+2YvavCQBDEJ4KCinZ+VIIEOy3FkH/fSguxE9uIVUArCyH63ruDDTEYkzhCeLipjJcdb+a3e6LO6XT6wT++HDVQMT0lUDEAKAElQCagLUQGSJcrATpCUkAJkAHS5UqAjpAUUAJkgHT59xA4HA7Y7/cYDAaYzWY2OXlPYpxOpxgOh4VT/YRmIQL3+x2r1QqXyyU2EEURlsslWq0WFosFNpsNzuczfN9Hs9nMNfEpzUIGdrsdwjCE2XSv17ME/n5LY7vdxvfmmePxCEOh0WjYtXa7bc0l14RQWc0ssrkGZKOj0QhBEMQbziMgRDzPw3q9jkkZNO9qPsP60oBgrtVqmEwmD4kbMTFxu93gOM5D+2StMZqlDTxriyItJLgNBZN2cvBZzbSJTALJIUsXdToddLtd2/Pj8Riu68YnktxLm9TrdVyvVzsb/X4/Pgze0SxNIFmQHtpXQywbNa01n8/tCWVem4E2huQqo/n2EGd92LPvAUlf2iRNJ9lKyWGWtnylmXUu555CuQd6xQ+ogYoB6D9zVQNQAkqATUCPUTZBtl4JsAmy9UqATZCtVwJsgmy9EmATZOuVAJsgW/8L+6U4/9EQxOwAAAAASUVORK5CYII=\"\r\n            data-src=\"holder.js/48x48\" alt=\"48x48\" style=\"width: 48px; height: 48px;\">\r\n        </a>\r\n    </td>\r\n    <td>\r\n        <a id=\"users_department_department\" href=\"<?php echo $edit_url; ?>\" class=\"text-success\"><?php echo $users_department_department; ?></a>\r\n        <br>\r\n        <span id=\"users_department_department_code\" class=\"small\"><?php echo $users_department_department_code; ?></span>\r\n    </td>\r\n    <td class=\"hidden-xs\">\r\n        <span id=\"users_department_immediate_id;\"><?php echo $users_department_immediate_id; ?></span>\r\n        <br>\r\n        <span class=\"small\" id=\"users_department_immediate_position\"><?php echo $users_department_immediate_position; ?></span>\r\n    </td>\r\n    <td>\r\n        <div class=\"btn-group\">\r\n            <a class=\"btn btn-xs text-muted\" href=\"{{ $edit_url }}\"><i class=\"fa fa-pencil\"></i> Edit</a>\r\n        </div>\r\n        <div class=\"btn-group\">\r\n            <a class=\"btn btn-xs text-muted\" href=\"#\" data-close-others=\"true\" data-toggle=\"dropdown\"><i class=\"fa fa-gear\"></i> Options</a>\r\n            <ul class=\"dropdown-menu pull-right\">\r\n                {{ $options }}\r\n            </ul>\r\n        </div>\r\n    </td>\r\n</tr>',0,3,6,'Admin','User Manager','2014-03-21 04:50:26',1,'2014-03-25 15:45:58',1,0),(35,'job_title','admin/user/jobtitle','users_job_title','job_title_id',1,'Job Title','Job Title','fa-edit',0,0,'Manage and list job title that includes brief description of a position held by an employee.','<th width=\"8%\" class=\"hidden-xs\"></th>\r\n<th width=\"45%\">Job Title</th>\r\n<th width=\"25%\">Active</th>','<tr class=\"record\">\r\n    <td>\r\n        <div>\r\n            <input type=\"checkbox\" class=\"record-checker checkboxes\" value=\"<?php echo $record_id; ?>\" />\r\n        </div>\r\n    </td>\r\n<td class=\"hidden-xs\">\r\n        <a href=\"<?php echo $edit_url; ?>\">\r\n            <img src=\"data:image/png;base64,iVBORw0KGgoAAAANSUhEUgAAADAAAAAwCAYAAABXAvmHAAABwUlEQVRoQ+2YvavCQBDEJ4KCinZ+VIIEOy3FkH/fSguxE9uIVUArCyH63ruDDTEYkzhCeLipjJcdb+a3e6LO6XT6wT++HDVQMT0lUDEAKAElQCagLUQGSJcrATpCUkAJkAHS5UqAjpAUUAJkgHT59xA4HA7Y7/cYDAaYzWY2OXlPYpxOpxgOh4VT/YRmIQL3+x2r1QqXyyU2EEURlsslWq0WFosFNpsNzuczfN9Hs9nMNfEpzUIGdrsdwjCE2XSv17ME/n5LY7vdxvfmmePxCEOh0WjYtXa7bc0l14RQWc0ssrkGZKOj0QhBEMQbziMgRDzPw3q9jkkZNO9qPsP60oBgrtVqmEwmD4kbMTFxu93gOM5D+2StMZqlDTxriyItJLgNBZN2cvBZzbSJTALJIUsXdToddLtd2/Pj8Riu68YnktxLm9TrdVyvVzsb/X4/Pgze0SxNIFmQHtpXQywbNa01n8/tCWVem4E2huQqo/n2EGd92LPvAUlf2iRNJ9lKyWGWtnylmXUu555CuQd6xQ+ogYoB6D9zVQNQAkqATUCPUTZBtl4JsAmy9UqATZCtVwJsgmy9EmATZOuVAJsgW/8L+6U4/9EQxOwAAAAASUVORK5CYII=\"\r\n            data-src=\"holder.js/48x48\" alt=\"48x48\" style=\"width: 48px; height: 48px;\">\r\n        </a>\r\n    </td>\r\n    <td>\r\n        <a id=\"users_job_title_job_title\" href=\"<?php echo $edit_url; ?>\" class=\"text-success\"><?php echo $users_job_title_job_title; ?></a>\r\n        <br>\r\n        <span id=\"users_job_title_job_title_code\" class=\"small\"><?php echo $users_job_title_job_title_code; ?></span>\r\n    </td>\r\n    <td class=\"hidden-xs\">\r\n        <span id=\"users_job_title_status_id;\"><?php echo $users_job_title_status_id; ?></span>\r\n    </td>\r\n    <td>\r\n        <div class=\"btn-group\">\r\n            <a class=\"btn btn-xs text-muted\" href=\"{{ $edit_url }}\"><i class=\"fa fa-pencil\"></i> Edit</a>\r\n        </div>\r\n        <div class=\"btn-group\">\r\n            <a class=\"btn btn-xs text-muted\" href=\"#\" data-close-others=\"true\" data-toggle=\"dropdown\"><i class=\"fa fa-gear\"></i> Options</a>\r\n            <ul class=\"dropdown-menu pull-right\">\r\n                {{ $options }}\r\n            </ul>\r\n        </div>\r\n    </td>\r\n</tr>',0,3,3,'Admin','User Manager','2014-03-21 07:58:11',1,'2015-12-11 14:29:55',1,0),(36,'holiday','admin/time/holiday','time_holiday','holiday_id',1,'Holiday','Holiday','',0,0,'','1','1',0,2,4,'Admin','Time Records','2014-03-25 05:11:29',1,'2014-03-26 15:35:29',1,0),(37,'shift','admin/time/shift','time_shift','shift_id',1,'Shift','Shift','',0,0,'shift manage.','<th width=\"28%\">Shift</th>\r\n<th width=\"20%\">From</th>\r\n<th width=\"20%\">To</th>\r\n<th width=\"15%\">Color</th>','<tr rel=\"1\">\r\n	<td>\r\n        <div>\r\n            <input type=\"checkbox\" class=\"record-checker checkboxes\" value=\"<?php echo $record_id; ?>\" />\r\n        </div>\r\n    </td>\r\n	\r\n	<td>\r\n		<a id=\"time_shift_shift\" href=\"<?php echo $edit_url; ?>\" class=\"text-success\"><?php echo $time_shift_shift; ?></a>\r\n	</td>\r\n	<td><span id=\"time_shift_time_start;\"><?php echo $time_shift_time_start; ?></span>\r\n	</td>\r\n	<td><span id=\"time_shift_time_end;\"><?php echo $time_shift_time_end; ?></span></td>\r\n	<td class=\"hidden-xs\"> <span id=\"time_shift_color;\" class=\"badge\" style=\"background-color:<?php echo $time_shift_color; ?>;\"><?php echo $time_shift_color; ?></span></td>\r\n	<td>\r\n		<div class=\"btn-group\">\r\n			<a id=\"goedit\" href=\"#\" class=\"btn btn-xs text-muted\"><i class=\"fa fa-pencil\"></i> Edit</a>\r\n		</div>\r\n		<div class=\"btn-group\">\r\n			<a href=\"\" class=\"btn btn-xs text-muted\"><i class=\"fa fa-trash-o\"></i> Delete</a>\r\n		</div>\r\n	</td>\r\n</tr>',0,2,10,'Admin','Time Records','2014-03-27 02:14:45',1,'2014-03-27 11:17:01',1,0),(38,'my201','account/profile','partners','partner_id',0,'My 201','My 201','',0,0,'Partner\'s 201 Profile','test','test',0,3,20,'Account','','2014-03-28 01:05:29',1,'2014-10-14 11:18:48',1,0),(39,'weeklyshift','admin/time/weeklyshift','time_shift_weekly','calendar_id',1,'Weekly Shift','Weekly Shift','',0,0,'','<th width=\"20%\">Shift Name</th>\r\n<th width=\"30%\" class=\"hidden-xs\">Working Days</th>\r\n<th width=\"20%\" class=\"hidden-xs\">Restday/s</th>','<tr rel=\"1\">\r\n	<td>\r\n        <div>\r\n            <input type=\"checkbox\" class=\"record-checker checkboxes\" value=\"<?php echo $record_id; ?>\" />\r\n        </div>\r\n    </td>\r\n	<td>\r\n		<a id=\"time_shift_shift\" href=\"<?php echo $edit_url; ?>\" class=\"text-success\">{{ $time_shift_weekly_calendar; }}</a>\r\n\r\n	</td>\r\n	<td class=\"hidden-xs small\">{{ $time_shift_weekly_workingdays; }}</td>\r\n	<td class=\"hidden-xs small\">{{ $time_shift_weekly_restdays; }}</td>\r\n	<td>\r\n        <div class=\"btn-group\">\r\n            <a class=\"btn btn-xs text-muted\" href=\"{{ $edit_url }}\"><i class=\"fa fa-pencil\"></i> Edit</a>\r\n        </div>\r\n        <div class=\"btn-group\">\r\n            <a class=\"btn btn-xs text-muted\" href=\"#\" data-close-others=\"true\" data-toggle=\"dropdown\"><i class=\"fa fa-gear\"></i> Options</a>\r\n            <ul class=\"dropdown-menu pull-right\">\r\n                {{ $options }}\r\n            </ul>\r\n        </div>\r\n    </td>\r\n</tr>',0,2,1,'Admin','Time Records','2014-03-28 05:24:08',1,'2014-03-27 18:02:14',1,0),(40,'employment_status','admin/partner/status','partners_employment_status','employment_status_id',0,'Employment Status','Employment Status','',0,0,'Employment Status','<th width=\"35%\">Status</th>\r\n<th width=\"35%\">Active</th>','<tr rel=\"1\">\r\n<td><input type=\"checkbox\" class=\"record-checker checkboxes\" value=\"{{ $record_id }}\" /></td>\r\n\r\n    <td class=\"hidden-xs\">\r\n        {{ $partners_employment_status_employment_status }}\r\n    </td>\r\n<td class=\"hidden-xs\">\r\n       <span class=\"badge @if($partners_employment_status_active == \'Yes\') badge-success @endif\"> {{ $partners_employment_status_active }} </span>\r\n    </td>\r\n    <td>\r\n        <div class=\"btn-group\">\r\n            <a class=\"btn btn-xs text-muted\" href=\"{{ $edit_url }}\"><i class=\"fa fa-pencil\"></i> Edit</a>\r\n        </div>\r\n        <div class=\"btn-group\">\r\n            <a class=\"btn btn-xs text-muted\" href=\"#\" data-close-others=\"true\" data-toggle=\"dropdown\"><i class=\"fa fa-gear\"></i> Options</a>\r\n            <ul class=\"dropdown-menu pull-right\">\r\n                {{ $options }}\r\n            </ul>\r\n        </div>\r\n    </td>\r\n</tr>',0,1,2,'Admin','User Manager','2014-03-29 01:23:14',1,'2014-03-28 10:19:26',1,0),(41,'birthdays','birthdays','users_profile','user_id',0,'Birthdays','Birthdays','',0,0,'Birthdays','birthdays','birthdays',0,0,0,'Dashboard','','2014-03-29 06:07:15',1,'2014-03-28 15:04:12',1,0),(42,'form_application','time/application','time_forms','forms_id',0,'Application','Application','',0,0,'','<th width=\"22%\">Form Type</th>\r\n<th width=\"20%\" class=\"hidden-xs\">From</th>\r\n<th width=\"20%\" class=\"hidden-xs\">To</th>\r\n<th width=\"18%\" class=\"hidden-xs\">Status</th>\r\n','<tr rel=\"1\">\r\n    <td>\r\n        <div>\r\n            <input type=\"checkbox\" class=\"record-checker checkboxes\" value=\"<?php echo $record_id; ?>\" />\r\n        </div>\r\n    </td>\r\n    <td>\r\n        <span class=\"text-info\">{{ $time_form_form }}</span><br>\r\n        <span class=\"text-muted small\"><?php echo date(\"F d, Y\",strtotime($time_forms_created_on)); ?></span>\r\n    </td>\r\n    <td class=\"hidden-xs\"><?php echo date(\"M-d\",strtotime($time_forms_date_from)); ?> <span class=\"text-muted small\"><?php echo date(\"D\",strtotime($time_forms_date_from)); ?></span><br>\r\n        <span class=\"text-muted small\"><?php echo date(\"Y\",strtotime($time_forms_date_from)); ?></span>\r\n    </td>\r\n    <td class=\"hidden-xs\"><?php echo date(\"M-d\",strtotime($time_forms_date_to)); ?> <span class=\"text-muted small\"><?php echo date(\"D\",strtotime($time_forms_date_to)); ?></span><br>\r\n        <span class=\"text-muted small\"><?php echo date(\"Y\",strtotime($time_forms_date_to)); ?></span>\r\n    </td>\r\n    \r\n    <td class=\"hidden-xs\">\r\n        <span class=\"badge badge-success\">{{ $time_form_status_form_status }}</span>\r\n    </td>\r\n    <td>\r\n        <div class=\"btn-group\">\r\n            <a class=\"btn btn-xs text-muted\" href=\"{{ $edit_url }}\"><i class=\"fa fa-pencil\"></i> Edit</a>\r\n        </div>\r\n        <div class=\"btn-group\">\r\n            <a class=\"btn btn-xs text-muted\" href=\"#\" data-close-others=\"true\" data-toggle=\"dropdown\"><i class=\"fa fa-gear\"></i> Options</a>\r\n            <ul class=\"dropdown-menu pull-right\">\r\n                {{ $options }}\r\n            </ul>\r\n        </div>\r\n    </td>\r\n</tr>\r\n',0,6,18,'Time Records','','2014-04-02 07:19:44',1,'2014-04-08 11:01:39',1,0),(43,'partners','partners/list','users','user_id',1,'Partners','Partners','fa-user',0,0,'Manage and list application partners. ','<th width=\"8%\"></th>\r\n<th width=\"30%\">Partner</th>\r\n<th class=\"hidden-xs\" width=\"30%\">Email</th>\r\n<th width=\"15%\">Type</th>','<tr class=\"record\">\r\n    <td class=\"hidden-xs\"><input type=\"checkbox\" value=\"{{ $record_id }}\" class=\"record-checker checkboxes\"></td>\r\n    <td>\r\n        @if( !empty($users_profile_photo) )\r\n            <a href=\"#\"><img src=\"{{ $users_profile_photo }}\"></a>\r\n        @else\r\n            <a href=\"#\"><img src=\"{{ base_url(\'assets/img/avatar.png\') }}\"></a>\r\n        @endif\r\n    </td>\r\n    <td>\r\n        <a href=\"{{ $detail_url }}\" id=\"date_name\">{{ $users_profile_firstname }} {{ $users_profile_lastname }}</a>\r\n        <br>\r\n        <span class=\"small\" id=\"date_set\">{{ $users_profile_position_id }}</span>\r\n    </td>\r\n    <td class=\"hidden-xs\">{{ $users_email }}</td>\r\n    <td>\r\n        @if( $users_active == \'Yes\' )\r\n            <span class=\"badge badge-success\">active</span>\r\n        @else\r\n            <span class=\"badge badge-error\">inactive</span>\r\n        @endif\r\n    </td>\r\n    <td>\r\n        <div class=\"btn-group\">\r\n            <a class=\"btn btn-xs text-muted\" href=\"{{ $edit_url }}\"><i class=\"fa fa-pencil\"></i> Edit</a>\r\n        </div>\r\n        <div class=\"btn-group\">\r\n            <a class=\"btn btn-xs text-muted\" href=\"#\" data-close-others=\"true\" data-toggle=\"dropdown\"><i class=\"fa fa-gear\"></i> Options</a>\r\n            <ul class=\"dropdown-menu pull-right\">\r\n                {{ $options }}\r\n            </ul>\r\n        </div>\r\n    </td>\r\n</tr>',0,9,10,'Partners','','2014-04-05 00:37:59',1,'2014-04-24 16:48:47',1,0),(44,'form_application_manage','time/applicationmanage','time_forms','forms_id',0,'Application Manage','Application Manage','',0,0,'','<th width=\"22%\">Form Type</th>\r\n<th width=\"20%\" class=\"hidden-xs\">From</th>\r\n<th width=\"20%\" class=\"hidden-xs\">To</th>\r\n<th width=\"18%\" class=\"hidden-xs\">Status</th>\r\n','<tr rel=\"1\">\r\n    <td>\r\n        <div>\r\n            <input type=\"checkbox\" class=\"record-checker checkboxes\" value=\"<?php echo $record_id; ?>\" />\r\n        </div>\r\n    </td>\r\n    <td>\r\n        <span class=\"text-info\">{{ $time_form_form }}</span><br>\r\n        <span class=\"text-muted small\"><?php echo date(\"F d, Y\",strtotime($time_forms_created_on)); ?></span>\r\n    </td>\r\n    <td class=\"hidden-xs\"><?php echo date(\"M-d\",strtotime($time_forms_date_from)); ?> <span class=\"text-muted small\"><?php echo date(\"D\",strtotime($time_forms_date_from)); ?></span><br>\r\n        <span class=\"text-muted small\"><?php echo date(\"Y\",strtotime($time_forms_date_from)); ?></span>\r\n    </td>\r\n    <td class=\"hidden-xs\"><?php echo date(\"M-d\",strtotime($time_forms_date_to)); ?> <span class=\"text-muted small\"><?php echo date(\"D\",strtotime($time_forms_date_to)); ?></span><br>\r\n        <span class=\"text-muted small\"><?php echo date(\"Y\",strtotime($time_forms_date_to)); ?></span>\r\n    </td>\r\n    \r\n    <td class=\"hidden-xs\">\r\n        <span class=\"badge badge-success\">{{ $time_form_status_form_status }}</span>\r\n    </td>\r\n    <td>\r\n        <div class=\"btn-group\">\r\n            <a class=\"btn btn-xs text-muted\" href=\"{{ $edit_url }}\"><i class=\"fa fa-pencil\"></i> Edit</a>\r\n        </div>\r\n        <div class=\"btn-group\">\r\n            <a class=\"btn btn-xs text-muted\" href=\"#\" data-close-others=\"true\" data-toggle=\"dropdown\"><i class=\"fa fa-gear\"></i> Options</a>\r\n            <ul class=\"dropdown-menu pull-right\">\r\n                {{ $options }}\r\n            </ul>\r\n        </div>\r\n    </td>\r\n</tr>\r\n',0,0,0,'Time Records','','2014-04-16 02:11:13',1,'2014-06-24 13:51:16',1,0),(45,'partners_immediate','partners/immediate','users','user_id',0,'Partners Immediate','Partners Immediate','fa-user',0,0,'List of subordinates. ','<th width=\"8%\"></th>\r\n<th width=\"30%\">Partner</th>\r\n<th class=\"hidden-xs\" width=\"30%\">Email</th>\r\n<th width=\"15%\">Type</th>','<tr class=\"record\">\r\n    <td class=\"hidden-xs\"><input type=\"checkbox\" value=\"{{ $record_id }}\" class=\"record-checker checkboxes\"></td>\r\n    <td>\r\n        @if( !empty($users_profile_photo) )\r\n            <a href=\"#\"><img src=\"{{ $users_profile_photo }}\"></a>\r\n        @else\r\n            <a href=\"#\"><img src=\"{{ base_url(\'assets/img/avatar.png\') }}\"></a>\r\n        @endif\r\n    </td>\r\n    <td>\r\n        <a href=\"{{ $detail_url }}\" id=\"date_name\">{{ $users_profile_firstname }} {{ $users_profile_lastname }}</a>\r\n        <br>\r\n        <span class=\"small\" id=\"date_set\">{{ $users_profile_position_id }}</span>\r\n    </td>\r\n    <td class=\"hidden-xs\">{{ $users_email }}</td>\r\n    <td>\r\n        @if( $users_active == \'Yes\' )\r\n            <span class=\"badge badge-success\">active</span>\r\n        @else\r\n            <span class=\"badge badge-error\">inactive</span>\r\n        @endif\r\n    </td>\r\n    <td>\r\n        <div class=\"btn-group\">\r\n            <a class=\"btn btn-xs text-muted\" href=\"{{ $edit_url }}\"><i class=\"fa fa-pencil\"></i> Edit</a>\r\n        </div>\r\n        <div class=\"btn-group\">\r\n            <a class=\"btn btn-xs text-muted\" href=\"#\" data-close-others=\"true\" data-toggle=\"dropdown\"><i class=\"fa fa-gear\"></i> Options</a>\r\n            <ul class=\"dropdown-menu pull-right\">\r\n                {{ $options }}\r\n            </ul>\r\n        </div>\r\n    </td>\r\n</tr>',0,0,0,'Partners','','2014-04-24 01:53:16',1,'2014-04-23 10:55:14',1,0),(46,'dtr_uploader','dtr/uploader','dtr_raw','id',0,'DTR Uploader','DTR Uploader','',0,0,'','1','2',0,0,0,'Time Records','','2014-05-01 07:43:29',1,'2014-04-30 16:44:45',1,0),(47,'transaction_class','payroll/transaction_class','payroll_transaction_class','transaction_class_id',1,'Transaction Class','Transaction Class','fa-folder',0,0,'Transaction Class','<th width=\"25%\">Class Code</th>\r\n<th width=\"30%\">Class Name</th>','<tr class=\"record\">\r\n    <td>\r\n        <div>\r\n            <input type=\"checkbox\" class=\"record-checker checkboxes\" value=\"{{ $record_id }}\">\r\n        </div>\r\n    </td>\r\n    <td>\r\n        <span class=\"text-success\">{{ $payroll_transaction_class_transaction_class_code }}</span>\r\n    </td>\r\n    <td>\r\n        {{ $payroll_transaction_class_transaction_class }}\r\n    </td>\r\n    <td>\r\n        <div class=\"btn-group\">\r\n            <a class=\"btn btn-xs text-muted\" href=\"{{ $edit_url }}\"><i class=\"fa fa-pencil\"></i> Edit</a>\r\n        </div>\r\n        <div class=\"btn-group\">\r\n            <a class=\"btn btn-xs text-muted\" href=\"#\" data-close-others=\"true\" data-toggle=\"dropdown\"><i class=\"fa fa-gear\"></i> Options</a>\r\n            <ul class=\"dropdown-menu pull-right\">\r\n                {{ $options }}\r\n            </ul>\r\n        </div>\r\n    </td>\r\n</tr>',0,1,3,'Admin','Payroll Manager','2014-05-07 04:46:51',1,'2014-05-06 14:34:50',1,0),(48,'payroll_transactions','payroll/transactions','payroll_transaction','transaction_id',1,'Transaction Lists','Transaction Lists','fa-folder',0,0,'','<th width=\"25%\">Transaction Code</th>\r\n<th width=\"25%\">Transaction Label</th>\r\n<th width=\"25%\">Transaction Class</th>','<tr class=\"record\">\r\n    <td>\r\n        <div>\r\n            <input type=\"checkbox\" class=\"record-checker checkboxes\" value=\"{{ $record_id }}\">\r\n        </div>\r\n    </td>\r\n    <td>\r\n        <span class=\"text-success\">{{ $payroll_transaction_transaction_code }}</span>\r\n    </td>\r\n    <td>\r\n        {{ $payroll_transaction_transaction_label }}\r\n    </td>\r\n    <td>\r\n        {{ $payroll_transaction_transaction_class_id }}\r\n    </td>\r\n    <td>\r\n        <div class=\"btn-group\">\r\n            <a class=\"btn btn-xs text-muted\" href=\"{{ $edit_url }}\"><i class=\"fa fa-pencil\"></i> Edit</a>\r\n        </div>\r\n        <div class=\"btn-group\">\r\n            <a class=\"btn btn-xs text-muted\" href=\"#\" data-close-others=\"true\" data-toggle=\"dropdown\"><i class=\"fa fa-gear\"></i> Options</a>\r\n            <ul class=\"dropdown-menu pull-right\">\r\n                {{ $options }}\r\n            </ul>\r\n        </div>\r\n    </td>\r\n</tr>',0,1,7,'Admin','Payroll Manager','2014-05-07 05:58:26',1,'2014-05-06 16:58:13',1,0),(49,'transaction_method','payroll/transaction_methods','payroll_transaction_method','payroll_transaction_method_id',0,'Transaction Methods','Transaction Methods','fa-folder',0,0,'','<th width=\"25%\">Method Name</th>\r\n<th width=\"30%\">Description</th>','<tr class=\"record\">\r\n    <td>\r\n        <div>\r\n            <input type=\"checkbox\" class=\"record-checker checkboxes\" value=\"{{ $record_id }}\">\r\n        </div>\r\n    </td>\r\n    <td>\r\n        <span class=\"text-success\">{{ $payroll_transaction_method_payroll_transaction_method }}</span>\r\n    </td>\r\n    <td>\r\n        {{ $payroll_transaction_method_description }}\r\n    </td>\r\n    <td>\r\n        <div class=\"btn-group\">\r\n            <a class=\"btn btn-xs text-muted\" href=\"{{ $edit_url }}\"><i class=\"fa fa-pencil\"></i> Edit</a>\r\n        </div>\r\n        <div class=\"btn-group\">\r\n            <a class=\"btn btn-xs text-muted\" href=\"#\" data-close-others=\"true\" data-toggle=\"dropdown\"><i class=\"fa fa-gear\"></i> Options</a>\r\n            <ul class=\"dropdown-menu pull-right\">\r\n                {{ $options }}\r\n            </ul>\r\n        </div>\r\n    </td>\r\n</tr>',0,1,2,'Admin','Payroll Manager','2014-05-07 08:45:07',1,'2014-05-06 17:59:16',1,0),(50,'transaction_mode','payroll/transaction_modes','payroll_transaction_mode','payroll_transaction_mode_id',0,'Transaction Mode','Transaction Mode','fa-folder',0,0,'','<th width=\"25%\">Transaction Mode</th>\r\n<th width=\"30%\">Description</th>','<tr class=\"record\">\r\n    <td>\r\n        <div>\r\n            <input type=\"checkbox\" class=\"record-checker checkboxes\" value=\"{{ $record_id }}\">\r\n        </div>\r\n    </td>\r\n    <td>\r\n        <span class=\"text-success\">{{ $payroll_transaction_mode_payroll_transaction_mode }}</span>\r\n    </td>\r\n    <td>\r\n        {{ $payroll_transaction_mode_description }}\r\n    </td>\r\n    <td>\r\n        <div class=\"btn-group\">\r\n            <a class=\"btn btn-xs text-muted\" href=\"{{ $edit_url }}\"><i class=\"fa fa-pencil\"></i> Edit</a>\r\n        </div>\r\n        <div class=\"btn-group\">\r\n            <a class=\"btn btn-xs text-muted\" href=\"#\" data-close-others=\"true\" data-toggle=\"dropdown\"><i class=\"fa fa-gear\"></i> Options</a>\r\n            <ul class=\"dropdown-menu pull-right\">\r\n                {{ $options }}\r\n            </ul>\r\n        </div>\r\n    </td>\r\n</tr>',0,1,2,'Admin','Payroll Manager','2014-05-08 02:19:30',1,'2014-05-07 11:45:13',1,0),(51,'loan_type','payroll/loan_types','payroll_loan_type','loan_type_id',0,'Loan Types','Loan Types','fa-folder',0,0,'','<th width=\"25%\">Loan Type</th>\r\n<th width=\"30%\">Description</th>','<tr class=\"record\">\r\n    <td>\r\n        <div>\r\n            <input type=\"checkbox\" class=\"record-checker checkboxes\" value=\"{{ $record_id }}\">\r\n        </div>\r\n    </td>\r\n    <td>\r\n        <span class=\"text-success\">{{ $payroll_loan_type_loan_type }}</span>\r\n    </td>\r\n    <td>\r\n        {{ $payroll_loan_type_description }}\r\n    </td>\r\n    <td>\r\n        <div class=\"btn-group\">\r\n            <a class=\"btn btn-xs text-muted\" href=\"{{ $edit_url }}\"><i class=\"fa fa-pencil\"></i> Edit</a>\r\n        </div>\r\n        <div class=\"btn-group\">\r\n            <a class=\"btn btn-xs text-muted\" href=\"#\" data-close-others=\"true\" data-toggle=\"dropdown\"><i class=\"fa fa-gear\"></i> Options</a>\r\n            <ul class=\"dropdown-menu pull-right\">\r\n                {{ $options }}\r\n            </ul>\r\n        </div>\r\n    </td>\r\n</tr>',0,1,4,'Admin','Payroll Manager','2014-05-08 04:11:08',1,'2014-05-07 14:04:32',1,0),(52,'loan','payroll/loans','payroll_loan','loan_id',0,'Loans','Loans','fa-folder',0,0,'','<th width=\"25%\">Name</th>\r\n<th width=\"25%\">Loan Type</th>\r\n<th width=\"25%\">Mode</th>','<tr class=\"record\">\r\n    <td>\r\n        <div>\r\n            <input type=\"checkbox\" class=\"record-checker checkboxes\" value=\"{{ $record_id }}\">\r\n        </div>\r\n    </td>\r\n    <td>\r\n        <span class=\"text-success\">{{ $payroll_loan_loan }}</span>\r\n    </td>\r\n    <td>\r\n        {{ $payroll_loan_loan_type_id }}\r\n    </td>\r\n    <td>\r\n        {{ $payroll_loan_loan_mode_id }}\r\n    </td>\r\n    <td>\r\n        <div class=\"btn-group\">\r\n            <a class=\"btn btn-xs text-muted\" href=\"{{ $edit_url }}\"><i class=\"fa fa-pencil\"></i> Edit</a>\r\n        </div>\r\n        <div class=\"btn-group\">\r\n            <a class=\"btn btn-xs text-muted\" href=\"#\" data-close-others=\"true\" data-toggle=\"dropdown\"><i class=\"fa fa-gear\"></i> Options</a>\r\n            <ul class=\"dropdown-menu pull-right\">\r\n                {{ $options }}\r\n            </ul>\r\n        </div>\r\n    </td>\r\n</tr>',0,2,2,'Admin','Payroll Manager','2014-05-08 06:17:52',1,'2014-05-07 16:30:04',1,0),(53,'rate_type','payroll/rate_types','payroll_rate_type','payroll_rate_type_id',0,'Rate Types','Rate Types','fa-pencil-square-o',0,0,'','<th width=\"25%\">Rate Type</th>\r\n<th width=\"30%\">Description</th>','<tr class=\"record\">\r\n    <td>\r\n        <div>\r\n            <input type=\"checkbox\" class=\"record-checker checkboxes\" value=\"{{ $record_id }}\">\r\n        </div>\r\n    </td>\r\n    <td>\r\n        <span class=\"text-success\">{{ $payroll_rate_type_payroll_rate_type }}</span>\r\n    </td>\r\n    <td>\r\n        {{ $payroll_rate_type_description }}\r\n    </td>\r\n    <td>\r\n        <div class=\"btn-group\">\r\n            <a class=\"btn btn-xs text-muted\" href=\"{{ $edit_url }}\"><i class=\"fa fa-pencil\"></i> Edit</a>\r\n        </div>\r\n        <div class=\"btn-group\">\r\n            <a class=\"btn btn-xs text-muted\" href=\"#\" data-close-others=\"true\" data-toggle=\"dropdown\"><i class=\"fa fa-gear\"></i> Options</a>\r\n            <ul class=\"dropdown-menu pull-right\">\r\n                {{ $options }}\r\n            </ul>\r\n        </div>\r\n    </td>\r\n</tr>',0,1,2,'Admin','Payroll Manager','2014-05-10 02:15:48',1,'2014-05-09 11:30:13',1,0),(54,'account_type','payroll/account_type','payroll_account_type','account_type_id',0,'Account Types','Account Types','fa-file-text-o',0,0,'','<th width=\"25%\">Account Type</th>\r\n<th width=\"30%\">Description</th>','<tr class=\"record\">\r\n    <td>\r\n        <div>\r\n            <input type=\"checkbox\" class=\"record-checker checkboxes\" value=\"{{ $record_id }}\">\r\n        </div>\r\n    </td>\r\n    <td>\r\n        <span class=\"text-success\">{{ $payroll_account_type_account_type }}</span>\r\n    </td>\r\n    <td>\r\n        {{ $payroll_account_type_description }}\r\n    </td>\r\n    <td>\r\n        <div class=\"btn-group\">\r\n            <a class=\"btn btn-xs text-muted\" href=\"{{ $edit_url }}\"><i class=\"fa fa-pencil\"></i> Edit</a>\r\n        </div>\r\n        <div class=\"btn-group\">\r\n            <a class=\"btn btn-xs text-muted\" href=\"#\" data-close-others=\"true\" data-toggle=\"dropdown\"><i class=\"fa fa-gear\"></i> Options</a>\r\n            <ul class=\"dropdown-menu pull-right\">\r\n                {{ $options }}\r\n            </ul>\r\n        </div>\r\n    </td>\r\n</tr>',0,1,2,'Admin','Payroll Manager','2014-05-10 04:32:54',1,'2014-05-09 13:42:21',1,0),(55,'accounts_chart','payroll/accounts_chart','payroll_account','account_id',0,'Chart of Accounts','Chart of Accounts','fa-copy',0,0,'','<th width=\"25%\">Account Code</th>\r\n<th width=\"25%\">Account Name</th>\r\n<th width=\"25%\">Account Type</','<tr class=\"record\">\r\n    <td>\r\n        <div>\r\n            <input type=\"checkbox\" class=\"record-checker checkboxes\" value=\"{{ $record_id }}\">\r\n        </div>\r\n    </td>\r\n    <td>\r\n        <a href=\"{{ $edit_url }}\" class=\"text-success\">{{ $payroll_account_account_code }}</a>\r\n    </td>\r\n    <td>\r\n        {{ $payroll_account_account_name }}\r\n    </td>\r\n    <td>\r\n        {{ $payroll_account_account_type_id }}\r\n    </td>\r\n    <td>\r\n        {{ $payroll_account_description }}\r\n    </td>\r\n    <td>\r\n        <div class=\"btn-group\">\r\n            <a class=\"btn btn-xs text-muted\" href=\"{{ $edit_url }}\"><i class=\"fa fa-pencil\"></i> Edit</a>\r\n        </div>\r\n        <div class=\"btn-group\">\r\n            <a class=\"btn btn-xs text-muted\" href=\"#\" data-close-others=\"true\" data-toggle=\"dropdown\"><i class=\"fa fa-gear\"></i> Options</a>\r\n            <ul class=\"dropdown-menu pull-right\">\r\n                {{ $options }}\r\n            </ul>\r\n        </div>\r\n    </td>\r\n</tr>',0,1,1,'Admin','Payroll Manager','2014-05-10 05:01:21',1,'2014-05-09 14:27:45',1,0),(56,'payroll_company','payroll/companies','users_company','company_id',0,'Company','Payroll Company','',0,0,'','<th width=\"20%\">Company Code</th>\r\n<th width=\"55%\">Company Name</th>','<tr class=\"record\">\r\n    <td>\r\n        <div>\r\n            <input type=\"checkbox\" class=\"record-checker checkboxes\" value=\"{{ $record_id }}\">\r\n        </div>\r\n    </td>\r\n    <td>\r\n        <a href=\"{{ $edit_url }}\" class=\"text-success\">{{ $users_company_company_code }}</a>\r\n    </td>\r\n    <td>\r\n        <a href=\"{{ $edit_url }}\" class=\"text-success\">{{ $users_company_company }}</a>\r\n    </td>\r\n    <td>\r\n        <div class=\"btn-group\">\r\n            <a class=\"btn btn-xs text-muted\" href=\"{{ $edit_url }}\"><i class=\"fa fa-pencil\"></i> Edit</a>\r\n        </div>\r\n        <div class=\"btn-group\">\r\n            <a class=\"btn btn-xs text-muted\" href=\"#\" data-close-others=\"true\" data-toggle=\"dropdown\"><i class=\"fa fa-gear\"></i> Options</a>\r\n            <ul class=\"dropdown-menu pull-right\">\r\n                {{ $options }}\r\n            </ul>\r\n        </div>\r\n    </td>\r\n</tr>',0,6,1,'Payroll','','2014-05-10 08:21:20',1,'2014-05-09 18:35:13',1,0),(57,'payroll_employee','payroll/employees','payroll_partners','user_id',1,'Employee Setup','Employee Setup','fa-user',0,0,'','<th width=\"25%\">Employee Name</th>\r\n<th width=\"25%\">Rate Type</th>\r\n<th width=\"25%\">Tax Code</th>','<tr class=\"record\">\r\n    <td>\r\n        <div>\r\n            <input type=\"checkbox\" class=\"record-checker checkboxes\" value=\"{{ $record_id }}\">\r\n        </div>\r\n    </td>a\r\n    <td>\r\n        <a href=\"{{ $edit_url }}\" class=\"text-success\">{{ $payroll_partners_user_id }}</a>\r\n    </td>\r\n    <td>\r\n        {{ $payroll_partners_payroll_rate_type_id }}\r\n    </td>\r\n    <td>\r\n        {{ $payroll_partners_taxcode_id }}\r\n    </td>\r\n    <td>\r\n        <div class=\"btn-group\">\r\n            <a class=\"btn btn-xs text-muted\" href=\"{{ $edit_url }}\"><i class=\"fa fa-pencil\"></i> Edit</a>\r\n        </div>\r\n        <div class=\"btn-group\">\r\n            <a class=\"btn btn-xs text-muted\" href=\"#\" data-close-others=\"true\" data-toggle=\"dropdown\"><i class=\"fa fa-gear\"></i> Options</a>\r\n            <ul class=\"dropdown-menu pull-right\">\r\n                {{ $options }}\r\n            </ul>\r\n        </div>\r\n    </td>\r\n</tr>',0,1,9,'Payroll','','2014-05-13 06:37:12',1,'2014-07-28 09:27:03',1,0),(58,'admin_timerecord','admin/timerecords','timerecord','record_id',1,'Time Records Admin','Time Records Admin','fa-user',0,0,'timesheets.','<th width=\"1%\" class=\"hidden-xs\"><i class=\"fa fa-align-justify\"></i></th>\r\n<th width=\"1%\" class=\"\"> </th>\r\n<th width=\"1%\" class=\"\"> </th>\r\n<th width=\"15%\">Date</th>\r\n<th width=\"15%\">IN</th>\r\n<th width=\"15%\">OUT</th>\r\n<th width=\"1%\" class=\"hidden-xs\"> </th>\r\n<th width=\"10%\" class=\"hidden-xs\">Late</th>\r\n<th width=\"10%\" class=\"hidden-xs\">Under</th>\r\n<th width=\"10%\" class=\"hidden-xs\">OT</th>','<tr rel=\"3\">\r\n    <td class=\"hidden-xs\" style=\"border-right: 1px solid #eeeeee\">\r\n         \r\n    </td>\r\n    <td class=\"\" style=\"border-right: 1px solid #eeeeee\">\r\n        <span data-original-title=\"Logs\" data-content=\"You have incured 31 minutes of late, kindly file necessary form application\" data-placement=\"right\" data-trigger=\"hover\" class=\"popovers\">\r\n			<i class=\"fa fa-bell-o\"></i>\r\n		</span>\r\n    </td>\r\n    <td class=\"\">\r\n         </td>\r\n    <td>\r\n        <span id=\"time_name\">Jan-3</span>  <span class=\"small text-muted\">Fri</span>\r\n        <br>\r\n        <span class=\"small text-muted\">9-6pm</span>\r\n    </td>\r\n    <td class=\"\">\r\n        <span class=\"\" id=\"time_in\">9:31 <span class=\"small text-muted\">am</span></span>\r\n        <span class=\"small\" style=\"cursor:pointer\"><i class=\"fa fa-pencil fa-border text-danger\" data-toggle=\"modal\" href=\"#cws_form\"></i></span>\r\n    </td>\r\n\r\n    <td class=\"\">\r\n        <span class=\"\" id=\"time_out\">6:05 <span class=\"small text-muted\">pm</span></span>\r\n    </td>\r\n    <td class=\"hidden-xs\" style=\"border-left:1px solid #eeeeee\">\r\n        <span id=\"\"> </span>\r\n    </td>\r\n    <td class=\"hidden-xs\">\r\n        31 <span class=\"small text-muted\">mins</span>\r\n    </td>\r\n    <td class=\"hidden-xs\">\r\n        1 <span class=\"small text-muted\">min</span>\r\n    </td>\r\n    <td class=\"hidden-xs\">\r\n        1.25 <span class=\"small text-muted\">hrs</span>\r\n    </td>\r\n    <td class=\"hidden-xs\">\r\n        <div class=\"btn-group\">\r\n            <a class=\"btn btn-xs text-muted\" href=\"#\" data-close-others=\"true\" data-hover=\"dropdown\" data-toggle=\"dropdown-toggle\"><i class=\"fa fa-pencil\"></i> Leave</a>\r\n            <ul class=\"dropdown-menu pull-right\">\r\n                <li class=\"small\"><a data-toggle=\"modal\" href=\"#sl_form\"><i class=\"fa fa-medkit\"></i> Sick Leave</a>\r\n                </li>\r\n                <li class=\"small\"><a data-toggle=\"modal\" href=\"#vl_form\"><i class=\"fa fa-plane\"></i> Vacation Leave</a>\r\n                </li>\r\n                <li class=\"divider\"></li>\r\n                <li class=\"small\"><a data-toggle=\"modal\" href=\"#el_form\"><i class=\"fa fa-ambulance\"></i> Emergency</a>\r\n                </li>\r\n                <li class=\"small\"><a data-toggle=\"modal\" href=\"#bl_form\"><i class=\"fa fa-plus-square\"></i> Bereavement</a>\r\n                </li>\r\n                <li class=\"divider\"></li>\r\n                <li class=\"small\"><a data-toggle=\"modal\" href=\"#m_form\"><i class=\"fa fa-stethoscope\"></i> Maternity</a>\r\n                </li>\r\n                <li class=\"small\"><a data-toggle=\"modal\" href=\"#p_form\"><i class=\"fa fa-hospital\"></i> Paternity</a>\r\n                </li>\r\n            </ul>\r\n        </div>\r\n        <div class=\"btn-group\">\r\n            <a class=\"btn btn-xs text-muted\" href=\"#\" data-close-others=\"true\" data-hover=\"dropdown\" data-toggle=\"dropdown-toggle\"><i class=\"fa fa-pencil\"></i> Others</a>\r\n            <ul class=\"dropdown-menu pull-right\">\r\n                <li class=\"small\"><a data-toggle=\"modal\" href=\"#cws_form\"><i class=\"fa fa-clock-o\"></i> Change Work</a>\r\n                </li>\r\n                <li class=\"small\"><a data-toggle=\"modal\" href=\"#bt_form\"><i class=\"fa fa-plane\"></i> Business Trip</a>\r\n                </li>\r\n                <li class=\"divider\"></li>\r\n                <li class=\"small\"><a data-toggle=\"modal\" href=\"#bt_form\"><i class=\"fa fa-money\"></i> Overtime</a>\r\n                </li>\r\n                <li class=\"small\"><a data-toggle=\"modal\" href=\"#ut_form\"><i class=\"fa fa-files-o\"></i> Undertime</a>\r\n                </li>\r\n                <li class=\"small\"><a href=\"#\"><i class=\"fa fa-clock-o\"></i> Dispute</a>\r\n                </li>\r\n            </ul>\r\n        </div>\r\n    </td>\r\n</tr>',0,4,21,'Admin','Time Records','2014-05-14 00:33:57',1,'2014-07-07 16:10:33',1,0),(59,'annual_tax_rate','payroll/annual_tax_rates','payroll_annual_tax','annual_tax_id',1,'Annual Tax Rates','Annual Tax Rates','fa-money',0,0,'','<th width=\"20%\">Salary From</th>\r\n<th width=\"20%\">Salary To</th>\r\n<th width=\"20%\">Amount</th>\r\n<th width=\"20%\">Tax Rate</th>','<tr class=\"record\">\r\n    <td>\r\n        <div>\r\n            <input type=\"checkbox\" class=\"record-checker checkboxes\" value=\"{{ $record_id }}\">\r\n        </div>\r\n    </td>\r\n    <td>\r\n        <a href=\"{{ $edit_url }}\" class=\"text-success\">{{ $payroll_annual_tax_salary_from }}</a>\r\n    </td>\r\n    <td>\r\n        <a href=\"{{ $edit_url }}\" class=\"text-success\">{{ $payroll_annual_tax_salary_to }}</a>\r\n    </td>\r\n    <td>\r\n        {{ $payroll_annual_tax_amount }}\r\n    </td>\r\n    <td>\r\n        {{ $payroll_annual_tax_rate }}\r\n    </td>\r\n    <td>\r\n        <div class=\"btn-group\">\r\n            <a class=\"btn btn-xs text-muted\" href=\"{{ $edit_url }}\"><i class=\"fa fa-pencil\"></i> Edit</a>\r\n        </div>\r\n        <div class=\"btn-group\">\r\n            <a class=\"btn btn-xs text-muted\" href=\"#\" data-close-others=\"true\" data-toggle=\"dropdown\"><i class=\"fa fa-gear\"></i> Options</a>\r\n            <ul class=\"dropdown-menu pull-right\">\r\n                {{ $options }}\r\n            </ul>\r\n        </div>\r\n    </td>\r\n</tr>',0,1,2,'Admin','Payroll Manager','2014-05-16 01:52:31',1,'2014-05-15 13:15:25',1,0),(60,'whtax_table','payroll/whtax_table','payroll_whtax_table','whtax_id',1,'Withholding Tax Table','Withholding Tax Table','fa-folder',0,0,'','<th width=\"15%\">Frequency</th>\r\n<th width=\"15%\">Tax Code</th>\r\n<th width=\"15%\">Salary From</th>\r\n<th width=\"15%\">Salary To</th>\r\n<th width=\"15%\">Fixed Amount</th>\r\n<th width=\"10%\">Percent</th>','<tr class=\"record\">\r\n    <td>\r\n        <div>\r\n            <input type=\"checkbox\" class=\"record-checker checkboxes\" value=\"{{ $record_id }}\">\r\n        </div>\r\n    </td>\r\n    <td>\r\n        {{ $payroll_whtax_table_payroll_schedule_id }}\r\n    </td>\r\n    <td>\r\n        {{ $payroll_whtax_table_taxcode_id }}\r\n    </td>\r\n    <td>\r\n        {{ $payroll_whtax_table_salary_from }}\r\n    </td>\r\n    <td>\r\n        {{ $payroll_whtax_table_salary_to }}\r\n    </td>\r\n    <td>\r\n        {{ $payroll_whtax_table_fixed_amount }}\r\n    </td>\r\n    <td>\r\n        {{ $payroll_whtax_table_excess_percentage }}\r\n    </td>\r\n    <td>\r\n        <div class=\"btn-group\">\r\n            <a class=\"btn btn-xs text-muted\" href=\"{{ $edit_url }}\"><i class=\"fa fa-pencil\"></i> Edit</a>\r\n        </div>\r\n        <div class=\"btn-group\">\r\n            <a class=\"btn btn-xs text-muted\" href=\"#\" data-close-others=\"true\" data-toggle=\"dropdown\"><i class=\"fa fa-gear\"></i> Options</a>\r\n            <ul class=\"dropdown-menu pull-right\">\r\n                {{ $options }}\r\n            </ul>\r\n        </div>\r\n    </td>\r\n</tr>',0,1,3,'Admin','Payroll Manager','2014-05-16 04:27:20',1,'2014-05-15 14:34:55',1,0),(61,'sss_table','payroll/sss_table','payroll_sss_table','sss_id',1,'SSS Table','SSS Table','fa-folder',0,0,'','<th width=\"18%\">Salary From</th>\r\n<th width=\"18%\">Salary To</th>\r\n<th width=\"17%\">Employee Share</th>\r\n<th  width=\"17%\">Employer Share</th>\r\n<th  width=\"14%\">EC</th>','<tr class=\"record\">\r\n    <td>\r\n        <div>\r\n            <input type=\"checkbox\" class=\"record-checker checkboxes\" value=\"{{ $record_id }}\">\r\n        </div>\r\n    </td>\r\n    <td>\r\n        {{ $payroll_sss_table_from }}\r\n    </td>\r\n    <td>\r\n        {{ $payroll_sss_table_to }}\r\n    </td>\r\n    <td>\r\n        {{ $payroll_sss_table_eeshare }}\r\n    </td>\r\n    <td>\r\n        {{ $payroll_sss_table_ershare }}\r\n    </td>\r\n    <td>\r\n        {{ $payroll_sss_table_ec }}\r\n    </td>\r\n    <td>\r\n        <div class=\"btn-group\">\r\n            <a class=\"btn btn-xs text-muted\" href=\"{{ $edit_url }}\"><i class=\"fa fa-pencil\"></i> Edit</a>\r\n        </div>\r\n        <div class=\"btn-group\">\r\n            <a class=\"btn btn-xs text-muted\" href=\"#\" data-close-others=\"true\" data-toggle=\"dropdown\"><i class=\"fa fa-gear\"></i> Options</a>\r\n            <ul class=\"dropdown-menu pull-right\">\r\n                {{ $options }}\r\n            </ul>\r\n        </div>\r\n    </td>\r\n</tr>',0,1,0,'Admin','Payroll Manager','2014-05-16 06:12:37',1,'2014-05-15 15:25:03',1,0),(62,'phic_table','payroll/phic_table','payroll_phic_table','phic_id',0,'PHIC Table','PHIC Table','fa-folder',0,0,'','<th width=\"18%\">Salary From</th>\r\n<th width=\"18%\">Salary To</th>\r\n<th width=\"17%\">Employee Share</th>\r\n<th width=\"17%\">Employer Share</th>','<tr class=\"record\">\r\n    <td>\r\n        <div>\r\n            <input type=\"checkbox\" class=\"record-checker checkboxes\" value=\"{{ $record_id }}\">\r\n        </div>\r\n    </td>\r\n    <td>\r\n        {{ $payroll_phic_table_from }}\r\n    </td>\r\n    <td>\r\n        {{ $payroll_phic_table_to }}\r\n    </td>\r\n    <td>\r\n        {{ $payroll_phic_table_eeshare }}\r\n    </td>\r\n    <td>\r\n        {{ $payroll_phic_table_ershare }}\r\n    </td>\r\n    <td>\r\n        <div class=\"btn-group\">\r\n            <a class=\"btn btn-xs text-muted\" href=\"{{ $edit_url }}\"><i class=\"fa fa-pencil\"></i> Edit</a>\r\n        </div>\r\n        <div class=\"btn-group\">\r\n            <a class=\"btn btn-xs text-muted\" href=\"#\" data-close-others=\"true\" data-toggle=\"dropdown\"><i class=\"fa fa-gear\"></i> Options</a>\r\n            <ul class=\"dropdown-menu pull-right\">\r\n                {{ $options }}\r\n            </ul>\r\n        </div>\r\n    </td>\r\n</tr>',0,1,0,'Admin','Payroll Manager','2014-05-16 07:04:53',1,'2014-05-15 16:22:39',1,0),(63,'taxcode','payroll/taxcode','taxcode','taxcode_id',1,'Tax Code','Tax Code','fa-folder',0,0,'','<th width=\"20%\">Type</th>\r\n<th width=\"20%\">Amount</th>\r\n<th width=\"35%\">Description</th>','<tr class=\"record\">\r\n    <td>\r\n        <div>\r\n            <input type=\"checkbox\" class=\"record-checker checkboxes\" value=\"{{ $record_id }}\">\r\n        </div>\r\n    </td>\r\n    <td>\r\n        <a class=\"text-success\" href=\"{{ $edit_url }}\">{{ $taxcode_taxcode }}</a>\r\n    </td>\r\n    <td>\r\n        {{ $taxcode_amount }}\r\n    </td>\r\n    <td>\r\n        {{ $taxcode_description }}\r\n    </td>\r\n    <td>\r\n        <div class=\"btn-group\">\r\n            <a class=\"btn btn-xs text-muted\" href=\"{{ $edit_url }}\"><i class=\"fa fa-pencil\"></i> Edit</a>\r\n        </div>\r\n        <div class=\"btn-group\">\r\n            <a class=\"btn btn-xs text-muted\" href=\"#\" data-close-others=\"true\" data-toggle=\"dropdown\"><i class=\"fa fa-gear\"></i> Options</a>\r\n            <ul class=\"dropdown-menu pull-right\">\r\n                {{ $options }}\r\n            </ul>\r\n        </div>\r\n    </td>\r\n</tr>',0,1,4,'Payroll','','2014-05-16 08:30:15',1,'2014-05-15 17:41:36',1,0),(64,'recurring_transaction','payroll/recurring_transactions','payroll_entry_recurring','recurring_id',1,'Recurring Transactions','Recurring Transactions','fa-folder',0,0,'','<th width=\"12%\">Doc No.</th>\r\n<th width=\"20%\">Transaction</th>\r\n<th width=\"20%\">Date From - To</th>\r\n<th width=\"20%\">Account Code</th>','<tr class=\"record\">\r\n    <td>\r\n        <div>\r\n            <input type=\"checkbox\" class=\"record-checker checkboxes\" value=\"{{ $record_id }}\">\r\n        </div>\r\n    </td>\r\n    <td>\r\n        <a class=\"text-success\" href=\"{{ $edit_url }}\">{{ $payroll_entry_recurring_document_no }}</a>\r\n    </td>\r\n    <td>\r\n        {{ $payroll_entry_recurring_transaction_label }}\r\n    </td>\r\n    <td>\r\n        {{ $payroll_entry_recurring_date }}\r\n    </td>\r\n    <td>\r\n        {{ $payroll_entry_recurring_account_name }}\r\n    </td>\r\n    <td>\r\n        <div class=\"btn-group\">\r\n            <a class=\"btn btn-xs text-muted\" href=\"{{ $edit_url }}\"><i class=\"fa fa-pencil\"></i> Edit</a>\r\n        </div>\r\n        <div class=\"btn-group\">\r\n            <a class=\"btn btn-xs text-muted\" href=\"#\" data-close-others=\"true\" data-toggle=\"dropdown\"><i class=\"fa fa-gear\"></i> Options</a>\r\n            <ul class=\"dropdown-menu pull-right\">\r\n                {{ $options }}\r\n            </ul>\r\n        </div>\r\n    </td>\r\n</tr>',0,2,8,'Payroll','','2014-05-16 09:34:56',1,'2014-05-19 17:57:21',1,0),(65,'batch_transaction','payroll/batch_transactions','payroll_entry_batch','batch_entry_id',1,'Batch Transactions','Batch Transactions','fa-folder',0,0,'','<th width=\"12%\">Doc No.</th>\r\n<th width=\"15%\">Transaction</th>\r\n<th width=\"15%\">Payroll Date</th>\r\n<th width=\"30%\">Description</th>','<tr class=\"record\">\r\n    <td>\r\n        <div>\r\n            <input type=\"checkbox\" class=\"record-checker checkboxes\" value=\"{{ $record_id }}\">\r\n        </div>\r\n    </td>\r\n    <td>\r\n        <a class=\"text-success\" href=\"{{ $edit_url }}\">{{ $payroll_entry_batch_document_no }}</a>\r\n    </td>\r\n    <td>\r\n        {{ $payroll_entry_batch_transaction_label }}\r\n    </td>\r\n    <td>\r\n        {{ $payroll_entry_batch_payroll_date }}\r\n    </td>\r\n    <td>\r\n        {{ $payroll_entry_batch_remarks }}\r\n    </td>\r\n    <td>\r\n        <div class=\"btn-group\">\r\n            <a class=\"btn btn-xs text-muted\" href=\"{{ $edit_url }}\"><i class=\"fa fa-pencil\"></i> Edit</a>\r\n        </div>\r\n        <div class=\"btn-group\">\r\n            <a class=\"btn btn-xs text-muted\" href=\"#\" data-close-others=\"true\" data-toggle=\"dropdown\"><i class=\"fa fa-gear\"></i> Options</a>\r\n            <ul class=\"dropdown-menu pull-right\">\r\n                {{ $options }}\r\n            </ul>\r\n        </div>\r\n    </td>\r\n</tr>',0,2,0,'Payroll','','2014-05-29 06:32:49',1,'2014-05-28 16:14:42',1,0),(66,'bonus','payroll/bonus','payroll_bonus','bonus_id',1,'Bonus','Bonus','fa-folder',0,0,'','<th width=\"22%\">Bonus Type</th>\r\n<th width=\"15%\">Payroll Date</th>\r\n<th width=\"35%\">Period</th>','<tr class=\"record\">\r\n    <td>\r\n        <div>\r\n            <input type=\"checkbox\" class=\"record-checker checkboxes\" value=\"{{ $record_id }}\">\r\n        </div>\r\n    </td>\r\n    <td>\r\n        <a class=\"text-success\" href=\"{{ $edit_url }}\">{{ $payroll_bonus_transaction_label }}</a>\r\n    </td>\r\n    <td>\r\n        {{ $payroll_bonus_payroll_date }}\r\n    </td>\r\n    <td>\r\n        {{ $payroll_bonus_date }}\r\n    </td>\r\n    <td>\r\n        <div class=\"btn-group\">\r\n            <a class=\"btn btn-xs text-muted\" href=\"{{ $edit_url }}\"><i class=\"fa fa-pencil\"></i> Edit</a>\r\n        </div>\r\n        <div class=\"btn-group\">\r\n            <a class=\"btn btn-xs text-muted\" href=\"#\" data-close-others=\"true\" data-toggle=\"dropdown\"><i class=\"fa fa-gear\"></i> Options</a>\r\n            <ul class=\"dropdown-menu pull-right\">\r\n                {{ $options }}\r\n            </ul>\r\n        </div>\r\n    </td>\r\n</tr>',0,2,8,'Payroll','','2014-05-30 08:26:27',1,'2014-05-30 14:57:26',1,0),(67,'payroll_period','payroll/periods','payroll_period','payroll_period_id',1,'Periods','Payroll Periods','fa-folder',0,0,'','<th width=\"20%\">Period</th>\r\n<th width=\"15%\">Payroll Date</th>\r\n<th width=\"15%\">Apply To</th>\r\n<th width=\"15%\">Processing</th>\r\n<th class=\"hidden-xs\" width=\"10%\">Status</th>','<tr class=\"record\">\r\n    <td>\r\n        <div>\r\n            <input type=\"checkbox\" class=\"record-checker checkboxes\" value=\"{{ $record_id }}\">\r\n        </div>\r\n    </td>\r\n    <td>\r\n        <a class=\"text-success\" href=\"{{ $edit_url }}\">{{ $payroll_period_date }}</a>\r\n    </td>\r\n    <td>\r\n        {{ $payroll_period_payroll_date }}\r\n        <span class=\"text-muted small\">\r\n            <?php\r\n                switch( $payroll_period_payroll_date_day )\r\n                {\r\n                    case 0:\r\n                        echo \'Sun\';\r\n                        break;\r\n                    case 0:\r\n                        echo \'Mon\';\r\n                        break;\r\n                    case 0:\r\n                        echo \'Tue\';\r\n                        break;\r\n                    case 0:\r\n                        echo \'Wed\';\r\n                        break;\r\n                    case 0:\r\n                        echo \'Thu\';\r\n                        break;\r\n                    case 5:\r\n                         echo \'Fri\';\r\n                        break;\r\n                    case 0:\r\n                        echo \'Sat\';\r\n                        break;\r\n                }\r\n            ?>\r\n        </span>\r\n        <br>\r\n        <span class=\"text-muted small\">{{ $payroll_period_payroll_date_year }}</span>\r\n    </td>\r\n    <td>\r\n        {{ $payroll_period_apply_to_id }}\r\n    </td>\r\n    <td>\r\n        {{ $payroll_period_period_processing_type_id }}\r\n    </td>\r\n    <td>\r\n        <?php\r\n            switch( $payroll_period_period_status_id_id )\r\n            {\r\n                case 1:\r\n                    $status = \'label-success\';\r\n                    break;\r\n                case 2:\r\n                    $status = \'label-info\';\r\n                    break;\r\n                case 3:\r\n                    $status = \'label-danger\';\r\n                    break;\r\n            }\r\n        ?>\r\n        <span class=\"label {{ $status }}\">{{ $payroll_period_period_status_id }}</span>\r\n    </td>\r\n    <td>\r\n        <div class=\"btn-group\">\r\n            <a class=\"btn btn-xs text-muted\" href=\"{{ $edit_url }}\"><i class=\"fa fa-pencil\"></i> Edit</a>\r\n        </div>\r\n        <div class=\"btn-group\">\r\n            <a class=\"btn btn-xs text-muted\" href=\"#\" data-close-others=\"true\" data-toggle=\"dropdown\"><i class=\"fa fa-gear\"></i> Options</a>\r\n            <ul class=\"dropdown-menu pull-right\">\r\n                {{ $options }}\r\n            </ul>\r\n        </div>\r\n    </td>\r\n</tr>',0,1,8,'Payroll','','2014-06-04 07:40:54',1,'2014-06-04 14:20:39',1,0),(68,'current_transaction','payroll/current_transactions','payroll_current_transaction','id',1,'Current Transactions','Current Transactions','fa-folder',0,0,'','<th width=\"18%\">Employee</th>\r\n<th width=\"18%\">Processing</th>\r\n<th class=\"hidden-xs\" width=\"17%\">Payroll Date</th>\r\n<th class=\"hidden-xs\" width=\"15%\">Transaction</th>\r\n<th class=\"hidden-xs\" width=\"10%\">On hold</th>','<tr class=\"record\">\r\n    <td>\r\n        <div>\r\n            <input type=\"checkbox\" class=\"record-checker checkboxes\" value=\"{{ $record_id }}\">\r\n        </div>\r\n    </td>\r\n    <td>\r\n        <a class=\"text-success\" href=\"{{ $edit_url }}\">{{ $payroll_current_transaction_employee_id }}</a>\r\n        <br>\r\n        <span class=\"text-muted small\">{{ $payroll_current_transaction_id_number }}</span>\r\n    </td>\r\n    <td>\r\n        {{ $payroll_current_transaction_processing_type_id }}\r\n    </td>\r\n    <td>\r\n        {{ $payroll_current_transaction_payroll_date }}\r\n        <span class=\"text-muted small\">\r\n            <?php\r\n                switch( $payroll_current_transaction_payroll_date_day )\r\n                {\r\n                    case 0:\r\n                        echo \'Sun\';\r\n                        break;\r\n                    case 0:\r\n                        echo \'Mon\';\r\n                        break;\r\n                    case 0:\r\n                        echo \'Tue\';\r\n                        break;\r\n                    case 0:\r\n                        echo \'Wed\';\r\n                        break;\r\n                    case 0:\r\n                        echo \'Thu\';\r\n                        break;\r\n                    case 5:\r\n                         echo \'Fri\';\r\n                        break;\r\n                    case 0:\r\n                        echo \'Sat\';\r\n                        break;\r\n                }\r\n            ?>\r\n        </span>\r\n        <br>\r\n        <span class=\"text-muted small\">{{ $payroll_current_transaction_payroll_date_year }}</span>\r\n    </td>\r\n    <td>\r\n        {{ $payroll_current_transaction_transaction_label }}\r\n    </td>\r\n    <td>\r\n        <?php\r\n            switch( $payroll_current_transaction_on_hold )\r\n            {\r\n                case \"Yes\":\r\n                    $status = \'label-danger\';\r\n                    break;\r\n                case \"No\":\r\n                    $status = \'label-success\';\r\n                    break;\r\n            }\r\n        ?>\r\n        <span class=\"label {{ $status }}\">{{ $payroll_current_transaction_on_hold }}</span>\r\n    </td>\r\n    <td>\r\n        <div class=\"btn-group\">\r\n            <a class=\"btn btn-xs text-muted\" href=\"{{ $edit_url }}\"><i class=\"fa fa-pencil\"></i> Edit</a>\r\n        </div>\r\n        <div class=\"btn-group\">\r\n            <a class=\"btn btn-xs text-muted\" href=\"#\" data-close-others=\"true\" data-toggle=\"dropdown\"><i class=\"fa fa-gear\"></i> Options</a>\r\n            <ul class=\"dropdown-menu pull-right\">\r\n                {{ $options }}\r\n            </ul>\r\n        </div>\r\n    </td>\r\n</tr>',0,1,8,'Payroll','','2014-06-06 05:42:04',1,'2014-06-05 18:09:38',1,0),(69,'closed_transaction','payroll/closed_transactions','payroll_closed_transaction','id',1,'Closed Transactions','Closed Transactions','fa-folder',0,0,'','<th>Payroll Date</th>\r\n<th>Employee</th>\r\n<th>Transaction</th>\r\n<th>Qty</th>\r\n<th>Unit Rate</th>\r\n<th>Amount</th>','<tr class=\"record\">\r\n    <td>\r\n        <div>\r\n            <input type=\"checkbox\" class=\"record-checker checkboxes\" value=\"{{ $record_id }}\">\r\n        </div>\r\n    </td>\r\n    <td>\r\n        {{ $payroll_closed_transaction_payroll_date }}\r\n        <span class=\"text-muted small\">\r\n            <?php\r\n                switch( $payroll_closed_transaction_payroll_date_day )\r\n                {\r\n                    case 0:\r\n                        echo \'Sun\';\r\n                        break;\r\n                    case 0:\r\n                        echo \'Mon\';\r\n                        break;\r\n                    case 0:\r\n                        echo \'Tue\';\r\n                        break;\r\n                    case 0:\r\n                        echo \'Wed\';\r\n                        break;\r\n                    case 0:\r\n                        echo \'Thu\';\r\n                        break;\r\n                    case 5:\r\n                         echo \'Fri\';\r\n                        break;\r\n                    case 0:\r\n                        echo \'Sat\';\r\n                        break;\r\n                }\r\n            ?>\r\n        </span>\r\n        <br>\r\n        <span class=\"text-muted small\">{{ $payroll_closed_transaction_payroll_date_year }}</span>\r\n    </td>\r\n    <td>\r\n        <a class=\"text-success\" href=\"{{ $edit_url }}\">{{ $payroll_closed_transaction_employee_id }}</a>\r\n        <br>\r\n        <span class=\"text-muted small\">{{ $payroll_closed_transaction_id_number }}</span>\r\n    </td>\r\n    <td>\r\n        {{ $payroll_closed_transaction_transaction_label }}\r\n    </td>\r\n    <td>\r\n        {{ $payroll_closed_transaction_quantity }}\r\n    </td>\r\n    <td>\r\n        {{ $payroll_closed_transaction_unit_rate }}\r\n    </td>\r\n    <td>\r\n        {{ $payroll_closed_transaction_amount }}\r\n    </td>\r\n    <td>\r\n        <div class=\"btn-group\">\r\n            <a class=\"btn btn-xs text-muted\" href=\"{{ $edit_url }}\"><i class=\"fa fa-pencil\"></i> Edit</a>\r\n        </div>\r\n        <div class=\"btn-group\">\r\n            <a class=\"btn btn-xs text-muted\" href=\"#\" data-close-others=\"true\" data-toggle=\"dropdown\"><i class=\"fa fa-gear\"></i> Options</a>\r\n            <ul class=\"dropdown-menu pull-right\">\r\n                {{ $options }}\r\n            </ul>\r\n        </div>\r\n    </td>\r\n</tr>',0,0,0,'Payroll','','2014-06-07 06:27:16',1,'2014-06-09 14:13:41',1,0),(70,'change_request','partners/201_update','partners_personal_request','personal_id',1,'Change Request','Change Request','fa-folder',0,0,'Manage and list partners\' change request.','<th width=\"25%\">Employee</th>\r\n<th width=\"20%\">Date Created</th>\r\n<th width=\"19%\">No. of Changes</th>\r\n<th width=\"20%\">Status</th>\r\n<th width=\"15%\">Actions</th>','<tr class=\"record\">\r\n    <td>\r\n        <div>\r\n            <input type=\"checkbox\" class=\"record-checker checkboxes\" value=\"{{ $record_id }}\">\r\n        </div>\r\n    </td>\r\n    <td>\r\n        <a class=\"text-success\" href=\"{{ $edit_url }}\">{{ $partners_personal_request_employee_id }}</a>\r\n        <br>\r\n        <span class=\"text-muted small\">{{ $partners_personal_request_id_number }}</span>\r\n    </td>\r\n    <td>\r\n        {{ date( \'M-d\', strtotime( $partners_personal_request_created_on ) ) }}\r\n        <span class=\"text-muted small\">\r\n            {{ date( \'D\', strtotime( $partners_personal_request_created_on ) ) }}\r\n        </span>\r\n        <br>\r\n        <span class=\"text-muted small\">{{ date( \'Y\', strtotime( $partners_personal_request_created_on ) ) }}</span>\r\n    </td>\r\n    <td>\r\n        <span class=\"label label-info\">{{ $partners_personal_request_changes }}</span>\r\n    </td>\r\n    <td>\r\n        <?php\r\n            switch( $partners_personal_request_status )\r\n            {\r\n                \r\n                case \"For Approval\":\r\n                    $badge = \'badge-warning\';\r\n                    break;\r\n                case \"Approved\":\r\n                    $badge = \'badge-success\';\r\n                    break;\r\n            	case \"Declined\":\r\n            		$badge = \'badge-danger\';\r\n                    break;\r\n            	case \"Draft\":\r\n            	default:\r\n                    $badge = \'badge-default\';\r\n                    break;\r\n                   \r\n            }\r\n        ?>\r\n        <span class=\"badge {{ $badge }}\">{{ $partners_personal_request_status }}</span>\r\n    </td>\r\n    <td>\r\n        <div class=\"btn-group\">\r\n            <a class=\"btn btn-xs text-muted\" href=\"{{ $edit_url }}\"><i class=\"fa fa-pencil\"></i> Edit</a>\r\n        </div>\r\n        <div class=\"btn-group\">\r\n            <a class=\"btn btn-xs text-muted\" href=\"#\" data-close-others=\"true\" data-toggle=\"dropdown\"><i class=\"fa fa-gear\"></i> Options</a>\r\n            <ul class=\"dropdown-menu pull-right\">\r\n                {{ $options }}\r\n            </ul>\r\n        </div>\r\n    </td>\r\n</tr>',0,0,0,'Partners','','2014-06-19 06:16:11',1,'2014-06-18 15:31:00',1,0),(71,'memo','partners/memo','memo','memo_id',1,'Memo','Memorandum','',0,0,'Contains memorandums','<th width=\"8%\"></th>\r\n<th width=\"30%\">Title</th>\r\n<th class=\"hidden-xs\" width=\"30%\">Created by</th>\r\n<th width=\"15%\">Publish Date</th>','<tr class=\"record\">\r\n    <td class=\"hidden-xs\"><input type=\"checkbox\" value=\"{{ $record_id }}\" class=\"record-checker checkboxes\"></td>\r\n    <td>\r\n        <?php $avatar = base_url(\'assets/img/avatar.png\');?>\r\n        @if( !empty($users_profile_photo) )\r\n            <?php\r\n                $filename = basename($users_profile_photo);\r\n                $path = str_replace($filename, \'\', $users_profile_photo);\r\n                $ftpath = FCPATH . $path .\'thumbnail/\' . $filename;\r\n                $fpath = FCPATH . $path . $filename;\r\n                if( file_exists( $ftpath ) ){\r\n                    $avatar = base_url( $path .\'thumbnail/\' . $filename ) ;\r\n                }\r\n                else if( file_exists( $fpath ) ){\r\n                    $avatar = base_url( $path . $filename );\r\n                }\r\n            ?>\r\n        @endif\r\n        <a href=\"#\"><img src=\"{{ $avatar }}\" width=\"45px\"></a>\r\n    </td>\r\n    <td>\r\n        <a href=\"{{ $edit_url }}\" id=\"date_name\">{{ $users_profile_firstname }} {{ $users_profile_lastname }}</a>\r\n        <br>\r\n        <span class=\"small\" id=\"date_set\">{{ $users_role_id }}</span>\r\n    </td>\r\n    <td class=\"hidden-xs\">{{ $users_email }}</td>\r\n    <td>\r\n        @if( $users_active == \'Yes\' )\r\n            <span class=\"badge badge-success\">active</span>\r\n        @else\r\n            <span class=\"badge badge-error\">inactive</span>\r\n        @endif\r\n    </td>\r\n    <td>\r\n        <div class=\"btn-group\">\r\n            <a class=\"btn btn-xs text-muted\" href=\"{{ $edit_url }}\"><i class=\"fa fa-pencil\"></i> Edit</a>\r\n        </div>\r\n        <div class=\"btn-group\">\r\n            <a class=\"btn btn-xs text-muted\" href=\"#\" data-close-others=\"true\" data-toggle=\"dropdown\"><i class=\"fa fa-gear\"></i> Options</a>\r\n            <ul class=\"dropdown-menu pull-right\">\r\n                {{ $options }}\r\n            </ul>\r\n        </div>\r\n    </td>\r\n</tr>',0,3,4,'','','2014-06-20 08:18:43',1,'2014-06-20 04:54:20',1,1),(72,'form_policy','admin/form_policy','time_form_class_policy','id',1,'Form Policy','Form Policy','fa-th-list',0,0,'','<th width=\"20%\">Class</th>\r\n<th width=\"30%\">Company</th>\r\n<th width=\"15%\">Employment Status</th>\r\n<th width=\"15%\">Employment Type</th>\r\n<th width=\"15%\">Role</th>','<tr class=\"record\">\r\n    <td class=\"hidden-xs\">\r\n	<input type=\"checkbox\" value=\"{{ $record_id }}\" class=\"record-checker checkboxes\">\r\n    </td>\r\n\r\n    <td>\r\n        {{ $class_code}}\r\n    </td>\r\n\r\n    <td>\r\n        {{ $company }}\r\n    </td>\r\n\r\n    <td>\r\n        {{ $employment_status_id }}\r\n    </td>\r\n\r\n    <td>\r\n        {{ $employment_type_id }}\r\n    </td>\r\n\r\n    <td>\r\n        {{ $role_id }}\r\n    </td>\r\n    \r\n    <td>\r\n        <div class=\"btn-group\">\r\n            <a class=\"btn btn-xs text-muted\" href=\"{{ $edit_url }}\"><i class=\"fa fa-pencil\"></i> Edit</a>\r\n        </div>\r\n        <div class=\"btn-group\">\r\n            <a class=\"btn btn-xs text-muted\" href=\"#\" data-close-others=\"true\" data-toggle=\"dropdown\"><i class=\"fa fa-gear\"></i> Options</a>\r\n            <ul class=\"dropdown-menu pull-right\">\r\n                {{ $options }}\r\n            </ul>\r\n        </div>\r\n    </td>\r\n</tr>',0,3,18,'Admin','','2014-06-21 01:58:03',1,'2014-07-22 15:45:38',1,0),(73,'memo','partners/memo','memo','memo_id',1,'Memo','Memorandum','',0,0,'','<th width=\"55%\">Memo Title</th>\r\n<th class=\"hidden-xs\" width=\"14%\">Created By</th>\r\n<th width=\"30%\">Publish Date</th>','<tr class=\"record\">\r\n    <td class=\"hidden-xs\">\r\n	<input type=\"checkbox\" value=\"{{ $record_id }}\" class=\"record-checker checkboxes\">\r\n    </td>\r\n\r\n    <td>\r\n        {{ $memo_memo_title }}\r\n    </td>\r\n\r\n    <td>\r\n        {{ $memo_partner_id }}\r\n    </td>\r\n\r\n    <td>\r\n        {{ $memo_publish_from }} to {{ $memo_publish_to }}\r\n    </td>\r\n    \r\n    <td>\r\n        <div class=\"btn-group\">\r\n            <a class=\"btn btn-xs text-muted\" href=\"{{ $edit_url }}\"><i class=\"fa fa-pencil\"></i> Edit</a>\r\n        </div>\r\n        <div class=\"btn-group\">\r\n            <a class=\"btn btn-xs text-muted\" href=\"#\" data-close-others=\"true\" data-toggle=\"dropdown\"><i class=\"fa fa-gear\"></i> Options</a>\r\n            <ul class=\"dropdown-menu pull-right\">\r\n                {{ $options }}\r\n            </ul>\r\n        </div>\r\n    </td>\r\n</tr>',0,4,11,'Partners','','2014-06-21 02:09:52',1,'2014-06-25 05:31:51',1,0),(74,'form_application_admin','time/applicationadmin','time_forms','forms_id',0,'Application Admin','Application Admin','',0,0,'','<th width=\"22%\">Form Type</th>\r\n<th width=\"20%\" class=\"hidden-xs\">From</th>\r\n<th width=\"20%\" class=\"hidden-xs\">To</th>\r\n<th width=\"18%\" class=\"hidden-xs\">Status</th>','<tr rel=\"1\">\r\n    <td>\r\n        <div>\r\n            <input type=\"checkbox\" class=\"record-checker checkboxes\" value=\"<?php echo $record_id; ?>\" />\r\n        </div>\r\n    </td>\r\n    <td>\r\n        <span class=\"text-info\">{{ $time_form_form }}</span><br>\r\n        <span class=\"text-muted small\"><?php echo date(\"F d, Y\",strtotime($time_forms_created_on)); ?></span>\r\n    </td>\r\n    <td class=\"hidden-xs\"><?php echo date(\"M-d\",strtotime($time_forms_date_from)); ?> <span class=\"text-muted small\"><?php echo date(\"D\",strtotime($time_forms_date_from)); ?></span><br>\r\n        <span class=\"text-muted small\"><?php echo date(\"Y\",strtotime($time_forms_date_from)); ?></span>\r\n    </td>\r\n    <td class=\"hidden-xs\"><?php echo date(\"M-d\",strtotime($time_forms_date_to)); ?> <span class=\"text-muted small\"><?php echo date(\"D\",strtotime($time_forms_date_to)); ?></span><br>\r\n        <span class=\"text-muted small\"><?php echo date(\"Y\",strtotime($time_forms_date_to)); ?></span>\r\n    </td>\r\n    \r\n    <td class=\"hidden-xs\">\r\n        <span class=\"badge badge-success\">{{ $time_form_status_form_status }}</span>\r\n    </td>\r\n    <td>\r\n        <div class=\"btn-group\">\r\n            <a class=\"btn btn-xs text-muted\" href=\"{{ $edit_url }}\"><i class=\"fa fa-pencil\"></i> Edit</a>\r\n        </div>\r\n        <div class=\"btn-group\">\r\n            <a class=\"btn btn-xs text-muted\" href=\"#\" data-close-others=\"true\" data-toggle=\"dropdown\"><i class=\"fa fa-gear\"></i> Options</a>\r\n            <ul class=\"dropdown-menu pull-right\">\r\n                {{ $options }}\r\n            </ul>\r\n        </div>\r\n    </td>\r\n</tr>',0,0,0,'Time Records','','2014-06-25 04:49:09',1,'2014-06-24 14:15:26',1,0),(75,'my_change_request','account/201_update','partners_personal_request','personal_id',1,'Change Request','Change Request','fa-folder',0,0,'','1','2',0,0,0,'Account','','2014-06-28 02:33:53',1,'2014-06-27 11:33:59',1,0),(76,'db_backup','admin/db_backup','db_backup','backup_id',1,'Database Backups','Database Backups','',0,0,'database utilites, ie db backup, restore and import','1','1',0,0,0,'Admin','','2014-07-08 10:28:12',1,'2014-07-30 14:12:02',1,0),(77,'timerecord_manage','time/manage/timerecords','time_record','record_id',1,'Timerecord Manage','Timerecord Manage',NULL,0,0,NULL,'<th width=\"1%\" class=\"hidden-xs\"><i class=\"fa fa-align-justify\"></i></th>\r\n<th width=\"1%\" class=\"\"> </th>\r\n<th width=\"1%\" class=\"\"> </th>\r\n<th width=\"15%\">Date</th>\r\n<th width=\"15%\">IN</th>\r\n<th width=\"15%\">OUT</th>\r\n<th width=\"1%\" class=\"hidden-xs\"> </th>\r\n<th width=\"10%\" class=\"hidden-xs\">Late</th>\r\n<th width=\"10%\" class=\"hidden-xs\">Under</th>\r\n<th width=\"10%\" class=\"hidden-xs\">OT</th>','<tr rel=\"3\">\r\n    <td class=\"hidden-xs\" style=\"border-right: 1px solid #eeeeee\">\r\n         \r\n    </td>\r\n    <td class=\"\" style=\"border-right: 1px solid #eeeeee\">\r\n        <span data-original-title=\"Logs\" data-content=\"You have incured 31 minutes of late, kindly file necessary form application\" data-placement=\"right\" data-trigger=\"hover\" class=\"popovers\">\r\n			<i class=\"fa fa-bell-o\"></i>\r\n		</span>\r\n    </td>\r\n    <td class=\"\">\r\n         </td>\r\n    <td>\r\n        <span id=\"time_name\">Jan-3</span>  <span class=\"small text-muted\">Fri</span>\r\n        <br>\r\n        <span class=\"small text-muted\">9-6pm</span>\r\n    </td>\r\n    <td class=\"\">\r\n        <span class=\"\" id=\"time_in\">9:31 <span class=\"small text-muted\">am</span></span>\r\n        <span class=\"small\" style=\"cursor:pointer\"><i class=\"fa fa-pencil fa-border text-danger\" data-toggle=\"modal\" href=\"#cws_form\"></i></span>\r\n    </td>\r\n\r\n    <td class=\"\">\r\n        <span class=\"\" id=\"time_out\">6:05 <span class=\"small text-muted\">pm</span></span>\r\n    </td>\r\n    <td class=\"hidden-xs\" style=\"border-left:1px solid #eeeeee\">\r\n        <span id=\"\"> </span>\r\n    </td>\r\n    <td class=\"hidden-xs\">\r\n        31 <span class=\"small text-muted\">mins</span>\r\n    </td>\r\n    <td class=\"hidden-xs\">\r\n        1 <span class=\"small text-muted\">min</span>\r\n    </td>\r\n    <td class=\"hidden-xs\">\r\n        1.25 <span class=\"small text-muted\">hrs</span>\r\n    </td>\r\n    <td class=\"hidden-xs\">\r\n        <div class=\"btn-group\">\r\n            <a class=\"btn btn-xs text-muted\" href=\"#\" data-close-others=\"true\" data-hover=\"dropdown\" data-toggle=\"dropdown-toggle\"><i class=\"fa fa-pencil\"></i> Leave</a>\r\n            <ul class=\"dropdown-menu pull-right\">\r\n                <li class=\"small\"><a data-toggle=\"modal\" href=\"#sl_form\"><i class=\"fa fa-medkit\"></i> Sick Leave</a>\r\n                </li>\r\n                <li class=\"small\"><a data-toggle=\"modal\" href=\"#vl_form\"><i class=\"fa fa-plane\"></i> Vacation Leave</a>\r\n                </li>\r\n                <li class=\"divider\"></li>\r\n                <li class=\"small\"><a data-toggle=\"modal\" href=\"#el_form\"><i class=\"fa fa-ambulance\"></i> Emergency</a>\r\n                </li>\r\n                <li class=\"small\"><a data-toggle=\"modal\" href=\"#bl_form\"><i class=\"fa fa-plus-square\"></i> Bereavement</a>\r\n                </li>\r\n                <li class=\"divider\"></li>\r\n                <li class=\"small\"><a data-toggle=\"modal\" href=\"#m_form\"><i class=\"fa fa-stethoscope\"></i> Maternity</a>\r\n                </li>\r\n                <li class=\"small\"><a data-toggle=\"modal\" href=\"#p_form\"><i class=\"fa fa-hospital\"></i> Paternity</a>\r\n                </li>\r\n            </ul>\r\n        </div>\r\n        <div class=\"btn-group\">\r\n            <a class=\"btn btn-xs text-muted\" href=\"#\" data-close-others=\"true\" data-hover=\"dropdown\" data-toggle=\"dropdown-toggle\"><i class=\"fa fa-pencil\"></i> Others</a>\r\n            <ul class=\"dropdown-menu pull-right\">\r\n                <li class=\"small\"><a data-toggle=\"modal\" href=\"#cws_form\"><i class=\"fa fa-clock-o\"></i> Change Work</a>\r\n                </li>\r\n                <li class=\"small\"><a data-toggle=\"modal\" href=\"#bt_form\"><i class=\"fa fa-plane\"></i> Business Trip</a>\r\n                </li>\r\n                <li class=\"divider\"></li>\r\n                <li class=\"small\"><a data-toggle=\"modal\" href=\"#bt_form\"><i class=\"fa fa-money\"></i> Overtime</a>\r\n                </li>\r\n                <li class=\"small\"><a data-toggle=\"modal\" href=\"#ut_form\"><i class=\"fa fa-files-o\"></i> Undertime</a>\r\n                </li>\r\n                <li class=\"small\"><a href=\"#\"><i class=\"fa fa-clock-o\"></i> Dispute</a>\r\n                </li>\r\n            </ul>\r\n        </div>\r\n    </td>\r\n</tr>',0,0,0,'Time Records','','2014-07-09 06:30:51',NULL,'2014-07-08 05:33:47',NULL,0),(78,'time_reference','time/reference','1','1',0,'Time Reference','Time Reference','',0,0,'timekeeping management and configuration section.','1','2',0,0,0,'Time Records','','2014-07-11 02:16:57',1,'2014-07-22 14:29:55',1,0),(79,'time_settings','time/manage/settings',NULL,NULL,1,'Time Settings','Time Settings','fa-cog',0,0,'Manage declared policy and settings with relation to this module.',NULL,NULL,0,0,0,'Time Records','','2014-07-12 01:06:20',1,'2014-07-11 10:15:21',1,0),(80,'leave_manager','time/manage/leaves',NULL,NULL,1,'Leave Manager','Leave Manager','fa-reorder',0,0,'Manage employer-specific leave polices and requirements for a variety of qualified leave types.',NULL,NULL,0,0,0,'Time Records','','2014-07-12 01:26:40',1,NULL,NULL,0),(81,'other_forms_manager','time/manage/other_forms',NULL,NULL,1,'Other Forms Manager','Other Forms Manager','fa-files-o',0,0,'Manage employer-specific Official Business, Overtime, Undertime, Change-Work Schedule requirements.',NULL,NULL,0,0,0,'Time Records','','2014-07-12 01:33:16',1,NULL,NULL,0),(82,'report','report','report','report_id',1,'Reports','Reports and Analytics',' fa-book',0,0,'','1','1',0,0,0,'','','2014-07-22 05:46:16',1,'2014-10-13 19:47:00',1,1),(83,'shift_class','admin/time/shift_class','time_shift_class_company','id',1,'Shift Class','Time Shift Class','fa-clock-o',0,0,'Manage and list shifts and class policy','<th width=\"25%\">Company</th>\r\n<th width=\"20%\" class=\"hidden-xs\">Shift</th>\r\n<th width=\"20%\" class=\"hidden-xs\">Class</th>\r\n<th width=\"15%\" class=\"hidden-xs\">Value</th>','<tr class=\"record\">\r\n    <td>\r\n        <div>\r\n            <input type=\"checkbox\" class=\"record-checker checkboxes\" value=\"{{ $record_id }}\">\r\n        </div>\r\n    </td>\r\n    <td>\r\n        <a href=\"{{ $edit_url }}\">\r\n            {{ $company }}\r\n        </a>\r\n    </td>\r\n    <td>\r\n        {{ $shift }}\r\n    </td>\r\n    <td>\r\n            {{ $class_code}}\r\n    </td>\r\n    <td>\r\n            {{ $class_value}}\r\n    </td>\r\n    <td>\r\n        <div class=\"btn-group\">\r\n            <a class=\"btn btn-xs text-muted\" href=\"{{ $edit_url }}\"><i class=\"fa fa-pencil\"></i> Edit</a>\r\n        </div>\r\n        <div class=\"btn-group\">\r\n            <a class=\"btn btn-xs text-muted\" href=\"#\" data-close-others=\"true\" data-toggle=\"dropdown\"><i class=\"fa fa-gear\"></i> Options</a>\r\n            <ul class=\"dropdown-menu pull-right\">\r\n                {{ $options }}\r\n            </ul>\r\n        </div>\r\n    </td>\r\n</tr>',0,0,0,'Admin','Time Records','2014-07-23 06:51:04',1,'2014-07-23 10:33:12',1,0),(84,'partner_loan','payroll/partner_loans','payroll_partners_loan','partner_loan_id',1,'Employee Loans','Employee Loans','fa-folder',0,0,'','<th width=\"15%\">Employee Name</th>\r\n<th width=\"24%\">Loan Type</th>\r\n<th width=\"15%\">Amount</th>\r\n<th width=\"15%\">Running Balance</th>\r\n<th width=\"15%\">Loan Status</th>','<tr class=\"record\">\r\n    <td><input type=\"checkbox\" value=\"{{ $record_id }}\" class=\"record-checker checkboxes\"></td>\r\n\r\n    <td>\r\n        <span class=\"text-success\"> Roxas, Gilbert</span><br>\r\n        <span class=\"text-muted small\">E1234</span>\r\n    </td>\r\n    <td>\r\n        <span>{{ $payroll_partners_loan_loan_id }}</span>\r\n    </td>\r\n    <td class=\"hidden-xs\">\r\n        <span>{{  }}</span>\r\n    </td>\r\n    <td class=\"hidden-xs\">\r\n        <span>39,702.02 </span>\r\n    </td>\r\n    <td class=\"hidden-xs\">\r\n        <span class=\"label label-primary\">Active</span>\r\n    </td>\r\n    <td>\r\n        <div class=\"btn-group\">\r\n            <a class=\"btn btn-xs text-muted\" href=\"{{ $edit_url }}\"><i class=\"fa fa-pencil\"></i> Edit</a>\r\n        </div>\r\n        <div class=\"btn-group\">\r\n            <a class=\"btn btn-xs text-muted\" href=\"#\" data-close-others=\"true\" data-toggle=\"dropdown\"><i class=\"fa fa-gear\"></i> Options</a>\r\n            <ul class=\"dropdown-menu pull-right\">\r\n                {{ $options }}\r\n            </ul>\r\n        </div>\r\n    </td>\r\n</tr>',0,1,2,'Payroll','','2014-07-26 04:27:11',1,'2014-07-25 16:25:04',1,0),(85,'leave_balance_admin','time/admin/leave_balance','time_form_balance','id',1,'Leave Balance Admin','Manage Leave Balance','fa-calendar',0,0,'','<th width=\"15%\">Partner</th>\r\n<th class=\"hidden-xs\" width=\"8%\">Year</th>\r\n<th class=\"hidden-xs\" width=\"13%\">Leave type</th>\r\n<th class=\"hidden-xs\" width=\"11%\">Previous</th>\r\n<th class=\"hidden-xs\" width=\"11%\">Current</th>\r\n<th class=\"hidden-xs\" width=\"11%\">Used</th>\r\n<th class=\"hidden-xs\" width=\"11%\">Balance</th>','<tr class=\"record\">\r\n    <td>\r\n        <div>\r\n            <input type=\"checkbox\" class=\"record-checker checkboxes\" value=\"{{ $record_id }}\">\r\n        </div>\r\n    </td>\r\n    <td>\r\n        <a href=\"{{ $edit_url }}\">\r\n            {{ $time_form_balance_user_id }}\r\n        </a>\r\n    </td>\r\n    <td>\r\n        {{ $time_form_balance_year }}\r\n    </td>   \r\n     <td>\r\n        {{ $time_form_balance_form }}\r\n    </td>\r\n    <td>\r\n        {{ $time_form_balance_previous }}\r\n    </td>\r\n    <td>\r\n        {{ $time_form_balance_current }}\r\n    </td>\r\n    <td>\r\n        {{ $time_form_balance_used }}\r\n    </td>\r\n    <td>\r\n        {{ $time_form_balance_balance }}\r\n    </td>\r\n    \r\n    <td>\r\n        <div class=\"btn-group\">\r\n            <a class=\"btn btn-xs text-muted\" href=\"{{ $edit_url }}\"><i class=\"fa fa-pencil\"></i> Edit</a>\r\n        </div>\r\n        <div class=\"btn-group\">\r\n            <a class=\"btn btn-xs text-muted\" href=\"#\" data-close-others=\"true\" data-toggle=\"dropdown\"><i class=\"fa fa-gear\"></i> Options</a>\r\n            <ul class=\"dropdown-menu pull-right\">\r\n                {{ $options }}\r\n            </ul>\r\n        </div>\r\n    </td>\r\n</tr>',0,2,5,'Time Records','','2014-07-31 06:17:37',1,'2014-07-31 16:06:16',1,0),(86,'leave_balance','time/leave_balance','time_form_balance','id',1,'Leave Balance','Employee Leave Balance','fa-calendar',0,0,'','<th  width=\"10%\">Year</th>\r\n<th class=\"hidden-xs\" width=\"17%\">Leave type</th>\r\n<th class=\"hidden-xs\" width=\"13%\">Previous</th>\r\n<th class=\"hidden-xs\" width=\"13%\">Current</th>\r\n<th class=\"hidden-xs\" width=\"13%\">Used</th>\r\n<th class=\"hidden-xs\" width=\"14%\">Balance</th>','<tr class=\"record\">\r\n    <td>\r\n        <div>\r\n            <input type=\"checkbox\" class=\"record-checker checkboxes\" value=\"{{ $record_id }}\">\r\n        </div>\r\n    </td>\r\n    <td>\r\n        <a href=\"{{ $detail_url }}\">\r\n            {{ $time_form_balance_year  }}\r\n        </a>\r\n    </td>\r\n     <td>\r\n        {{ $time_form_balance_form }}\r\n    </td>\r\n    <td>\r\n        {{ $time_form_balance_previous }}\r\n    </td>\r\n    <td>\r\n        {{ $time_form_balance_current }}\r\n    </td>\r\n    <td>\r\n        {{ $time_form_balance_used }}\r\n    </td>\r\n    <td>\r\n        {{ $time_form_balance_balance }}\r\n    </td>\r\n    \r\n    <td>\r\n        <div class=\"btn-group\">\r\n            <a class=\"btn btn-xs text-muted\" href=\"{{ $detail_url }}\"><i class=\"fa fa-search\"></i> View</a>\r\n        </div>\r\n    </td>\r\n</tr>',0,1,3,'Time Records','','2014-08-02 00:14:53',1,'2014-08-01 09:44:53',1,0),(87,'movement','partners/admin/movement','partners_movement','movement_id',1,'Employee Movement','Employee Movement','fa-user',0,0,'Manage Employee Movement','1','1',0,1,0,'Partners','','2014-08-05 08:53:57',1,'2014-08-04 17:56:20',1,0),(88,'report_generator','admin/report_generator','report_generator','report_id',1,'Reports Generator','Reports Generator','',0,0,'','<th width=\"15%\">Report Code</th>\r\n<th width=\"20%\"  class=\"hidden-xs\">Report Title</th>\r\n<th width=\"17%\">Created By</th>\r\n<th width=\"25%\" class=\"hidden-xs\">Description</th>','<tr class=\"record\">\r\n    <td>\r\n        <div>\r\n            <input type=\"checkbox\" class=\"record-checker checkboxes\" value=\"{{ $record_id }}\">\r\n        </div>\r\n    </td>\r\n    <td>\r\n        <a href=\"{{ $edit_url }}\">{{ $report_generator_report_code }}</a>\r\n    </td>\r\n    <td>\r\n        <a href=\"{{ $edit_url }}\">{{ $report_generator_report_name }}</a>\r\n    </td>\r\n    <td>\r\n        {{ $report_generator_created_by }}\r\n    </td>\r\n    <td>\r\n        {{ $report_generator_description }}\r\n    </td>\r\n    <td>\r\n        <div class=\"btn-group\">\r\n            <a class=\"btn btn-xs text-muted\" href=\"{{ $edit_url }}\"><i class=\"fa fa-pencil\"></i> Edit</a>\r\n        </div>\r\n        <div class=\"btn-group\">\r\n            <a class=\"btn btn-xs text-muted\" href=\"#\" data-close-others=\"true\" data-toggle=\"dropdown\"><i class=\"fa fa-gear\"></i> Options</a>\r\n            <ul class=\"dropdown-menu pull-right\">\r\n                {{ $options }}\r\n            </ul>\r\n        </div>\r\n    </td>\r\n</tr>',0,7,4,'Admin','','2014-09-02 01:39:11',1,'2014-09-26 19:12:20',1,0),(89,'dtr_summary','time/dtr_summary','time_record_summary','record_id',0,'DTR Summary','DTR Summary','fa-folder',0,0,'','<th width=\"10%\">Payroll Date</th>\r\n<th width=\"20%\">Employee</th>\r\n<th width=\"10%\">Date</th>\r\n<th width=\"10%\">Hrs</th>\r\n<th width=\"10%\">Late</th>\r\n<th width=\"10%\">Undertime</th>\r\n<th width=\"10%\">Overtime</th>\r\n<th width=\"10%\">Absent</th>','<tr class=\"record\">\r\n    <td>\r\n        <div>\r\n            <input type=\"checkbox\" class=\"record-checker checkboxes\" value=\"{{ $record_id }}\">\r\n        </div>\r\n    </td>\r\n    <td>{{ $time_record_summary_payroll_date }}</td>\r\n    <td>{{ $time_record_summary_user_id }}</td>\r\n    <td><a href=\"{{ $edit_url }}\">{{ $time_record_summary_date }}</a></td>\r\n    <td>{{ $time_record_summary_hrs_actual }}</td>\r\n    <td>{{ $time_record_summary_late }}</td>\r\n    <td>{{ $time_record_summary_undertime }}</td>\r\n    <td>{{ $time_record_summary_overtime }}</td>\r\n    <td>{{ $time_record_summary_absent }}</td>\r\n    <td>\r\n        <div class=\"btn-group\">\r\n            <a class=\"btn btn-xs text-muted\" href=\"{{ $edit_url }}\"><i class=\"fa fa-pencil\"></i> Edit</a>\r\n        </div>\r\n        <div class=\"btn-group\">\r\n            <a class=\"btn btn-xs text-muted\" href=\"#\" data-close-others=\"true\" data-toggle=\"dropdown\"><i class=\"fa fa-gear\"></i> Options</a>\r\n            <ul class=\"dropdown-menu pull-right\">\r\n                {{ $options }}\r\n            </ul>\r\n        </div>\r\n    </td>\r\n</tr>',0,1,11,'Time Records','','2014-09-19 01:03:11',1,'2014-09-22 13:16:44',1,0),(90,'payroll_current_sheet','report/preliminary','#','#',0,'Preliminary Report','Preliminary Report','',0,0,'','#','#',0,0,0,'','','2014-09-23 07:12:33',1,'2014-09-22 16:24:32',1,0),(91,'report_result','report/results','report_results','result_id',0,'Report Results','Report Results','fa-folder',0,0,'','<th width=\"30%\">Report</th>\r\n<th class=\"hidden-xs\" width=\"13%\">File Type</th>\r\n<th class=\"hidden-xs\" width=\"20%\">Created By</th>\r\n<th width=\"20%\">Date</th>','<tr class=\"record\">\r\n    <td>\r\n        <div>\r\n            <input type=\"checkbox\" class=\"record-checker checkboxes\" value=\"{{ $record_id }}\">\r\n        </div>\r\n    </td>\r\n    <td>\r\n        <a class=\"text-success\" href=\"{{ $edit_url }}\">{{ $report_results_report_id }}</a>\r\n        <br>\r\n        <span class=\"small\">{{ $report_generator_report_code }}</span\r\n    </td>\r\n    <td>\r\n        {{ $report_results_file_type }}\r\n    </td>\r\n    <td>\r\n        {{ $users_full_name }}\r\n    </td>\r\n    <td>\r\n        {{ $report_results_created_on }}\r\n    </td>\r\n    <td>\r\n        <div class=\"btn-group\">\r\n            <a class=\"btn btn-xs text-muted\" href=\"{{ $edit_url }}\"><i class=\"fa fa-pencil\"></i> Edit</a>\r\n        </div>\r\n        <div class=\"btn-group\">\r\n            <a class=\"btn btn-xs text-muted\" href=\"#\" data-close-others=\"true\" data-toggle=\"dropdown\"><i class=\"fa fa-gear\"></i> Options</a>\r\n            <ul class=\"dropdown-menu pull-right\">\r\n                {{ $options }}\r\n            </ul>\r\n        </div>\r\n    </td>\r\n</tr>',0,1,3,'','','2014-09-24 06:38:32',1,'2014-09-25 14:25:18',1,0),(92,'overtime','time/overtime','report_time_overtime','id',0,'Overtime','Overtime','',0,0,'','<th width=\"10%\">Date</th>\r\n<th width=\"12%\">From</th>\r\n<th width=\"12%\">To</th>\r\n<th width=\"7%\">Actual</th>\r\n<th width=\"7%\">Break</th>\r\n<th width=\"8%\">Hours</th>\r\n<th width=\"8%\">Meal</th>\r\n<th width=\"8%\">Transportation</th>','<tr class=\"record\">\r\n    <td class=\"hidden-xs\">\r\n</td>\r\n</tr>',0,0,0,'Time Records','','2014-09-25 05:29:54',1,'2014-09-24 14:47:45',1,0),(93,'admin_overtime','admin/overtime','report_time_overtime','id',0,'Overtime - Admin','Overtime - Admin','',0,0,'','<th width=\"10%\">Date</th>\r\n<th width=\"12%\">From</th>\r\n<th width=\"12%\">To</th>\r\n<th width=\"7%\">Actual</th>\r\n<th width=\"7%\">Break</th>\r\n<th width=\"8%\">Hours</th>\r\n<th width=\"8%\">Meal</th>\r\n<th width=\"8%\">Transportation</th>','<tr class=\"record\">\r\n    <td>\r\n    	{{ date(\"M-d\",strtotime($date)) }}\r\n    	<span class=\"text-muted small\">\r\n    		{{ date(\"D\",strtotime($date)) }}\r\n    	</span><br>\r\n        <span class=\"text-muted small\">\r\n        	{{ date(\"Y\",strtotime($date)) }}\r\n        </span>\r\n    </td>\r\n    <td>\r\n    	{{ date(\"h:i A\",strtotime($time_from)) }}\r\n    	<br>\r\n        <span class=\"text-muted small\">\r\n    	{{ date(\"M-d\",strtotime($time_from)) }}\r\n        </span>\r\n    </td>\r\n    <td>\r\n    	{{ date(\"h:i A\",strtotime($time_to)) }}\r\n    	<br>\r\n        <span class=\"text-muted small\">\r\n    	{{ date(\"M-d\",strtotime($time_to)) }}\r\n        </span>\r\n    </td>\r\n    <td class=\"text-right\">\r\n    	{{ $actual }}\r\n    </td>\r\n    <td class=\"text-right\">\r\n    	{{ $break }}\r\n    </td>\r\n    <td class=\"text-right\">\r\n    	{{ $hrs }}\r\n    </td>\r\n    <td class=\"text-right\">\r\n    	{{ $meal }}\r\n    </td>\r\n    <td class=\"text-right\">\r\n    	{{ $transpo }}\r\n    </td>\r\n</tr>',0,0,0,'Admin','','2014-09-26 06:11:34',1,'2014-09-25 15:13:33',1,0),(94,'overtime_rates','admin/payroll/overtime_rates','payroll_overtime_rates','overtime_rate_id',1,'Overtime Rates','Overtime Rates','',0,0,'Setup of Overtime Rates','<th width=\"28%\">Company</th>\r\n<th width=\"20%\">Overtime</th>\r\n<th width=\"15%\">Rate</th>','template row',0,2,3,'Admin','Payroll Manager','2014-09-30 06:53:14',1,'2014-09-29 16:28:35',1,0),(95,'appraisal_master','admin/appraisal_master','performance_competency_category','competency_category_id',1,'Performance Appraisal','Performance Appraisal','',0,0,'','<th width=\"35%\">Category</th>\r\n<th width=\"32%\" class=\"hidden-xs\">Description</th>','<tr class=\"record\">\r\n    <td>\r\n        <div>\r\n            <input type=\"checkbox\" class=\"record-checker checkboxes\" value=\"<?php echo $record_id; ?>\" />\r\n        </div>\r\n    </td>\r\n    <td class=\"hidden-xs\">{{ $performance_competency_category_competency_category }}</td>\r\n    <td class=\"hidden-xs\">{{ $performance_competency_category_description }}</td> <td>\r\n        <div class=\"btn-group\">\r\n            <a class=\"btn btn-xs text-muted\" href=\"{{ $edit_url }}\"><i class=\"fa fa-pencil\"></i> Edit</a>\r\n        </div>\r\n        <div class=\"btn-group\">\r\n            <a class=\"btn btn-xs text-muted\" href=\"#\" data-close-others=\"true\" data-toggle=\"dropdown\"><i class=\"fa fa-gear\"></i> Options</a>\r\n            <ul class=\"dropdown-menu pull-right\">\r\n                {{ $options }}\r\n            </ul>\r\n        </div>\r\n    </td>\r\n</tr>',0,1,2,'Admin','','2014-10-03 04:24:43',1,'2014-10-03 11:56:05',1,0),(96,'competency_values','admin/competency_values','performance_competency_values','competency_values_id',1,'Competency Values','Competency Values','',0,0,'','<th width=\"35%\">Category</th>\r\n<th width=\"32%\" class=\"hidden-xs\">Value</th>','<tr class=\"record\">\r\n    <td>\r\n        <div>\r\n            <input type=\"checkbox\" class=\"record-checker checkboxes\" value=\"<?php echo $record_id; ?>\" />\r\n        </div>\r\n    </td>\r\n    <td class=\"hidden-xs\">{{ $performance_competency_values_competency_category_id }}</td>\r\n    <td class=\"hidden-xs\">{{ $performance_competency_values_competency_values }}</td> <td>\r\n        <div class=\"btn-group\">\r\n            <a class=\"btn btn-xs text-muted\" href=\"{{ $edit_url }}\"><i class=\"fa fa-pencil\"></i> Edit</a>\r\n        </div>\r\n        <div class=\"btn-group\">\r\n            <a class=\"btn btn-xs text-muted\" href=\"#\" data-close-others=\"true\" data-toggle=\"dropdown\"><i class=\"fa fa-gear\"></i> Options</a>\r\n            <ul class=\"dropdown-menu pull-right\">\r\n                {{ $options }}\r\n            </ul>\r\n        </div>\r\n    </td>\r\n</tr>',0,1,3,'Admin','','2014-10-03 04:57:47',1,'2014-10-03 11:55:23',1,0),(97,'competency_libraries','admin/competency_libraries','performance_competency_libraries','competency_libraries_id',1,'Competency Libraries','Competency Libraries','',0,0,'','<th width=\"27%\">Category</th>\r\n<th width=\"23%\" class=\"hidden-xs\">Value</th>\r\n<th width=\"22%\" class=\"hidden-xs\">Competency</th>','<tr class=\"record\">\r\n    <td>\r\n        <div>\r\n            <input type=\"checkbox\" class=\"record-checker checkboxes\" value=\"<?php echo $record_id; ?>\" />\r\n        </div>\r\n    </td>\r\n    <td class=\"hidden-xs\">{{ $performance_competency_libraries_competency_category_id }}</td>\r\n    <td class=\"hidden-xs\">{{ $performance_competency_libraries_competency_values_id }}</td>\r\n    <td class=\"hidden-xs\">{{ $performance_competency_libraries_competency_libraries }}</td>\r\n <td>\r\n        <div class=\"btn-group\">\r\n            <a class=\"btn btn-xs text-muted\" href=\"{{ $edit_url }}\"><i class=\"fa fa-pencil\"></i> Edit</a>\r\n        </div>\r\n        <div class=\"btn-group\">\r\n            <a class=\"btn btn-xs text-muted\" href=\"#\" data-close-others=\"true\" data-toggle=\"dropdown\"><i class=\"fa fa-gear\"></i> Options</a>\r\n            <ul class=\"dropdown-menu pull-right\">\r\n                {{ $options }}\r\n            </ul>\r\n        </div>\r\n    </td>\r\n</tr>',0,1,4,'Admin','Performance Manager','2014-10-03 06:52:05',1,'2014-10-03 11:46:33',1,0),(98,'competency_level','admin/competency_level','performance_competency_level','competency_level_id',1,'Competency Level','Competency Level','',0,0,'','<th width=\"20%\">Category</th>\r\n<th width=\"20%\" class=\"hidden-xs\">Value</th>\r\n<th width=\"20%\" class=\"hidden-xs\">Competency</th>\r\n<th width=\"20%\" class=\"hidden-xs\">Level</th>','<tr class=\"record\">\r\n    <td>\r\n        <div>\r\n            <input type=\"checkbox\" class=\"record-checker checkboxes\" value=\"<?php echo $record_id; ?>\" />\r\n        </div>\r\n    </td>\r\n    <td class=\"hidden-xs\">{{ $performance_competency_level_competency_category_id }}</td>\r\n    <td class=\"hidden-xs\">{{ $performance_competency_level_competency_values_id }}</td>\r\n    <td class=\"hidden-xs\">{{ $performance_competency_level_competency_libraries_id }}</td>\r\n <td class=\"hidden-xs\">{{ $performance_competency_level_competency_level }}</td>\r\n <td>\r\n        <div class=\"btn-group\">\r\n            <a class=\"btn btn-xs text-muted\" href=\"{{ $edit_url }}\"><i class=\"fa fa-pencil\"></i> Edit</a>\r\n        </div>\r\n        <div class=\"btn-group\">\r\n            <a class=\"btn btn-xs text-muted\" href=\"#\" data-close-others=\"true\" data-toggle=\"dropdown\"><i class=\"fa fa-gear\"></i> Options</a>\r\n            <ul class=\"dropdown-menu pull-right\">\r\n                {{ $options }}\r\n            </ul>\r\n        </div>\r\n    </td>\r\n</tr>',0,1,7,'Admin','','2014-10-04 01:09:07',1,'2014-10-03 11:51:53',1,0),(99,'profile','account/public','users_profile_public','user_id',1,'My Profile','My Profile','',0,0,'My Profile','1','1',0,0,0,'Account','','2014-10-10 05:25:06',1,'2014-10-14 11:17:28',1,0),(100,'scorecard','admin/scorecard','performance_setup_scorecard','scorecard_id',1,'Balance Scorecard','Balance Scorecard','',0,0,'','<th width=\"30%\">Scorecard</th>\r\n<th width=\"28%\" class=\"hidden-xs\">Description</th>\r\n<th width=\"18%\" class=\"hidden-xs\">Is Active</th>','<tr class=\"record\">\r\n    <td>\r\n        <div>\r\n            <input type=\"checkbox\" class=\"record-checker checkboxes\" value=\"<?php echo $record_id; ?>\" />\r\n        </div>\r\n    </td>\r\n    <td class=\"hidden-xs\">{{ $performance_setup_scorecard_scorecard }}</td>\r\n    <td class=\"hidden-xs\">{{ $performance_setup_scorecard_description }}</td>\r\n<td class=\"hidden-xs\">{{ $performance_setup_scorecard_status_id }}</td> <td>\r\n        <div class=\"btn-group\">\r\n            <a class=\"btn btn-xs text-muted\" href=\"{{ $edit_url }}\"><i class=\"fa fa-pencil\"></i> Edit</a>\r\n        </div>\r\n        <div class=\"btn-group\">\r\n            <a class=\"btn btn-xs text-muted\" href=\"#\" data-close-others=\"true\" data-toggle=\"dropdown\"><i class=\"fa fa-gear\"></i> Options</a>\r\n            <ul class=\"dropdown-menu pull-right\">\r\n                {{ $options }}\r\n            </ul>\r\n        </div>\r\n    </td>\r\n</tr>',0,1,4,'Admin','Performance Manager','2014-10-21 00:28:44',1,'2014-10-22 16:08:26',1,0),(101,'library','admin/library','performance_setup_library','library_id',1,'Competency Library','Competency Library','',0,0,'','<th width=\"30%\">Library</th>\r\n<th width=\"28%\" class=\"hidden-xs\">Description</th>\r\n<th width=\"18%\" class=\"hidden-xs\">Is Active</th>','<tr class=\"record\">\r\n    <td>\r\n        <div>\r\n            <input type=\"checkbox\" class=\"record-checker checkboxes\" value=\"<?php echo $record_id; ?>\" />\r\n        </div>\r\n    </td>\r\n    <td class=\"hidden-xs\">{{ $performance_setup_library_library }}</td>\r\n    <td class=\"hidden-xs\">{{ $performance_setup_library_description }}</td>\r\n    <td class=\"hidden-xs\">{{ $performance_setup_library_status_id }}</td> <td>\r\n        <div class=\"btn-group\">\r\n            <a class=\"btn btn-xs text-muted\" href=\"{{ $edit_url }}\"><i class=\"fa fa-pencil\"></i> Edit</a>\r\n        </div>\r\n        <div class=\"btn-group\">\r\n            <a class=\"btn btn-xs text-muted\" href=\"#\" data-close-others=\"true\" data-toggle=\"dropdown\"><i class=\"fa fa-gear\"></i> Options</a>\r\n            <ul class=\"dropdown-menu pull-right\">\r\n                {{ $options }}\r\n            </ul>\r\n        </div>\r\n    </td>\r\n</tr>',0,1,3,'Admin','','2014-10-21 00:43:57',1,'2014-10-22 16:06:40',1,0),(102,'rating_group','admin/rating_group','performance_setup_rating_group','rating_group_id',1,'Rating Group','Rating Group','',0,0,'','<th width=\"30%\">Rating Group</th>\r\n<th width=\"28%\" class=\"hidden-xs\">Description</th>\r\n<th width=\"18%\" class=\"hidden-xs\">Is Active</th>','<tr class=\"record\">\r\n    <td>\r\n        <div>\r\n            <input type=\"checkbox\" class=\"record-checker checkboxes\" value=\"<?php echo $record_id; ?>\" />\r\n        </div>\r\n    </td>\r\n    <td class=\"hidden-xs\">{{ $performance_setup_rating_group_rating_group}}</td>\r\n    <td class=\"hidden-xs\">{{ $performance_setup_rating_group_description }}</td>\r\n<td class=\"hidden-xs\">{{ $performance_setup_rating_group_status_id }}</td> <td>\r\n        <div class=\"btn-group\">\r\n            <a class=\"btn btn-xs text-muted\" href=\"{{ $edit_url }}\"><i class=\"fa fa-pencil\"></i> Edit</a>\r\n        </div>\r\n        <div class=\"btn-group\">\r\n            <a class=\"btn btn-xs text-muted\" href=\"#\" data-close-others=\"true\" data-toggle=\"dropdown\"><i class=\"fa fa-gear\"></i> Options</a>\r\n            <ul class=\"dropdown-menu pull-right\">\r\n                {{ $options }}\r\n            </ul>\r\n        </div>\r\n    </td>\r\n</tr>',0,1,3,'Admin','Performance Manager','2014-10-21 00:52:06',1,'2014-10-22 16:35:41',1,0),(103,'rating_score','admin/rating_score','performance_setup_rating_score','rating_score_id',1,'Rating Score','Rating Score','',0,0,'','<th width=\"22%\">Rating Group</th>\r\n<th width=\"20%\">Rating Score</th>\r\n<th width=\"25%\" class=\"hidden-xs\">Description</th>','<tr class=\"record\">\r\n    <td>\r\n        <div>\r\n            <input type=\"checkbox\" class=\"record-checker checkboxes\" value=\"<?php echo $record_id; ?>\" />\r\n        </div>\r\n    </td>\r\n    <td class=\"hidden-xs\">{{ $performance_setup_rating_score_rating_group_id}}</td>\r\n    <td class=\"hidden-xs\">{{ $performance_setup_rating_score_rating_score}}</td>\r\n    <td class=\"hidden-xs\">{{ $performance_setup_rating_score_description }}</td> <td>\r\n        <div class=\"btn-group\">\r\n            <a class=\"btn btn-xs text-muted\" href=\"{{ $edit_url }}\"><i class=\"fa fa-pencil\"></i> Edit</a>\r\n        </div>\r\n        <div class=\"btn-group\">\r\n            <a class=\"btn btn-xs text-muted\" href=\"#\" data-close-others=\"true\" data-toggle=\"dropdown\"><i class=\"fa fa-gear\"></i> Options</a>\r\n            <ul class=\"dropdown-menu pull-right\">\r\n                {{ $options }}\r\n            </ul>\r\n        </div>\r\n    </td>\r\n</tr>',0,1,3,'Admin','','2014-10-21 00:57:05',1,'2014-10-20 10:09:25',1,0),(104,'performance','admin/performance','performance_setup_performance','performance_id',1,'Performance Type','Performance Type','',0,0,'','<th width=\"22%\">Performance</th>\r\n<th width=\"20%\">Performance Group</th>\r\n<th width=\"22%\" class=\"hidden-xs\">Description</th>\r\n<th width=\"15%\" class=\"hidden-xs\">Is Active</th>','<tr class=\"record\">\r\n    <td>\r\n        <div>\r\n            <input type=\"checkbox\" class=\"record-checker checkboxes\" value=\"<?php echo $record_id; ?>\" />\r\n        </div>\r\n    </td>\r\n    <td class=\"hidden-xs\">{{ $performance_setup_performance_performance}}</td>\r\n    <td class=\"hidden-xs\">{{ $performance_setup_performance_performance_group}}</td>\r\n    <td class=\"hidden-xs\">{{ $performance_setup_performance_description }}</td>\r\n<td class=\"hidden-xs\">{{ $performance_setup_performance_status_id }}</td> <td>\r\n        <div class=\"btn-group\">\r\n            <a class=\"btn btn-xs text-muted\" href=\"{{ $edit_url }}\"><i class=\"fa fa-pencil\"></i> Edit</a>\r\n        </div>\r\n        <div class=\"btn-group\">\r\n            <a class=\"btn btn-xs text-muted\" href=\"#\" data-close-others=\"true\" data-toggle=\"dropdown\"><i class=\"fa fa-gear\"></i> Options</a>\r\n            <ul class=\"dropdown-menu pull-right\">\r\n                {{ $options }}\r\n            </ul>\r\n        </div>\r\n    </td>\r\n</tr>',0,1,4,'Admin','Performance Manager','2014-10-21 01:09:36',1,'2014-10-22 16:14:49',1,0),(105,'performance_notification','admin/notification','performance_setup_notification','notification_id',1,'Performance Notification','Performance Notification','',0,0,'','<th width=\"30%\">Notification</th>\r\n<th width=\"25%\" class=\"hidden-xs\">Description</th>\r\n<th width=\"18%\" class=\"hidden-xs\">Is Active</th>','<tr class=\"record\">\r\n    <td>\r\n        <div>\r\n            <input type=\"checkbox\" class=\"record-checker checkboxes\" value=\"<?php echo $record_id; ?>\" />\r\n        </div>\r\n    </td>\r\n    <td class=\"hidden-xs\">{{ $performance_setup_notification_notification }}</td>\r\n    <td class=\"hidden-xs\">{{ $performance_setup_notification_description }}</td>\r\n<td class=\"hidden-xs\">{{ $performance_setup_notification_status_id }}</td> <td>\r\n        <div class=\"btn-group\">\r\n            <a class=\"btn btn-xs text-muted\" href=\"{{ $edit_url }}\"><i class=\"fa fa-pencil\"></i> Edit</a>\r\n        </div>\r\n        <div class=\"btn-group\">\r\n            <a class=\"btn btn-xs text-muted\" href=\"#\" data-close-others=\"true\" data-toggle=\"dropdown\"><i class=\"fa fa-gear\"></i> Options</a>\r\n            <ul class=\"dropdown-menu pull-right\">\r\n                {{ $options }}\r\n            </ul>\r\n        </div>\r\n    </td>\r\n</tr>',0,1,3,'Admin','Performance Manager','2014-10-21 01:19:51',1,'2014-10-22 16:26:22',1,0),(106,'appraisal_template','appraisal/templates','performance_template','template_id',0,'Appraisal Templates','Appraisal Templates','fa-folder',0,0,'','1','2',0,2,5,'Admin','Performance Manager','2014-10-22 08:20:26',1,'2014-10-22 13:26:19',1,0),(107,'performance_planning','appraisal/planning','performance_planning','planning_id',1,'Performance Planning ','Performance Planning','',0,0,'','<th width=\"15%\">Year</th>\r\n<th width=\"35%\" class=\"hidden-xs\">Planning For</th>\r\n<th width=\"25%\" class=\"hidden-xs\">Status</th>','<tr class=\"record\">\r\n    <td>\r\n        <div>\r\n            <input type=\"checkbox\" class=\"record-checker checkboxes\" value=\"<?php echo $record_id; ?>\" />\r\n        </div>\r\n    </td>\r\n    <td class=\"hidden-xs\">{{ $performance_planning_year }}</td>\r\n    <td class=\"hidden-xs\">{{ $performance_planning_performance_type_id}}</td>\r\n<td class=\"hidden-xs\">{{ $performance_planning_status_id }}</td> <td>\r\n        <div class=\"btn-group\">\r\n            <a class=\"btn btn-xs text-muted\" href=\"{{ $edit_url }}\"><i class=\"fa fa-pencil\"></i> Edit</a>\r\n        </div>\r\n        <div class=\"btn-group\">\r\n            <a class=\"btn btn-xs text-muted\" href=\"#\" data-close-others=\"true\" data-toggle=\"dropdown\"><i class=\"fa fa-gear\"></i> Options</a>\r\n            <ul class=\"dropdown-menu pull-right\">\r\n                {{ $options }}\r\n            </ul>\r\n        </div>\r\n    </td>\r\n</tr>',0,1,12,'Performance','','2014-10-24 06:17:36',1,'2014-10-24 11:16:18',1,0),(108,'performance_planning_manage','appraisal/planning_manage','performance_planning','planning_id',0,'Performance Planning Manage','Performance Planning Manage','',0,0,'','1','1',0,0,0,'Performance','','2014-10-28 13:30:35',1,'2014-10-27 22:32:10',1,0),(109,'appraisal_individual_planning','appraisal/individual_planning','performance_planning','planning_id',0,'Individual Goal Planning','Individual Goal Planning','fa-folder',0,0,'','<th width=\"20%\">Year</th>\r\n<th class=\"hidden-xs\" width=\"40%\">Planning For</th>\r\n<th class=\"hidden-xs\" width=\"25%\">Status</th>','2',0,0,0,'Performance','','2014-10-29 02:09:24',1,'2014-10-28 11:42:49',1,0),(110,'performance_planning_admin','appraisal/performance_planning_admin','performance_planning','planning_id',1,'Performance Planning Admin','Performance Planning Admin','',0,0,'','<th width=\"15%\">Year</th>\r\n<th class=\"hidden-xs\" width=\"20%\">Employee</th>\r\n<th class=\"hidden-xs\" width=\"28%\">Planning For</th>\r\n<th class=\"hidden-xs\" width=\"20%\">Status</th>','1',0,0,0,'Performance','','2014-11-01 09:10:55',1,'2014-11-03 18:00:18',1,0),(111,'performance_appraisal','performance/appraisal','performance_appraisal','appraisal_id',1,'Performance Appraisal','Performance Appraisal','fa-folder',0,0,'','<th width=\"15%\">Year</th>\r\n<th width=\"35%\" class=\"hidden-xs\">Appraisal For</th>\r\n<th width=\"25%\" class=\"hidden-xs\">Status</th>','1',0,1,1,'Performance','','2014-11-04 10:23:45',1,'2014-11-03 18:24:53',1,0),(112,'performance_appraisal_manage','performance/appraisal_manage','performance_appraisal','appraisal_id',1,'Performance Appraisal Manage','Performance Appraisal Manage','fa-folder',0,0,'','1','1',0,0,0,'Performance','','2014-11-05 01:43:59',1,'2014-11-04 09:45:12',1,0),(113,'performance_master','admin/performance_master','performance_template','template_id',0,'Performance Admin','Performance','',0,0,'contents and setup','1','1',0,0,0,'Admin','','2014-11-06 03:31:17',1,'2014-11-05 11:43:45',1,0),(114,'performance_appraisal_admin','appraisal/performance_appraisal_admin','performance_appraisal','appraisal_id',1,'Performance Appraisal Admin','Performance Appraisal Admin',NULL,0,0,NULL,'1','1',0,0,0,'Performance','','2014-11-07 05:59:10',1,'2014-11-06 14:01:09',1,0),(115,'performance_appraisal_contributor','appraisal/contributor','performance_appraisal','appraisal_id',0,'Appraisal Contributor','Appraisal Contributor','fa-folder',0,0,'','1','2',0,0,0,'Performance','','2014-11-10 21:16:30',1,'2014-11-10 05:27:42',1,0),(116,'appraisal_individual_rate','appraisal/individual_rate','performance_appraisal','appraisal_id',1,'Appraisal Individual Rate','Appraisal Individual Rate','fa-folder',0,0,'','<th width=\"20%\">Year</th>\r\n<th class=\"hidden-xs\" width=\"40%\">Planning For</th>\r\n<th class=\"hidden-xs\" width=\"25%\">Status</th>','1',0,0,0,'Performance','','2014-11-11 07:13:47',1,'2014-11-10 15:20:34',1,0),(117,'change_request_manage','partners/201_mange_update','partners_personal_request','personal_id',1,'Change Request Manage','Change Request Manage','Change Request Manage',0,0,'','<th width=\"25%\">Employee</th>\r\n<th width=\"20%\">Date Created</th>\r\n<th width=\"19%\">No. of Changes</th>\r\n<th width=\"20%\">Status</th>\r\n<th width=\"15%\">Actions</th>','<tr class=\"record\">\r\n    <td>\r\n        <div>\r\n            <input type=\"checkbox\" class=\"record-checker checkboxes\" value=\"{{ $record_id }}\">\r\n        </div>\r\n    </td>\r\n    <td>\r\n        <a class=\"text-success\" href=\"{{ $edit_url }}\">{{ $partners_personal_request_employee_id }}</a>\r\n        <br>\r\n        <span class=\"text-muted small\">{{ $partners_personal_request_id_number }}</span>\r\n    </td>\r\n    <td>\r\n        {{ date( \'M-d\', strtotime( $partners_personal_request_created_on ) ) }}\r\n        <span class=\"text-muted small\">\r\n            {{ date( \'D\', strtotime( $partners_personal_request_created_on ) ) }}\r\n        </span>\r\n        <br>\r\n        <span class=\"text-muted small\">{{ date( \'Y\', strtotime( $partners_personal_request_created_on ) ) }}</span>\r\n    </td>\r\n    <td>\r\n        <span class=\"label label-info\">{{ $partners_personal_request_changes }}</span>\r\n    </td>\r\n    <td>\r\n        <?php\r\n            switch( $partners_personal_request_status )\r\n            {\r\n                \r\n                case \"For Approval\":\r\n                    $badge = \'badge-warning\';\r\n                    break;\r\n                case \"Approved\":\r\n                    $badge = \'badge-success\';\r\n                    break;\r\n            	case \"Declined\":\r\n            		$badge = \'badge-danger\';\r\n                    break;\r\n            	case \"Draft\":\r\n            	default:\r\n                    $badge = \'badge-default\';\r\n                    break;\r\n                   \r\n            }\r\n        ?>\r\n        <span class=\"badge {{ $badge }}\">{{ $partners_personal_request_status }}</span>\r\n    </td>\r\n    <td>\r\n        <div class=\"btn-group\">\r\n            <a class=\"btn btn-xs text-muted\" href=\"{{ $edit_url }}\"><i class=\"fa fa-pencil\"></i> Edit</a>\r\n        </div>\r\n        <div class=\"btn-group\">\r\n            <a class=\"btn btn-xs text-muted\" href=\"#\" data-close-others=\"true\" data-toggle=\"dropdown\"><i class=\"fa fa-gear\"></i> Options</a>\r\n            <ul class=\"dropdown-menu pull-right\">\r\n                {{ $options }}\r\n            </ul>\r\n        </div>\r\n    </td>\r\n</tr>',0,0,0,'','','2014-11-22 07:02:39',1,'2014-11-24 10:35:18',1,1),(118,'recruitment_masters','admin/recruitment','recruits','recruit_id',0,'Recruitment Masters ','Recruitment Masters Dashboard','fa-folder',0,0,'','1','1',0,0,0,'Admin','','2014-11-26 01:14:14',1,'2014-12-01 11:12:42',1,0),(119,'recruit_benefits','recruitment/benefits','recruitment_benefit_package','package_id',1,'Benefits','Benefits','fa-folder',0,0,'','<th width=\"20%\">Benefit Package</th>\r\n<th width=\"15%\" class=\"hidden-xs\">Rank</th>\r\n<th width=\"25%\" class=\"hidden-xs\">Description</th>\r\n<th width=\"12%\" class=\"hidden-xs\">Is Active</th>','<tr class=\"record\">\r\n    <td>\r\n        <div>\r\n            <input type=\"checkbox\" class=\"record-checker checkboxes\" value=\"<?php echo $record_id; ?>\" />\r\n        </div>\r\n    </td>\r\n    <td class=\"hidden-xs\">{{ $recruitment_benefit_package_benefit}}</td>\r\n    <td class=\"hidden-xs\">{{ $recruitment_benefit_package_rank_id}}</td>\r\n    <td class=\"hidden-xs\">{{ $recruitment_benefit_package_description}}</td>\r\n<td class=\"hidden-xs\">{{ $recruitment_benefit_package_status_id }}</td> <td>\r\n        <div class=\"btn-group\">\r\n            <a class=\"btn btn-xs text-muted\" href=\"{{ $edit_url }}\"><i class=\"fa fa-pencil\"></i> Edit</a>\r\n        </div>\r\n        <div class=\"btn-group\">\r\n            <a class=\"btn btn-xs text-muted\" href=\"#\" data-close-others=\"true\" data-toggle=\"dropdown\"><i class=\"fa fa-gear\"></i> Options</a>\r\n            <ul class=\"dropdown-menu pull-right\">\r\n                {{ $options }}\r\n            </ul>\r\n        </div>\r\n    </td>\r\n</tr>',0,1,4,'Recruitment','','2014-11-26 01:58:33',1,'2014-11-25 16:02:46',1,0),(120,'annual_manpower_planning','recruitment/annual_manpower_planning','recruitment_manpower_plan','plan_id',0,'Annual Manpower Planning','Annual Manpower Planning','fa-folder',0,0,'Annual Manpower Planning','1','2',0,2,7,'Recruitment','','2014-11-27 03:14:17',1,'2014-11-26 12:03:42',1,0),(121,'applicants','recruitment/applicants','recruitment','recruit_id',1,'Applicants','Applicants','fa-user',0,0,'','1','1',0,0,0,'Recruitment','','2014-11-27 06:53:38',1,'2014-11-27 09:15:07',1,0),(122,'mrf','recruitment/mrf','recruitment_request','request_id',0,'Personnel Requisition Form','Personnel Requisition Form','fa-folder',0,0,'','1','2',0,4,12,'Recruitment','','2014-12-04 07:57:26',1,'2016-01-12 13:23:30',1,0),(123,'mrf_admin','recruitment/mrf_admin','recruitment_request','request_id',0,'MRF - Admin','MRF - Admin','fa-folder',0,0,'','1','2',0,1,1,'Recruitment','','2014-12-08 03:19:38',1,'2014-12-07 11:20:08',1,0),(124,'appform','recruitment/appform','recruitment','recruit_id',1,'Application Form','Application Form','',0,0,'','1','2',0,0,0,'Recruitment','','2014-12-09 03:51:20',1,'2014-12-08 11:51:39',1,0),(125,'applicant_monitoring','recruitment/applicant_monitoring','1','1',0,'Applicant Monitoring','Applicant Monitoring','fa-folder',0,0,'','1','1',0,0,0,'Recruitment','','2014-12-10 05:42:55',1,'2014-12-09 13:53:44',1,0),(126,'demographic','demographics','x','x',0,'Demographics','Demographics','fa-folder',0,0,'','x','x',0,0,0,'Dashboard','','2014-12-11 02:49:32',1,'2014-12-10 10:49:45',1,0),(127,'amp_admin','recruitment/amp_admin','recruitment_manpower_plan','plan_id',0,'Annual Manpower Planning - Admin','Annual Manpower Planning - Admin','fa-folder',0,0,'','1','2',0,0,0,'Recruitment','','2014-12-12 09:51:17',1,'2014-12-11 17:51:56',1,0),(128,'mrf_manage','recruitment/mrf_manage','recruitment_request','request_id',0,'Manpower Request Form - Manage','Manpower Request Form - Manage','fa-folder',0,0,'','1','2',0,0,0,'Recruitment','','2014-12-13 05:57:33',1,'2014-12-12 13:57:49',1,0),(129,'recruitform','recruitment/form','recruitment','recruit_id',1,'Recruitment Form','Recruitment Form','',0,0,'','1','2',0,0,0,'Recruitment','','2014-12-18 02:49:15',1,'2014-12-17 13:40:55',1,0),(130,'healthinfo','partners/health','health','health_id',0,'Health Information','Health Information','',0,0,'','1','1',0,0,0,'Partners','','2015-01-14 08:20:55',1,'2015-01-13 16:20:22',1,0),(131,'healthrecords','partners/health_records','partners_health_records','health_id',1,'Health Records','Health Records','fa-folder',0,0,'','<th width=\"15%\">Employee</th>\r\n<th width=\"23%\">Form Type</th>\r\n<th width=\"15%\" class=\"hidden-xs\">Created Date</th>\r\n<th width=\"12%\" class=\"hidden-xs\">Status</th>','<tr class=\"record\">\r\n    <td>\r\n        <div>\r\n            <input type=\"checkbox\" class=\"record-checker checkboxes\" value=\"<?php echo $record_id; ?>\" />\r\n        </div>\r\n    </td>\r\n    <td class=\"hidden-xs\">\r\n<a class=\"text-success\" href=\"{{ $edit_url }}\">\r\n{{ $partners_health_records_partner_id}}\r\n</a>\r\n<br>\r\n<span class=\"small\">{{ $position}}</span>\r\n</td>\r\n    <td class=\"hidden-xs\">{{$partners_health_records_health_type_id}}</td>\r\n    <td class=\"hidden-xs\">\r\n        {{ date(\'M-d\', strtotime($partners_health_records_created_on)) }}\r\n        <span class=\"text-muted small\">{{ date(\'D\', strtotime($partners_health_records_created_on)) }}</span>\r\n        <br>\r\n        <span class=\"text-muted small\">{{ date(\'Y\', strtotime($partners_health_records_created_on)) }}</span>\r\n        </td>\r\n    </td>    \r\n<td class=\"hidden-xs\">\r\n<span class=\"badge badge-success\">{{ $partners_health_records_health_type_status_id }}</span>\r\n</td> <td>\r\n        <div class=\"btn-group\">\r\n            <a class=\"btn btn-xs text-muted\" href=\"{{ $edit_url }}\"><i class=\"fa fa-pencil\"></i> Edit</a>\r\n        </div>\r\n        <div class=\"btn-group\">\r\n            <a class=\"btn btn-xs text-muted\" href=\"#\" data-close-others=\"true\" data-toggle=\"dropdown\"><i class=\"fa fa-gear\"></i> Options</a>\r\n            <ul class=\"dropdown-menu pull-right\">\r\n                {{ $options }}\r\n            </ul>\r\n        </div>\r\n    </td>\r\n</tr>',0,2,9,'Partners','','2015-01-15 02:53:53',1,'2015-01-14 15:02:45',1,0),(132,'clinicrecords','partners/clinic_records','partners_clinic_records','clinic_records_id',1,'Clinic Records','Clinic Records','fa-folder',0,0,'','<th width=\"25%\">Employee</th>\r\n<th width=\"25%\">Department</th>\r\n<th width=\"20%\" class=\"hidden-xs\">Created Date</th>','<tr class=\"record\">\r\n    <td>\r\n        <div>\r\n            <input type=\"checkbox\" class=\"record-checker checkboxes\" value=\"<?php echo $record_id; ?>\" />\r\n        </div>\r\n    </td>\r\n    <td class=\"hidden-xs\">\r\n<a class=\"text-success\" href=\"{{ $edit_url }}\">\r\n{{ $partners_clinic_records_partner_id}}\r\n</a>\r\n<br>\r\n<span class=\"small\">{{ $position}}</span>\r\n</td>    <td class=\"hidden-xs\">\r\n<a class=\"text-success\" href=\"{{ $edit_url }}\">\r\n{{$department}}\r\n</a>\r\n<br>\r\n<span class=\"small\">{{$company_code}}</span>\r\n</td>\r\n    <td class=\"hidden-xs\">\r\n        {{ date(\'M-d\', strtotime($clinic_created_on)) }}\r\n        <span class=\"text-muted small\">{{ date(\'D\', strtotime($clinic_created_on)) }}</span>\r\n        <br>\r\n        <span class=\"text-muted small\">{{ date(\'Y\', strtotime($clinic_created_on)) }}</span>\r\n        </td>\r\n    </td>  <td>\r\n        <div class=\"btn-group\">\r\n            <a class=\"btn btn-xs text-muted\" href=\"{{ $edit_url }}\"><i class=\"fa fa-pencil\"></i> Edit</a>\r\n        </div>\r\n        <div class=\"btn-group\">\r\n            <a class=\"btn btn-xs text-muted\" href=\"#\" data-close-others=\"true\" data-toggle=\"dropdown\"><i class=\"fa fa-gear\"></i> Options</a>\r\n            <ul class=\"dropdown-menu pull-right\">\r\n                {{ $options }}\r\n            </ul>\r\n        </div>\r\n    </td>\r\n</tr>',0,1,8,'Partners','','2015-01-15 02:58:35',1,'2015-01-14 15:18:06',1,0),(133,'safemanhour','partners/safe_manhour','partners_safe_manhour','safe_manhour_id',1,'Safe Manhour','Safe Manhour','fa-folder',0,0,'','<th width=\"20%\">Employee</th>\r\n<th width=\"18%\">Total Manhour</th>\r\n<th width=\"22%\" class=\"hidden-xs\">Nature</th>\r\n<th width=\"15%\" class=\"hidden-xs\">Status</th>','<tr class=\"record\">\r\n    <td>\r\n        <div>\r\n            <input type=\"checkbox\" class=\"record-checker checkboxes\" value=\"<?php echo $record_id; ?>\" />\r\n        </div>\r\n    </td>\r\n    <td class=\"hidden-xs\">\r\n<a class=\"text-success\" href=\"{{ $edit_url }}\">\r\n{{ $partners_safe_manhour_partner_id}}\r\n</a>\r\n<br>\r\n<span class=\"small\">{{ $position}}</span>\r\n</td>\r\n    <td class=\"hidden-xs\">{{$partners_safe_manhour_total_manhour}}</td>\r\n    <td class=\"hidden-xs\">{{$partners_safe_manhour_nature_id}}\r\n        </td>\r\n    </td>    \r\n<td class=\"hidden-xs\">\r\n<span class=\"badge badge-success\">{{ $partners_safe_manhour_status_id }}</span>\r\n</td> <td>\r\n        <div class=\"btn-group\">\r\n            <a class=\"btn btn-xs text-muted\" href=\"{{ $edit_url }}\"><i class=\"fa fa-pencil\"></i> Edit</a>\r\n        </div>\r\n        <div class=\"btn-group\">\r\n            <a class=\"btn btn-xs text-muted\" href=\"#\" data-close-others=\"true\" data-toggle=\"dropdown\"><i class=\"fa fa-gear\"></i> Options</a>\r\n            <ul class=\"dropdown-menu pull-right\">\r\n                {{ $options }}\r\n            </ul>\r\n        </div>\r\n    </td>\r\n</tr>',0,1,11,'Partners','','2015-01-15 03:00:21',1,'2015-01-14 16:05:17',1,0),(134,'clearance','partners/clearance','partners_clearance','clearance_id',1,'Clearance','Clearance','fa-folder',0,0,'','1','1',0,0,0,'Partners','','2015-01-21 00:53:47',1,'2015-01-20 09:07:27',1,0),(135,'business_structure','admin/business_structure','business_reqion','region_id',0,'Business Structure','Business Structure','fa-folder',0,0,'','1','2',0,0,0,'Admin','','2015-01-21 07:58:57',1,'2015-01-23 13:27:40',1,0),(136,'leave_filed','time/leave_filed','time_forms','forms_id',0,'Leave Filed','Leave Filed','fa-folder',0,0,'','1','1',0,0,0,'Time Records','','2015-01-22 06:39:13',1,'2015-01-21 14:38:51',1,0),(137,'leave_filed_admin','time/leave_filed_admin','time_forms','forms_id',0,'Leave Filed','Leave Filed - Admin','',0,0,'','1','1',0,0,0,'Time Records','','2015-01-23 23:00:52',1,'2015-01-23 07:00:01',1,0),(138,'code_of_conduct','partner/code_of_conduct','code_conduct','conduct_id',0,'Code of Conduct','Code of Conduct','fa-folder',0,0,'','1','1',0,0,0,'Partners','','2015-01-24 01:40:55',1,'2015-01-23 09:44:44',1,0),(139,'incident_report','partner/incident_report','partners_incident','incident_id',1,'Incident Report','Incident Report','fa-folder',0,0,'','1','1',0,2,9,'Partners','','2015-01-24 05:38:18',1,'2015-02-02 20:05:36',1,0),(140,'incident_manage','partner/incident_manage','partners_incident','incident_id',1,'Incident Report','Incident Report','',0,0,'','1','1',0,0,0,'Partners','','2015-01-24 06:49:15',1,'2015-01-23 14:48:12',1,0),(141,'incident_admin','partner/incident_admin','partners_incident','incident_id',0,'Incident Report','Incident Report','',0,0,'','<th  width=\"23%\">Involved Employees</th>\r\n<th class=\"hidden-xs\" width=\"18%\">Date Sent</th>\r\n<th  width=\"21%\">Complainants</th>\r\n<th class=\"hidden-xs\" width=\"19%\">Status</th>','<tr class=\"record\">\r\n	<!-- this first column shows the year of this holiday item -->\r\n	<td><input type=\"checkbox\" class=\"checkboxes\" value=\"1\" /></td>\r\n	<td>\r\n		<a href=\"#\" class=\"text-success\">Park Ana</a>\r\n		<br />\r\n		<span class=\"small\">Encoder</span>\r\n	</td>\r\n	<td class=\"hidden-xs\">Mar-23 <span class=\"text-muted small\">Mon</span><br>\r\n		<span class=\"text-muted small\">2014</span>\r\n	</td>\r\n	<td>\r\n		<a href=\"#\" class=\"text-success\">Park Ana</a>\r\n		<br />\r\n		<span class=\"small\">Encoder</span>\r\n	</td>\r\n	<td class=\"hidden-xs\">\r\n		<span class=\"badge badge-warning\">Ongoing</span><br>\r\n		<span class=\"text-muted small\">For Dept. Head Validation </span>\r\n	</td>\r\n	<td>\r\n		<div class=\"btn-group\">\r\n			<a class=\"btn btn-xs text-muted\" href=\"time_application_form_vl-view.php\"><i class=\"fa fa-search\"></i> View</a>\r\n		</div>\r\n		<div class=\"btn-group\">\r\n			<a class=\"btn btn-xs text-muted\"><i class=\"fa fa-ban\"></i> Cancel</a>\r\n		</div>\r\n	</td>\r\n</tr>',0,0,0,'Partners','','2015-01-24 07:02:03',1,'2015-01-23 15:01:22',1,0),(142,'incident_master','admin/incident','partner_incident_master','incident_master_id',0,'Incident Resources','Incident Resources','',0,0,'','1','1',0,0,0,'Admin','','2015-01-24 07:21:45',1,'2015-01-23 15:21:20',1,0),(143,'resources','partner/resources','partners_resources','resources_id',1,'Resources','Partners Resources','',0,0,'','1','1',0,0,0,'Partners','','2015-01-27 01:51:38',1,'2015-01-26 09:50:46',1,0),(144,'erequest','partner/erequest','resources_request','request_id',1,'Online Request','Online Request','',0,0,'','<th width=\"26%\">Request Item</th>\r\n<th width=\"18%\" class=\"hidden-xs\">Date Created</th>\r\n<th width=\"18%\" class=\"hidden-xs\">Date Needed</th>\r\n<th width=\"18%\" class=\"hidden-xs\">Status</th>','<tr class=\"record\">\r\n	<!-- this first column shows the year of this holiday item -->\r\n	<td>\r\n		<a href=\"#\" class=\"text-success\">Employment Certificate</a>\r\n	</td>\r\n	<td class=\"hidden-xs\">Mar-23 <span class=\"text-muted small\">Mon</span><br>\r\n		<span class=\"text-muted small\">2014</span>\r\n	</td>\r\n	<td class=\"hidden-xs\">Mar-23 <span class=\"text-muted small\">Mon</span><br>\r\n		<span class=\"text-muted small\">2014</span>\r\n	</td>\r\n	<td class=\"hidden-xs\">\r\n		<span class=\"badge badge-warning\">Open</span><br>\r\n		<span class=\"text-muted small\">Request Sent</span>\r\n	</td>\r\n	<td>\r\n		<div class=\"btn-group\">\r\n			<a class=\"btn btn-xs text-muted\" href=\"time_application_form_vl-view.php\"><i class=\"fa fa-search\"></i> View</a>\r\n		</div>\r\n		<div class=\"btn-group\">\r\n			<a class=\"btn btn-xs text-muted\"><i class=\"fa fa-ban\"></i> Cancel</a>\r\n		</div>\r\n	</td>\r\n</tr>',0,1,5,'Partners','','2015-01-29 00:59:07',1,'2015-01-28 10:30:52',1,0),(145,'erequest_admin','partner/erequest_admin','resources_request','request_id',1,'Online Request Admin','Online Request Admin','',0,0,'','1','1',0,0,0,'Partners','','2015-01-31 02:18:37',1,'2015-01-30 10:19:55',1,0),(146,'policies_procedures','partner/policies_procedures','resources_policies','resource_policy_id',1,'Policies and Procedure','Policies and Procedure','fa-folder',0,0,'1','<tr>\r\n																	<th width=\"25%\">Title</th>\r\n																	<th width=\"55%\" class=\"hidden-xs\">Description</th>\r\n																	<th width=\"20%\">Actions</th>\r\n																</tr>','<tr class=\"record\">\r\n																	<!-- this first column shows the year of this holiday item -->\r\n																	<td>\r\n																		<a href=\"#\" class=\"text-success\">Policies 101<br>\r\n																		<span class=\"text-muted small\">Timerecord</span></a>\r\n																	</td>\r\n																	<td class=\"hidden-xs\">Lorem ipsum sit amet\r\n																	</td>\r\n																	<td>\r\n																		<div class=\"btn-group\">\r\n																			<a class=\"btn btn-xs text-muted\" href=\"time_application_form_vl-view.php\"><i class=\"fa fa-search\"></i> View</a>\r\n																		</div>\r\n																		<div class=\"btn-group\">\r\n																			<a class=\"btn btn-xs text-muted\"><i class=\"fa fa-print\"></i> Export </a>\r\n																		</div>\r\n																	</td>\r\n																</tr>',0,0,0,'Partners','','2015-02-03 07:50:20',1,'2015-02-02 16:58:32',1,0),(147,'policies_procedures_admin','partner/policies_procedures_admin','resources_policies','resource_policy_id',1,'Policies and Procedure ','Policies and Procedure ','',0,0,'','<tr>\r\n																	<th width=\"18%\">Created by</th>\r\n																	<th width=\"20%\">Title</th>\r\n																	<th width=\"15%\" class=\"hidden-xs\">Date Created</th>\r\n																	<th width=\"25%\">Actions</th>\r\n																</tr>','<tr class=\"record\">\r\n																	<td>\r\n																		<a href=\"#\" class=\"text-success\">Park Ana</a>\r\n																		<br />\r\n																		<span class=\"small\">E1123</span>\r\n																	</td>\r\n																	<td>\r\n																		<a href=\"#\" class=\"text-success\">Employment Certificate</a>\r\n																	</td>\r\n																	<td class=\"hidden-xs\">Mar-23 <span class=\"text-muted small\">Mon</span><br>\r\n																		<span class=\"text-muted small\">2014</span>\r\n																	</td>\r\n																	<td>\r\n																		<div class=\"btn-group\">\r\n																			<a class=\"btn btn-xs text-muted\" href=\"online_request_admin-view.php\"><i class=\"fa fa-pencil\"></i> Edit</a>\r\n																		</div>\r\n																		<div class=\"btn-group\">\r\n																			<a class=\"btn btn-xs text-muted\" href=\"#\" data-close-others=\"true\" data-hover=\"dropdown\" data-toggle=\"dropdown-toggle\"><i class=\"fa fa-gear\"></i> Options</a>\r\n																			<ul class=\"dropdown-menu pull-right\">\r\n							                                            		<li><a href=\"#\"><i class=\"fa fa-search\"></i> View</a></li>\r\n							                                            		<li><a href=\"#\"><i class=\"fa fa-print\"></i> Export</a></li>\r\n							                                        		</ul>\r\n																		</div>\r\n																	</td>\r\n																</tr>',0,1,5,'Partners','','2015-02-03 08:58:42',1,'2015-02-02 17:07:30',1,0),(148,'formsdownload_admin','partner/formsdownload_admin','resources_downloadable','resource_download_id',1,'Downloadable Forms','Downloadable Forms',NULL,0,0,NULL,'<th width=\"20%\">Created by</th>\r\n<th width=\"22%\">Title</th>\r\n<th width=\"17%\" class=\"hidden-xs\">Date Created</th>','<tr class=\"record\">\r\n	<td>\r\n		<a href=\"#\" class=\"text-success\">{{$createdbyname}}</a>\r\n		<br />\r\n		<span class=\"small\">{{$login}}</span>\r\n	</td>\r\n	<td>\r\n		<a href=\"#\" class=\"text-success\">{{$resources_policies_title}}</a>\r\n	</td>\r\n    <td class=\"hidden-xs\"><?php echo date(\"M-d\",strtotime($resources_policies_created_on)); ?> <span class=\"text-muted small\"><?php echo date(\"D\",strtotime($resources_policies_created_on)); ?></span><br>\r\n        <span class=\"text-muted small\"><?php echo date(\"Y\",strtotime($resources_policies_created_on)); ?></span>\r\n    </td>\r\n	<td>\r\n		<div class=\"btn-group\">\r\n			<a class=\"btn btn-xs text-muted\" href=\"{{$quickedit_url}}\"><i class=\"fa fa-pencil\"></i> Edit</a>\r\n		</div>\r\n        @if( $options != \"\" )\r\n	        <div class=\"btn-group\">\r\n	            <a class=\"btn btn-xs text-muted\" href=\"#\" data-close-others=\"true\" data-toggle=\"dropdown\"><i class=\"fa fa-gear\"></i> Options</a>\r\n	            <ul class=\"dropdown-menu pull-right\">\r\n		    		<li><a href=\"javascript: ajax_export({{$record_id}})\" ><i class=\"fa fa-search\"></i> View</a></li>\r\n		    		<li><a href=\"{{$export_url}}\"><i class=\"fa fa-print\"></i> Export</a></li>\r\n	            </ul>\r\n	        </div>\r\n        @endif\r\n		<!-- <div class=\"btn-group\">\r\n			<a class=\"btn btn-xs text-muted\" href=\"#\" data-close-others=\"true\" data-hover=\"dropdown\" data-toggle=\"dropdown-toggle\"><i class=\"fa fa-gear\"></i> Options</a>\r\n			<ul class=\"dropdown-menu pull-right\">\r\n			</ul>\r\n		</div>\r\n -->	</td>\r\n</tr>',0,0,0,'Partners','','2015-02-03 10:45:54',1,NULL,NULL,0),(149,'formsdownload','partner/formsdownload','resources_downloadable','resource_download_id',1,'Downloadable Forms','Downloadable Forms','',0,0,'','<th width=\"20%\">Created by</th>\r\n<th width=\"22%\">Title</th>\r\n<th width=\"17%\" class=\"hidden-xs\">Date Created</th>','<tr class=\"record\">\r\n	<td>\r\n		<a href=\"#\" class=\"text-success\">{{$createdbyname}}</a>\r\n		<br />\r\n		<span class=\"small\">{{$login}}</span>\r\n	</td>\r\n	<td>\r\n		<a href=\"#\" class=\"text-success\">{{$resources_policies_title}}</a>\r\n	</td>\r\n    <td class=\"hidden-xs\"><?php echo date(\"M-d\",strtotime($resources_policies_created_on)); ?> <span class=\"text-muted small\"><?php echo date(\"D\",strtotime($resources_policies_created_on)); ?></span><br>\r\n        <span class=\"text-muted small\"><?php echo date(\"Y\",strtotime($resources_policies_created_on)); ?></span>\r\n    </td>\r\n	<td>\r\n		<div class=\"btn-group\">\r\n			<a class=\"btn btn-xs text-muted\" href=\"{{$quickedit_url}}\"><i class=\"fa fa-pencil\"></i> Edit</a>\r\n		</div>\r\n        @if( $options != \"\" )\r\n	        <div class=\"btn-group\">\r\n	            <a class=\"btn btn-xs text-muted\" href=\"#\" data-close-others=\"true\" data-toggle=\"dropdown\"><i class=\"fa fa-gear\"></i> Options</a>\r\n	            <ul class=\"dropdown-menu pull-right\">\r\n		    		<li><a href=\"javascript: ajax_export({{$record_id}})\" ><i class=\"fa fa-search\"></i> View</a></li>\r\n		    		<li><a href=\"{{$export_url}}\"><i class=\"fa fa-print\"></i> Export</a></li>\r\n	            </ul>\r\n	        </div>\r\n        @endif\r\n		<!-- <div class=\"btn-group\">\r\n			<a class=\"btn btn-xs text-muted\" href=\"#\" data-close-others=\"true\" data-hover=\"dropdown\" data-toggle=\"dropdown-toggle\"><i class=\"fa fa-gear\"></i> Options</a>\r\n			<ul class=\"dropdown-menu pull-right\">\r\n			</ul>\r\n		</div>\r\n -->	</td>\r\n</tr>',0,0,0,'Partners','','2015-02-03 10:56:36',1,'2015-02-02 18:55:05',1,0),(150,'nte','partner/nte','partners_incident','incident_id',1,'Notice to Explain','Notice to Explain','',0,0,'','1','1',0,0,0,'Partners','','2015-02-04 13:12:05',1,'2015-02-03 21:11:02',1,0),(151,'nte_manage','partner/nte_manage','partners_incident','incident_id',1,'Notice to Explain','Notice to Explain','',0,0,'','1','1',0,0,0,'Partners','','2015-02-04 13:18:46',1,'2015-02-03 21:17:09',1,0),(152,'nte_admin','partner/nte_admin','partners_incident','incident_id',1,'Notice to Explain','Notice to Explain','',0,0,'','1','1',0,0,0,'Partners','','2015-02-04 13:20:03',1,'2015-02-03 21:18:25',1,0),(153,'hearing','partner/hearing','partners_incident','incident_id',1,'Hearing Schedule','Hearing Schedule','',0,0,'','1','1',0,0,0,'Partners','','2015-02-05 02:45:01',1,'2015-02-04 10:43:31',1,0),(154,'hearing_manage','partner/hearing_manage','partners_incident','incident_id',1,'Hearing Schedule','Hearing Schedule','',0,0,'','1','1',0,0,0,'Partners','','2015-02-05 02:45:53',1,'2015-02-04 10:44:19',1,0),(155,'hearing_admin','partner/hearing_admin','partners_incident','incident_id',1,'Hearing Schedule','Hearing Schedule','',0,0,'','1','1',0,0,0,'Partners','','2015-02-05 02:47:05',1,'2015-02-04 10:45:29',1,0),(156,'disciplinary_admin','partner/disciplinary_admin','partners_incident','incident_id',1,'Disciplinary Action','Disciplinary Action','',0,0,'','1','1',0,0,0,'Partners','','2015-02-05 07:06:22',1,'2015-02-04 15:04:49',1,0),(157,'disciplinary_manage','partner/disciplinary_manage','partners_incident','incident_id',1,'Disciplinary Action','Disciplinary Action','',0,0,'','1','1',0,0,0,'Partners','','2015-02-05 07:07:17',1,'2015-02-04 15:05:44',1,0),(158,'disciplinary','partner/disciplinary','partners_incident','incident_id',1,'Disciplinary Action','Disciplinary Action','',0,0,'','1','1',0,0,0,'Partners','','2015-02-05 07:08:08',1,'2015-02-04 15:06:32',1,0),(159,'partner_reference','admin/partner_reference','partners','partner_id',1,'Partner Reference','Partner Reference','',0,0,'','1','1',0,0,0,'Admin','Partner Manager','2015-02-07 01:07:39',1,'2015-02-06 09:06:05',1,0),(160,'clearance_manager','admin/clearance_manager','clearance_manager','clearance_manager_id',1,'Clearance Manager','Clearance Manager','',0,0,'','1','1',0,0,0,'Partners','','2015-02-07 01:13:41',1,'2015-02-06 09:12:07',1,0),(161,'code_discipline','admin/code_discipline','partners_offense','offense_id',1,'Code of Discipline','Code of Discipline','',0,0,'','<th class=\"hidden-xs\" width=\"25%\">Category</th>\r\n<th width=\"19%\">Level</th>\r\n<th width=\"35%\">Offense</th>','<tr class=\"record\">\r\n    <td class=\"hidden-xs\">\r\n	<input type=\"checkbox\" value=\"{{ $record_id }}\" class=\"record-checker checkboxes\">\r\n    </td>\r\n<td>\r\n{{ $partners_offense_offense_category_id }}\r\n</td>\r\n<td>\r\n{{ $partners_offense_offense_level_id }}\r\n</td>\r\n<td>\r\n{{ $partners_offense_offense }}\r\n</td>   \r\n    <td>\r\n        @if( isset( $permission[\'edit\'] ) && $permission[\'edit\'] )\r\n        <div class=\"btn-group\">\r\n            <a class=\"btn btn-xs text-muted\" href=\"{{ $edit_url }}\"><i class=\"fa fa-pencil\"></i> Edit</a>\r\n        </div>\r\n        @endif\r\n        @if( !empty( $options ) )\r\n        <div class=\"btn-group\">\r\n            <a class=\"btn btn-xs text-muted\" href=\"#\" data-close-others=\"true\" data-toggle=\"dropdown\"><i class=\"fa fa-gear\"></i> Options</a>\r\n            <ul class=\"dropdown-menu pull-right\">\r\n                {{ $options }}\r\n            </ul>\r\n        </div>\r\n        @endif\r\n    </td>\r\n</tr>',0,1,3,'Partners','Partner Manager','2015-02-07 07:17:20',1,'2015-02-06 15:28:37',1,0),(162,'offence_sanction','admin/offence_sanction','partners_offense_sanction','sanction_id',1,'Offense Sanction','Offense Sanction','',0,0,'','<th class=\"hidden-xs\" width=\"25%\">Category</th>\r\n<th width=\"19%\">Level</th>\r\n<th width=\"35%\">Sanction</th>','<tr class=\"record\">\r\n    <td class=\"hidden-xs\">\r\n	<input type=\"checkbox\" value=\"{{ $record_id }}\" class=\"record-checker checkboxes\">\r\n    </td>\r\n<td>\r\n{{ $partners_offense_sanction_sanction_category_id }}\r\n</td>\r\n<td>\r\n{{ $partners_offense_sanction_sanction_level_id }}\r\n</td>\r\n<td>\r\n{{ $partners_offense_sanction_sanction }}\r\n</td>   \r\n    <td>\r\n        @if( isset( $permission[\'edit\'] ) && $permission[\'edit\'] )\r\n        <div class=\"btn-group\">\r\n            <a class=\"btn btn-xs text-muted\" href=\"{{ $edit_url }}\"><i class=\"fa fa-pencil\"></i> Edit</a>\r\n        </div>\r\n        @endif\r\n        @if( !empty( $options ) )\r\n        <div class=\"btn-group\">\r\n            <a class=\"btn btn-xs text-muted\" href=\"#\" data-close-others=\"true\" data-toggle=\"dropdown\"><i class=\"fa fa-gear\"></i> Options</a>\r\n            <ul class=\"dropdown-menu pull-right\">\r\n                {{ $options }}\r\n            </ul>\r\n        </div>\r\n        @endif\r\n    </td>\r\n</tr>',0,1,3,'Admin','Partner Manager','2015-02-07 07:34:33',1,'2015-02-06 15:37:07',1,0),(163,'clearance_sign','admin/clearance_sign','partners_clearance_layout','clearance_layout_id',1,'Clearance Signatories','Clearance Signatories','',0,0,'','1','1',0,0,0,'Partners','Partner Manager','2015-02-10 06:45:41',1,'2015-02-09 14:48:16',1,0),(164,'clearance_manage','partner/clearance_manage','partners_clearance','clearance_id',1,'Clearance','Clearance Manage','',0,0,'','1','1',0,0,0,'Partners','','2015-02-11 03:33:49',1,'2015-02-10 11:36:05',1,0),(165,'exit_interview_manager','admin/exit_interview_manager','partners_clearance_exit_interview_layout','exit_interview_layout_id',1,'Exit Interview','Exit Interview','',0,0,'','1','1',0,0,0,'Admin','Partner Manager','2015-02-11 07:33:00',1,'2015-02-10 15:40:48',1,0),(166,'memo_manage','partners/memo_manage','memo','memo_id',1,'Memo Manage','Memorandum Manage','',0,0,'','<th width=\"55%\">Memo Title</th>\r\n<th class=\"hidden-xs\" width=\"14%\">Created By</th>\r\n<th width=\"30%\">Publish Date</th>','<tr class=\"record\">\r\n    <td class=\"hidden-xs\">\r\n	<input type=\"checkbox\" value=\"{{ $record_id }}\" class=\"record-checker checkboxes\">\r\n    </td>\r\n\r\n    <td>\r\n        {{ $memo_memo_title }}\r\n    </td>\r\n\r\n    <td>\r\n        {{ $memo_partner_id }}\r\n    </td>\r\n\r\n    <td>\r\n        {{ $memo_publish_from }} to {{ $memo_publish_to }}\r\n    </td>\r\n    \r\n    <td>\r\n        <div class=\"btn-group\">\r\n            <a class=\"btn btn-xs text-muted\" href=\"{{ $edit_url }}\"><i class=\"fa fa-pencil\"></i> Edit</a>\r\n        </div>\r\n        <div class=\"btn-group\">\r\n            <a class=\"btn btn-xs text-muted\" href=\"#\" data-close-others=\"true\" data-toggle=\"dropdown\"><i class=\"fa fa-gear\"></i> Options</a>\r\n            <ul class=\"dropdown-menu pull-right\">\r\n                {{ $options }}\r\n            </ul>\r\n        </div>\r\n    </td>\r\n</tr>',0,0,0,'Partners','','2015-02-11 23:44:11',1,'2015-02-11 09:00:36',1,0),(167,'my_payroll','account/my_payroll','payroll_closed_summary','id',0,'My Payroll','My Payroll',NULL,0,0,NULL,'1','2',0,0,0,'Account','','2015-02-12 02:25:12',1,'2015-02-11 11:11:23',1,0),(168,'my_loan','account/my_loan','payroll_partners_loan','partner_loan_id',0,'My Loans','My Loans','',0,0,'','1','2',0,2,1,'Account','','2015-02-12 03:08:21',1,'2015-02-11 11:18:00',1,0),(169,'applicant_interviewer_monitoring','recruitment/applicant_interviewer_monitoring','1','1',0,'Applicant Interviewer Monitoring','Applicant Interviewer Monitoring','fa-folder',0,0,'','1','1',0,0,0,'Recruitment','','2015-02-25 05:11:30',1,'2015-02-24 13:11:03',1,0),(170,'my_payslip','account/payslip','payroll_closed_transaction','id',1,'My Payslip','My Payslip','',0,0,'','1','1',0,0,0,'Account','','2015-03-16 23:29:16',1,'2015-03-16 01:30:08',1,0),(171,'my_contribution','account/contribution','ww_payroll_closed_summary','id',1,'My Contribution','My Contribution','',0,0,'','1','1',0,0,0,'Account','','2015-03-16 23:30:49',1,'2015-03-16 01:32:11',1,0),(172,'my_tax','account/tax','ww_payroll_closed_summary','id',1,'Withholding Tax','Withholding Tax','',0,0,'','1','1',0,0,0,'Account','','2015-03-16 23:33:07',1,'2015-03-16 01:33:44',1,0),(173,'my_loans','account/loans','ww_payroll_partners_loan','partner_loan_id',1,'My Loans','My Loans','',0,0,'','1','1',0,0,0,'Account','','2015-03-16 23:34:04',1,'2015-03-16 01:34:52',1,0),(174,'db_prep','admin/db_prep','1','1',0,'Database Installer and Uploader','Database Installer and Uploader','fa-folder',0,0,'','1','2',0,0,0,'Admin','','2015-03-24 02:45:36',1,'2015-03-23 04:47:19',1,0),(175,'forms_request','time/forms_request','time_forms','forms_id',1,'With Request','With Request','',0,0,'','1','1',0,0,0,'Time Records','','2015-04-17 07:21:21',1,'2015-04-16 10:25:32',1,0),(176,'upload_utility','utilities/upload','system_upload_template','template_id',0,'Utility Manager','Utility Manager','fa-folder',0,0,'','1','2',0,0,0,'System','','2015-04-18 04:51:58',1,'2015-04-17 13:53:09',1,0),(177,'hr_validation','time/validation','time_forms','forms_id',1,'HR Validation','HR Validation','',0,0,'','1','1',0,0,0,'Time Records','','2015-04-21 01:30:33',1,'2015-04-20 04:31:41',1,0),(178,'email_queue','admin/emails','system_email_queue','id',1,'Email Queue','Email Queue','',0,0,'','1','1',0,1,8,'Admin','','2015-05-04 23:58:56',1,'2015-05-04 03:35:28',1,0),(179,'sms_queue','admin/sms','system_sms_queue','id',1,'SMS Queue','SMS Queue','',0,0,'','1','1',0,0,0,'Admin','','2015-05-05 05:23:42',1,'2015-05-04 08:23:59',1,0),(181,'leave_credit','time/leave_credit','time_form_balance','id',1,'Annual Leave','Leave Balance','',0,0,'','<th  width=\"10%\">Year</th>\r\n<th class=\"hidden-xs\" width=\"17%\">Leave type</th>\r\n<th class=\"hidden-xs\" width=\"13%\">Period</th>\r\n<th class=\"hidden-xs\" width=\"13%\">Current</th>\r\n<th class=\"hidden-xs\" width=\"13%\">Used</th>\r\n<th class=\"hidden-xs\" width=\"14%\">Balance</th>','<tr class=\"record\">\r\n    <td>\r\n        <div>\r\n            <input type=\"checkbox\" class=\"record-checker checkboxes\" value=\"{{ $record_id }}\">\r\n        </div>\r\n    </td>\r\n    <td>\r\n        <a href=\"{{ $detail_url }}\">\r\n            {{ $time_form_balance_year  }}\r\n        </a>\r\n    </td>\r\n     <td>\r\n        {{ $time_form_balance_form }}\r\n    </td>\r\n    <td>\r\n        {{ $time_form_balance_previous }}\r\n    </td>\r\n    <td>\r\n        {{ $time_form_balance_current }}\r\n    </td>\r\n    <td>\r\n        {{ $time_form_balance_used }}\r\n    </td>\r\n    <td>\r\n        {{ $time_form_balance_balance }}\r\n    </td>\r\n    \r\n    <td>\r\n        <div class=\"btn-group\">\r\n            <a class=\"btn btn-xs text-muted\" href=\"{{ $detail_url }}\"><i class=\"fa fa-search\"></i> View</a>\r\n        </div>\r\n    </td>\r\n</tr>',0,0,0,'Time Records','','2015-05-26 00:42:14',1,'2015-05-25 03:44:35',1,0),(182,'leave_filed_period','time/leave_filed_period','time_forms','forms_id',1,'Leave Filed','Leave Filed','fa-folder',0,0,'','1','1',0,0,0,'Time Records','','2015-05-26 06:04:34',1,'2015-05-25 09:05:35',1,0),(183,'addtl_credit','time/addtl_credit','time_forms','forms_id',1,'Additional Leave - Credit','Additional Leave - Credit','',0,0,'','1','1',0,0,0,'Time Records','','2015-05-26 08:07:17',1,'2015-05-25 11:08:47',1,0),(184,'addtl_usage','time/addtl_usage','time_forms','forms_id',1,'Additional Leave - Usage','Additional Leave - Usage','',0,0,'','1','1',0,0,0,'Time Records','','2015-05-27 00:34:07',1,'2015-05-26 03:35:09',1,0),(185,'leave_credit_admin','time/leave_credit_admin','time_form_balance','id',1,'Annual Leave Admin','Leave Balance Admin','',0,0,'','<th  width=\"10%\">Year</th>\r\n<th class=\"hidden-xs\" width=\"17%\">Leave type</th>\r\n<th class=\"hidden-xs\" width=\"13%\">Period</th>\r\n<th class=\"hidden-xs\" width=\"13%\">Current</th>\r\n<th class=\"hidden-xs\" width=\"13%\">Used</th>\r\n<th class=\"hidden-xs\" width=\"14%\">Balance</th>','<tr class=\"record\">\r\n    <td>\r\n        <div>\r\n            <input type=\"checkbox\" class=\"record-checker checkboxes\" value=\"{{ $record_id }}\">\r\n        </div>\r\n    </td>\r\n    <td>\r\n        <a href=\"{{ $detail_url }}\">\r\n            {{ $time_form_balance_year  }}\r\n        </a>\r\n    </td>\r\n     <td>\r\n        {{ $time_form_balance_form }}\r\n    </td>\r\n    <td>\r\n        {{ $time_form_balance_previous }}\r\n    </td>\r\n    <td>\r\n        {{ $time_form_balance_current }}\r\n    </td>\r\n    <td>\r\n        {{ $time_form_balance_used }}\r\n    </td>\r\n    <td>\r\n        {{ $time_form_balance_balance }}\r\n    </td>\r\n    \r\n    <td>\r\n        <div class=\"btn-group\">\r\n            <a class=\"btn btn-xs text-muted\" href=\"{{ $detail_url }}\"><i class=\"fa fa-search\"></i> View</a>\r\n        </div>\r\n    </td>\r\n</tr>',0,0,0,'Time Records','','2015-05-27 04:34:27',1,'2015-05-26 07:35:58',1,0),(186,'leave_filed_period_admin','time/leave_filed_period_admin','time_forms','forms_id',0,'Leave Filed Admin','Leave Filed Admin','',0,0,'','1','1',0,0,0,'Time Records','','2015-05-27 04:48:31',1,'2015-05-26 07:49:17',1,0),(187,'addtl_credit_admin','time/addtl_credit_admin','time_forms','forms_id',0,'Additional Leave Admin - Credit','Additional Leave Admin - Credit','',0,0,'','1','1',0,0,0,'Time Records','','2015-05-27 04:50:18',1,'2015-05-26 07:51:01',1,0),(188,'addtl_usage_admin','time/addtl_usage_admin','time_forms','forms_id',0,'Additional Leave Admin - Usage','Additional Leave Admin - Usage','',0,0,'','1','1',0,0,0,'Time Records','','2015-05-27 04:52:32',1,'2015-05-26 07:53:17',1,0),(189,'addtl_leave_credit','time/addtl_leave_credit','time_form_balance','id',1,'Additional Leave','Leave Balance',NULL,0,0,NULL,'<th  width=\"10%\">Year</th>\r\n<th class=\"hidden-xs\" width=\"17%\">Leave type</th>\r\n<th class=\"hidden-xs\" width=\"13%\">Period</th>\r\n<th class=\"hidden-xs\" width=\"13%\">Current</th>\r\n<th class=\"hidden-xs\" width=\"13%\">Used</th>\r\n<th class=\"hidden-xs\" width=\"14%\">Balance</th>','<tr class=\"record\">\r\n    <td>\r\n        <div>\r\n            <input type=\"checkbox\" class=\"record-checker checkboxes\" value=\"{{ $record_id }}\">\r\n        </div>\r\n    </td>\r\n    <td>\r\n        <a href=\"{{ $detail_url }}\">\r\n            {{ $time_form_balance_year  }}\r\n        </a>\r\n    </td>\r\n     <td>\r\n        {{ $time_form_balance_form }}\r\n    </td>\r\n    <td>\r\n        {{ $time_form_balance_previous }}\r\n    </td>\r\n    <td>\r\n        {{ $time_form_balance_current }}\r\n    </td>\r\n    <td>\r\n        {{ $time_form_balance_used }}\r\n    </td>\r\n    <td>\r\n        {{ $time_form_balance_balance }}\r\n    </td>\r\n    \r\n    <td>\r\n        <div class=\"btn-group\">\r\n            <a class=\"btn btn-xs text-muted\" href=\"{{ $detail_url }}\"><i class=\"fa fa-search\"></i> View</a>\r\n        </div>\r\n    </td>\r\n</tr>',0,0,0,'Time Records','','2015-07-16 14:03:19',1,NULL,NULL,0),(190,'special_leave_credit','time/special_leave_credit','time_form_balance','id',1,'Special Leave','Leave Balance','',0,0,'','<th  width=\"10%\">Year</th>\r\n<th class=\"hidden-xs\" width=\"17%\">Leave type</th>\r\n<th class=\"hidden-xs\" width=\"13%\">Period</th>\r\n<th class=\"hidden-xs\" width=\"13%\">Current</th>\r\n<th class=\"hidden-xs\" width=\"13%\">Used</th>\r\n<th class=\"hidden-xs\" width=\"14%\">Balance</th>','<tr class=\"record\">\r\n    <td>\r\n        <div>\r\n            <input type=\"checkbox\" class=\"record-checker checkboxes\" value=\"{{ $record_id }}\">\r\n        </div>\r\n    </td>\r\n    <td>\r\n        <a href=\"{{ $detail_url }}\">\r\n            {{ $time_form_balance_year  }}\r\n        </a>\r\n    </td>\r\n     <td>\r\n        {{ $time_form_balance_form }}\r\n    </td>\r\n    <td>\r\n        {{ $time_form_balance_previous }}\r\n    </td>\r\n    <td>\r\n        {{ $time_form_balance_current }}\r\n    </td>\r\n    <td>\r\n        {{ $time_form_balance_used }}\r\n    </td>\r\n    <td>\r\n        {{ $time_form_balance_balance }}\r\n    </td>\r\n    \r\n    <td>\r\n        <div class=\"btn-group\">\r\n            <a class=\"btn btn-xs text-muted\" href=\"{{ $detail_url }}\"><i class=\"fa fa-search\"></i> View</a>\r\n        </div>\r\n    </td>\r\n</tr>',0,0,0,'Time Records','','2015-07-16 14:29:15',1,'2015-07-15 17:30:15',1,0),(191,'ytd','payroll/ytd','payroll_closed_summary','id',1,'Year To Date','Year To Date','',0,0,'','1','1',0,0,0,'Payroll','','2015-05-28 12:08:27',1,'2015-05-27 15:09:57',1,0),(192,'crowdsource_admin','appraisal/crowdsource_admin','performance_appraisal_contributor','appraisal_id',0,'Crowdsource Admin','Crowdsource Admin','',0,0,'','1','2',0,1,3,'Performance','','2015-06-27 02:24:40',1,'2015-06-26 11:27:14',1,0),(193,'requisition','account/requisition','requisition','requisition_id',0,'Requisition','Requisition','fa-folder',0,0,'','<th width=\"24%\">Project Name</th>\r\n<th width=\"15%\" class=\"hidden-xs\">No. of Items</th>\r\n<th width=\"15%\" class=\"hidden-xs\">Total Price</th>\r\n<th width=\"20%\" class=\"hidden-xs\">Priority & Status</th>','<tr class=\"record\">\r\n    <td class=\"hidden-xs\"><input type=\"checkbox\" value=\"{{ $record_id }}\" class=\"record-checker checkboxes\"></td>\r\n	<td>\r\n		<span class=\"text-info\">{{ $requisition_project_name }}</span><br>\r\n		<span class=\"text-muted small\">{{ $requisition_date_created }}</span>\r\n	</td>\r\n	<td class=\"hidden-xs\">{{ $requisition_no_of_items }}<br></td>\r\n	<td class=\"hidden-xs\">{{ $requisition_total_price }}</td>\r\n	\r\n	<td class=\"hidden-xs\">\r\n		<span class=\"label label-info\">{{ $requisition_status_id }}</span><br>\r\n		<span class=\"text-muted small\">{{ $requisition_priority_id }}</span>\r\n	</td>\r\n	<td>\r\n        <div class=\"btn-group\">\r\n            <a class=\"btn btn-xs text-muted\" href=\"{{ $edit_url }}\"><i class=\"fa fa-pencil\"></i> View</a>\r\n        </div>\r\n        <div class=\"btn-group\">\r\n            <a class=\"btn btn-xs text-muted\" href=\"#\" data-close-others=\"true\" data-toggle=\"dropdown\"><i class=\"fa fa-gear\"></i> Options</a>\r\n            <ul class=\"dropdown-menu pull-right\">\r\n                {{ $options }}\r\n            </ul>\r\n        </div>\r\n    </td>\r\n</tr>',0,2,2,'Account','','2015-07-15 02:43:38',1,'2015-07-15 11:31:01',1,0),(194,'requisition_manage','manage/requisition','requisition','requisition_id',0,'Requisition Manage','Requisition Manage','fa-folder',0,0,'','1','2',0,0,0,'','','2015-07-23 05:05:56',1,'2015-07-22 14:06:43',1,0),(195,'requisition_mc','manage/requisition_mc','requisition','requisition_id',0,'MC Approval','MC Approval','fa-folder',0,0,'','1','2',0,0,0,'','','2015-07-28 08:15:38',1,'2015-07-27 17:18:51',1,0),(197,'purchasing','purchasing/requisition','requisition','requisition_id',1,'Purchasing','Purchasing','fa-folder',0,1,'','1','2',0,0,0,'','','2015-08-04 02:42:58',1,'2015-08-03 13:30:39',1,0),(198,'training_master','admin/training_master','training','training_id',0,'Training Admin','Training Manager','',0,0,'contents and setup','1','1',0,0,0,'Admin','Training Manager','2015-08-08 01:35:06',1,'2017-02-02 14:42:21',1,0),(199,'training_bond','admin/training_bond','training_bond','bond_id',1,'Training Bond','Training Bond','',0,0,'','<th width=\"19%\">Cost From</th>\r\n<th width=\"19%\">Cost To</th>\r\n<th width=\"20%\" class=\"hidden-xs\">RLS in month</th>\r\n<th width=\"20%\" class=\"hidden-xs\">RLS in days</th>','<tr class=\"record\">\r\n    <td>\r\n        <div>\r\n            <input type=\"checkbox\" class=\"record-checker checkboxes\" value=\"<?php echo $record_id; ?>\" />\r\n        </div>\r\n    </td>\r\n    <td class=\"hidden-xs\">{{ $training_bond_cost_from }}</td>\r\n    <td class=\"hidden-xs\">{{ $training_bond_cost_to }}</td>\r\n    <td class=\"hidden-xs\">{{ $training_bond_rls_months }} months</td> \r\n    <td class=\"hidden-xs\">{{ $training_bond_rls_days }} days</td> \r\n    <td>\r\n        <div class=\"btn-group\">\r\n            <a class=\"btn btn-xs text-muted\" href=\"{{ $edit_url }}\"><i class=\"fa fa-pencil\"></i> Edit</a>\r\n        </div>\r\n        <div class=\"btn-group\">\r\n            <a class=\"btn btn-xs text-muted\" href=\"#\" data-close-others=\"true\" data-toggle=\"dropdown\"><i class=\"fa fa-gear\"></i> Options</a>\r\n            <ul class=\"dropdown-menu pull-right\">\r\n                {{ $options }}\r\n            </ul>\r\n        </div>\r\n    </td>\r\n</tr>',0,1,4,'Admin','Training Manager','2015-08-08 02:02:29',1,'2015-08-07 05:32:10',1,0),(200,'training_category','admin/training_category','training_category','category_id',1,'Training Category','Training Category','',0,0,'','<th width=\"25%\">Category</th>\r\n<th width=\"22%\">Code</th>\r\n<th width=\"32%\" class=\"hidden-xs\">Description</th>','<tr class=\"record\">\r\n    <td>\r\n        <div>\r\n            <input type=\"checkbox\" class=\"record-checker checkboxes\" value=\"<?php echo $record_id; ?>\" />\r\n        </div>\r\n    </td>\r\n    <td>{{ $training_category_category }}</td>\r\n    <td>{{ $training_category_category_code }}</td>\r\n    <td class=\"hidden-xs\">{{ $training_category_description}} </td> \r\n    <td>\r\n        <div class=\"btn-group\">\r\n            <a class=\"btn btn-xs text-muted\" href=\"{{ $edit_url }}\"><i class=\"fa fa-pencil\"></i> Edit</a>\r\n        </div>\r\n        <div class=\"btn-group\">\r\n            <a class=\"btn btn-xs text-muted\" href=\"#\" data-close-others=\"true\" data-toggle=\"dropdown\"><i class=\"fa fa-gear\"></i> Options</a>\r\n            <ul class=\"dropdown-menu pull-right\">\r\n                {{ $options }}\r\n            </ul>\r\n        </div>\r\n    </td>\r\n</tr>',0,1,3,'Admin','Training Manager','2015-08-08 02:41:50',1,'2015-08-07 05:51:54',1,0),(201,'training_competency','admin/training_competency','training_competency','competency_id',1,'Training Competency','Training Competency','',0,0,'','<th width=\"25%\">Competency</th>\r\n<th width=\"22%\">Code</th>\r\n<th width=\"32%\" class=\"hidden-xs\">Description</th>','<tr class=\"record\">\r\n    <td>\r\n        <div>\r\n            <input type=\"checkbox\" class=\"record-checker checkboxes\" value=\"<?php echo $record_id; ?>\" />\r\n        </div>\r\n    </td>\r\n    <td>{{ $training_competency_competency }}</td>\r\n    <td>{{ $training_competency_competency_code }}</td>\r\n    <td class=\"hidden-xs\">{{ $training_competency_description}} </td> \r\n    <td>\r\n        <div class=\"btn-group\">\r\n            <a class=\"btn btn-xs text-muted\" href=\"{{ $edit_url }}\"><i class=\"fa fa-pencil\"></i> Edit</a>\r\n        </div>\r\n        <div class=\"btn-group\">\r\n            <a class=\"btn btn-xs text-muted\" href=\"#\" data-close-others=\"true\" data-toggle=\"dropdown\"><i class=\"fa fa-gear\"></i> Options</a>\r\n            <ul class=\"dropdown-menu pull-right\">\r\n                {{ $options }}\r\n            </ul>\r\n        </div>\r\n    </td>\r\n</tr>',0,1,3,'Admin','Training Manager','2015-08-08 03:22:54',1,'2015-08-07 06:24:44',1,0),(202,'training_type','admin/training_type','training_type','type_id',1,'Training Type','Training Type','',0,0,'','<th width=\"25%\">Code</th>\r\n<th width=\"22%\">Type</th>\r\n<th width=\"32%\" class=\"hidden-xs\">Description</th>','<tr class=\"record\">\r\n    <td>\r\n        <div>\r\n            <input type=\"checkbox\" class=\"record-checker checkboxes\" value=\"<?php echo $record_id; ?>\" />\r\n        </div>\r\n    </td>\r\n    <td>{{ $training_type_type }}</td>\r\n    <td>{{ $training_type_type_code }}</td>\r\n    <td class=\"hidden-xs\">{{ $training_type_description}} </td> \r\n    <td>\r\n        <div class=\"btn-group\">\r\n            <a class=\"btn btn-xs text-muted\" href=\"{{ $edit_url }}\"><i class=\"fa fa-pencil\"></i> Edit</a>\r\n        </div>\r\n        <div class=\"btn-group\">\r\n            <a class=\"btn btn-xs text-muted\" href=\"#\" data-close-others=\"true\" data-toggle=\"dropdown\"><i class=\"fa fa-gear\"></i> Options</a>\r\n            <ul class=\"dropdown-menu pull-right\">\r\n                {{ $options }}\r\n            </ul>\r\n        </div>\r\n    </td>\r\n</tr>',0,1,3,'Admin','Training Manager','2015-08-08 05:54:22',1,'2015-08-07 10:14:21',1,0),(203,'training_course','admin/training_course','training_course','course_id',1,'Training Course','Training Course','',0,0,'','<th width=\"20%\">Course</th>\r\n<th width=\"20%\">Category</th>\r\n<th width=\"19%\" class=\"hidden-xs\">Type</th>\r\n<th width=\"20%\" class=\"hidden-xs\">Source</th>','<tr class=\"record\">\r\n    <td>\r\n        <div>\r\n            <input type=\"checkbox\" class=\"record-checker checkboxes\" value=\"<?php echo $record_id; ?>\" />\r\n        </div>\r\n    </td>\r\n    <td>{{ $training_course_course }}</td>\r\n    <td>{{ $training_course_category_id }}</td>\r\n    <td class=\"hidden-xs\">{{ $training_course_type_id}} </td> \r\n    <td class=\"hidden-xs\">{{ $training_course_source_id}} </td> \r\n    <td>\r\n        <div class=\"btn-group\">\r\n            <a class=\"btn btn-xs text-muted\" href=\"{{ $edit_url }}\"><i class=\"fa fa-pencil\"></i> Edit</a>\r\n        </div>\r\n        <div class=\"btn-group\">\r\n            <a class=\"btn btn-xs text-muted\" href=\"#\" data-close-others=\"true\" data-toggle=\"dropdown\"><i class=\"fa fa-gear\"></i> Options</a>\r\n            <ul class=\"dropdown-menu pull-right\">\r\n                {{ $options }}\r\n            </ul>\r\n        </div>\r\n    </td>\r\n</tr>',0,2,11,'Admin','Training Manager','2015-08-08 07:12:59',1,'2015-08-07 10:40:20',1,0),(204,'training_source','admin/training_source','training_source','source_id',1,'Training Source','Training Source','',0,0,'','<th width=\"25%\">Code</th>\r\n<th width=\"22%\">Source</th>\r\n<th width=\"32%\" class=\"hidden-xs\">Description</th>','<tr class=\"record\">\r\n    <td>\r\n        <div>\r\n            <input type=\"checkbox\" class=\"record-checker checkboxes\" value=\"<?php echo $record_id; ?>\" />\r\n        </div>\r\n    </td>\r\n    <td>{{ $training_source_source }}</td>\r\n    <td>{{ $training_source_source_code }}</td>\r\n    <td class=\"hidden-xs\">{{ $training_source_description}} </td> \r\n    <td>\r\n        <div class=\"btn-group\">\r\n            <a class=\"btn btn-xs text-muted\" href=\"{{ $edit_url }}\"><i class=\"fa fa-pencil\"></i> Edit</a>\r\n        </div>\r\n        <div class=\"btn-group\">\r\n            <a class=\"btn btn-xs text-muted\" href=\"#\" data-close-others=\"true\" data-toggle=\"dropdown\"><i class=\"fa fa-gear\"></i> Options</a>\r\n            <ul class=\"dropdown-menu pull-right\">\r\n                {{ $options }}\r\n            </ul>\r\n        </div>\r\n    </td>\r\n</tr>',0,1,4,'Admin','Training Manager','2015-08-10 23:57:26',1,'2015-08-10 03:10:13',1,0),(205,'evaluation_template','admin/evaluation_template','training_evaluation_template','evaluation_template_id',1,'Training Evaluation Template','Evaluation Template','',0,0,'','<th width=\"25%\">Title</th>\r\n<th width=\"22%\">Applicable For</th>\r\n<th width=\"32%\" class=\"hidden-xs\">Description</th>','<tr class=\"record\">\r\n    <td>\r\n        <div>\r\n            <input type=\"checkbox\" class=\"record-checker checkboxes\" value=\"<?php echo $record_id; ?>\" />\r\n        </div>\r\n    </td>\r\n    <td>{{ $training_evaluation_template_title }}</td>\r\n    <td>{{ $training_evaluation_template_applicable_for }}</td>\r\n    <td class=\"hidden-xs\">{{ $training_evaluation_template_description}} </td> \r\n    <td>\r\n        <div class=\"btn-group\">\r\n            <a class=\"btn btn-xs text-muted\" href=\"{{ $edit_url }}\"><i class=\"fa fa-pencil\"></i> Edit</a>\r\n        </div>\r\n        <div class=\"btn-group\">\r\n            <a class=\"btn btn-xs text-muted\" href=\"#\" data-close-others=\"true\" data-toggle=\"dropdown\"><i class=\"fa fa-gear\"></i> Options</a>\r\n            <ul class=\"dropdown-menu pull-right\">\r\n                {{ $options }}\r\n            </ul>\r\n        </div>\r\n    </td>\r\n</tr>',0,2,3,'Admin','','2015-08-11 02:35:24',1,'2015-08-10 10:57:32',1,0),(206,'requisition_accounting','accounting/requisition','requisition','requisition_id',1,'Purchasing - Accounting','Purchasing - Accounting','fa-folder',0,1,'','1','2',0,0,0,'','','2015-08-11 13:49:55',1,'2015-08-11 19:27:11',1,0),(207,'training_application','admin/training_application','training_application','application_id',1,'Training Application','Training Application','',0,0,'','<th width=\"25%\">Training Course </th>\r\n<th width=\"22%\">Date Created</th>\r\n<th width=\"32%\" class=\"hidden-xs\">Status</th>','<tr class=\"record\">\r\n    <td>\r\n        <div>\r\n            <input type=\"checkbox\" class=\"record-checker checkboxes\" value=\"<?php echo $record_id; ?>\" />\r\n        </div>\r\n    </td>\r\n    <td>\r\n        <span class=\"text-success\">{{ $training_application_course_id }}</span>\r\n        <br>\r\n        <span class=\"text-muted small\">{{ $training_application_type_id }}</span>\r\n    </td>\r\n    <td>{{ date(\'F d, Y\', strtotime(training_application_created_on) ) }}</td>\r\n    <td class=\"hidden-xs\">\r\n\r\n        <?php \r\n            switch($training_application_status_code){ \r\n                case \'DRAFT\':\r\n                    ?><span class=\"badge badge-danger\">{{ $training_application_status_id }}</span><?php\r\n                break;\r\n                case \'FORAPP\':\r\n                case \'PEND\':\r\n                    ?><span class=\"badge badge-warning\">{{ $training_application_status_id }}</span><?php\r\n                break;\r\n                case \'FITWORK\':\r\n                case \'FORVALID\':\r\n                    ?><span class=\"badge badge-info\">{{ $training_application_status_id }}</span><?php\r\n                break;                case \'APPROVE\':\r\n                    ?><span class=\"badge badge-success\">{{ $training_application_status_id }}</span><?php\r\n                break;\r\n                case \'DISAPPROVE\':\r\n                    ?><span class=\"badge badge-important\">{{ $training_application_status_id }}</span><?php\r\n                break;\r\n                case \'CANCEL\':\r\n                default:\r\n                    ?><span class=\"badge badge-default\">{{ $training_application_status_id }}</span><?php\r\n                break;\r\n         } ?>\r\n    </td> \r\n    <td>\r\n        <div class=\"btn-group\">\r\n            <a class=\"btn btn-xs text-muted\" href=\"{{ $edit_url }}\"><i class=\"fa fa-pencil\"></i> Edit</a>\r\n        </div>\r\n        <div class=\"btn-group\">\r\n            <a class=\"btn btn-xs text-muted\" href=\"#\" data-close-others=\"true\" data-toggle=\"dropdown\"><i class=\"fa fa-gear\"></i> Options</a>\r\n            <ul class=\"dropdown-menu pull-right\">\r\n                {{ $options }}\r\n            </ul>\r\n        </div>\r\n    </td>\r\n</tr>',0,3,10,'Admin','Training Manager','2015-08-13 02:08:42',1,'2015-08-12 10:16:59',1,0),(209,'my_group','account/groups','groups','group_id',1,'My Groups','My Groups','',0,1,'','1','2',0,0,0,'Account','','2015-08-19 07:37:31',1,'2015-08-18 16:41:51',1,0),(210,'',NULL,NULL,NULL,1,'Career Level','Career Level','fa-edit',0,0,'',NULL,NULL,0,0,0,'','','2015-12-15 04:53:20',1,'2015-12-14 14:05:47',1,1),(211,'career_level','admin/partner/careerlevel','users_job_rank_level','job_rank_level_id',1,'Career Level','Career Level','fa-edit',0,0,'','<th width=\"8%\" class=\"hidden-xs\"></th>\r\n<th width=\"45%\">Career Level</th>\r\n<th width=\"25%\">Active</th>','<tr class=\"record\">\r\n    <td>\r\n        <div>\r\n            <input type=\"checkbox\" class=\"record-checker checkboxes\" value=\"<?php echo $record_id; ?>\" />\r\n        </div>\r\n    </td>\r\n<td class=\"hidden-xs\">\r\n        <a href=\"<?php echo $edit_url; ?>\">\r\n            <img src=\"data:image/png;base64,iVBORw0KGgoAAAANSUhEUgAAADAAAAAwCAYAAABXAvmHAAABwUlEQVRoQ+2YvavCQBDEJ4KCinZ+VIIEOy3FkH/fSguxE9uIVUArCyH63ruDDTEYkzhCeLipjJcdb+a3e6LO6XT6wT++HDVQMT0lUDEAKAElQCagLUQGSJcrATpCUkAJkAHS5UqAjpAUUAJkgHT59xA4HA7Y7/cYDAaYzWY2OXlPYpxOpxgOh4VT/YRmIQL3+x2r1QqXyyU2EEURlsslWq0WFosFNpsNzuczfN9Hs9nMNfEpzUIGdrsdwjCE2XSv17ME/n5LY7vdxvfmmePxCEOh0WjYtXa7bc0l14RQWc0ssrkGZKOj0QhBEMQbziMgRDzPw3q9jkkZNO9qPsP60oBgrtVqmEwmD4kbMTFxu93gOM5D+2StMZqlDTxriyItJLgNBZN2cvBZzbSJTALJIUsXdToddLtd2/Pj8Riu68YnktxLm9TrdVyvVzsb/X4/Pgze0SxNIFmQHtpXQywbNa01n8/tCWVem4E2huQqo/n2EGd92LPvAUlf2iRNJ9lKyWGWtnylmXUu555CuQd6xQ+ogYoB6D9zVQNQAkqATUCPUTZBtl4JsAmy9UqATZCtVwJsgmy9EmATZOuVAJsgW/8L+6U4/9EQxOwAAAAASUVORK5CYII=\"\r\n            data-src=\"holder.js/48x48\" alt=\"48x48\" style=\"width: 48px; height: 48px;\">\r\n        </a>\r\n    </td>\r\n    <td>\r\n        <a id=\"users_job_rank_level_job_rank_level\" href=\"<?php echo $edit_url; ?>\" class=\"text-success\"><?php echo $users_job_rank_level_job_rank_level; ?></a>\r\n        <br>\r\n        <span id=\"users_job_rank_level_job_rank_level_code\" class=\"small\"><?php echo $users_job_rank_level_job_rank_level_code; ?></span>\r\n    </td>\r\n    <td class=\"hidden-xs\">\r\n        <span id=\"users_job_rank_level_status_id;\"><?php echo $users_job_rank_level_status_id; ?></span>\r\n    </td>\r\n    <td>\r\n        <div class=\"btn-group\">\r\n            <a class=\"btn btn-xs text-muted\" href=\"{{ $edit_url }}\"><i class=\"fa fa-pencil\"></i> Edit</a>\r\n        </div>\r\n        <div class=\"btn-group\">\r\n            <a class=\"btn btn-xs text-muted\" href=\"#\" data-close-others=\"true\" data-toggle=\"dropdown\"><i class=\"fa fa-gear\"></i> Options</a>\r\n            <ul class=\"dropdown-menu pull-right\">\r\n                {{ $options }}\r\n            </ul>\r\n        </div>\r\n    </td>\r\n</tr>',0,1,4,'Admin','','2015-12-15 05:07:00',1,'2015-12-14 15:28:22',1,1),(212,'career_steam','admin/partner/careersteam','users_job_class','job_class_id',1,'Career Steam','Career Steam','fa-edit',0,0,'','<th width=\"8%\" class=\"hidden-xs\"></th>\r\n<th width=\"45%\">Job Class</th>\r\n<th width=\"25%\">Active</th>','<tr class=\"record\">\r\n    <td>\r\n        <div>\r\n            <input type=\"checkbox\" class=\"record-checker checkboxes\" value=\"<?php echo $record_id; ?>\" />\r\n        </div>\r\n    </td>\r\n<td class=\"hidden-xs\">\r\n        <a href=\"<?php echo $edit_url; ?>\">\r\n            <img src=\"data:image/png;base64,iVBORw0KGgoAAAANSUhEUgAAADAAAAAwCAYAAABXAvmHAAABwUlEQVRoQ+2YvavCQBDEJ4KCinZ+VIIEOy3FkH/fSguxE9uIVUArCyH63ruDDTEYkzhCeLipjJcdb+a3e6LO6XT6wT++HDVQMT0lUDEAKAElQCagLUQGSJcrATpCUkAJkAHS5UqAjpAUUAJkgHT59xA4HA7Y7/cYDAaYzWY2OXlPYpxOpxgOh4VT/YRmIQL3+x2r1QqXyyU2EEURlsslWq0WFosFNpsNzuczfN9Hs9nMNfEpzUIGdrsdwjCE2XSv17ME/n5LY7vdxvfmmePxCEOh0WjYtXa7bc0l14RQWc0ssrkGZKOj0QhBEMQbziMgRDzPw3q9jkkZNO9qPsP60oBgrtVqmEwmD4kbMTFxu93gOM5D+2StMZqlDTxriyItJLgNBZN2cvBZzbSJTALJIUsXdToddLtd2/Pj8Riu68YnktxLm9TrdVyvVzsb/X4/Pgze0SxNIFmQHtpXQywbNa01n8/tCWVem4E2huQqo/n2EGd92LPvAUlf2iRNJ9lKyWGWtnylmXUu555CuQd6xQ+ogYoB6D9zVQNQAkqATUCPUTZBtl4JsAmy9UqATZCtVwJsgmy9EmATZOuVAJsgW/8L+6U4/9EQxOwAAAAASUVORK5CYII=\"\r\n            data-src=\"holder.js/48x48\" alt=\"48x48\" style=\"width: 48px; height: 48px;\">\r\n        </a>\r\n    </td>\r\n    <td>\r\n        <a id=\"users_job_class_job_class\" href=\"<?php echo $edit_url; ?>\" class=\"text-success\"><?php echo $users_job_class_job_class; ?></a>\r\n        <br>\r\n        <span id=\"users_job_class_job_class_code\" class=\"small\"><?php echo $users_job_class_job_class_code; ?></span>\r\n    </td>\r\n    <td class=\"hidden-xs\">\r\n        <span id=\"users_job_class_status_id;\"><?php echo $users_job_class_status_id; ?></span>\r\n    </td>\r\n    <td>\r\n        <div class=\"btn-group\">\r\n            <a class=\"btn btn-xs text-muted\" href=\"{{ $edit_url }}\"><i class=\"fa fa-pencil\"></i> Edit</a>\r\n        </div>\r\n        <div class=\"btn-group\">\r\n            <a class=\"btn btn-xs text-muted\" href=\"#\" data-close-others=\"true\" data-toggle=\"dropdown\"><i class=\"fa fa-gear\"></i> Options</a>\r\n            <ul class=\"dropdown-menu pull-right\">\r\n                {{ $options }}\r\n            </ul>\r\n        </div>\r\n    </td>\r\n</tr>',0,1,3,'Admin','','2015-12-15 06:13:13',1,'2015-12-14 14:32:53',1,1),(213,'career_stream','admin/partner/careerstream','users_job_class','job_class_id',1,'Career Stream','Career Stream','fa-edit',0,0,'','<th width=\"8%\" class=\"hidden-xs\"></th>\r\n<th width=\"45%\">Job Class</th>\r\n<th width=\"25%\">Active</th>','<tr class=\"record\">\r\n    <td>\r\n        <div>\r\n            <input type=\"checkbox\" class=\"record-checker checkboxes\" value=\"<?php echo $record_id; ?>\" />\r\n        </div>\r\n    </td>\r\n<td class=\"hidden-xs\">\r\n        <a href=\"<?php echo $edit_url; ?>\">\r\n            <img src=\"data:image/png;base64,iVBORw0KGgoAAAANSUhEUgAAADAAAAAwCAYAAABXAvmHAAABwUlEQVRoQ+2YvavCQBDEJ4KCinZ+VIIEOy3FkH/fSguxE9uIVUArCyH63ruDDTEYkzhCeLipjJcdb+a3e6LO6XT6wT++HDVQMT0lUDEAKAElQCagLUQGSJcrATpCUkAJkAHS5UqAjpAUUAJkgHT59xA4HA7Y7/cYDAaYzWY2OXlPYpxOpxgOh4VT/YRmIQL3+x2r1QqXyyU2EEURlsslWq0WFosFNpsNzuczfN9Hs9nMNfEpzUIGdrsdwjCE2XSv17ME/n5LY7vdxvfmmePxCEOh0WjYtXa7bc0l14RQWc0ssrkGZKOj0QhBEMQbziMgRDzPw3q9jkkZNO9qPsP60oBgrtVqmEwmD4kbMTFxu93gOM5D+2StMZqlDTxriyItJLgNBZN2cvBZzbSJTALJIUsXdToddLtd2/Pj8Riu68YnktxLm9TrdVyvVzsb/X4/Pgze0SxNIFmQHtpXQywbNa01n8/tCWVem4E2huQqo/n2EGd92LPvAUlf2iRNJ9lKyWGWtnylmXUu555CuQd6xQ+ogYoB6D9zVQNQAkqATUCPUTZBtl4JsAmy9UqATZCtVwJsgmy9EmATZOuVAJsgW/8L+6U4/9EQxOwAAAAASUVORK5CYII=\"\r\n            data-src=\"holder.js/48x48\" alt=\"48x48\" style=\"width: 48px; height: 48px;\">\r\n        </a>\r\n    </td>\r\n    <td>\r\n        <a id=\"users_job_class_job_class\" href=\"<?php echo $edit_url; ?>\" class=\"text-success\"><?php echo $users_job_class_job_class; ?></a>\r\n        <br>\r\n        <span id=\"users_job_class_job_class_code\" class=\"small\"><?php echo $users_job_class_job_class_code; ?></span>\r\n    </td>\r\n    <td class=\"hidden-xs\">\r\n        <span id=\"users_job_class_status_id;\"><?php echo $users_job_class_status_id; ?></span>\r\n    </td>\r\n    <td>\r\n        <div class=\"btn-group\">\r\n            <a class=\"btn btn-xs text-muted\" href=\"{{ $edit_url }}\"><i class=\"fa fa-pencil\"></i> Edit</a>\r\n        </div>\r\n        <div class=\"btn-group\">\r\n            <a class=\"btn btn-xs text-muted\" href=\"#\" data-close-others=\"true\" data-toggle=\"dropdown\"><i class=\"fa fa-gear\"></i> Options</a>\r\n            <ul class=\"dropdown-menu pull-right\">\r\n                {{ $options }}\r\n            </ul>\r\n        </div>\r\n    </td>\r\n</tr>',0,2,4,'Admin','Partner Manager','2015-12-15 06:33:29',1,'2016-01-04 15:33:25',1,0),(214,'career_level','admin/partner/careerlevel','users_job_rank_level','job_rank_level_id',1,'Career Level','Career Level','fa-edit',0,0,'','<th width=\"8%\" class=\"hidden-xs\"></th>\r\n<th width=\"45%\">Job Level</th>\r\n<th width=\"25%\">Active</th>','<tr class=\"record\">\r\n    <td>\r\n        <div>\r\n            <input type=\"checkbox\" class=\"record-checker checkboxes\" value=\"<?php echo $record_id; ?>\" />\r\n        </div>\r\n    </td>\r\n<td class=\"hidden-xs\">\r\n        <a href=\"<?php echo $edit_url; ?>\">\r\n            <img src=\"data:image/png;base64,iVBORw0KGgoAAAANSUhEUgAAADAAAAAwCAYAAABXAvmHAAABwUlEQVRoQ+2YvavCQBDEJ4KCinZ+VIIEOy3FkH/fSguxE9uIVUArCyH63ruDDTEYkzhCeLipjJcdb+a3e6LO6XT6wT++HDVQMT0lUDEAKAElQCagLUQGSJcrATpCUkAJkAHS5UqAjpAUUAJkgHT59xA4HA7Y7/cYDAaYzWY2OXlPYpxOpxgOh4VT/YRmIQL3+x2r1QqXyyU2EEURlsslWq0WFosFNpsNzuczfN9Hs9nMNfEpzUIGdrsdwjCE2XSv17ME/n5LY7vdxvfmmePxCEOh0WjYtXa7bc0l14RQWc0ssrkGZKOj0QhBEMQbziMgRDzPw3q9jkkZNO9qPsP60oBgrtVqmEwmD4kbMTFxu93gOM5D+2StMZqlDTxriyItJLgNBZN2cvBZzbSJTALJIUsXdToddLtd2/Pj8Riu68YnktxLm9TrdVyvVzsb/X4/Pgze0SxNIFmQHtpXQywbNa01n8/tCWVem4E2huQqo/n2EGd92LPvAUlf2iRNJ9lKyWGWtnylmXUu555CuQd6xQ+ogYoB6D9zVQNQAkqATUCPUTZBtl4JsAmy9UqATZCtVwJsgmy9EmATZOuVAJsgW/8L+6U4/9EQxOwAAAAASUVORK5CYII=\"\r\n            data-src=\"holder.js/48x48\" alt=\"48x48\" style=\"width: 48px; height: 48px;\">\r\n        </a>\r\n    </td>\r\n    <td>\r\n        <a id=\"users_job_rank_level_job_rank_level\" href=\"<?php echo $edit_url; ?>\" class=\"text-success\"><?php echo $users_job_rank_level_job_rank_level; ?></a>\r\n        <br>\r\n        <span id=\"users_job_rank_level_job_rank_level_code\" class=\"small\"><?php echo $users_job_rank_level_job_rank_level_code; ?></span>\r\n    </td>\r\n    <td class=\"hidden-xs\">\r\n        <span id=\"users_job_rank_level_status_id;\"><?php echo $users_job_rank_level_status_id; ?></span>\r\n    </td>\r\n    <td>\r\n        <div class=\"btn-group\">\r\n            <a class=\"btn btn-xs text-muted\" href=\"{{ $edit_url }}\"><i class=\"fa fa-pencil\"></i> Edit</a>\r\n        </div>\r\n        <div class=\"btn-group\">\r\n            <a class=\"btn btn-xs text-muted\" href=\"#\" data-close-others=\"true\" data-toggle=\"dropdown\"><i class=\"fa fa-gear\"></i> Options</a>\r\n            <ul class=\"dropdown-menu pull-right\">\r\n                {{ $options }}\r\n            </ul>\r\n        </div>\r\n    </td>\r\n</tr>',0,1,1,'Admin','Partner Manager','2015-12-15 07:28:48',1,'2015-12-14 15:31:01',1,0),(215,'career_steam_code','admin/partner/careersteamcode','users_job_rank_code','job_rank_code_id',1,'Career Steam Code','Career Steam Code','fa-edit',0,0,'','<th width=\"8%\" class=\"hidden-xs\"></th>\r\n<th width=\"45%\">Career Steam Code</th>\r\n<th width=\"25%\">Active</th>','<tr class=\"record\">\r\n    <td>\r\n        <div>\r\n            <input type=\"checkbox\" class=\"record-checker checkboxes\" value=\"<?php echo $record_id; ?>\" />\r\n        </div>\r\n    </td>\r\n<td class=\"hidden-xs\">\r\n        <a href=\"<?php echo $edit_url; ?>\">\r\n            <img src=\"data:image/png;base64,iVBORw0KGgoAAAANSUhEUgAAADAAAAAwCAYAAABXAvmHAAABwUlEQVRoQ+2YvavCQBDEJ4KCinZ+VIIEOy3FkH/fSguxE9uIVUArCyH63ruDDTEYkzhCeLipjJcdb+a3e6LO6XT6wT++HDVQMT0lUDEAKAElQCagLUQGSJcrATpCUkAJkAHS5UqAjpAUUAJkgHT59xA4HA7Y7/cYDAaYzWY2OXlPYpxOpxgOh4VT/YRmIQL3+x2r1QqXyyU2EEURlsslWq0WFosFNpsNzuczfN9Hs9nMNfEpzUIGdrsdwjCE2XSv17ME/n5LY7vdxvfmmePxCEOh0WjYtXa7bc0l14RQWc0ssrkGZKOj0QhBEMQbziMgRDzPw3q9jkkZNO9qPsP60oBgrtVqmEwmD4kbMTFxu93gOM5D+2StMZqlDTxriyItJLgNBZN2cvBZzbSJTALJIUsXdToddLtd2/Pj8Riu68YnktxLm9TrdVyvVzsb/X4/Pgze0SxNIFmQHtpXQywbNa01n8/tCWVem4E2huQqo/n2EGd92LPvAUlf2iRNJ9lKyWGWtnylmXUu555CuQd6xQ+ogYoB6D9zVQNQAkqATUCPUTZBtl4JsAmy9UqATZCtVwJsgmy9EmATZOuVAJsgW/8L+6U4/9EQxOwAAAAASUVORK5CYII=\"\r\n            data-src=\"holder.js/48x48\" alt=\"48x48\" style=\"width: 48px; height: 48px;\">\r\n        </a>\r\n    </td>\r\n    <td>\r\n        <a id=\"users_job_rank_code_job_rank_code\" href=\"<?php echo $edit_url; ?>\" class=\"text-success\"><?php echo $users_job_rank_code_job_rank_code; ?></a>\r\n        <br>\r\n        <span id=\"users_job_rank_code_job_rank_code_code\" class=\"small\"><?php echo $users_job_rank_code_job_rank_code_code; ?></span>\r\n    </td>\r\n    <td class=\"hidden-xs\">\r\n        <span id=\"users_job_rank_code_status_id;\"><?php echo $users_job_rank_code_status_id; ?></span>\r\n    </td>\r\n    <td>\r\n        <div class=\"btn-group\">\r\n            <a class=\"btn btn-xs text-muted\" href=\"{{ $edit_url }}\"><i class=\"fa fa-pencil\"></i> Edit</a>\r\n        </div>\r\n        <div class=\"btn-group\">\r\n            <a class=\"btn btn-xs text-muted\" href=\"#\" data-close-others=\"true\" data-toggle=\"dropdown\"><i class=\"fa fa-gear\"></i> Options</a>\r\n            <ul class=\"dropdown-menu pull-right\">\r\n                {{ $options }}\r\n            </ul>\r\n        </div>\r\n    </td>\r\n</tr>',0,1,3,'Admin','Partner Manager','2015-12-15 07:42:28',1,'2015-12-14 15:53:07',1,0),(216,'job_grade','admin/partner/jobgrade','users_job_grade_level','job_grade_id',1,'Job Grade','Job Grade','fa-edit',0,0,'','<th width=\"8%\" class=\"hidden-xs\"></th>\r\n<th width=\"45%\">Job Grade</th>\r\n<th width=\"25%\">Active</th>','<tr class=\"record\">\r\n    <td>\r\n        <div>\r\n            <input type=\"checkbox\" class=\"record-checker checkboxes\" value=\"<?php echo $record_id; ?>\" />\r\n        </div>\r\n    </td>\r\n<td class=\"hidden-xs\">\r\n        <a href=\"<?php echo $edit_url; ?>\">\r\n            <img src=\"data:image/png;base64,iVBORw0KGgoAAAANSUhEUgAAADAAAAAwCAYAAABXAvmHAAABwUlEQVRoQ+2YvavCQBDEJ4KCinZ+VIIEOy3FkH/fSguxE9uIVUArCyH63ruDDTEYkzhCeLipjJcdb+a3e6LO6XT6wT++HDVQMT0lUDEAKAElQCagLUQGSJcrATpCUkAJkAHS5UqAjpAUUAJkgHT59xA4HA7Y7/cYDAaYzWY2OXlPYpxOpxgOh4VT/YRmIQL3+x2r1QqXyyU2EEURlsslWq0WFosFNpsNzuczfN9Hs9nMNfEpzUIGdrsdwjCE2XSv17ME/n5LY7vdxvfmmePxCEOh0WjYtXa7bc0l14RQWc0ssrkGZKOj0QhBEMQbziMgRDzPw3q9jkkZNO9qPsP60oBgrtVqmEwmD4kbMTFxu93gOM5D+2StMZqlDTxriyItJLgNBZN2cvBZzbSJTALJIUsXdToddLtd2/Pj8Riu68YnktxLm9TrdVyvVzsb/X4/Pgze0SxNIFmQHtpXQywbNa01n8/tCWVem4E2huQqo/n2EGd92LPvAUlf2iRNJ9lKyWGWtnylmXUu555CuQd6xQ+ogYoB6D9zVQNQAkqATUCPUTZBtl4JsAmy9UqATZCtVwJsgmy9EmATZOuVAJsgW/8L+6U4/9EQxOwAAAAASUVORK5CYII=\"\r\n            data-src=\"holder.js/48x48\" alt=\"48x48\" style=\"width: 48px; height: 48px;\">\r\n        </a>\r\n    </td>\r\n    <td>\r\n        <a id=\"users_job_grade_level_job_level\" href=\"<?php echo $edit_url; ?>\" class=\"text-success\"><?php echo $users_job_grade_level_job_level; ?></a>\r\n        <br>\r\n        <span id=\"users_job_grade_level_job_grade_code\" class=\"small\"><?php echo $users_job_grade_level_job_grade_code; ?></span>\r\n    </td>\r\n    <td class=\"hidden-xs\">\r\n        <span id=\"users_job_grade_level_status_id;\"><?php echo $users_job_grade_level_status_id; ?></span>\r\n    </td>\r\n    <td>\r\n        <div class=\"btn-group\">\r\n            <a class=\"btn btn-xs text-muted\" href=\"{{ $edit_url }}\"><i class=\"fa fa-pencil\"></i> Edit</a>\r\n        </div>\r\n        <div class=\"btn-group\">\r\n            <a class=\"btn btn-xs text-muted\" href=\"#\" data-close-others=\"true\" data-toggle=\"dropdown\"><i class=\"fa fa-gear\"></i> Options</a>\r\n            <ul class=\"dropdown-menu pull-right\">\r\n                {{ $options }}\r\n            </ul>\r\n        </div>\r\n    </td>\r\n</tr>',0,1,3,'Admin','Partner Manager','2015-12-15 07:59:41',1,'2015-12-14 16:11:33',1,0),(217,'pay_grade','admin/partner/paygrade','users_job_pay_level','pay_level_id',1,'Pay Grade','Pay Grade','fa-edit',0,0,'','<th width=\"8%\" class=\"hidden-xs\"></th>\r\n<th width=\"45%\">Pay Grade</th>\r\n<th width=\"25%\">Active</th>','<tr class=\"record\">\r\n    <td>\r\n        <div>\r\n            <input type=\"checkbox\" class=\"record-checker checkboxes\" value=\"<?php echo $record_id; ?>\" />\r\n        </div>\r\n    </td>\r\n<td class=\"hidden-xs\">\r\n        <a href=\"<?php echo $edit_url; ?>\">\r\n            <img src=\"data:image/png;base64,iVBORw0KGgoAAAANSUhEUgAAADAAAAAwCAYAAABXAvmHAAABwUlEQVRoQ+2YvavCQBDEJ4KCinZ+VIIEOy3FkH/fSguxE9uIVUArCyH63ruDDTEYkzhCeLipjJcdb+a3e6LO6XT6wT++HDVQMT0lUDEAKAElQCagLUQGSJcrATpCUkAJkAHS5UqAjpAUUAJkgHT59xA4HA7Y7/cYDAaYzWY2OXlPYpxOpxgOh4VT/YRmIQL3+x2r1QqXyyU2EEURlsslWq0WFosFNpsNzuczfN9Hs9nMNfEpzUIGdrsdwjCE2XSv17ME/n5LY7vdxvfmmePxCEOh0WjYtXa7bc0l14RQWc0ssrkGZKOj0QhBEMQbziMgRDzPw3q9jkkZNO9qPsP60oBgrtVqmEwmD4kbMTFxu93gOM5D+2StMZqlDTxriyItJLgNBZN2cvBZzbSJTALJIUsXdToddLtd2/Pj8Riu68YnktxLm9TrdVyvVzsb/X4/Pgze0SxNIFmQHtpXQywbNa01n8/tCWVem4E2huQqo/n2EGd92LPvAUlf2iRNJ9lKyWGWtnylmXUu555CuQd6xQ+ogYoB6D9zVQNQAkqATUCPUTZBtl4JsAmy9UqATZCtVwJsgmy9EmATZOuVAJsgW/8L+6U4/9EQxOwAAAAASUVORK5CYII=\"\r\n            data-src=\"holder.js/48x48\" alt=\"48x48\" style=\"width: 48px; height: 48px;\">\r\n        </a>\r\n    </td>\r\n    <td>\r\n        <a id=\"users_job_pay_level_pay_level\" href=\"<?php echo $edit_url; ?>\" class=\"text-success\"><?php echo $users_job_pay_level_pay_level; ?></a>\r\n        <br>\r\n        <span id=\"users_job_pay_level_pay_level_code\" class=\"small\"><?php echo $users_job_pay_level_pay_level_code; ?></span>\r\n    </td>\r\n    <td class=\"hidden-xs\">\r\n        <span id=\"users_job_pay_level_status_id;\"><?php echo $users_job_pay_level_status_id; ?></span>\r\n    </td>\r\n    <td>\r\n        <div class=\"btn-group\">\r\n            <a class=\"btn btn-xs text-muted\" href=\"{{ $edit_url }}\"><i class=\"fa fa-pencil\"></i> Edit</a>\r\n        </div>\r\n        <div class=\"btn-group\">\r\n            <a class=\"btn btn-xs text-muted\" href=\"#\" data-close-others=\"true\" data-toggle=\"dropdown\"><i class=\"fa fa-gear\"></i> Options</a>\r\n            <ul class=\"dropdown-menu pull-right\">\r\n                {{ $options }}\r\n            </ul>\r\n        </div>\r\n    </td>\r\n</tr>',0,1,3,'Admin','Partner Manager','2015-12-15 08:15:43',1,'2015-12-14 16:19:56',1,0),(218,'career_rank','admin/partner/careerrank','users_job_rank','job_rank_id',1,'Career Rank','Career Rank','fa-edit',0,0,'','<th width=\"8%\" class=\"hidden-xs\"></th>\r\n<th width=\"45%\">Job Class</th>\r\n<th width=\"25%\">Active</th>','<tr class=\"record\">\r\n    <td>\r\n        <div>\r\n            <input type=\"checkbox\" class=\"record-checker checkboxes\" value=\"<?php echo $record_id; ?>\" />\r\n        </div>\r\n    </td>\r\n<td class=\"hidden-xs\">\r\n        <a href=\"<?php echo $edit_url; ?>\">\r\n            <img src=\"data:image/png;base64,iVBORw0KGgoAAAANSUhEUgAAADAAAAAwCAYAAABXAvmHAAABwUlEQVRoQ+2YvavCQBDEJ4KCinZ+VIIEOy3FkH/fSguxE9uIVUArCyH63ruDDTEYkzhCeLipjJcdb+a3e6LO6XT6wT++HDVQMT0lUDEAKAElQCagLUQGSJcrATpCUkAJkAHS5UqAjpAUUAJkgHT59xA4HA7Y7/cYDAaYzWY2OXlPYpxOpxgOh4VT/YRmIQL3+x2r1QqXyyU2EEURlsslWq0WFosFNpsNzuczfN9Hs9nMNfEpzUIGdrsdwjCE2XSv17ME/n5LY7vdxvfmmePxCEOh0WjYtXa7bc0l14RQWc0ssrkGZKOj0QhBEMQbziMgRDzPw3q9jkkZNO9qPsP60oBgrtVqmEwmD4kbMTFxu93gOM5D+2StMZqlDTxriyItJLgNBZN2cvBZzbSJTALJIUsXdToddLtd2/Pj8Riu68YnktxLm9TrdVyvVzsb/X4/Pgze0SxNIFmQHtpXQywbNa01n8/tCWVem4E2huQqo/n2EGd92LPvAUlf2iRNJ9lKyWGWtnylmXUu555CuQd6xQ+ogYoB6D9zVQNQAkqATUCPUTZBtl4JsAmy9UqATZCtVwJsgmy9EmATZOuVAJsgW/8L+6U4/9EQxOwAAAAASUVORK5CYII=\"\r\n            data-src=\"holder.js/48x48\" alt=\"48x48\" style=\"width: 48px; height: 48px;\">\r\n        </a>\r\n    </td>\r\n    <td>\r\n        <a id=\"users_job_rank_job_rank\" href=\"<?php echo $edit_url; ?>\" class=\"text-success\"><?php echo $users_job_rank_job_rank; ?></a>\r\n        <br>\r\n        <span id=\"users_job_rank_job_rank_code\" class=\"small\"><?php echo $users_job_rank_job_rank_code; ?></span>\r\n    </td>\r\n    <td class=\"hidden-xs\">\r\n        <span id=\"users_job_rank_status_id;\"><?php echo $users_job_rank_status_id; ?></span>\r\n    </td>\r\n    <td>\r\n        <div class=\"btn-group\">\r\n            <a class=\"btn btn-xs text-muted\" href=\"{{ $edit_url }}\"><i class=\"fa fa-pencil\"></i> Edit</a>\r\n        </div>\r\n        <div class=\"btn-group\">\r\n            <a class=\"btn btn-xs text-muted\" href=\"#\" data-close-others=\"true\" data-toggle=\"dropdown\"><i class=\"fa fa-gear\"></i> Options</a>\r\n            <ul class=\"dropdown-menu pull-right\">\r\n                {{ $options }}\r\n            </ul>\r\n        </div>\r\n    </td>\r\n</tr>',0,1,3,'Admin','Partner Manager','2015-12-15 08:22:31',1,'2015-12-14 16:24:22',1,0),(219,'partner_manager','admin/partner/manager','1','1',0,'Partner Manager','Partner Manager','',0,0,'partner management and configuration section.','1','2',0,0,0,'Admin','Partner Manager','2015-12-15 08:32:02',1,'2015-12-14 17:42:43',1,0),(220,'pay_set_rates','admin/partner/paysetrates','users_pay_set_rates','pay_set_rates_id',1,'Pay Step Rates','Pay Step Rates','fa-edit',0,0,'','<th width=\"8%\" class=\"hidden-xs\"></th>\r\n<th width=\"45%\">Pay Step Rates</th>\r\n<th width=\"25%\">Active</th>','<tr class=\"record\">\r\n    <td>\r\n        <div>\r\n            <input type=\"checkbox\" class=\"record-checker checkboxes\" value=\"<?php echo $record_id; ?>\" />\r\n        </div>\r\n    </td>\r\n<td class=\"hidden-xs\">\r\n        <a href=\"<?php echo $edit_url; ?>\">\r\n            <img src=\"data:image/png;base64,iVBORw0KGgoAAAANSUhEUgAAADAAAAAwCAYAAABXAvmHAAABwUlEQVRoQ+2YvavCQBDEJ4KCinZ+VIIEOy3FkH/fSguxE9uIVUArCyH63ruDDTEYkzhCeLipjJcdb+a3e6LO6XT6wT++HDVQMT0lUDEAKAElQCagLUQGSJcrATpCUkAJkAHS5UqAjpAUUAJkgHT59xA4HA7Y7/cYDAaYzWY2OXlPYpxOpxgOh4VT/YRmIQL3+x2r1QqXyyU2EEURlsslWq0WFosFNpsNzuczfN9Hs9nMNfEpzUIGdrsdwjCE2XSv17ME/n5LY7vdxvfmmePxCEOh0WjYtXa7bc0l14RQWc0ssrkGZKOj0QhBEMQbziMgRDzPw3q9jkkZNO9qPsP60oBgrtVqmEwmD4kbMTFxu93gOM5D+2StMZqlDTxriyItJLgNBZN2cvBZzbSJTALJIUsXdToddLtd2/Pj8Riu68YnktxLm9TrdVyvVzsb/X4/Pgze0SxNIFmQHtpXQywbNa01n8/tCWVem4E2huQqo/n2EGd92LPvAUlf2iRNJ9lKyWGWtnylmXUu555CuQd6xQ+ogYoB6D9zVQNQAkqATUCPUTZBtl4JsAmy9UqATZCtVwJsgmy9EmATZOuVAJsgW/8L+6U4/9EQxOwAAAAASUVORK5CYII=\"\r\n            data-src=\"holder.js/48x48\" alt=\"48x48\" style=\"width: 48px; height: 48px;\">\r\n        </a>\r\n    </td>\r\n    <td>\r\n        <a id=users_pay_set_rates_pay_set_rates\" href=\"<?php echo $edit_url; ?>\" class=\"text-success\"><?php echo $users_pay_set_rates_pay_set_rates; ?></a>\r\n        <br>\r\n        <span id=\"users_pay_set_rates_pay_set_rates_code\" class=\"small\"><?php echo $users_pay_set_rates_pay_set_rates_code; ?></span>\r\n    </td>\r\n    <td class=\"hidden-xs\">\r\n        <span id=\"users_pay_set_rates_status_id;\"><?php echo $users_pay_set_rates_status_id; ?></span>\r\n    </td>\r\n    <td>\r\n        <div class=\"btn-group\">\r\n            <a class=\"btn btn-xs text-muted\" href=\"{{ $edit_url }}\"><i class=\"fa fa-pencil\"></i> Edit</a>\r\n        </div>\r\n        <div class=\"btn-group\">\r\n            <a class=\"btn btn-xs text-muted\" href=\"#\" data-close-others=\"true\" data-toggle=\"dropdown\"><i class=\"fa fa-gear\"></i> Options</a>\r\n            <ul class=\"dropdown-menu pull-right\">\r\n                {{ $options }}\r\n            </ul>\r\n        </div>\r\n    </td>\r\n</tr>',0,1,4,'Admin','Partner Manager','2015-12-23 07:54:08',1,'2016-01-06 16:36:56',1,0),(221,'partners_competency_level','admin/partner/competencylevel','users_competency_level','competency_level_id',1,'Competency Level','Competency Level','fa-edit',0,0,'','<th width=\"8%\" class=\"hidden-xs\"></th>\r\n<th width=\"45%\">Competency Level</th>\r\n<th width=\"25%\">Active</th>','<tr class=\"record\">\r\n    <td>\r\n        <div>\r\n            <input type=\"checkbox\" class=\"record-checker checkboxes\" value=\"<?php echo $record_id; ?>\" />\r\n        </div>\r\n    </td>\r\n<td class=\"hidden-xs\">\r\n        <a href=\"<?php echo $edit_url; ?>\">\r\n            <img src=\"data:image/png;base64,iVBORw0KGgoAAAANSUhEUgAAADAAAAAwCAYAAABXAvmHAAABwUlEQVRoQ+2YvavCQBDEJ4KCinZ+VIIEOy3FkH/fSguxE9uIVUArCyH63ruDDTEYkzhCeLipjJcdb+a3e6LO6XT6wT++HDVQMT0lUDEAKAElQCagLUQGSJcrATpCUkAJkAHS5UqAjpAUUAJkgHT59xA4HA7Y7/cYDAaYzWY2OXlPYpxOpxgOh4VT/YRmIQL3+x2r1QqXyyU2EEURlsslWq0WFosFNpsNzuczfN9Hs9nMNfEpzUIGdrsdwjCE2XSv17ME/n5LY7vdxvfmmePxCEOh0WjYtXa7bc0l14RQWc0ssrkGZKOj0QhBEMQbziMgRDzPw3q9jkkZNO9qPsP60oBgrtVqmEwmD4kbMTFxu93gOM5D+2StMZqlDTxriyItJLgNBZN2cvBZzbSJTALJIUsXdToddLtd2/Pj8Riu68YnktxLm9TrdVyvVzsb/X4/Pgze0SxNIFmQHtpXQywbNa01n8/tCWVem4E2huQqo/n2EGd92LPvAUlf2iRNJ9lKyWGWtnylmXUu555CuQd6xQ+ogYoB6D9zVQNQAkqATUCPUTZBtl4JsAmy9UqATZCtVwJsgmy9EmATZOuVAJsgW/8L+6U4/9EQxOwAAAAASUVORK5CYII=\"\r\n            data-src=\"holder.js/48x48\" alt=\"48x48\" style=\"width: 48px; height: 48px;\">\r\n        </a>\r\n    </td>\r\n    <td>\r\n        <a id=\"users_competency_level_competency_level\" href=\"<?php echo $edit_url; ?>\" class=\"text-success\"><?php echo $users_competency_level_competency_level; ?></a>\r\n        <br>\r\n        <span id=\"users_competency_level_competency_level_code\" class=\"small\"><?php echo $users_competency_level_competency_level_code; ?></span>\r\n    </td>\r\n    <td class=\"hidden-xs\">\r\n        <span id=users_competency_level_status_id;\"><?php echo $users_competency_level_status_id; ?></span>\r\n    </td>\r\n    <td>\r\n        <div class=\"btn-group\">\r\n            <a class=\"btn btn-xs text-muted\" href=\"{{ $edit_url }}\"><i class=\"fa fa-pencil\"></i> Edit</a>\r\n        </div>\r\n        <div class=\"btn-group\">\r\n            <a class=\"btn btn-xs text-muted\" href=\"#\" data-close-others=\"true\" data-toggle=\"dropdown\"><i class=\"fa fa-gear\"></i> Options</a>\r\n            <ul class=\"dropdown-menu pull-right\">\r\n                {{ $options }}\r\n            </ul>\r\n        </div>\r\n    </td>\r\n</tr>',0,1,3,'Admin','Partner Manager','2015-12-23 08:20:10',1,'2015-12-22 17:04:53',1,0),(222,'upload_manager','uploadmanager','system_upload_log','log_id',0,'Upload Manager','Upload Manager','fa-cloud-upload',0,0,'','1','2',0,1,0,'System','','2015-12-23 09:41:17',1,'2015-12-23 09:26:06',1,0),(223,'',NULL,NULL,NULL,1,'Recruitment Assignment','Recruitment Assignment','fa-suitcase',0,0,'',NULL,NULL,0,0,0,'','','2016-01-13 07:42:56',1,'2016-01-12 16:26:25',1,1),(224,'recruitment_assignment','admin/recruitment/assignment','recruitment_assignment','assignment_id',1,'Recruitment Assignment','Recruitment Assignment','fa-suitcase',0,0,'','<th width=\"8%\" class=\"hidden-xs\"></th>\r\n<th width=\"35%\">Assignment</th>\r\n<th width=\"35%\">Active</th>','<tr class=\"record\">\r\n    <td>\r\n        <div>\r\n            <input type=\"checkbox\" class=\"record-checker checkboxes\" value=\"<?php echo $record_id; ?>\" />\r\n        </div>\r\n    </td>\r\n<td class=\"hidden-xs\">\r\n        <a href=\"<?php echo $edit_url; ?>\">\r\n            <img src=\"data:image/png;base64,iVBORw0KGgoAAAANSUhEUgAAADAAAAAwCAYAAABXAvmHAAABwUlEQVRoQ+2YvavCQBDEJ4KCinZ+VIIEOy3FkH/fSguxE9uIVUArCyH63ruDDTEYkzhCeLipjJcdb+a3e6LO6XT6wT++HDVQMT0lUDEAKAElQCagLUQGSJcrATpCUkAJkAHS5UqAjpAUUAJkgHT59xA4HA7Y7/cYDAaYzWY2OXlPYpxOpxgOh4VT/YRmIQL3+x2r1QqXyyU2EEURlsslWq0WFosFNpsNzuczfN9Hs9nMNfEpzUIGdrsdwjCE2XSv17ME/n5LY7vdxvfmmePxCEOh0WjYtXa7bc0l14RQWc0ssrkGZKOj0QhBEMQbziMgRDzPw3q9jkkZNO9qPsP60oBgrtVqmEwmD4kbMTFxu93gOM5D+2StMZqlDTxriyItJLgNBZN2cvBZzbSJTALJIUsXdToddLtd2/Pj8Riu68YnktxLm9TrdVyvVzsb/X4/Pgze0SxNIFmQHtpXQywbNa01n8/tCWVem4E2huQqo/n2EGd92LPvAUlf2iRNJ9lKyWGWtnylmXUu555CuQd6xQ+ogYoB6D9zVQNQAkqATUCPUTZBtl4JsAmy9UqATZCtVwJsgmy9EmATZOuVAJsgW/8L+6U4/9EQxOwAAAAASUVORK5CYII=\"\r\n            data-src=\"holder.js/48x48\" alt=\"48x48\" style=\"width: 48px; height: 48px;\">\r\n        </a>\r\n    </td>\r\n    <td>\r\n        <a id=\"recruitment_assignment_assignment\" href=\"<?php echo $edit_url; ?>\" class=\"text-success\"><?php echo $recruitment_assignment_assignment; ?></a>\r\n        <br>\r\n        <span id=\"recruitment_assignment_assignment_code\" class=\"small\"><?php echo $recruitment_assignment_assignment_code; ?></span>\r\n    </td>\r\n    <td class=\"hidden-xs\">\r\n        <span id=\"recruitment_assignment_status_id;\"><?php echo $recruitment_assignment_status_id; ?></span>\r\n    </td>\r\n    <td>\r\n        <div class=\"btn-group\">\r\n            <a class=\"btn btn-xs text-muted\" href=\"{{ $edit_url }}\"><i class=\"fa fa-pencil\"></i> Edit</a>\r\n        </div>\r\n        <div class=\"btn-group\">\r\n            <a class=\"btn btn-xs text-muted\" href=\"#\" data-close-others=\"true\" data-toggle=\"dropdown\"><i class=\"fa fa-gear\"></i> Options</a>\r\n            <ul class=\"dropdown-menu pull-right\">\r\n                {{ $options }}\r\n            </ul>\r\n        </div>\r\n    </td>\r\n</tr>',0,1,3,'Admin','','2016-01-13 08:11:21',1,'2016-01-12 16:32:07',1,1),(225,'recruitment_assignment','admin/assignment','recruitment_assignment','assignment_id',1,'Recruitment Assignment','Recruitment Assignment','fa-suitcase',0,0,'','<th width=\"8%\" class=\"hidden-xs\"></th>\r\n<th width=\"35%\">Assignment</th>\r\n<th width=\"35%\">Active</th>','<tr class=\"record\">\r\n    <td>\r\n        <div>\r\n            <input type=\"checkbox\" class=\"record-checker checkboxes\" value=\"<?php echo $record_id; ?>\" />\r\n        </div>\r\n    </td>\r\n<td class=\"hidden-xs\">\r\n        <a href=\"<?php echo $edit_url; ?>\">\r\n            <img src=\"data:image/png;base64,iVBORw0KGgoAAAANSUhEUgAAADAAAAAwCAYAAABXAvmHAAABwUlEQVRoQ+2YvavCQBDEJ4KCinZ+VIIEOy3FkH/fSguxE9uIVUArCyH63ruDDTEYkzhCeLipjJcdb+a3e6LO6XT6wT++HDVQMT0lUDEAKAElQCagLUQGSJcrATpCUkAJkAHS5UqAjpAUUAJkgHT59xA4HA7Y7/cYDAaYzWY2OXlPYpxOpxgOh4VT/YRmIQL3+x2r1QqXyyU2EEURlsslWq0WFosFNpsNzuczfN9Hs9nMNfEpzUIGdrsdwjCE2XSv17ME/n5LY7vdxvfmmePxCEOh0WjYtXa7bc0l14RQWc0ssrkGZKOj0QhBEMQbziMgRDzPw3q9jkkZNO9qPsP60oBgrtVqmEwmD4kbMTFxu93gOM5D+2StMZqlDTxriyItJLgNBZN2cvBZzbSJTALJIUsXdToddLtd2/Pj8Riu68YnktxLm9TrdVyvVzsb/X4/Pgze0SxNIFmQHtpXQywbNa01n8/tCWVem4E2huQqo/n2EGd92LPvAUlf2iRNJ9lKyWGWtnylmXUu555CuQd6xQ+ogYoB6D9zVQNQAkqATUCPUTZBtl4JsAmy9UqATZCtVwJsgmy9EmATZOuVAJsgW/8L+6U4/9EQxOwAAAAASUVORK5CYII=\"\r\n            data-src=\"holder.js/48x48\" alt=\"48x48\" style=\"width: 48px; height: 48px;\">\r\n        </a>\r\n    </td>\r\n    <td>\r\n        <a id=\"recruitment_assignment_assignment\" href=\"<?php echo $edit_url; ?>\" class=\"text-success\"><?php echo $recruitment_assignment_assignment; ?></a>\r\n        <br>\r\n        <span id=\"recruitment_assignment_assignment_code\" class=\"small\"><?php echo $recruitment_assignment_assignment_code; ?></span>\r\n    </td>\r\n    <td class=\"hidden-xs\">\r\n        <span id=\"recruitment_assignment_status_id;\"><?php echo $recruitment_assignment_status_id; ?></span>\r\n    </td>\r\n    <td>\r\n        <div class=\"btn-group\">\r\n            <a class=\"btn btn-xs text-muted\" href=\"{{ $edit_url }}\"><i class=\"fa fa-pencil\"></i> Edit</a>\r\n        </div>\r\n        <div class=\"btn-group\">\r\n            <a class=\"btn btn-xs text-muted\" href=\"#\" data-close-others=\"true\" data-toggle=\"dropdown\"><i class=\"fa fa-gear\"></i> Options</a>\r\n            <ul class=\"dropdown-menu pull-right\">\r\n                {{ $options }}\r\n            </ul>\r\n        </div>\r\n    </td>\r\n</tr>',0,1,3,'Admin','','2016-01-13 08:28:01',1,'2016-01-14 11:46:15',1,1),(226,'leave_conversion','leave_conversion','payroll_leave_conversion','leave_conversion_id',1,'Leave Conversion','Leave Conversion','',0,0,'Maintenance of Leave Conversion','<th width=\"30%\">Rank</th>\r\n<th width=\"20%\">Company</th>\r\n<th width=\"20%\">Form Type</th>\r\n<th width=\"15%\">Convertible</th>\r\n<th width=\"15%\">Forfeited</th>','<tr class=\"record\">\r\n    <td>\r\n        <div>\r\n            <input type=\"checkbox\" class=\"record-checker checkboxes\" value=\"{{ $record_id }}\">\r\n        </div>\r\n    </td>\r\n    <td>\r\n        <span class=\"text-success\">{{ $payroll_leave_conversion_rank_id}}</span>\r\n    </td>\r\n    <td>\r\n        {{ $payroll_leave_conversion_rank_id }}\r\n    </td>\r\n    <td>\r\n        <span class=\"text-success\">{{ $payroll_leave_conversion_job_rank_id}}</span>\r\n    </td>\r\n    <td>\r\n        {{ $payroll_leave_conversion_job_rank_id }}\r\n    </td>\r\n    <td>\r\n        <span class=\"text-success\">{{ $payroll_leave_conversion_company_id}}</span>\r\n    </td>\r\n    <td>\r\n        {{ $payroll_leave_conversion_company_id }}\r\n    </td>\r\n    <td>\r\n        <span class=\"text-success\">{{ $payroll_leave_conversion_form_id}}</span>\r\n    </td>\r\n    <td>\r\n        {{ $payroll_leave_conversion_form_id }}\r\n    </td>\r\n    <td>\r\n        <span class=\"text-success\">{{ $payroll_leave_conversion_convertible}}</span>\r\n    </td>\r\n    <td>\r\n        {{ $payroll_leave_conversion_convertible }}\r\n    </td>\r\n    <td>\r\n        <span class=\"text-success\">{{ $payroll_leave_conversion_forfeited}}</span>\r\n    </td>\r\n    <td>\r\n        {{ $payroll_leave_conversion_forfeited}}\r\n    </td>\r\n    <td>\r\n        <div class=\"btn-group\">\r\n            <a class=\"btn btn-xs text-muted\" href=\"{{ $edit_url }}\"><i class=\"fa fa-pencil\"></i> Edit</a>\r\n        </div>\r\n        <div class=\"btn-group\">\r\n            <a class=\"btn btn-xs text-muted\" href=\"#\" data-close-others=\"true\" data-toggle=\"dropdown\"><i class=\"fa fa-gear\"></i> Options</a>\r\n            <ul class=\"dropdown-menu pull-right\">\r\n                {{ $options }}\r\n            </ul>\r\n        </div>\r\n    </td>\r\n</tr>',0,1,6,'Admin','Payroll Manager','2016-01-16 10:49:28',1,'2016-01-15 12:04:49',1,0),(227,'leave_setup_policy','admin/leave_setup_policy','time_form_balance_setup_policy','policy_id',1,'Leave Setup Policy','Leave Setup Policy','fa-th-list',0,0,'','<th width=\"20%\">Class</th>\r\n<th width=\"30%\">Company</th>\r\n<th width=\"15%\">Employment Status</th>\r\n<th width=\"15%\">Employment Type</th>\r\n<th width=\"15%\">Role</th>','<tr class=\"record\">\r\n    <td class=\"hidden-xs\">\r\n	<input type=\"checkbox\" value=\"{{ $record_id }}\" class=\"record-checker checkboxes\">\r\n    </td>\r\n\r\n    <td>\r\n        {{ $class_code}}\r\n    </td>\r\n\r\n    <td>\r\n        {{ $company }}\r\n    </td>\r\n\r\n    <td>\r\n        {{ $employment_status_id }}\r\n    </td>\r\n\r\n    <td>\r\n        {{ $employment_type_id }}\r\n    </td>\r\n\r\n    <td>\r\n        {{ $role_id }}\r\n    </td>\r\n    \r\n    <td>\r\n        <div class=\"btn-group\">\r\n            <a class=\"btn btn-xs text-muted\" href=\"{{ $edit_url }}\"><i class=\"fa fa-pencil\"></i> Edit</a>\r\n        </div>\r\n        <div class=\"btn-group\">\r\n            <a class=\"btn btn-xs text-muted\" href=\"#\" data-close-others=\"true\" data-toggle=\"dropdown\"><i class=\"fa fa-gear\"></i> Options</a>\r\n            <ul class=\"dropdown-menu pull-right\">\r\n                {{ $options }}\r\n            </ul>\r\n        </div>\r\n    </td>\r\n</tr>',0,2,4,'Admin','Time Records','2016-01-16 11:57:29',1,'2016-01-15 20:25:05',1,0),(228,'leave_conversion_period','payroll/leave_conversion_period','payroll_leave_conversion_period','leave_conversion_period_id',1,'Leave Conversion Period','Leave Conversion Period','',0,0,'','<th width=\"15%\">Payroll Date</th>\r\n<th width=\"25%\">Year</th>\r\n<th width=\"15%\">Apply To</th>\r\n<th class=\"hidden-xs\" width=\"10%\">Status</th>','<tr class=\"record\">\r\n    <td>\r\n        <div>\r\n            <input type=\"checkbox\" class=\"record-checker checkboxes\" value=\"{{ $record_id }}\">\r\n        </div>\r\n    </td>\r\ntd>\r\n        @if(!empty($options))\r\n            <div class=\"btn-group\">\r\n                <a class=\"btn btn-xs text-muted\" href=\"{{ $edit_url }}\"><i class=\"fa fa-pencil\"></i> Edit</a>\r\n            </div>\r\n            <div class=\"btn-group\">\r\n                <a class=\"btn btn-xs text-muted\" href=\"#\" data-close-others=\"true\" data-toggle=\"dropdown\"><i class=\"fa fa-gear\"></i> Options</a>\r\n                <ul class=\"dropdown-menu pull-right\">\r\n                    {{ $options }}\r\n                </ul>\r\n            </div>\r\n        @endif\r\n    </td>\r\n</tr>',0,1,4,'Payroll','','2016-01-21 02:07:53',1,'2016-01-20 03:11:06',1,0),(229,'recruitment_interview_location','admin/interview_location','recruitment_interview_location','interview_location_id',1,'Interview Location','Interview Location','fa-edit',0,1,'','<th width=\"8%\" class=\"hidden-xs\"></th>\r\n<th width=\"45%\">Interview Location</th>\r\n<th width=\"25%\">Active</th>','<tr class=\"record\">\r\n    <td>\r\n        <div>\r\n            <input type=\"checkbox\" class=\"record-checker checkboxes\" value=\"<?php echo $record_id; ?>\" />\r\n        </div>\r\n    </td>\r\n<td class=\"hidden-xs\">\r\n        <a href=\"<?php echo $edit_url; ?>\">\r\n            <img src=\"data:image/png;base64,iVBORw0KGgoAAAANSUhEUgAAADAAAAAwCAYAAABXAvmHAAABwUlEQVRoQ+2YvavCQBDEJ4KCinZ+VIIEOy3FkH/fSguxE9uIVUArCyH63ruDDTEYkzhCeLipjJcdb+a3e6LO6XT6wT++HDVQMT0lUDEAKAElQCagLUQGSJcrATpCUkAJkAHS5UqAjpAUUAJkgHT59xA4HA7Y7/cYDAaYzWY2OXlPYpxOpxgOh4VT/YRmIQL3+x2r1QqXyyU2EEURlsslWq0WFosFNpsNzuczfN9Hs9nMNfEpzUIGdrsdwjCE2XSv17ME/n5LY7vdxvfmmePxCEOh0WjYtXa7bc0l14RQWc0ssrkGZKOj0QhBEMQbziMgRDzPw3q9jkkZNO9qPsP60oBgrtVqmEwmD4kbMTFxu93gOM5D+2StMZqlDTxriyItJLgNBZN2cvBZzbSJTALJIUsXdToddLtd2/Pj8Riu68YnktxLm9TrdVyvVzsb/X4/Pgze0SxNIFmQHtpXQywbNa01n8/tCWVem4E2huQqo/n2EGd92LPvAUlf2iRNJ9lKyWGWtnylmXUu555CuQd6xQ+ogYoB6D9zVQNQAkqATUCPUTZBtl4JsAmy9UqATZCtVwJsgmy9EmATZOuVAJsgW/8L+6U4/9EQxOwAAAAASUVORK5CYII=\"\r\n            data-src=\"holder.js/48x48\" alt=\"48x48\" style=\"width: 48px; height: 48px;\">\r\n        </a>\r\n    </td>\r\n    <td>\r\n        <a id=\"recruitment_interview_location_interview_location\" href=\"<?php echo $edit_url; ?>\" class=\"text-success\"><?php echo $recruitment_interview_location_interview_location; ?></a>\r\n        <br>\r\n        <span id=\"recruitment_interview_location_interview_location_code\" class=\"small\"><?php echo $recruitment_interview_location_interview_location_code; ?></span>\r\n    </td>\r\n    <td class=\"hidden-xs\">\r\n        <span id=\"recruitment_interview_location_status_id;\"><?php echo $recruitment_interview_location_status_id; ?></span>\r\n    </td>\r\n    <td>\r\n        <div class=\"btn-group\">\r\n            <a class=\"btn btn-xs text-muted\" href=\"{{ $edit_url }}\"><i class=\"fa fa-pencil\"></i> Edit</a>\r\n        </div>\r\n        <div class=\"btn-group\">\r\n            <a class=\"btn btn-xs text-muted\" href=\"#\" data-close-others=\"true\" data-toggle=\"dropdown\"><i class=\"fa fa-gear\"></i> Options</a>\r\n            <ul class=\"dropdown-menu pull-right\">\r\n                {{ $options }}\r\n            </ul>\r\n        </div>\r\n    </td>\r\n</tr>',0,2,6,'Admin','','2016-01-21 03:00:26',1,'2016-01-20 11:22:07',1,0),(231,'location','admin/user/location','users_location','location_id',0,'Location','Location','fa-edit',0,0,'','<th width=\"8%\" class=\"hidden-xs\"></th>\r\n<th width=\"45%\">Location</th>\r\n<th width=\"25%\">Active</th>','<tr class=\"record\">\r\n    <td>\r\n        <div>\r\n            <input type=\"checkbox\" class=\"record-checker checkboxes\" value=\"<?php echo $record_id; ?>\" />\r\n        </div>\r\n    </td>\r\n<td class=\"hidden-xs\">\r\n        <a href=\"<?php echo $edit_url; ?>\">\r\n            <img src=\"data:image/png;base64,iVBORw0KGgoAAAANSUhEUgAAADAAAAAwCAYAAABXAvmHAAABwUlEQVRoQ+2YvavCQBDEJ4KCinZ+VIIEOy3FkH/fSguxE9uIVUArCyH63ruDDTEYkzhCeLipjJcdb+a3e6LO6XT6wT++HDVQMT0lUDEAKAElQCagLUQGSJcrATpCUkAJkAHS5UqAjpAUUAJkgHT59xA4HA7Y7/cYDAaYzWY2OXlPYpxOpxgOh4VT/YRmIQL3+x2r1QqXyyU2EEURlsslWq0WFosFNpsNzuczfN9Hs9nMNfEpzUIGdrsdwjCE2XSv17ME/n5LY7vdxvfmmePxCEOh0WjYtXa7bc0l14RQWc0ssrkGZKOj0QhBEMQbziMgRDzPw3q9jkkZNO9qPsP60oBgrtVqmEwmD4kbMTFxu93gOM5D+2StMZqlDTxriyItJLgNBZN2cvBZzbSJTALJIUsXdToddLtd2/Pj8Riu68YnktxLm9TrdVyvVzsb/X4/Pgze0SxNIFmQHtpXQywbNa01n8/tCWVem4E2huQqo/n2EGd92LPvAUlf2iRNJ9lKyWGWtnylmXUu555CuQd6xQ+ogYoB6D9zVQNQAkqATUCPUTZBtl4JsAmy9UqATZCtVwJsgmy9EmATZOuVAJsgW/8L+6U4/9EQxOwAAAAASUVORK5CYII=\"\r\n            data-src=\"holder.js/48x48\" alt=\"48x48\" style=\"width: 48px; height: 48px;\">\r\n        </a>\r\n    </td>\r\n    <td>\r\n        <a id=\"users_location_location\" href=\"<?php echo $edit_url; ?>\" class=\"text-success\"><?php echo $users_location_location; ?></a>\r\n        <br>\r\n        <span id=\"users_location_location_code\" class=\"small\"><?php echo $users_location_location_code; ?></span>\r\n    </td>\r\n    <td class=\"hidden-xs\">\r\n        <span id=\"users_location_status_id;\"><?php echo $users_location_status_id; ?></span>\r\n    </td>\r\n    <td>\r\n        <div class=\"btn-group\">\r\n            <a class=\"btn btn-xs text-muted\" href=\"{{ $edit_url }}\"><i class=\"fa fa-pencil\"></i> Edit</a>\r\n        </div>\r\n        <div class=\"btn-group\">\r\n            <a class=\"btn btn-xs text-muted\" href=\"#\" data-close-others=\"true\" data-toggle=\"dropdown\"><i class=\"fa fa-gear\"></i> Options</a>\r\n            <ul class=\"dropdown-menu pull-right\">\r\n                {{ $options }}\r\n            </ul>\r\n        </div>\r\n    </td>\r\n</tr>',0,1,3,'Admin','User Manager','2016-02-10 05:43:44',1,'2016-02-09 13:52:19',1,0),(232,'assignment','admin/assignment','users_assignment','assignment_id',0,'Assignment','Assignment','fa-edit',0,0,'','<th width=\"8%\" class=\"hidden-xs\"></th>\r\n<th width=\"45%\">Assignment</th>\r\n<th width=\"25%\">Active</th>','<tr class=\"record\">\r\n    <td>\r\n        <div>\r\n            <input type=\"checkbox\" class=\"record-checker checkboxes\" value=\"<?php echo $record_id; ?>\" />\r\n        </div>\r\n    </td>\r\n<td class=\"hidden-xs\">\r\n        <a href=\"<?php echo $edit_url; ?>\">\r\n            <img src=\"data:image/png;base64,iVBORw0KGgoAAAANSUhEUgAAADAAAAAwCAYAAABXAvmHAAABwUlEQVRoQ+2YvavCQBDEJ4KCinZ+VIIEOy3FkH/fSguxE9uIVUArCyH63ruDDTEYkzhCeLipjJcdb+a3e6LO6XT6wT++HDVQMT0lUDEAKAElQCagLUQGSJcrATpCUkAJkAHS5UqAjpAUUAJkgHT59xA4HA7Y7/cYDAaYzWY2OXlPYpxOpxgOh4VT/YRmIQL3+x2r1QqXyyU2EEURlsslWq0WFosFNpsNzuczfN9Hs9nMNfEpzUIGdrsdwjCE2XSv17ME/n5LY7vdxvfmmePxCEOh0WjYtXa7bc0l14RQWc0ssrkGZKOj0QhBEMQbziMgRDzPw3q9jkkZNO9qPsP60oBgrtVqmEwmD4kbMTFxu93gOM5D+2StMZqlDTxriyItJLgNBZN2cvBZzbSJTALJIUsXdToddLtd2/Pj8Riu68YnktxLm9TrdVyvVzsb/X4/Pgze0SxNIFmQHtpXQywbNa01n8/tCWVem4E2huQqo/n2EGd92LPvAUlf2iRNJ9lKyWGWtnylmXUu555CuQd6xQ+ogYoB6D9zVQNQAkqATUCPUTZBtl4JsAmy9UqATZCtVwJsgmy9EmATZOuVAJsgW/8L+6U4/9EQxOwAAAAASUVORK5CYII=\"\r\n            data-src=\"holder.js/48x48\" alt=\"48x48\" style=\"width: 48px; height: 48px;\">\r\n        </a>\r\n    </td>\r\n    <td>\r\n        <a id=\"users_assignment_assignment\" href=\"<?php echo $edit_url; ?>\" class=\"text-success\"><?php echo $users_assignment_assignment; ?></a>\r\n        <br>\r\n        <span id=\"users_assignment_assignment_code\" class=\"small\"><?php echo $users_assignment_assignment_code; ?></span>\r\n    </td>\r\n    <td class=\"hidden-xs\">\r\n        <span id=\"users_assignment_status_id;\"><?php echo $users_assignment_status_id; ?></span>\r\n    </td>\r\n    <td>\r\n        <div class=\"btn-group\">\r\n            <a class=\"btn btn-xs text-muted\" href=\"{{ $edit_url }}\"><i class=\"fa fa-pencil\"></i> Edit</a>\r\n        </div>\r\n        <div class=\"btn-group\">\r\n            <a class=\"btn btn-xs text-muted\" href=\"#\" data-close-others=\"true\" data-toggle=\"dropdown\"><i class=\"fa fa-gear\"></i> Options</a>\r\n            <ul class=\"dropdown-menu pull-right\">\r\n                {{ $options }}\r\n            </ul>\r\n        </div>\r\n    </td>\r\n</tr>',0,1,3,'Admin','User Manager','2016-02-10 06:06:13',1,'2016-02-09 14:06:31',1,0),(234,'employment_type','admin/partner/type','partners_employment_type','employment_type_id',0,'Employment Type','Employment Type','',0,0,'','<th width=\"8%\" class=\"hidden-xs\"></th>\r\n<th width=\"45%\">Employment Type</th>','<tr class=\"record\">\r\n    <td>\r\n        <div>\r\n            <input type=\"checkbox\" class=\"record-checker checkboxes\" value=\"<?php echo $record_id; ?>\" />\r\n        </div>\r\n    </td>\r\n<td class=\"hidden-xs\">\r\n        <a href=\"<?php echo $edit_url; ?>\">\r\n            <img src=\"data:image/png;base64,iVBORw0KGgoAAAANSUhEUgAAADAAAAAwCAYAAABXAvmHAAABwUlEQVRoQ+2YvavCQBDEJ4KCinZ+VIIEOy3FkH/fSguxE9uIVUArCyH63ruDDTEYkzhCeLipjJcdb+a3e6LO6XT6wT++HDVQMT0lUDEAKAElQCagLUQGSJcrATpCUkAJkAHS5UqAjpAUUAJkgHT59xA4HA7Y7/cYDAaYzWY2OXlPYpxOpxgOh4VT/YRmIQL3+x2r1QqXyyU2EEURlsslWq0WFosFNpsNzuczfN9Hs9nMNfEpzUIGdrsdwjCE2XSv17ME/n5LY7vdxvfmmePxCEOh0WjYtXa7bc0l14RQWc0ssrkGZKOj0QhBEMQbziMgRDzPw3q9jkkZNO9qPsP60oBgrtVqmEwmD4kbMTFxu93gOM5D+2StMZqlDTxriyItJLgNBZN2cvBZzbSJTALJIUsXdToddLtd2/Pj8Riu68YnktxLm9TrdVyvVzsb/X4/Pgze0SxNIFmQHtpXQywbNa01n8/tCWVem4E2huQqo/n2EGd92LPvAUlf2iRNJ9lKyWGWtnylmXUu555CuQd6xQ+ogYoB6D9zVQNQAkqATUCPUTZBtl4JsAmy9UqATZCtVwJsgmy9EmATZOuVAJsgW/8L+6U4/9EQxOwAAAAASUVORK5CYII=\"\r\n            data-src=\"holder.js/48x48\" alt=\"48x48\" style=\"width: 48px; height: 48px;\">\r\n        </a>\r\n    </td>\r\n    <td>\r\n        <a id=\"partners_employment_type_employment_type\" href=\"<?php echo $edit_url; ?>\" class=\"text-success\"><?php echo $partners_employment_type_employment_type; ?></a>\r\n    </td>\r\n    <td>\r\n        <div class=\"btn-group\">\r\n            <a class=\"btn btn-xs text-muted\" href=\"{{ $edit_url }}\"><i class=\"fa fa-pencil\"></i> Edit</a>\r\n        </div>\r\n        <div class=\"btn-group\">\r\n            <a class=\"btn btn-xs text-muted\" href=\"#\" data-close-others=\"true\" data-toggle=\"dropdown\"><i class=\"fa fa-gear\"></i> Options</a>\r\n            <ul class=\"dropdown-menu pull-right\">\r\n                {{ $options }}\r\n            </ul>\r\n        </div>\r\n    </td>\r\n</tr>',0,1,1,'','User Manager','2016-02-11 05:49:37',1,'2016-02-10 13:55:33',1,0),(235,'bank_settings','payroll/bank_settings','payroll_bank','bank_id',0,'Bank Settings','Bank Settings','fa-file-text-o',0,0,'','<th width=\"25%\">Bank</th>\r\n<th width=\"25%\">Description</th>','<tr class=\"record\">\r\n    <td>\r\n        <div>\r\n            <input type=\"checkbox\" class=\"record-checker checkboxes\" value=\"{{ $record_id }}\">\r\n        </div>\r\n    </td>\r\n    <td>\r\n        <span class=\"text-success\">{{ $payroll_bank_bank}}</span>\r\n    </td>\r\n    <td>\r\n        {{ $payroll_bank_description }}\r\n    </td>\r\n    <td>\r\n        <div class=\"btn-group\">\r\n            <a class=\"btn btn-xs text-muted\" href=\"{{ $edit_url }}\"><i class=\"fa fa-pencil\"></i> Edit</a>\r\n        </div>\r\n        <div class=\"btn-group\">\r\n            <a class=\"btn btn-xs text-muted\" href=\"#\" data-close-others=\"true\" data-toggle=\"dropdown\"><i class=\"fa fa-gear\"></i> Options</a>\r\n            <ul class=\"dropdown-menu pull-right\">\r\n                {{ $options }}\r\n            </ul>\r\n        </div>\r\n    </td>\r\n</tr>',0,1,15,'Admin','Payroll Manager','2016-04-15 02:08:54',1,'2016-04-14 11:34:58',1,0),(236,'sub_accounts_chart','payroll/sub_accounts_chart','payroll_account_sub','account_sub_id',0,'Sub Accounts Chart','Sub Accounts Chart','fa-copy',0,0,'','<th width=\"25%\">Sub Code</th>\r\n<th width=\"25%\">Sub Account Name</th>\r\n<th width=\"25%\">Account Name</th>\r\n<th width=\"25%\">Category</th>\r\n<th width=\"25%\">Category Value</th>','<tr class=\"record\">\r\n    <td>\r\n        <div>\r\n            <input type=\"checkbox\" class=\"record-checker checkboxes\" value=\"{{ $record_id }}\">\r\n        </div>\r\n    </td>\r\n    <td>\r\n        <a href=\"{{ $edit_url }}\" class=\"text-success\">{{ $payroll_account_sub_account_sub_code }}</a>\r\n    </td>\r\n    <td>\r\n        {{ $payroll_account_sub_account_sub }}\r\n    </td>\r\n    <td>\r\n        {{ $payroll_account_sub_account_id }}\r\n    </td>\r\n    <td>\r\n        {{ $payroll_account_sub_category_id }}\r\n    </td>\r\n    <td>\r\n        {{ $payroll_account_sub_category_value }}\r\n    </td>\r\n    <td>\r\n        <div class=\"btn-group\">\r\n            <a class=\"btn btn-xs text-muted\" href=\"{{ $edit_url }}\"><i class=\"fa fa-pencil\"></i> Edit</a>\r\n        </div>\r\n        <div class=\"btn-group\">\r\n            <a class=\"btn btn-xs text-muted\" href=\"#\" data-close-others=\"true\" data-toggle=\"dropdown\"><i class=\"fa fa-gear\"></i> Options</a>\r\n            <ul class=\"dropdown-menu pull-right\">\r\n                {{ $options }}\r\n            </ul>\r\n        </div>\r\n    </td>\r\n</tr>',0,1,7,'Admin','Payroll Manager','2016-05-13 19:23:11',1,'2016-05-13 01:44:25',1,0),(237,'section','admin/section','users_section','section',0,'Section','Section','',1,0,'Manage and list section names','<th width=\"8%\" class=\"hidden-xs\"></th>\r\n<th width=\"45%\">Section</th>\r\n<th width=\"25%\">Active</th>','<tr class=\"record\">\r\n    <td>\r\n        <div>\r\n            <input type=\"checkbox\" class=\"record-checker checkboxes\" value=\"<?php echo $record_id; ?>\" />\r\n        </div>\r\n    </td>\r\n<td class=\"hidden-xs\">\r\n        <a href=\"<?php echo $edit_url; ?>\">\r\n            <img src=\"data:image/png;base64,iVBORw0KGgoAAAANSUhEUgAAADAAAAAwCAYAAABXAvmHAAABwUlEQVRoQ+2YvavCQBDEJ4KCinZ+VIIEOy3FkH/fSguxE9uIVUArCyH63ruDDTEYkzhCeLipjJcdb+a3e6LO6XT6wT++HDVQMT0lUDEAKAElQCagLUQGSJcrATpCUkAJkAHS5UqAjpAUUAJkgHT59xA4HA7Y7/cYDAaYzWY2OXlPYpxOpxgOh4VT/YRmIQL3+x2r1QqXyyU2EEURlsslWq0WFosFNpsNzuczfN9Hs9nMNfEpzUIGdrsdwjCE2XSv17ME/n5LY7vdxvfmmePxCEOh0WjYtXa7bc0l14RQWc0ssrkGZKOj0QhBEMQbziMgRDzPw3q9jkkZNO9qPsP60oBgrtVqmEwmD4kbMTFxu93gOM5D+2StMZqlDTxriyItJLgNBZN2cvBZzbSJTALJIUsXdToddLtd2/Pj8Riu68YnktxLm9TrdVyvVzsb/X4/Pgze0SxNIFmQHtpXQywbNa01n8/tCWVem4E2huQqo/n2EGd92LPvAUlf2iRNJ9lKyWGWtnylmXUu555CuQd6xQ+ogYoB6D9zVQNQAkqATUCPUTZBtl4JsAmy9UqATZCtVwJsgmy9EmATZOuVAJsgW/8L+6U4/9EQxOwAAAAASUVORK5CYII=\"\r\n            data-src=\"holder.js/48x48\" alt=\"48x48\" style=\"width: 48px; height: 48px;\">\r\n        </a>\r\n    </td>\r\n    <td>\r\n        <a id=\"users_section_section\" href=\"<?php echo $edit_url; ?>\" class=\"text-success\"><?php echo $users_section_section; ?></a>\r\n        <br>\r\n        <span id=\"users_section_section_code\" class=\"small\"><?php echo $users_section_section_code; ?></span>\r\n    </td>\r\n    <td class=\"hidden-xs\">\r\n        <span id=\"users_section_status_id;\"><?php echo $users_section_status_id; ?></span>\r\n    </td>\r\n    <td>\r\n        <div class=\"btn-group\">\r\n            <a class=\"btn btn-xs text-muted\" href=\"{{ $edit_url }}\"><i class=\"fa fa-pencil\"></i> Edit</a>\r\n        </div>\r\n        <div class=\"btn-group\">\r\n            <a class=\"btn btn-xs text-muted\" href=\"#\" data-close-others=\"true\" data-toggle=\"dropdown\"><i class=\"fa fa-gear\"></i> Options</a>\r\n            <ul class=\"dropdown-menu pull-right\">\r\n                {{ $options }}\r\n            </ul>\r\n        </div>\r\n    </td>\r\n</tr>',0,1,4,'Admin','User Manager','2016-05-19 05:38:41',1,'2016-08-02 09:58:34',1,0),(238,'sbr','payroll/sbr','payroll_period','payroll_period_id',1,'Assign SBR','Assign SBR','',0,0,'','<th width=\"5%\"></th>\r\n<th width=\"35%\">Year</th>\r\n<th width=\"35%\">Month</th>','<tr class=\"record\">\r\n    <td>\r\n        <div>\r\n            <input type=\"checkbox\" class=\"record-checker checkboxes\" value=\"{{ $record_id }}\">\r\n        </div>\r\n    </td>\r\n    <td>\r\n        {{ $year }}\r\n    </td>\r\n    <td>\r\n        {{ $month }}\r\n    </td>\r\n    <td>\r\n        <div class=\"btn-group\">\r\n            <a class=\"btn btn-xs text-muted\" href=\"#\" data-close-others=\"true\" data-toggle=\"dropdown\"><i class=\"fa fa-gear\"></i> Options</a>\r\n            <ul class=\"dropdown-menu pull-right\">\r\n                {{ $options }}\r\n            </ul>\r\n        </div>\r\n    </td>\r\n</tr>',0,0,0,'Payroll','','2016-06-10 02:46:12',1,'2016-08-24 17:39:23',1,0),(239,'project','admin/project','user_project','project',1,'Project','Project','',1,0,'Manage and list project names','<th width=\"8%\" class=\"hidden-xs\"></th>\r\n<th width=\"45%\">Section</th>\r\n<th width=\"25%\">Active</th>','<tr class=\"record\">\r\n    <td>\r\n        <div>\r\n            <input type=\"checkbox\" class=\"record-checker checkboxes\" value=\"<?php echo $record_id; ?>\" />\r\n        </div>\r\n    </td>\r\n<td class=\"hidden-xs\">\r\n        <a href=\"<?php echo $edit_url; ?>\">\r\n            <img src=\"data:image/png;base64,iVBORw0KGgoAAAANSUhEUgAAADAAAAAwCAYAAABXAvmHAAABwUlEQVRoQ+2YvavCQBDEJ4KCinZ+VIIEOy3FkH/fSguxE9uIVUArCyH63ruDDTEYkzhCeLipjJcdb+a3e6LO6XT6wT++HDVQMT0lUDEAKAElQCagLUQGSJcrATpCUkAJkAHS5UqAjpAUUAJkgHT59xA4HA7Y7/cYDAaYzWY2OXlPYpxOpxgOh4VT/YRmIQL3+x2r1QqXyyU2EEURlsslWq0WFosFNpsNzuczfN9Hs9nMNfEpzUIGdrsdwjCE2XSv17ME/n5LY7vdxvfmmePxCEOh0WjYtXa7bc0l14RQWc0ssrkGZKOj0QhBEMQbziMgRDzPw3q9jkkZNO9qPsP60oBgrtVqmEwmD4kbMTFxu93gOM5D+2StMZqlDTxriyItJLgNBZN2cvBZzbSJTALJIUsXdToddLtd2/Pj8Riu68YnktxLm9TrdVyvVzsb/X4/Pgze0SxNIFmQHtpXQywbNa01n8/tCWVem4E2huQqo/n2EGd92LPvAUlf2iRNJ9lKyWGWtnylmXUu555CuQd6xQ+ogYoB6D9zVQNQAkqATUCPUTZBtl4JsAmy9UqATZCtVwJsgmy9EmATZOuVAJsgW/8L+6U4/9EQxOwAAAAASUVORK5CYII=\"\r\n            data-src=\"holder.js/48x48\" alt=\"48x48\" style=\"width: 48px; height: 48px;\">\r\n        </a>\r\n    </td>\r\n    <td>\r\n        <a id=\"users_section_section\" href=\"<?php echo $edit_url; ?>\" class=\"text-success\"><?php echo $users_section_section; ?></a>\r\n        <br>\r\n        <span id=\"users_section_section_code\" class=\"small\"><?php echo $users_section_section_code; ?></span>\r\n    </td>\r\n    <td class=\"hidden-xs\">\r\n        <span id=\"users_section_status_id;\"><?php echo $users_section_status_id; ?></span>\r\n    </td>\r\n    <td>\r\n        <div class=\"btn-group\">\r\n            <a class=\"btn btn-xs text-muted\" href=\"{{ $edit_url }}\"><i class=\"fa fa-pencil\"></i> Edit</a>\r\n        </div>\r\n        <div class=\"btn-group\">\r\n            <a class=\"btn btn-xs text-muted\" href=\"#\" data-close-others=\"true\" data-toggle=\"dropdown\"><i class=\"fa fa-gear\"></i> Options</a>\r\n            <ul class=\"dropdown-menu pull-right\">\r\n                {{ $options }}\r\n            </ul>\r\n        </div>\r\n    </td>\r\n</tr>',0,6,3,'','','2016-09-23 14:29:27',1,'2016-09-23 14:42:55',1,0),(240,'specialization','admin/partner/specialization','users_specialization','specialization_id',1,'Specialization','Specialization','fa-edit',0,0,'','<th width=\"8%\" class=\"hidden-xs\"></th>\r\n<th width=\"45%\">Specialization</th>\r\n<th width=\"25%\">Active</th>','<tr class=\"record\">\r\n    <td>\r\n        <div>\r\n            <input type=\"checkbox\" class=\"record-checker checkboxes\" value=\"<?php echo $record_id; ?>\" />\r\n        </div>\r\n    </td>\r\n<td class=\"hidden-xs\">\r\n        <a href=\"<?php echo $edit_url; ?>\">\r\n            <img src=\"data:image/png;base64,iVBORw0KGgoAAAANSUhEUgAAADAAAAAwCAYAAABXAvmHAAABwUlEQVRoQ+2YvavCQBDEJ4KCinZ+VIIEOy3FkH/fSguxE9uIVUArCyH63ruDDTEYkzhCeLipjJcdb+a3e6LO6XT6wT++HDVQMT0lUDEAKAElQCagLUQGSJcrATpCUkAJkAHS5UqAjpAUUAJkgHT59xA4HA7Y7/cYDAaYzWY2OXlPYpxOpxgOh4VT/YRmIQL3+x2r1QqXyyU2EEURlsslWq0WFosFNpsNzuczfN9Hs9nMNfEpzUIGdrsdwjCE2XSv17ME/n5LY7vdxvfmmePxCEOh0WjYtXa7bc0l14RQWc0ssrkGZKOj0QhBEMQbziMgRDzPw3q9jkkZNO9qPsP60oBgrtVqmEwmD4kbMTFxu93gOM5D+2StMZqlDTxriyItJLgNBZN2cvBZzbSJTALJIUsXdToddLtd2/Pj8Riu68YnktxLm9TrdVyvVzsb/X4/Pgze0SxNIFmQHtpXQywbNa01n8/tCWVem4E2huQqo/n2EGd92LPvAUlf2iRNJ9lKyWGWtnylmXUu555CuQd6xQ+ogYoB6D9zVQNQAkqATUCPUTZBtl4JsAmy9UqATZCtVwJsgmy9EmATZOuVAJsgW/8L+6U4/9EQxOwAAAAASUVORK5CYII=\"\r\n            data-src=\"holder.js/48x48\" alt=\"48x48\" style=\"width: 48px; height: 48px;\">\r\n        </a>\r\n    </td>\r\n    <td>\r\n        <a id=\"users_specialization_specialization\" href=\"<?php echo $edit_url; ?>\" class=\"text-success\"><?php echo $users_specialization_specialization; ?></a>\r\n        <br>\r\n        <span id=\"users_specialization_specialization_code\" class=\"small\"><?php echo $users_specialization_specialization_code; ?></span>\r\n    </td>\r\n    <td class=\"hidden-xs\">\r\n        <span id=users_specialization_status_id;\"><?php echo $users_specialization_status_id; ?></span>\r\n    </td>\r\n    <td>\r\n        <div class=\"btn-group\">\r\n            <a class=\"btn btn-xs text-muted\" href=\"{{ $edit_url }}\"><i class=\"fa fa-pencil\"></i> Edit</a>\r\n        </div>\r\n        <div class=\"btn-group\">\r\n            <a class=\"btn btn-xs text-muted\" href=\"#\" data-close-others=\"true\" data-toggle=\"dropdown\"><i class=\"fa fa-gear\"></i> Options</a>\r\n            <ul class=\"dropdown-menu pull-right\">\r\n                {{ $options }}\r\n            </ul>\r\n        </div>\r\n    </td>\r\n</tr>',0,1,4,'','','2016-09-30 14:03:09',1,'2016-09-30 16:21:39',1,0),(241,'training_employee_database','training/training_employee_database','training_employee_database','employee_database_id',0,'Training Employee Database','Training Employee Database','',0,0,'','<th width=\"20%\">Employee</th>\r\n<th width=\"15%\">Position</th>\r\n<th width=\"15%\">Department</th>\r\n<th width=\"15%\">Training Balance</th>\r\n<th width=\"15%\">Training Course</th>\r\n<th width=\"10%\">Start Date</th>\r\n<th width=\"10%\">End Date</th>','<tr class=\"record\">\r\n    <td>\r\n        <div>\r\n            <input type=\"checkbox\" class=\"record-checker checkboxes\" value=\"<?php echo $record_id; ?>\" />\r\n        </div>\r\n    </td>\r\n   <td>{{ $training_employee_database_employee}}</td>\r\n<td>{{ $training_employee_database_position}}</td>\r\n<td>{{ $training_employee_database_department}}</td>\r\n<td>{{ $training_employee_database_training_balance}}</td>\r\n<td>{{ $training_employee_database_daily_training_cost}}</td>\r\n<td>{{ $training_employee_database_start_date}}</td>\r\n<td>{{ $training_employee_database_end_date}}</td>\r\n    <td>\r\n        <div class=\"btn-group\">\r\n            <a class=\"btn btn-xs text-muted\" href=\"{{ $edit_url }}\"><i class=\"fa fa-pencil\"></i> Edit</a>\r\n        </div>\r\n        <div class=\"btn-group\">\r\n            <a class=\"btn btn-xs text-muted\" href=\"#\" data-close-others=\"true\" data-toggle=\"dropdown\"><i class=\"fa fa-gear\"></i> Options</a>\r\n            <ul class=\"dropdown-menu pull-right\">\r\n                {{ $options }}\r\n            </ul>\r\n        </div>\r\n    </td>\r\n</tr>',0,0,0,'','','2017-02-01 07:13:19',1,'2017-02-01 15:15:44',1,0),(242,'training_calendar','training/training_calendar','training_calendar','training_calendar_id',1,'Training Calendar','Training Calendar','',0,0,'','<th width=\"20%\">Training Course</th>\r\n<th width=\"20%\">Training Course Description</th>\r\n<th width=\"19%\" class=\"hidden-xs\">Last Registration Date</th>\r\n<th width=\"20%\" class=\"hidden-xs\">Status</th>','<tr class=\"record\">\r\n    <td>\r\n        <div>\r\n            <input type=\"checkbox\" class=\"record-checker checkboxes\" value=\"<?php echo $record_id; ?>\" />\r\n        </div>\r\n    </td>\r\n    <td>{{ $training_calendar_course }}</td>\r\n    <td>{{ $training_calendar_description }}</td>\r\n    <td class=\"hidden-xs\">{{ $training_calendar_last_registration_date }} </td> \r\n    <td class=\"hidden-xs\">{{ $training_calendar_status }} </td> \r\n    <td>\r\n        <div class=\"btn-group\">\r\n            <a class=\"btn btn-xs text-muted\" href=\"{{ $edit_url }}\"><i class=\"fa fa-pencil\"></i> Edit</a>\r\n        </div>\r\n        <div class=\"btn-group\">\r\n            <a class=\"btn btn-xs text-muted\" href=\"#\" data-close-others=\"true\" data-toggle=\"dropdown\"><i class=\"fa fa-gear\"></i> Options</a>\r\n            <ul class=\"dropdown-menu pull-right\">\r\n                {{ $options }}\r\n            </ul>\r\n        </div>\r\n    </td>\r\n</tr>',0,0,0,'','','2017-02-01 09:33:56',1,'2017-02-01 17:37:01',1,0),(243,'training_revalida','training/training_revalida','training_calendar','training_calendar_id',1,'Level 2 & 3 Training Evaluation','Level 2 and 3 Training Evaluation Master','',0,0,'','<th width=\"20%\">Topic</th>\r\n<th width=\"20%\">Training Subject</th>\r\n<th width=\"10%\">Start Date</th>\r\n<th width=\"10%\">End Date</th>\r\n<th width=\"20%\">Training Session</th>\r\n<th width=\"20%\">Instructor</th>','<tr class=\"record\">\r\n    <td>\r\n        <div>\r\n            <input type=\"checkbox\" class=\"record-checker checkboxes\" value=\"<?php echo $record_id; ?>\" />\r\n        </div>\r\n    </td>\r\n    <td>{{ $training_calendar_training_calendar_id}}</td>\r\n    <td>{{ $training_calendar_training_calendar_id}}</td>\r\n    <td>{{ $training_calendar_training_calendar_id}} </td>\r\n   <td>{{ $training_calendar_training_calendar_id}}</td>\r\n   <td>{{ $training_calendar_training_calendar_id}}</td>\r\n   <td>{{ $training_calendar_training_calendar_id}}</td>\r\n    <td>\r\n        <div class=\"btn-group\">\r\n            <a class=\"btn btn-xs text-muted\" href=\"{{ $edit_url }}\"><i class=\"fa fa-pencil\"></i> Edit</a>\r\n        </div>\r\n        <div class=\"btn-group\">\r\n            <a class=\"btn btn-xs text-muted\" href=\"#\" data-close-others=\"true\" data-toggle=\"dropdown\"><i class=\"fa fa-gear\"></i> Options</a>\r\n            <ul class=\"dropdown-menu pull-right\">\r\n                {{ $options }}\r\n            </ul>\r\n        </div>\r\n    </td>\r\n</tr>',0,0,0,'','','2017-02-02 05:37:04',1,'2017-02-02 15:40:25',1,0),(244,'training_evaluation','training/training_evaluation','training_calendar','training_calendar_id',1,'Training Evaluation','Training Evaluation','',0,0,'','<th width=\"20%\">Topic</th>\r\n<th width=\"20%\">Training Subject</th>\r\n<th width=\"10%\">Start Date</th>\r\n<th width=\"10%\">End Date</th>\r\n<th width=\"20%\">Training Session</th>\r\n<th width=\"20%\">Instructor</th>','<tr class=\"record\">\r\n    <td>\r\n        <div>\r\n            <input type=\"checkbox\" class=\"record-checker checkboxes\" value=\"<?php echo $record_id; ?>\" />\r\n        </div>\r\n    </td>\r\n    <td>{{ $training_calendar_training_calendar_id}}</td>\r\n    <td>{{ $training_calendar_training_calendar_id}}</td>\r\n    <td>{{ $training_calendar_training_calendar_id}} </td>\r\n   <td>{{ $training_calendar_training_calendar_id}}</td>\r\n   <td>{{ $training_calendar_training_calendar_id}}</td>\r\n   <td>{{ $training_calendar_training_calendar_id}}</td>\r\n    <td>\r\n        <div class=\"btn-group\">\r\n            <a class=\"btn btn-xs text-muted\" href=\"{{ $edit_url }}\"><i class=\"fa fa-pencil\"></i> Edit</a>\r\n        </div>\r\n        <div class=\"btn-group\">\r\n            <a class=\"btn btn-xs text-muted\" href=\"#\" data-close-others=\"true\" data-toggle=\"dropdown\"><i class=\"fa fa-gear\"></i> Options</a>\r\n            <ul class=\"dropdown-menu pull-right\">\r\n                {{ $options }}\r\n            </ul>\r\n        </div>\r\n    </td>\r\n</tr>',0,0,0,'','','2017-02-02 05:48:31',1,'2017-02-02 13:49:41',1,0),(245,'training_feedback_participants','training/training_feedback_participants','training_feedback','feedback_id',1,'Training Feedback Participants','Training Feedback Participants','',0,0,'','<th width=\"25%\">Participant Name</th>\r\n<th width=\"22%\">Score</th>\r\n<th width=\"32%\"\">Average Score</th>','<tr class=\"record\">\r\n    <td>\r\n        <div>\r\n            <input type=\"checkbox\" class=\"record-checker checkboxes\" value=\"<?php echo $record_id; ?>\" />\r\n        </div>\r\n    </td>\r\n    <td>{{ $training_feedback_participants_name}}</td>\r\n    <td>{{ $training_feedback_participants_total_score }}</td>\r\n    <td>{{ $training_feedback_participants_average_score}} </td> \r\n    <td>\r\n        <div class=\"btn-group\">\r\n            <a class=\"btn btn-xs text-muted\" href=\"{{ $edit_url }}\"><i class=\"fa fa-pencil\"></i> Edit</a>\r\n        </div>\r\n        <div class=\"btn-group\">\r\n            <a class=\"btn btn-xs text-muted\" href=\"#\" data-close-others=\"true\" data-toggle=\"dropdown\"><i class=\"fa fa-gear\"></i> Options</a>\r\n            <ul class=\"dropdown-menu pull-right\">\r\n                {{ $options }}\r\n            </ul>\r\n        </div>\r\n    </td>\r\n</tr>',0,0,0,'','','2017-02-02 06:09:39',1,'2017-02-02 14:11:18',1,0),(246,'training_provider','admin/training_provider','training_provider','provider_id',1,'Training Provider','Training Provider','',0,0,'','<th width=\"25%\">Provider</th>\r\n<th width=\"22%\">Code</th>\r\n<th width=\"32%\" class=\"hidden-xs\">Description</th>','<tr class=\"record\">\r\n    <td>\r\n        <div>\r\n            <input type=\"checkbox\" class=\"record-checker checkboxes\" value=\"<?php echo $record_id; ?>\" />\r\n        </div>\r\n    </td>\r\n    <td>{{ $training_provider_provider}}</td>\r\n    <td>{{ $training_provider_provider_code }}</td>\r\n    <td class=\"hidden-xs\">{{ $training_provider_description}} </td> \r\n    <td>\r\n        <div class=\"btn-group\">\r\n            <a class=\"btn btn-xs text-muted\" href=\"{{ $edit_url }}\"><i class=\"fa fa-pencil\"></i> Edit</a>\r\n        </div>\r\n        <div class=\"btn-group\">\r\n            <a class=\"btn btn-xs text-muted\" href=\"#\" data-close-others=\"true\" data-toggle=\"dropdown\"><i class=\"fa fa-gear\"></i> Options</a>\r\n            <ul class=\"dropdown-menu pull-right\">\r\n                {{ $options }}\r\n            </ul>\r\n        </div>\r\n    </td>\r\n</tr>',0,0,0,'','','2017-02-02 07:00:54',1,'2017-02-02 15:02:07',1,0),(247,'training_library','admin/training_library','training_library','library_id',1,'Training Library','Training Library','',0,0,'','<th width=\"25%\">Library</th>\r\n<th width=\"22%\">Author</th>\r\n<th width=\"32%\" class=\"hidden-xs\">Published Date</th>','<tr class=\"record\">\r\n    <td>\r\n        <div>\r\n            <input type=\"checkbox\" class=\"record-checker checkboxes\" value=\"<?php echo $record_id; ?>\" />\r\n        </div>\r\n    </td>\r\n    <td>{{ $training_library_library}}</td>\r\n    <td>{{ $training_library_author }}</td>\r\n    <td class=\"hidden-xs\">{{ $training_library_published_date}} </td> \r\n    <td>\r\n        <div class=\"btn-group\">\r\n            <a class=\"btn btn-xs text-muted\" href=\"{{ $edit_url }}\"><i class=\"fa fa-pencil\"></i> Edit</a>\r\n        </div>\r\n        <div class=\"btn-group\">\r\n            <a class=\"btn btn-xs text-muted\" href=\"#\" data-close-others=\"true\" data-toggle=\"dropdown\"><i class=\"fa fa-gear\"></i> Options</a>\r\n            <ul class=\"dropdown-menu pull-right\">\r\n                {{ $options }}\r\n            </ul>\r\n        </div>\r\n    </td>\r\n</tr>',0,0,0,'','','2017-02-02 07:04:52',1,'2017-02-02 15:06:55',1,0),(248,'training_facilitator','admin/training_facilitator','training_facilitator','facilitator_id',1,'Training Facilitator','Training Facilitator','',0,0,'','<th width=\"25%\">Facilitator</th>\r\n<th width=\"22%\">Internal</th>\r\n<th width=\"32%\" class=\"hidden-xs\">Training Provider</th>','<tr class=\"record\">\r\n    <td>\r\n        <div>\r\n            <input type=\"checkbox\" class=\"record-checker checkboxes\" value=\"<?php echo $record_id; ?>\" />\r\n        </div>\r\n    </td>\r\n    <td>{{ $training_facilitator_facilitator }}</td>\r\n    <td>{{ $training_facilitator_internal }}</td>\r\n    <td class=\"hidden-xs\">{{ $training_facilitator_provider}} </td> \r\n    <td>\r\n        <div class=\"btn-group\">\r\n            <a class=\"btn btn-xs text-muted\" href=\"{{ $edit_url }}\"><i class=\"fa fa-pencil\"></i> Edit</a>\r\n        </div>\r\n        <div class=\"btn-group\">\r\n            <a class=\"btn btn-xs text-muted\" href=\"#\" data-close-others=\"true\" data-toggle=\"dropdown\"><i class=\"fa fa-gear\"></i> Options</a>\r\n            <ul class=\"dropdown-menu pull-right\">\r\n                {{ $options }}\r\n            </ul>\r\n        </div>\r\n    </td>\r\n</tr>',0,0,0,'','','2017-02-02 07:09:54',1,'2017-02-02 15:11:04',1,0),(249,'training_cost','admin/training_cost','training_cost','cost_id',1,'Training Cost','Training Cost','',0,0,'','<th width=\"25%\">Cost</th>\r\n<th width=\"32%\" class=\"hidden-xs\">Description</th>','<tr class=\"record\">\r\n    <td>\r\n        <div>\r\n            <input type=\"checkbox\" class=\"record-checker checkboxes\" value=\"<?php echo $record_id; ?>\" />\r\n        </div>\r\n    </td>\r\n    <td>{{ $training_cost_cost }}</td>\r\n    <td class=\"hidden-xs\">{{ $training_cost_description}} </td> \r\n    <td>\r\n        <div class=\"btn-group\">\r\n            <a class=\"btn btn-xs text-muted\" href=\"{{ $edit_url }}\"><i class=\"fa fa-pencil\"></i> Edit</a>\r\n        </div>\r\n        <div class=\"btn-group\">\r\n            <a class=\"btn btn-xs text-muted\" href=\"#\" data-close-others=\"true\" data-toggle=\"dropdown\"><i class=\"fa fa-gear\"></i> Options</a>\r\n            <ul class=\"dropdown-menu pull-right\">\r\n                {{ $options }}\r\n            </ul>\r\n        </div>\r\n    </td>\r\n</tr>',0,0,0,'','','2017-02-02 07:13:32',1,'2017-02-02 15:14:43',1,0),(250,'training_revalida_participants','training/training_revalida_participants','training_revalida','training_revalida_id',1,'Training Revalida Participants','Training Revalida Participants','',0,0,'','<th width=\"25%\">Participant Name</th>\r\n<th width=\"22%\">Score</th>\r\n<th width=\"32%\"\">Average Score</th>','<tr class=\"record\">\r\n    <td>\r\n        <div>\r\n            <input type=\"checkbox\" class=\"record-checker checkboxes\" value=\"<?php echo $record_id; ?>\" />\r\n        </div>\r\n    </td>\r\n    <td>{{ $training_feedback_participants_name}}</td>\r\n    <td>{{ $training_feedback_participants_total_score }}</td>\r\n    <td>{{ $training_feedback_participants_average_score}} </td> \r\n    <td>\r\n        <div class=\"btn-group\">\r\n            <a class=\"btn btn-xs text-muted\" href=\"{{ $edit_url }}\"><i class=\"fa fa-pencil\"></i> Edit</a>\r\n        </div>\r\n        <div class=\"btn-group\">\r\n            <a class=\"btn btn-xs text-muted\" href=\"#\" data-close-others=\"true\" data-toggle=\"dropdown\"><i class=\"fa fa-gear\"></i> Options</a>\r\n            <ul class=\"dropdown-menu pull-right\">\r\n                {{ $options }}\r\n            </ul>\r\n        </div>\r\n    </td>\r\n</tr>',0,0,0,'','','2017-02-02 08:10:32',1,'2017-02-02 16:11:39',1,0);

/*Data for the table `ww_modules_actions` */

insert  into `ww_modules_actions`(`action_id`,`action`,`deleted`) values (1,'list',0),(2,'detail',0),(3,'add',0),(4,'edit',0),(5,'delete',0),(6,'process',0),(7,'approve',0),(8,'decline',0),(9,'restore',0),(10,'generate',0);

/*Data for the table `ww_month` */

insert  into `ww_month`(`month_id`,`month`,`deleted`) values (1,'January',0),(2,'February',0),(3,'March',0),(4,'April',0),(5,'May',0),(6,'June',0),(7,'July',0),(8,'August',0),(9,'September',0),(10,'October',0),(11,'November',0),(12,'December',0);

/*Data for the table `ww_partners` */

/*Data for the table `ww_partners_accountability` */

/*Data for the table `ww_partners_age_gender` */

insert  into `ww_partners_age_gender`(`age_gender`) values ('Female'),('Male');

/*Data for the table `ww_partners_age_group` */

insert  into `ww_partners_age_group`(`id`,`age_group`,`age_fr`,`age_to`) values (1,'18-24',18,24),(2,'25-34',25,34),(3,'35-44',35,44),(4,'45-54',45,54),(5,'55-64',55,64),(6,'65 and Over',65,99);

/*Data for the table `ww_partners_civil_status` */

insert  into `ww_partners_civil_status`(`civil_status_id`,`civil_status`,`can_delete`,`active`,`created_on`,`created_by`,`modified_on`,`modified_by`,`deleted`) values (1,'Single',0,1,'2014-04-01 05:20:22',0,NULL,0,0),(2,'Married',0,1,'2014-04-01 05:20:24',0,NULL,0,0),(3,'Widowed',0,1,'2014-04-01 05:20:31',0,NULL,0,0),(4,'Divorced',0,1,'2014-04-01 05:20:57',0,NULL,0,0);

/*Data for the table `ww_partners_classification` */

insert  into `ww_partners_classification`(`classification_id`,`classification`,`created_on`,`created_by`,`modified_on`,`modified_by`,`deleted`) values (1,'Direct','2017-01-05 10:11:50',NULL,NULL,NULL,0),(2,'Indirect','2017-01-05 10:11:56',NULL,NULL,NULL,0);

/*Data for the table `ww_partners_clearance` */

/*Data for the table `ww_partners_clearance_exit_interview_answers` */

/*Data for the table `ww_partners_clearance_exit_interview_layout` */

/*Data for the table `ww_partners_clearance_exit_interview_layout_item` */

/*Data for the table `ww_partners_clearance_layout` */

/*Data for the table `ww_partners_clearance_layout_sign` */

/*Data for the table `ww_partners_clearance_signatories` */

/*Data for the table `ww_partners_clearance_signatories_accountabilities` */

/*Data for the table `ww_partners_clearance_signatory` */

/*Data for the table `ww_partners_clearance_status` */

insert  into `ww_partners_clearance_status`(`status_id`,`status`,`deleted`) values (1,'Open',0),(2,'Ongoing',0),(3,'Pending',0),(4,'Cleared',0),(5,'Cancelled',0);

/*Data for the table `ww_partners_clinic_records` */

/*Data for the table `ww_partners_disciplinary_action` */

/*Data for the table `ww_partners_employment_status` */

insert  into `ww_partners_employment_status`(`employment_status_id`,`employment_status`,`can_delete`,`active`,`movement`,`application`,`color`,`created_on`,`created_by`,`modified_on`,`modified_by`,`deleted`) values (1,'Regular',0,1,0,1,'35aa47','2014-04-19 06:24:40',0,'2016-07-20 18:32:36',1,0),(2,'Probationary',0,1,0,1,'ffb848','2014-04-19 06:24:40',0,NULL,0,0),(3,'Consultant',0,0,0,1,'222222','2014-04-19 06:24:40',0,'2016-07-26 15:51:48',46,0),(4,'Project Employee',0,1,0,1,'d8d8d8','2014-04-19 06:24:40',0,NULL,0,0),(5,'Contractual - Direct',0,1,0,1,'4b8df8','2014-04-19 06:24:40',0,'2016-07-26 15:52:21',46,0),(6,'Contractual-Agency',0,1,0,1,'4b8df8','2014-04-19 06:24:40',0,'2016-07-26 15:52:40',46,0),(7,'On-the-Job Training',0,1,0,0,'852b99','2014-04-19 06:24:40',0,NULL,0,0),(8,'Resigned',0,0,0,0,'eeeeee','2014-04-19 06:24:40',0,NULL,0,0),(9,'Retired',0,0,0,0,'eeeeee','2014-04-19 06:24:40',0,NULL,0,0),(10,'End of Contract',0,0,0,0,'eeeeee','2014-04-19 06:24:40',0,NULL,0,0),(11,'Terminated',0,0,0,0,'eeeeee','2014-04-19 06:24:40',0,NULL,0,0),(12,'Casual',1,1,0,1,NULL,'2016-02-10 00:41:18',27,NULL,0,0),(13,'Terminated',1,1,0,1,NULL,'2016-02-10 08:39:44',27,NULL,0,0),(18,'Test',1,0,0,1,NULL,'2016-02-11 07:48:08',17,'2016-08-02 14:38:10',1,1),(19,'Employment Status Test',1,1,0,1,NULL,'2016-07-12 05:31:26',2,'2016-08-02 14:38:10',1,1),(20,'Employ Stat Test',1,1,0,1,NULL,'2016-07-12 05:38:21',2,'2016-08-02 14:38:10',1,1),(21,'Employee  Audit test',1,1,0,1,NULL,'2016-07-19 01:22:10',1,'2016-07-18 10:42:11',1,1),(22,'Rmployme',1,1,0,1,NULL,'2016-07-19 01:24:58',1,'2016-08-02 14:38:10',1,1),(23,'Employee Audit',1,1,0,1,NULL,'2016-07-19 01:40:13',1,'2016-07-18 10:40:35',1,1),(24,'Employment Status Test',1,1,0,1,NULL,'2016-07-21 07:00:52',1,'2016-08-02 14:38:10',1,1),(25,'Employment Status Test',0,1,0,1,NULL,'2016-07-21 07:01:31',1,NULL,0,0),(26,'test',1,1,0,1,NULL,'2016-07-21 09:22:04',1,'2016-08-02 14:38:10',1,1),(27,'1',1,1,0,1,NULL,'2016-07-21 09:26:43',1,'2016-08-02 14:38:10',1,1);

/*Data for the table `ww_partners_employment_type` */

insert  into `ww_partners_employment_type`(`employment_type_id`,`employment_type`,`active`,`can_delete`,`created_on`,`created_by`,`modified_on`,`modified_by`,`deleted`) values (1,'Chairman',1,0,NULL,0,'2016-07-20 18:50:00',1,0),(2,'President',1,0,NULL,0,NULL,0,0),(3,'Vice President',1,0,NULL,0,NULL,0,0),(4,'Manager',1,0,NULL,0,NULL,0,0),(5,'Supervisor',1,0,NULL,0,NULL,0,0),(6,'Rank and File',1,0,NULL,0,NULL,0,0),(7,'Skilled Worker',1,0,NULL,0,NULL,0,1),(8,'Unskilled Worker',1,0,NULL,0,NULL,0,1),(9,'Executive Committee',1,1,'2016-02-25 08:51:17',27,'2016-03-10 17:25:29',27,0),(10,'Assistant Manager',1,1,'2016-02-25 08:51:36',27,'2016-02-24 16:51:56',27,0),(16,'Director',1,1,'2016-07-26 10:26:35',0,NULL,0,0),(17,'Chief Finance Officer',1,1,'2016-08-04 17:21:47',46,'2016-08-04 17:21:51',46,0),(18,'Officer',1,1,'2016-08-04 17:42:02',46,'2016-08-04 17:42:42',46,0);

/*Data for the table `ww_partners_family_relationship` */

insert  into `ww_partners_family_relationship`(`family_relationship_id`,`family_relationship`,`child`,`deleted`) values (1,'Father',0,0),(2,'Mother',0,0),(3,'Brother',0,0),(4,'Sister',0,0),(5,'Son',1,0),(6,'Daughter',1,0),(7,'Guardian',0,0),(8,'Spouse',0,0);

/*Data for the table `ww_partners_grade` */

/*Data for the table `ww_partners_health_records` */

/*Data for the table `ww_partners_health_type` */

insert  into `ww_partners_health_type`(`health_type_id`,`health_type`,`deleted`) values (1,'Pre-Employment Medical Exam',0),(2,'Annual Physical Exam',0),(3,'Hospitalization Forms',0);

/*Data for the table `ww_partners_health_type_status` */

insert  into `ww_partners_health_type_status`(`health_type_status_id`,`health_type_status`,`ape`,`preemp`,`others`,`deleted`) values (1,'Notified',1,0,1,0),(2,'Pending Completion',1,1,1,0),(3,'Complied',1,0,1,0),(4,'Fit to work',0,1,0,0),(5,'Not-fit to work',0,1,0,0);

/*Data for the table `ww_partners_id_config` */

insert  into `ww_partners_id_config`(`config_id`,`config`,`sequence`,`variable`,`length`,`deleted`) values (1,'Custom',1,'E',1,0),(2,'Year',2,'YYYY',4,0),(3,'Month',3,'MM',2,0),(4,'Day',4,'DD',2,0),(5,'Series',5,'1',1,0);

/*Data for the table `ww_partners_incident` */

/*Data for the table `ww_partners_incident_approver` */

/*Data for the table `ww_partners_incident_nte` */

/*Data for the table `ww_partners_incident_status` */

insert  into `ww_partners_incident_status`(`incident_status_id`,`incident_status`,`color`,`description`,`deleted`) values (1,'Draft','#ffffff',NULL,0),(2,'Report Sent','#ffffff',NULL,0),(3,'Review by Immediate Superior','#ffffff',NULL,0),(4,'Forwarded to OD','#ffffff',NULL,0),(5,'HR Validation','#ffffff',NULL,0),(6,'Served','#ffffff',NULL,0),(7,'Cancelled','#ffffff',NULL,0),(8,'Pending','#ffffff',NULL,0),(9,'For NTE','#ffffff',NULL,0),(10,'For Hearing Schedule','#ffffff',NULL,0),(11,'For Disciplinary Action','#ffffff',NULL,0);

/*Data for the table `ww_partners_key` */

insert  into `ww_partners_key`(`key_id`,`key_code`,`key_label`,`key_class_id`,`key_type_id`,`deleted`) values (1,'address_1','Street',1,0,0),(2,'address_2','Barangay',1,0,0),(3,'city_town','City/Town',1,0,0),(4,'country','Country',1,4,0),(5,'phone','Phone ',2,0,0),(6,'fax','Fax',3,0,0),(7,'mobile','Mobile',4,0,0),(8,'civil_status','Civil Status',5,0,0),(9,'spouse','Spouse',6,0,0),(10,'probationary_date','Employment End Date',7,0,0),(11,'original_date_hired','Original Hired Date',8,0,0),(12,'last_probationary','Last Probationay',9,0,0),(13,'last_salary_adjustment','Last Salary Adjustment',10,0,0),(14,'organization','Organization',11,0,0),(15,'zip_code','Zip Code',1,0,0),(16,'emergency_name','Contact Name',12,0,0),(17,'emergency_relationship','Relationship',12,0,0),(18,'emergency_phone','Contact Phone',12,0,0),(19,'emergency_mobile','Contact Mobile',12,0,0),(20,'emergency_address','Contact Address',12,0,0),(21,'emergency_city','Contact City',12,0,0),(22,'emergency_zip_code','Contact Zip Code',12,0,0),(23,'gender','Gender',13,0,0),(24,'birth_place','Birth Place',14,0,0),(25,'religion','Religion',15,0,0),(26,'nationality','Nationality',16,0,0),(27,'height','Height',17,0,0),(28,'weight','Weight',18,0,0),(29,'interests_hobbies','Interests/Hobbies',19,0,0),(30,'language','Language Known',20,0,0),(31,'dialect','Dialect Known',21,0,0),(32,'dependents_count','Number of Dependents',22,0,0),(33,'education-type','Type',23,0,0),(34,'education-school','School',23,0,0),(35,'education-year-from','Year From',23,0,0),(36,'education-year-to','Year To',23,0,0),(37,'education-degree','Degree',23,0,0),(38,'education-status','Status',23,0,0),(39,'employment-company','Company Name',24,0,0),(40,'employment-position-title','Position Title',24,0,0),(41,'employment-location','Location',24,0,0),(42,'employment-month-hired','Month Hired',24,0,0),(43,'employment-month-end','Month End',24,0,0),(44,'employment-duties','Duties and Responsibilities',24,0,0),(45,'reference-name','Name',25,0,0),(46,'reference-occupation','Occupation',25,0,0),(47,'reference-years-known','Years Known',25,0,0),(48,'reference-phone','Phone',25,0,0),(49,'reference-mobile','Mobile',25,0,0),(50,'reference-address','Address',25,0,0),(51,'reference-city','City',25,0,0),(52,'reference-country','Country',25,0,0),(53,'reference-zipcode','Zipcode',25,0,0),(54,'licensure-title','Title',26,0,0),(55,'licensure-number','License Number',26,0,0),(56,'licensure-year-taken','Year Taken',26,0,0),(57,'licensure-remarks','Remarks',26,0,0),(58,'licensure-attachments','Supporting Documents',26,0,0),(59,'training-title','Title',27,0,0),(60,'training-category','Category',27,0,0),(61,'training-venue','Venue',27,0,0),(62,'training-start-year','Start Year',27,0,0),(63,'training-end-year','End Year',27,0,0),(64,'employment-year-hired','Year Hired',24,0,0),(65,'employment-year-end','Year End',24,0,0),(66,'training-start-month','Start Month',27,0,0),(67,'training-end-month','End Month',27,0,0),(68,'licensure-month-taken','Month Taken',26,0,0),(69,'skill-name','Name',28,0,0),(70,'skill-type','Type',28,0,0),(71,'skill-level','Proficiency Level',28,0,0),(72,'skill-remarks','Remarks',28,0,0),(73,'affiliation-name','Name',29,0,0),(74,'affiliation-position','Position',29,0,0),(75,'affiliation-month-start','Month Start',29,0,0),(76,'affiliation-year-start','Year Start',29,0,0),(77,'affiliation-month-end','Month End',29,0,0),(78,'affiliation-year-end','Year End',29,0,0),(79,'accountabilities-name','Name',30,0,0),(80,'accountabilities-code','Code',30,0,0),(81,'accountabilities-quantity','Quantity',30,0,0),(82,'accountabilities-date-issued','Date Issued',30,0,0),(83,'accountabilities-month-issued','Month Issued',30,0,0),(84,'accountabilities-year-issued','Year Issued',30,0,0),(85,'accountabilities-date-returned','Date Returned',30,0,0),(86,'accountabilities-month-returned','Month Returned',30,0,0),(87,'accountabilities-year-returned','Year Returned',30,0,0),(88,'accountabilities-remarks','Remarks',30,0,0),(89,'attachment-name','File Name',31,0,0),(90,'attachment-category','Category',31,0,0),(91,'attachment-file','File',31,0,0),(92,'emergency_country','Country',12,0,0),(93,'other_contacts','Other Ways to Contact You',32,0,0),(94,'same_as_present_address','Same as Present Address',33,0,0),(95,'province','Province',1,0,0),(96,'permanent_address_1','Permanent Street',34,0,0),(97,'permanent_address_2','Permanent Barangay',34,0,0),(98,'permanent_city_town','Permanent City',34,0,0),(99,'permanent_province','Permanent Province',34,0,0),(100,'permanent_country','Permanent Country',34,0,0),(101,'permanent_zipcode','Permanent Zipcode',34,0,0),(102,'marriage_date','Date of Marriage',35,0,0),(103,'referred_by','Referred By',36,0,0),(104,'referred_by_others','Referred By (others)',37,0,0),(105,'blood_type','Blood Type',38,0,0),(106,'passport_no','Passport Number',39,0,0),(107,'passport_date_of_issue','Date of Issue',40,0,0),(108,'residence_certno_place_of_issue','Place of Issue',41,0,0),(109,'drivers_license_no','Driver\'s License No',42,0,0),(110,'sss_number','SSS Number',43,0,0),(111,'sss_existing_loan','SSS Existing Loan',44,0,0),(112,'sss_as_of','SSS Loan As of',45,0,0),(113,'pagibig_number','Pag-Ibig Number',46,0,0),(114,'pagibig_existing_loan','Pag-Ibig Existing Loan',47,0,0),(115,'pagibig_as_of','Pag-Ibig Loan As of',48,0,0),(116,'tin_number','TIN Number',49,0,0),(117,'with_2316','With BIR 2316',50,0,0),(118,'tax_status_id','Tax Status',51,0,0),(119,'philhealth_number','Philhealth Number',52,0,0),(120,'bank_account_number_savings','Bank Account Number Savings',53,0,0),(125,'referred_by_id','Referred By',54,0,0),(126,'sss_current_balance','SSS Current Balance',55,0,0),(127,'pagibig_current_balance','Pag-Ibig Current Balance',56,0,0),(128,'taxcode','Tax Status Code',57,0,0),(129,'education-month-from','Month From',23,0,0),(130,'education-month-to','Month To',23,0,0),(131,'education-honors_awards','Honors/Awards',23,0,0),(132,'family-relationship','Relationship',58,0,0),(133,'family-name','Name',58,0,0),(134,'family-birthdate','Birthday',58,0,0),(135,'family-occupation','Occupation',58,0,0),(136,'family-employer','Employer',58,0,0),(137,'family-education','Educational Attainment',58,0,0),(138,'family-degree','Degree',58,0,0),(139,'family-bir-dependents','BIR Dependent',58,0,0),(140,'family-hospitalization','Hospitalization Dependent',58,0,0),(141,'employment-nature-of-business','Nature of Business',24,0,0),(142,'employment-supervisor','Immediate Superior',24,0,0),(143,'employment-reason-for-leaving','Reason for Leaving',24,0,0),(144,'training-start-day','Start Day',27,0,0),(145,'training-end-day','End Day',27,0,0),(146,'training-address','Address',27,0,0),(147,'training-remarks','Remarks',27,0,0),(148,'reference-company','Company',25,0,0),(149,'reference-email','Email',25,0,0),(150,'affiliation-active','Active',29,0,0),(151,'licensure-type','Type',26,0,0),(152,'licensure-day-taken','Day Taken',26,0,0),(153,'licensure-given-by','Given By',26,0,0),(154,'licensure-location','Location',26,0,0),(155,'licensure-score','Score/Rating',26,0,0),(156,'licensure-result','Result',26,0,0),(157,'licensure-attach','Attachment',26,0,0),(158,'accountabilities-status','Status',30,0,0),(159,'accountabilities-cost','Cost',30,0,0),(160,'accountabilities-clearance-app','Clearance Approver',30,0,0),(161,'attachment-description','Description',31,0,0),(162,'attachment-path','Path',31,0,0),(163,'solo_parent','Is Solo Parent',59,0,0),(164,'test-category','Exam Type',60,0,0),(165,'test-date-taken','Date Taken',60,0,0),(166,'test-location','Location',60,0,0),(167,'test-score','Score/Rating',60,0,0),(168,'test-result','Result',60,0,0),(169,'test-remarks','Remarks',60,0,0),(170,'test-attachments','Attachments',60,0,0),(171,'test-title','Title',60,0,0),(172,'old_id_number','Old ID Number',60,0,1),(173,'family-dependent','Dependent',58,0,0),(174,'job_class','Job Class',62,0,1),(177,'rank','Rank',65,0,0),(178,'project','Project',66,0,0),(179,'temp_assign_end_date','End Date of Temporary Assignment',67,0,0),(180,'employee_grade','Employee Grade',69,0,1),(183,'job_rank_level','Career Level',71,0,1),(186,'job_level','Job Grade',73,0,0),(187,'pay_level','Pay Grade',74,0,1),(188,'job_class','Rank',75,0,1),(189,'pay_set_rates','Pay Set Rates',76,0,1),(190,'competency_level','Competency Level',77,0,1),(191,'agency_assignment','Agency Assignment',78,0,0),(192,'branch','Branch',79,0,0),(193,'accountabilities-attachment','Attachment',30,0,0),(194,'section','Section',80,0,0),(195,'map_location','Map Location',81,0,0),(196,'start_date','Start Date',82,0,0),(197,'end_date','End Date',83,0,0),(198,'project_id','Project Name',84,0,0),(199,'cost_center-percentage','Percentage',85,0,0),(200,'cost_center-cost_center','Cost Center',85,0,0),(201,'cost_center-code','Code',85,0,0),(202,'bank_account_number_current','Bank Account Number Current',53,0,0);

/*Data for the table `ww_partners_key_class` */

insert  into `ww_partners_key_class`(`key_class_id`,`key_class_code`,`key_class`,`user_view`,`user_edit`,`for_approval`,`sort_order`,`deleted`) values (1,'address','Present Address',1,1,1,1,0),(2,'phone','Phone ',1,1,0,2,0),(3,'fax','Fax',1,1,0,3,0),(4,'mobile','Mobile',1,1,0,4,0),(5,'civil_status','Civil Status',1,1,0,5,0),(6,'spouse','Spouse',1,1,1,6,0),(7,'probationary_date','Employment End Date',1,0,0,7,0),(8,'original_date_hired','Original Hired Date',1,0,0,8,0),(9,'last_probationary','Last Probationay',0,0,0,9,0),(10,'last_salary_adjustment','Last Salary Adjustment',0,0,0,10,0),(11,'organization','Organization',1,0,0,11,0),(12,'emergency','Emergency',1,0,0,12,0),(13,'gender','Gender',1,1,1,13,0),(14,'birth_place','Birth Place',1,1,0,14,0),(15,'religion','Religion',1,1,0,15,0),(16,'nationality','Nationality',1,1,0,16,0),(17,'height','Height',1,1,0,17,0),(18,'weight','Weight',1,1,0,18,0),(19,'interests_hobbies','Interests/Hobbies',1,1,0,19,0),(20,'language','Language Known',1,1,0,20,0),(21,'dialect','Dialect Known',1,1,0,21,0),(22,'dependents_count','Number of Dependents',1,1,0,22,0),(23,'education','Education',1,0,0,23,0),(24,'employment','Employment',1,0,0,24,0),(25,'reference','CHARACTER Reference',1,0,0,25,0),(26,'licensure','Licensure',1,0,0,26,0),(27,'training','Training',1,0,0,27,0),(28,'skill','Skill',1,0,0,28,0),(29,'affiliation','Affiliation',1,0,0,29,0),(30,'accountabilities','Accountabilities',1,0,0,30,0),(31,'attachment','Attachment',1,0,0,31,0),(32,'other_contacts','Other Ways to Contact You',1,1,0,32,0),(33,'same_as_present_address','Same as Present Address',1,1,0,33,0),(34,'permanent_address','Permanent Address',1,1,0,34,0),(35,'marriage_date','Date of Marriage',1,0,0,35,0),(36,'referred_by','Referred By',1,0,0,36,0),(37,'referred_by_others','Referred By (others)',1,0,0,37,0),(38,'blood_type','Blood Type',1,0,0,38,0),(39,'passport_no','Passport Number',1,0,0,39,0),(40,'passport_date_of_issue','Date of Issue',1,0,0,40,0),(41,'residence_certno_place_of_issue','Place of Issue',1,0,0,41,0),(42,'drivers_license_no','Driver\'s License No',1,0,0,42,0),(43,'sss_number','SSS Number',1,0,0,43,0),(44,'sss_existing_loan','SSS Existing Loan',1,0,0,44,0),(45,'sss_as_of','SSS Loan As of',1,0,0,45,0),(46,'pagibig_number','Pag-Ibig Number',1,0,0,46,0),(47,'pagibig_existing_loan','Pag-Ibig Existing Loan',1,0,0,47,0),(48,'pagibig_as_of','Pag-Ibig Loan As of',1,0,0,48,0),(49,'tin_number','TIN Number',1,0,0,49,0),(50,'with_2316','With BIR 2316',1,0,0,50,0),(51,'tax_status_id','Tax Status',1,0,0,51,0),(52,'philhealth_number','Philhealth Number',1,0,0,52,0),(53,'bank_account_number','Bank Account Number',1,0,0,53,0),(54,'referred_by_id','Referred By',1,0,0,54,0),(55,'sss_current_balance','SSS Current Balance',1,0,0,55,0),(56,'pagibig_current_balance','Pagi-Ibig Current Balance',1,0,0,56,0),(57,'taxcode','Tax Status Code',1,0,0,57,0),(58,'family','Family',1,0,0,58,0),(59,'solo_parent','Is Solo Parent',1,0,0,59,0),(60,'test','Test Profile',1,0,0,1,0),(61,'old_id_number','Old ID Number',0,0,0,1,1),(62,'job_class','Job Class',1,0,0,1,1),(65,'rank','Rank',1,0,0,1,0),(66,'project','Project',1,0,0,1,0),(67,'temp_assign_end_date','End Date of Temporary Assignment',1,0,0,1,0),(69,'employee_grade','Employee Grade',0,0,0,1,0),(71,'job_rank_level','Career Level',1,0,0,1,0),(73,'job_level','Job Grade',1,0,0,1,0),(74,'pay_level','Pay Grade',1,0,0,1,0),(75,'job_class','Rank',1,0,0,1,1),(76,'pay_set_rates','Pay Set Rates',1,0,0,1,0),(77,'competency_level','Competency Level',1,0,0,1,0),(78,'agency_assignment','Agency Assignment',1,0,0,1,0),(79,'branch','Branch',1,0,0,1,1),(80,'section','Section',1,0,0,1,0),(81,'map_location','Map Location',1,0,0,1,0),(82,'start_date','Start Date',1,0,0,1,0),(83,'end_date','End Date',1,0,0,1,0),(84,'project_id','Project Name',1,0,0,1,0),(85,'cost_center','Cost Center',1,0,0,1,0);

/*Data for the table `ww_partners_movement` */

/*Data for the table `ww_partners_movement_action` */

/*Data for the table `ww_partners_movement_action_compensation` */

/*Data for the table `ww_partners_movement_action_extension` */

/*Data for the table `ww_partners_movement_action_leave_credits` */

/*Data for the table `ww_partners_movement_action_moving` */

/*Data for the table `ww_partners_movement_action_transfer` */

/*Data for the table `ww_partners_movement_approver` */

/*Data for the table `ww_partners_movement_cause` */

insert  into `ww_partners_movement_cause`(`cause_id`,`cause`,`deleted`) values (1,'Management Initiative',0),(2,'Employee Request',0);

/*Data for the table `ww_partners_movement_fields` */

insert  into `ww_partners_movement_fields`(`field_id`,`field_name`,`field_label`,`table_name`,`from_to`,`deleted`) values (1,'department','Department','ww_users_department',1,0),(2,'division','Division','ww_users_division',1,0),(3,'location','Location','ww_users_location',1,0),(4,'position','Position','ww_users_position',1,0),(5,'rank','Rank',NULL,1,0),(6,'project','Project','ww_users_project',1,0),(7,'reports_to','Reports To','ww_users',1,0),(8,'role','Role/Permission','ww_roles',1,0),(9,'employment_status','Employment Status','ww_partners_employment_status',1,0),(10,'employment_type','Employment Type','ww_partners_employment_type',1,0),(11,'temp_assign_end_date','End Date of Temporary Assignment',NULL,0,0);

/*Data for the table `ww_partners_movement_reason` */

insert  into `ww_partners_movement_reason`(`reason_id`,`reason`,`deleted`) values (1,'Better Opportunities/Rewards and Compensation Package',0),(2,'Dissatified with Rewards and Compensation Package',0),(3,'Health Reasons',0),(4,'Lack of Growth/Opportunities',0),(5,'Preparing for Licensure/Bar Exam',0),(6,'Retirement',0),(7,'Returning to School',0),(8,'Scholarship Grant',0),(9,'Work Abroad',0),(10,'Others',0),(11,'Just Cause',0);

/*Data for the table `ww_partners_movement_status` */

insert  into `ww_partners_movement_status`(`status_id`,`status`,`deleted`) values (1,'Draft',0),(2,'For Approval',0),(3,'Approved',0),(4,'Declined',0),(5,'Cancelled',0),(6,'Completed',0);

/*Data for the table `ww_partners_movement_type` */

insert  into `ww_partners_movement_type`(`type_id`,`type_code`,`type`,`can_view`,`can_delete`,`description`,`deleted`) values (1,'REGULAR','Regularization',1,0,NULL,0),(2,'SALARY','Salary Increase',1,1,NULL,0),(3,'PROMOTE','Promotion',1,1,NULL,0),(4,'WAGE','Wage Order',1,1,NULL,0),(5,'MERIT','Merit/Performance',1,1,NULL,1),(6,'RESIGN','Resignation',1,1,NULL,0),(7,'TERMINATE','Termination',1,1,NULL,0),(8,'TRANSFER','Transfer',1,1,NULL,0),(9,'EMPSTATUS','Employment Status',1,1,NULL,0),(10,'ENDCNTRCT','End Contract',1,1,NULL,0),(11,'RETIRE','Retirement',1,1,NULL,0),(12,'ASSIGN','Temporary Assignment',1,1,NULL,0),(15,'EXT','Extension',1,1,NULL,0),(16,'BENEFITS','Benefits',1,1,NULL,1),(17,'DEVELOP','Developmental Assignment',1,1,NULL,0),(18,'ALIGNMENT','Salary Alignment / Distortion',1,1,NULL,0);

/*Data for the table `ww_partners_offense` */

/*Data for the table `ww_partners_offense_sanction` */

/*Data for the table `ww_partners_personal` */

/*Data for the table `ww_partners_personal_approver` */

/*Data for the table `ww_partners_personal_history` */

/*Data for the table `ww_partners_personal_request` */

/*Data for the table `ww_partners_personal_request_status` */

insert  into `ww_partners_personal_request_status`(`status_id`,`status`,`deleted`) values (1,'Draft',0),(2,'For Approval',0),(3,'Approved',0),(4,'Declined',0);

/*Data for the table `ww_partners_safe_manhour` */

/*Data for the table `ww_partners_safe_manhour_nature` */

insert  into `ww_partners_safe_manhour_nature`(`nature_id`,`nature`,`deleted`) values (1,'Accident while on duty',0),(2,'Work related sickness',0),(3,'Death',0);

/*Data for the table `ww_partners_safe_manhour_status` */

insert  into `ww_partners_safe_manhour_status`(`status_id`,`status`,`deleted`) values (1,'Not fit to work',0),(2,'Minor Injury',0);

/*Data for the table `ww_payroll_account` */

insert  into `ww_payroll_account`(`account_id`,`account_code`,`account_name`,`account_type_id`,`arrangement`,`description`,`cond`,`created_by`,`created_on`,`modified_by`,`modified_on`,`can_delete`,`deleted`) values (1,'71005-TBI','Basic Pay',2,'A',NULL,NULL,NULL,'2016-05-13 05:57:30',NULL,NULL,1,0),(2,'71101-TBI','Overtime',2,'A',NULL,NULL,NULL,'2016-05-13 05:57:52',NULL,NULL,1,0),(3,'71259-TBI','Other Employee Benefit Expense',2,'A',NULL,NULL,NULL,'2016-05-13 05:58:35',NULL,NULL,1,0),(4,'71102-TBI','Holiday Pay',2,'A',NULL,NULL,NULL,'2016-05-13 05:58:57',NULL,NULL,1,0),(5,'71200-TBI','Social Security, EC',2,'A',NULL,NULL,NULL,'2016-05-13 05:59:10',NULL,NULL,1,0),(6,'71201-TBI','PhilHealth',2,'A',NULL,NULL,NULL,'2016-05-13 05:59:31',NULL,NULL,1,0),(7,'71202-TBI','HDMF',2,'A',NULL,NULL,NULL,'2016-05-13 05:59:45',NULL,NULL,1,0),(8,'21621-TBI','Other Liability - Service Charge',2,'A',NULL,NULL,NULL,'2016-05-13 06:00:50',NULL,NULL,1,0),(9,'21306-TBI','Withholding Tax on Compensation',3,'B',NULL,NULL,NULL,'2016-05-13 06:01:13',NULL,NULL,1,0),(10,'11305-TBI','AR Employee Ledger',3,'B',NULL,NULL,NULL,'2016-05-13 06:01:33',NULL,NULL,1,0),(11,'21609-TBI','Other Liability - SSS',3,'B',NULL,'65,66',NULL,'2016-05-13 06:02:04',NULL,NULL,1,0),(12,'21611-TBI','Other Liability - PHIC',3,'B',NULL,'67',NULL,'2016-05-13 06:02:22',NULL,NULL,1,0),(13,'21612-TBI','Other Liability - HDMF',3,'B',NULL,'68',NULL,'2016-05-13 06:02:31',NULL,NULL,1,0),(14,'21613-TBI','Other Liability - HDMF Loan',3,'B',NULL,NULL,NULL,'2016-05-13 06:02:54',NULL,NULL,1,0),(15,'11403-TBI','Advances to Employees',3,'B',NULL,NULL,NULL,'2016-05-13 06:03:15',NULL,NULL,1,0),(16,'21610-TBI','Other Liability - SSS Loan',3,'B',NULL,NULL,NULL,'2016-05-13 06:03:39',NULL,NULL,1,0),(17,'21626-TBI','Payroll Clearing Account',3,'B',NULL,NULL,NULL,'2016-05-13 06:03:50',NULL,NULL,1,0);

/*Data for the table `ww_payroll_account_category` */

insert  into `ww_payroll_account_category`(`category_id`,`category`,`description`,`deleted`) values (1,'Branch',NULL,0),(2,'Department',NULL,0),(3,'Division',NULL,0),(4,'Group',NULL,0),(5,'Position',NULL,0),(6,'Section',NULL,0);

/*Data for the table `ww_payroll_account_sub` */

insert  into `ww_payroll_account_sub`(`account_sub_id`,`account_sub_code`,`account_sub`,`account_id`,`category_id`,`category_val_id`,`category_value`,`created_by`,`created_on`,`modified_by`,`modified_on`,`can_delete`,`deleted`) values (1,'71005-TBI-FNB-202','Basic Pay',1,2,1,'Accounting & Finance',NULL,'0000-00-00 00:00:00',1,'2016-08-30 11:18:58',1,1),(2,'71005-TBI-FNB-206','Basic Pay',1,6,2,'Banquets',NULL,'0000-00-00 00:00:00',1,'2016-08-30 11:18:58',1,1),(3,'71105-TBI-FNB-201','Basic Pay',1,6,3,'Cioccolata',NULL,'0000-00-00 00:00:00',1,'2016-08-30 11:18:58',1,1),(4,'71105-TBI-POM-801','Basic Pay',1,2,11,'Engineering',NULL,'0000-00-00 00:00:00',1,'2016-08-30 11:18:58',1,1),(5,'71000-TBI-ADM-601','Basic Pay',1,2,1,'Executive Office',NULL,'0000-00-00 00:00:00',1,'2016-08-30 11:18:58',1,1),(6,'71005-TBI-FNB-211','Basic Pay',1,2,2,'F&B Kitchen',NULL,'0000-00-00 00:00:00',1,'2016-08-30 11:18:58',1,1),(7,'71001-TBI-ADM-605','Basic Pay',1,2,4,'Finance & Accounting',NULL,'0000-00-00 00:00:00',1,'2016-08-30 11:18:58',1,1),(8,'71100-TBI-RMS-102','Basic Pay',1,2,5,'Front Office',NULL,'0000-00-00 00:00:00',1,'2016-08-30 11:18:58',1,1),(9,'71100-TBI-RMS-103','Basic Pay',1,2,6,'Housekeeping',NULL,'0000-00-00 00:00:00',1,'2016-08-30 11:18:58',1,1),(10,'71002-TBI-ADM-607','Basic Pay',1,2,7,'Human Resources',NULL,'0000-00-00 00:00:00',1,'2016-08-30 11:18:58',1,1),(11,'71004-TBI-ADM-611','Basic Pay',1,2,8,'Information Technology',NULL,'0000-00-00 00:00:00',1,'2016-08-30 11:18:58',1,1),(12,'71100-TBI-FNB-208','Basic Pay',1,6,8,'Raffaele',NULL,'0000-00-00 00:00:00',1,'2016-08-30 11:18:58',1,1),(13,'71100-TBI-SNM-701','Basic Pay',1,2,9,'Sales & Marketing',NULL,'0000-00-00 00:00:00',1,'2016-08-30 11:18:58',1,1),(14,'71100-TBI-FNB-203','Basic Pay',1,6,9,'Skydeck',NULL,'0000-00-00 00:00:00',1,'2016-08-30 11:18:58',1,1),(15,'71101-TBI-FNB-201','Overtime',2,6,3,'Cioccolata',NULL,'0000-00-00 00:00:00',1,'2016-08-30 11:18:58',1,1),(16,'71101-TBI-POM-801','Overtime',2,2,11,'Engineering',NULL,'0000-00-00 00:00:00',1,'2016-08-30 11:18:58',1,1),(17,'71102-TBI-FNB-211','Overtime',2,2,2,'F&B Kitchen',NULL,'0000-00-00 00:00:00',1,'2016-08-30 11:18:58',1,1),(18,'71259-TBI-FNB-202','Other Employee Benefit Expense',3,6,6,'Nine (9) Spoons',NULL,'0000-00-00 00:00:00',1,'2016-08-30 11:18:58',1,1),(19,'71259-TBI-FNB-206','Other Employee Benefit Expense',3,6,2,'Banquets',NULL,'0000-00-00 00:00:00',1,'2016-08-30 11:18:58',1,1),(20,'71259-TBI-FNB-201','Other Employee Benefit Expense',3,6,3,'Cioccolata',NULL,'0000-00-00 00:00:00',1,'2016-08-30 11:18:58',1,1),(21,'71259-TBI-FNB-211','Other Employee Benefit Expense',3,2,2,'F&B Kitchen',NULL,'0000-00-00 00:00:00',1,'2016-08-30 11:18:58',1,1),(22,'71259-TBI-ADM-605','Other Employee Benefit Expense',3,2,4,'Finance & Accounting',NULL,'0000-00-00 00:00:00',1,'2016-08-30 11:18:58',1,1),(23,'71259-TBI-RMS-102','Other Employee Benefit Expense',3,2,5,'Front Office',NULL,'0000-00-00 00:00:00',1,'2016-08-30 11:18:58',1,1),(24,'71259-TBI-RMS-103','Other Employee Benefit Expense',3,2,6,'Housekeeping',NULL,'0000-00-00 00:00:00',1,'2016-08-30 11:18:58',1,1),(25,'71259-TBI-ADM-607','Other Employee Benefit Expense',3,2,7,'Human Resources',NULL,'0000-00-00 00:00:00',1,'2016-08-30 11:18:58',1,1),(26,'71259-TBI-ADM-611','Other Employee Benefit Expense',3,2,8,'Information Technology',NULL,'0000-00-00 00:00:00',1,'2016-08-30 11:18:58',1,1),(27,'71259-TBI-FNB-208','Other Employee Benefit Expense',3,6,8,'Raffaele',NULL,'0000-00-00 00:00:00',1,'2016-08-30 11:18:58',1,1),(28,'71259-TBI-SNM-701','Other Employee Benefit Expense',3,2,9,'Sales & Marketing',NULL,'0000-00-00 00:00:00',1,'2016-08-30 11:18:58',1,1),(29,'71259-TBI-FNB-203','Other Employee Benefit Expense',3,6,9,'Skydeck',NULL,'0000-00-00 00:00:00',1,'2016-08-30 11:18:58',1,1),(30,'71102-TBI-POM-801','Holiday Pay',4,2,11,'Engineering',NULL,'0000-00-00 00:00:00',1,'2016-08-30 11:18:58',1,1),(31,'71102-TBI-FNB-211','Holiday Pay',4,2,2,'F&B Kitchen',NULL,'0000-00-00 00:00:00',NULL,NULL,1,0),(32,'71102-TBI-FNB-202','Holiday Pay',4,6,6,'Nine (9) Spoons',NULL,'0000-00-00 00:00:00',NULL,NULL,1,0),(33,'71102-TBI-FNB-201','Holiday Pay',4,6,3,'Cioccolata',NULL,'0000-00-00 00:00:00',NULL,NULL,1,0),(34,'71102-TBI-FNB-208','Holiday Pay',4,6,8,'Raffaele',NULL,'0000-00-00 00:00:00',NULL,NULL,1,0),(35,'71102-TBI-RMS-103','Holiday Pay',4,2,6,'Housekeeping',NULL,'0000-00-00 00:00:00',NULL,NULL,1,0),(36,'71100-TBI-RMS-103','Basic Pay',1,2,6,'Housekeeping',NULL,'0000-00-00 00:00:00',NULL,NULL,1,1),(37,'71100-TBI-RMS-102','Basic Pay',1,2,5,'Front Office',NULL,'0000-00-00 00:00:00',NULL,NULL,1,1),(38,'71004-TBI-ADM-611','Basic Pay',1,2,8,'Information Technology',NULL,'0000-00-00 00:00:00',NULL,NULL,1,1),(39,'71005-TBI-FNB-202','Basic Pay',1,6,6,'Nine (9) Spoons',NULL,'0000-00-00 00:00:00',NULL,NULL,1,1),(40,'71005-TBI-FNB-206','Basic Pay',1,6,2,'Banquets',NULL,'0000-00-00 00:00:00',NULL,NULL,1,1),(41,'71100-TBI-FNB-201','Basic Pay',1,6,3,'Cioccolata',NULL,'0000-00-00 00:00:00',NULL,NULL,1,1),(42,'71005-TBI-FNB-211','Basic Pay',1,2,2,'F&B Kitchen',NULL,'0000-00-00 00:00:00',NULL,NULL,1,1),(43,'71001-TBI-ADM-605','Basic Pay',1,2,4,'Finance & Accounting',NULL,'0000-00-00 00:00:00',NULL,NULL,1,1),(44,'71100-TBI-FNB-208','Basic Pay',1,6,8,'Raffaele',NULL,'0000-00-00 00:00:00',NULL,NULL,1,1),(45,'71100-TBI-SNM-701','Basic Pay',1,2,9,'Sales & Marketing',NULL,'0000-00-00 00:00:00',NULL,NULL,1,1),(46,'71200-TBI-FNB-202','Social Security, EC',5,6,6,'Nine (9) Spoons',NULL,'0000-00-00 00:00:00',NULL,NULL,1,0),(47,'71200-TBI-FNB-206','Social Security, EC',5,6,2,'Banquets',NULL,'0000-00-00 00:00:00',NULL,NULL,1,0),(48,'71200-TBI-FNB-201','Social Security, EC',5,6,3,'Cioccolata',NULL,'0000-00-00 00:00:00',NULL,NULL,1,0),(49,'71200-TBI-POM-801','Social Security, EC',5,2,11,'Engineering',NULL,'0000-00-00 00:00:00',NULL,NULL,1,0),(50,'71200-TBI-ADM-601','Social Security, EC',5,2,1,'Executive Office',NULL,'0000-00-00 00:00:00',NULL,NULL,1,0),(51,'71200-TBI-FNB-211','Social Security, EC',5,2,2,'F&B Kitchen',NULL,'0000-00-00 00:00:00',NULL,NULL,1,0),(52,'71200-TBI-ADM-601','Social Security, EC',5,2,4,'Finance & Accounting',NULL,'0000-00-00 00:00:00',NULL,NULL,1,0),(53,'71200-TBI-RMS-102','Social Security, EC',5,2,5,'Front Office',NULL,'0000-00-00 00:00:00',NULL,NULL,1,0),(54,'71200-TBI-RMS-103','Social Security, EC',5,2,6,'Housekeeping',NULL,'0000-00-00 00:00:00',NULL,NULL,1,0),(55,'71200-TBI-ADM-601','Social Security, EC',5,2,7,'Human Resources',NULL,'0000-00-00 00:00:00',NULL,NULL,1,0),(56,'71200-TBI-ADM-601','Social Security, EC',5,2,8,'Information Technology',NULL,'0000-00-00 00:00:00',NULL,NULL,1,0),(57,'71200-TBI-FNB-208','Social Security, EC',5,6,8,'Raffaele',NULL,'0000-00-00 00:00:00',NULL,NULL,1,0),(58,'71200-TBI-SNM-701','Social Security, EC',5,2,9,'Sales & Marketing',NULL,'0000-00-00 00:00:00',NULL,NULL,1,0),(59,'71200-TBI-FNB-203','Social Security, EC',5,6,9,'Skydeck',NULL,'0000-00-00 00:00:00',NULL,NULL,1,0),(60,'71201-TBI-FNB-202','PhilHealth',6,6,6,'Nine (9) Spoons',NULL,'0000-00-00 00:00:00',NULL,NULL,1,0),(61,'71201-TBI-FNB-206','PhilHealth',6,6,2,'Banquets',NULL,'0000-00-00 00:00:00',NULL,NULL,1,0),(62,'71201-TBI-FNB-201','PhilHealth',6,6,3,'Cioccolata',NULL,'0000-00-00 00:00:00',NULL,NULL,1,0),(63,'71201-TBI-POM-801','PhilHealth',6,2,11,'Engineering',NULL,'0000-00-00 00:00:00',NULL,NULL,1,0),(64,'71201-TBI-ADM-601','PhilHealth',6,2,1,'Executive Office',NULL,'0000-00-00 00:00:00',NULL,NULL,1,0),(65,'71201-TBI-FNB-211','PhilHealth',6,2,2,'F&B Kitchen',NULL,'0000-00-00 00:00:00',NULL,NULL,1,0),(66,'71201-TBI-ADM-601','PhilHealth',6,2,4,'Finance & Accounting',NULL,'0000-00-00 00:00:00',NULL,NULL,1,0),(67,'71201-TBI-RMS-102','PhilHealth',6,2,5,'Front Office',NULL,'0000-00-00 00:00:00',NULL,NULL,1,0),(68,'71201-TBI-RMS-103','PhilHealth',6,2,6,'Housekeeping',NULL,'0000-00-00 00:00:00',NULL,NULL,1,0),(69,'71201-TBI-ADM-601','PhilHealth',6,2,7,'Human Resources',NULL,'0000-00-00 00:00:00',NULL,NULL,1,0),(70,'71201-TBI-ADM-601','PhilHealth',6,2,8,'Information Technology',NULL,'0000-00-00 00:00:00',NULL,NULL,1,0),(71,'71201-TBI-FNB-208','PhilHealth',6,6,8,'Raffaele',NULL,'0000-00-00 00:00:00',NULL,NULL,1,0),(72,'71201-TBI-SNM-701','PhilHealth',6,2,9,'Sales & Marketing',NULL,'0000-00-00 00:00:00',NULL,NULL,1,0),(73,'71201-TBI-FNB-203','Philhealth',6,6,9,'Skydeck',NULL,'0000-00-00 00:00:00',NULL,NULL,1,0),(74,'71202-TBI-FNB-202','HDMF',7,6,6,'Nine (9) Spoons',NULL,'0000-00-00 00:00:00',NULL,NULL,1,0),(75,'71202-TBI-FNB-206','HDMF',7,6,2,'Banquets',NULL,'0000-00-00 00:00:00',NULL,NULL,1,0),(76,'71202-TBI-FNB-201','HDMF',7,6,3,'Cioccolata',NULL,'0000-00-00 00:00:00',NULL,NULL,1,0),(77,'71202-TBI-POM-801','HDMF',7,2,11,'Engineering',NULL,'0000-00-00 00:00:00',NULL,NULL,1,0),(78,'71202-TBI-ADM-601','HDMF',7,2,1,'Executive Office',NULL,'0000-00-00 00:00:00',NULL,NULL,1,0),(79,'71202-TBI-FNB-211','HDMF',7,2,2,'F&B Kitchen',NULL,'0000-00-00 00:00:00',NULL,NULL,1,0),(80,'71202-TBI-ADM-601','HDMF',7,2,4,'Finance & Accounting',NULL,'0000-00-00 00:00:00',NULL,NULL,1,0),(81,'71202-TBI-RMS-102','HDMF',7,2,5,'Front Office',NULL,'0000-00-00 00:00:00',NULL,NULL,1,0),(82,'71202-TBI-RMS-103','HDMF',7,2,6,'Housekeeping',NULL,'0000-00-00 00:00:00',NULL,NULL,1,0),(83,'71202-TBI-ADM-601','HDMF',7,2,7,'Human Resources',NULL,'0000-00-00 00:00:00',NULL,NULL,1,0),(84,'71202-TBI-ADM-601','HDMF',7,2,8,'Information Technology',NULL,'0000-00-00 00:00:00',NULL,NULL,1,0),(85,'71202-TBI-FNB-208','HDMF',7,6,8,'Raffaele',NULL,'0000-00-00 00:00:00',NULL,NULL,1,0),(86,'71202-TBI-SNM-701','HDMF',7,2,9,'Sales & Marketing',NULL,'0000-00-00 00:00:00',NULL,NULL,1,0),(87,'71202-TBI-FNB-203','HDMF',7,6,9,'Skydeck',NULL,'0000-00-00 00:00:00',NULL,NULL,1,0),(89,'71100-TBI-FNB-211','Basic Pay',1,2,3,'F&B Service',NULL,'0000-00-00 00:00:00',NULL,NULL,1,0),(90,'71259-TBI-FNB-211','Other Employee Benefit Expense',3,2,3,'F&B Service',NULL,'0000-00-00 00:00:00',NULL,NULL,1,0),(91,'71200-TBI-FNB-211','Social Security, EC',5,2,3,'F&B Service',NULL,'0000-00-00 00:00:00',NULL,NULL,1,0),(92,'71201-TBI-FNB-211','Philhealth',6,2,3,'F&B Service',NULL,'0000-00-00 00:00:00',NULL,NULL,1,0),(93,'71202-TBI-FNB-211','HDMF',7,2,3,'F&B Service',NULL,'0000-00-00 00:00:00',NULL,NULL,1,0);

/*Data for the table `ww_payroll_account_type` */

insert  into `ww_payroll_account_type`(`account_type_id`,`account_type`,`description`,`created_by`,`created_on`,`modified_by`,`modified_on`,`can_delete`,`deleted`) values (1,'All Accounts',NULL,NULL,NULL,NULL,NULL,1,0),(2,'Expense',NULL,NULL,NULL,NULL,NULL,1,0),(3,'Liability',NULL,NULL,NULL,NULL,NULL,1,0),(4,'Asset',NULL,NULL,NULL,NULL,NULL,1,0),(5,'Income',NULL,NULL,NULL,NULL,NULL,1,0),(6,'Fixed Assets',NULL,NULL,NULL,NULL,NULL,1,0),(7,'Equity',NULL,NULL,NULL,NULL,NULL,1,0),(8,'Retained Earnings',NULL,NULL,'2016-02-24 07:13:25',NULL,NULL,1,0);

/*Data for the table `ww_payroll_annual_tax` */

insert  into `ww_payroll_annual_tax`(`annual_tax_id`,`salary_from`,`salary_to`,`amount`,`rate`,`created_by`,`created_on`,`modified_by`,`modified_on`,`can_delete`,`deleted`) values (1,'1.00','10.00','0.00','5.00',NULL,NULL,1,'2014-05-15 11:41:42',1,0),(2,'10001.00','30000.00','500.00','10.00',NULL,NULL,NULL,NULL,1,0),(3,'30001.00','70000.00','2500.00','15.00',NULL,NULL,NULL,NULL,1,0),(4,'70001.00','140000.00','8500.00','20.00',NULL,NULL,NULL,NULL,1,0),(5,'140001.00','250000.00','22500.00','25.00',NULL,NULL,NULL,NULL,1,0),(6,'250001.00','500000.00','50000.00','30.00',NULL,NULL,NULL,NULL,1,0),(7,'500001.00','99999999.00','125000.00','32.00',NULL,NULL,NULL,NULL,1,0);

/*Data for the table `ww_payroll_apply_to` */

insert  into `ww_payroll_apply_to`(`apply_to_id`,`apply_to`,`description`,`deleted`) values (1,'Employee',NULL,0),(2,'Company',NULL,0),(3,'Division',NULL,0),(4,'Department',NULL,0);

/*Data for the table `ww_payroll_bank` */

/*Data for the table `ww_payroll_bir` */

/*Data for the table `ww_payroll_bonus` */

/*Data for the table `ww_payroll_bonus_accrual` */

/*Data for the table `ww_payroll_bonus_employee` */

/*Data for the table `ww_payroll_closed_summary` */

/*Data for the table `ww_payroll_closed_summary_id` */

insert  into `ww_payroll_closed_summary_id`(`summary_id`,`summary_code`,`description`,`deleted`) values (1,'TAXABLE_INCOME',NULL,0),(2,'ADDITIONAL_EXCLUSION',NULL,0),(3,'BONUS',NULL,0),(4,'BONUS_TAXABLE',NULL,0),(5,'WHTAX',NULL,0),(6,'SSS_EMP',NULL,0),(7,'PHIC_EMP',NULL,0),(8,'HDMF_EMP',NULL,0),(9,'ALLOW_STD',NULL,0),(10,'ALL0W_NSTD',NULL,0),(11,'BENEFIT_STD',NULL,0),(12,'BENEFIT_NSTD',NULL,0),(13,'DEDUCTION_STD',NULL,0),(14,'DEDUCTION_NSTD',NULL,0),(15,'OVERTIME',NULL,0),(16,'SALARY',NULL,0),(17,'DEMMINIMIS',NULL,0),(18,'ECOLA',NULL,0),(19,'LEAVES',NULL,0),(20,'ABSSENCES',NULL,0),(21,'DEDUCTION_LATE',NULL,0),(22,'DEDUCTION_UNDERTIME',NULL,0),(23,'NETPAY',NULL,0);

/*Data for the table `ww_payroll_closed_transaction` */

/*Data for the table `ww_payroll_current_transaction` */

/*Data for the table `ww_payroll_entry_batch` */

/*Data for the table `ww_payroll_entry_batch_employee` */

/*Data for the table `ww_payroll_entry_recurring` */

/*Data for the table `ww_payroll_entry_recurring_employee` */

/*Data for the table `ww_payroll_govt_contribution` */

insert  into `ww_payroll_govt_contribution`(`govt_contribution_id`,`code`,`from`,`to`,`eeshare`,`ershare`,`ec`,`msb_id`,`deleted`) values (1,'sss',1000.00,1249.99,36.30,73.70,10.00,0,0),(2,'sss',1250.00,1749.99,54.50,110.50,10.00,0,0),(3,'sss',1750.00,2249.99,72.70,147.30,10.00,0,0),(4,'sss',2250.00,2749.99,90.80,184.20,10.00,0,0),(5,'sss',2750.00,3249.99,109.00,221.00,10.00,0,0),(6,'sss',3250.00,3749.99,127.20,257.80,10.00,0,0),(7,'sss',3750.00,4249.99,145.30,294.70,10.00,0,0),(8,'sss',4250.00,4749.99,163.50,331.50,10.00,0,0),(9,'sss',4750.00,5249.99,181.70,368.30,10.00,0,0),(10,'sss',5250.00,5749.99,199.80,405.20,10.00,0,0),(11,'sss',5750.00,6249.99,218.00,442.00,10.00,0,0),(12,'sss',6250.00,6749.99,236.20,478.80,10.00,0,0),(13,'sss',6750.00,7249.99,254.30,515.70,10.00,0,0),(14,'sss',7250.00,7749.99,272.50,552.50,10.00,0,0),(15,'sss',7750.00,8249.99,290.70,589.30,10.00,0,0),(16,'sss',8250.00,8749.99,308.80,626.20,10.00,0,0),(17,'sss',8750.00,9249.99,327.00,663.00,10.00,0,0),(18,'sss',9250.00,9749.99,345.20,699.80,10.00,0,0),(19,'sss',9750.00,10249.99,363.30,736.70,10.00,0,0),(20,'sss',10250.00,10749.99,381.50,773.50,10.00,0,0),(21,'sss',10750.00,11249.99,399.70,810.30,10.00,0,0),(22,'sss',11250.00,11749.99,417.80,847.20,10.00,0,0),(23,'sss',11750.00,12249.99,436.00,884.00,10.00,0,0),(24,'sss',12250.00,12749.99,454.20,920.80,10.00,0,0),(25,'sss',12750.00,13249.99,472.30,957.70,10.00,0,0),(26,'sss',13250.00,13749.99,490.50,994.50,10.00,0,0),(27,'sss',13750.00,14249.99,508.70,1031.30,10.00,0,0),(28,'sss',14250.00,14749.99,526.80,1068.20,10.00,0,0),(29,'sss',14750.00,15249.99,545.00,1105.00,30.00,0,0),(30,'sss',15250.00,15749.99,563.20,1141.80,30.00,0,0),(31,'sss',15750.00,99999999.00,581.30,1178.70,30.00,0,0),(32,'phic',0.00,7999.99,87.50,87.50,0.00,1,0),(33,'phic',8000.00,8999.99,100.00,100.00,0.00,2,0),(34,'phic',9000.00,9999.99,112.50,112.50,0.00,3,0),(35,'phic',10000.00,10999.99,125.00,125.00,0.00,4,0),(36,'phic',11000.00,11999.99,137.50,137.50,0.00,5,0),(37,'phic',12000.00,12999.99,150.00,150.00,0.00,6,0),(38,'phic',13000.00,13999.99,162.50,162.50,0.00,7,0),(39,'phic',14000.00,14999.99,175.00,175.00,0.00,8,0),(40,'phic',15000.00,15999.99,187.50,187.50,0.00,9,0),(41,'phic',16000.00,16999.99,200.00,200.00,0.00,10,0),(42,'phic',17000.00,17999.99,212.50,212.50,0.00,11,0),(43,'phic',18000.00,18999.99,225.00,225.00,0.00,12,0),(44,'phic',19000.00,19999.99,237.50,237.50,0.00,13,0),(45,'phic',20000.00,20999.99,250.00,250.00,0.00,14,0),(46,'phic',21000.00,21999.99,262.50,262.50,0.00,15,0),(47,'phic',22000.00,22999.99,275.00,275.00,0.00,16,0),(48,'phic',23000.00,23999.99,287.50,287.50,0.00,17,0),(49,'phic',24000.00,24999.99,300.00,300.00,0.00,18,0),(50,'phic',25000.00,25999.99,312.50,312.50,0.00,19,0),(51,'phic',26000.00,26999.99,325.00,325.00,0.00,20,0),(52,'phic',27000.00,27999.99,337.50,337.50,0.00,21,0),(53,'phic',28000.00,28999.99,350.00,350.00,0.00,22,0),(54,'phic',29000.00,29999.99,362.50,362.50,0.00,23,0),(55,'phic',30000.00,30999.99,375.00,375.00,0.00,24,0),(56,'phic',31000.00,31999.00,387.50,387.50,0.00,25,0),(57,'phic',32000.00,32999.00,400.00,400.00,0.00,26,0),(58,'phic',33000.00,33999.00,412.50,412.50,0.00,27,0),(59,'phic',34000.00,34999.00,425.00,425.00,0.00,28,0),(60,'phic',35000.00,9999999.99,437.50,437.50,0.00,29,0),(63,'hdmf',0.00,9999999.99,100.00,100.00,0.00,0,0);

/*Data for the table `ww_payroll_inserted_from` */

insert  into `ww_payroll_inserted_from`(`inserted_from_id`,`inserted_from`,`description`,`deleted`) values (1,'Standard Transaction',NULL,0),(2,'Recurring Transaction',NULL,0),(3,'Batch Entries',NULL,0),(4,'Loans Amortization',NULL,0),(5,'Loan Interests',NULL,0),(6,'Bonus',NULL,0);

/*Data for the table `ww_payroll_interest_type` */

insert  into `ww_payroll_interest_type`(`interest_type_id`,`interest_type`,`description`,`deleted`) values (1,'Amount',NULL,0),(2,'Percentage',NULL,0);

/*Data for the table `ww_payroll_leave_conversion` */

insert  into `ww_payroll_leave_conversion`(`leave_conversion_id`,`company_id`,`job_rank_id`,`form_id`,`convertible`,`employment_type_id`,`nontax`,`taxable`,`carry_over`,`forfeited`,`description`,`created_by`,`created_on`,`modified_by`,`modified_on`,`can_delete`,`deleted`) values (1,1,12,2,'10.00',5,'0.00','10.00','10.00','0.00','Supervisor',1,'2016-01-20 07:14:28',1,'2016-07-14 19:08:41',1,0),(2,8,3,2,'15.00',0,'0.00','0.00','0.00','0.00','',1,'2016-01-23 02:58:08',1,'2016-06-10 21:50:43',1,1),(3,1,0,2,'10.00',6,'0.00','10.00','10.00','0.00','TBI Rank and File',1,'2016-07-01 06:00:38',1,'2016-07-14 19:09:45',1,0);

/*Data for the table `ww_payroll_leave_conversion_period` */

insert  into `ww_payroll_leave_conversion_period`(`leave_conversion_period_id`,`payroll_date`,`year`,`apply_to_id`,`status`,`form_id`,`nontax_leave_id`,`taxable_leave_id`,`remarks`,`created_by`,`created_on`,`modified_by`,`modified_on`,`deleted`) values (1,'2016-01-10',2016,2,1,NULL,NULL,NULL,NULL,1,'2016-01-21 08:31:45',1,'2016-06-30 14:59:25',1),(2,'2016-06-02',2016,2,1,NULL,NULL,NULL,'1970-01-01',1,'2016-07-01 05:59:13',1,'2016-06-30 14:59:25',1),(3,'2017-02-25',2016,2,1,1,224,0,'',1,'2016-08-31 16:20:40',1,'2016-08-31 16:49:14',1),(4,'2017-01-30',2017,1,1,2,224,181,'ok',1,'2017-02-21 09:50:44',NULL,NULL,0);

/*Data for the table `ww_payroll_leave_conversion_period_apply_to` */

insert  into `ww_payroll_leave_conversion_period_apply_to`(`id`,`leave_conversion_id`,`apply_to`,`created_on`,`deleted`) values (1,3,2,'2016-08-31 16:20:40',0),(2,3,3,'2016-08-31 16:20:40',0),(3,3,1,'2016-08-31 16:20:40',0),(4,3,4,'2016-08-31 16:20:40',0),(5,4,2,'2017-02-21 09:50:44',0);

/*Data for the table `ww_payroll_loan` */

insert  into `ww_payroll_loan`(`loan_id`,`loan_code`,`loan`,`principal_transid`,`amortization_transid`,`interest_transid`,`loan_type_id`,`loan_mode_id`,`amount_limit`,`interest`,`interest_type_id`,`debit`,`credit`,`description`,`created_by`,`created_on`,`modified_by`,`modified_on`,`can_delete`,`deleted`) values (8,'PCL','PagIbig Calamity Loan',62,205,206,10,1,'0.00','100.00',1,0,0,NULL,NULL,'2014-11-21 05:24:34',NULL,NULL,1,0),(9,'SSSL','SSS Salary Loan',62,207,208,1,1,'0.00','100.00',1,0,0,NULL,NULL,'2014-11-21 05:25:27',NULL,NULL,1,0),(10,'SSSCL','SSS Calamity Loan',62,210,211,3,1,'0.00','100.00',1,0,0,NULL,NULL,'2014-11-21 05:27:08',NULL,NULL,1,0),(11,'HC','Health Card',62,212,213,11,1,'0.00','100.00',1,0,0,NULL,NULL,'2014-11-22 02:08:33',NULL,NULL,1,0),(12,'HDMFL','Pag-Ibig Multi-Purpose Loan',62,131,0,9,1,'0.00','0.00',1,0,0,NULL,NULL,'2016-01-23 02:55:39',NULL,NULL,1,0),(13,'RLP','Retirement Loan Program',62,235,236,11,1,'0.00','0.00',1,0,20,NULL,NULL,'2016-04-09 08:44:14',NULL,NULL,1,0),(14,'EDUC','Educational Loan',62,56,0,7,1,'0.00','0.00',0,0,0,NULL,NULL,'2016-05-11 10:03:17',NULL,NULL,1,0);

/*Data for the table `ww_payroll_loan_interest_type` */

insert  into `ww_payroll_loan_interest_type`(`interest_type_id`,`interest_type`,`description`,`deleted`) values (1,'Amount',NULL,0),(2,'Percentage',NULL,0);

/*Data for the table `ww_payroll_loan_mode` */

insert  into `ww_payroll_loan_mode`(`loan_mode_id`,`loan_mode`,`description`,`deleted`) values (1,'Simple',NULL,0),(2,'Diminishing Interest',NULL,0),(3,'Diminishing Interest With Equal Payments',NULL,0);

/*Data for the table `ww_payroll_loan_status` */

insert  into `ww_payroll_loan_status`(`loan_status_id`,`loan_status`,`description`,`deleted`) values (1,'Entered',NULL,0),(2,'Active',NULL,0),(3,'On-Hold',NULL,0),(4,'Fully Paid',NULL,0);

/*Data for the table `ww_payroll_loan_type` */

insert  into `ww_payroll_loan_type`(`loan_type_id`,`loan_type`,`loan_code`,`description`,`created_by`,`created_on`,`modified_by`,`modified_on`,`can_delete`,`deleted`) values (1,'Salary (SSS)','S',NULL,NULL,NULL,NULL,NULL,1,0),(2,'Emergency (SSS)','R',NULL,NULL,NULL,NULL,NULL,1,0),(3,'Calamity (SSS)','C',NULL,NULL,NULL,NULL,NULL,1,0),(4,'Supplementary (SSS)',NULL,NULL,NULL,NULL,NULL,NULL,1,0),(5,'Housing (SSS)',NULL,NULL,NULL,NULL,NULL,NULL,1,0),(6,'Stock (SSS)',NULL,NULL,NULL,NULL,NULL,NULL,1,0),(7,'Education (SSS)','E',NULL,NULL,'2016-11-04 13:38:16',NULL,NULL,1,0),(8,'Salary (Pag-ibig)',NULL,NULL,NULL,NULL,NULL,NULL,1,0),(9,'Multi-Purpose (Pag-ibig)','MPL',NULL,NULL,NULL,NULL,NULL,1,0),(10,'Calamity (Pag-ibig)','CL',NULL,NULL,'2016-11-04 13:38:27',NULL,NULL,1,0),(11,'Internal',NULL,NULL,NULL,NULL,NULL,NULL,1,0),(12,'External',NULL,NULL,NULL,'2016-11-04 13:38:46',NULL,NULL,1,0),(13,'Reserved (SSS)',NULL,NULL,NULL,NULL,NULL,NULL,1,0),(14,'Reserved (Pag-ibig)',NULL,NULL,NULL,NULL,NULL,NULL,1,0);

/*Data for the table `ww_payroll_location` */

insert  into `ww_payroll_location`(`payroll_location_id`,`payroll_location_code`,`payroll_location_label`,`min_wage_amt`,`ecola_amt`,`ecola_amt_month`,`description`,`deleted`) values (1,'MAN','Manila','450.00','30.00','0.00',NULL,0);

/*Data for the table `ww_payroll_overtime` */

insert  into `ww_payroll_overtime`(`overtime_id`,`overtime_code`,`overtime`,`overtime_rate`,`deleted`) values (1,'OT','Overtime','0.00',0),(2,'OTADJ','Overtime Adjustment','0.00',0),(3,'OTDED','Overtime Deduction','0.00',0),(4,'REGND','Night Differential','0.10',0),(5,'REGOT','Regular Day OT > 8','1.25',0),(6,'REGOT_ND','Regular Day OT ND > 8','0.13',0),(7,'RDOT','Rest Day OT','1.30',0),(8,'RDOT_ND','Rest Day ND','0.13',0),(9,'RDOT_EXCESS','Rest Day OT > 8','1.69',0),(10,'RDOT_ND_EXCESS','Rest Day ND >8','0.17',0),(11,'SPEOT','Special Holiday OT','1.30',0),(12,'SPEOT_ND','Special Holiday ND','0.13',0),(13,'SPEOT_EXCESS','Special Holiday OT > 8','1.69',0),(14,'SPEOT_ND_EXCESS','Special Holiday ND >8','0.17',0),(15,'LEGOT','Legal Holiday OT','2.00',0),(16,'LEGOT_ND','Legal Holiday ND','0.20',0),(17,'LEGOT_EXCESS','Legal Holiday OT > 8','2.60',0),(18,'LEGOT_ND_EXCESS','Legal Holiday ND >8','0.26',0),(19,'SPERDOT','Spc. Hol. + Rest Day OT','1.50',0),(20,'SPERDOT_ND','Spc. Hol. + Rest Day ND','0.15',0),(21,'SPERDOT_EXCESS','Spc. Hol. + Rest Day OT > 8','1.95',0),(22,'SPERDOT_ND_EXCESS','Spc. Hol. + Rest Day ND >8','0.19',0),(23,'LEGRDOT','Leg. Hol. + Rest Day OT','2.60',0),(24,'LEGRDOT_ND','Leg. Hol. + Rest Day ND','0.26',0),(25,'LEGRDOT_EXCESS','Leg. Hol. + Rest Day OT > 8','3.38',0),(26,'LEGRDOT_ND_EXCESS','Leg. Hol. + Rest Day ND >8','0.34',0),(27,'RSPL2','Special Holiday OT(2)','0.30',0);

/*Data for the table `ww_payroll_overtime_rates` */

insert  into `ww_payroll_overtime_rates`(`overtime_rate_id`,`company_id`,`partner_status_id`,`overtime_id`,`overtime_code`,`overtime`,`overtime_rate`,`sequence`,`class`,`created_by`,`created_on`,`modified_by`,`modified_on`,`deleted`) values (1,5,0,1,'OT','Overtime','0.000',0,'OVERTIME',NULL,NULL,'0000-00-00 00:00:00',2014,0),(2,5,0,2,'OTADJ','Overtime Adjustment','0.000',0,'OVERTIME',NULL,NULL,NULL,NULL,0),(3,5,0,3,'OTDED','Overtime Deduction','0.000',0,'OVERTIME',NULL,NULL,NULL,NULL,0),(4,5,0,4,'REGND','Night Differential','0.100',127,'OVERTIME',NULL,NULL,NULL,NULL,0),(5,5,0,5,'REGOT','Regular Day OT > 8','1.250',2,'OVERTIME',NULL,NULL,NULL,NULL,0),(6,5,0,6,'REGOT_ND','Regular Day OT ND > 8','0.130',3,'OVERTIME',NULL,NULL,NULL,NULL,0),(7,5,0,7,'RDOT','Rest Day OT','1.300',4,'OVERTIME',NULL,NULL,NULL,NULL,0),(8,5,0,8,'RDOT_ND','Rest Day ND','0.130',5,'OVERTIME',NULL,NULL,NULL,NULL,0),(9,5,0,9,'RDOT_EXCESS','Rest Day OT > 8','1.690',6,'OVERTIME',NULL,NULL,NULL,NULL,0),(10,5,0,10,'RDOT_ND_EXCESS','Rest Day ND >8','0.170',7,'OVERTIME',NULL,NULL,NULL,NULL,0),(11,5,0,11,'SPEOT','Special Holiday OT','1.300',8,'OVERTIME',NULL,NULL,NULL,NULL,0),(12,5,0,12,'SPEOT_ND','Special Holiday ND','0.130',9,'OVERTIME',NULL,NULL,NULL,NULL,0),(13,5,0,13,'SPEOT_EXCESS','Special Holiday OT > 8','1.690',10,'OVERTIME',NULL,NULL,NULL,NULL,0),(14,5,0,14,'SPEOT_ND_EXCESS','Special Holiday ND >8','0.170',11,'OVERTIME',NULL,NULL,NULL,NULL,0),(15,5,0,15,'LEGOT','Legal Holiday OT','2.000',12,'OVERTIME',NULL,NULL,NULL,NULL,0),(16,5,0,16,'LEGOT_ND','Legal Holiday ND','0.200',13,'OVERTIME',NULL,NULL,NULL,NULL,0),(17,5,0,17,'LEGOT_EXCESS','Legal Holiday OT > 8','2.600',14,'OVERTIME',NULL,NULL,NULL,NULL,0),(18,5,0,18,'LEGOT_ND_EXCESS','Legal Holiday ND >8','0.260',15,'OVERTIME',NULL,NULL,NULL,NULL,0),(19,5,0,19,'SPERDOT','Spc. Hol. + Rest Day OT','1.500',16,'OVERTIME',NULL,NULL,NULL,NULL,0),(20,5,0,20,'SPERDOT_ND','Spc. Hol. + Rest Day ND','0.150',17,'OVERTIME',NULL,NULL,NULL,NULL,0),(21,5,0,21,'SPERDOT_EXCESS','Spc. Hol. + Rest Day OT > 8','1.950',18,'OVERTIME',NULL,NULL,NULL,NULL,0),(22,5,0,22,'SPERDOT_ND_EXCESS','Spc. Hol. + Rest Day ND >8','0.190',19,'OVERTIME',NULL,NULL,NULL,NULL,0),(23,5,0,23,'LEGRDOT','Leg. Hol. + Rest Day OT','2.600',20,'OVERTIME',NULL,NULL,NULL,NULL,0),(24,5,0,24,'LEGRDOT_ND','Leg. Hol. + Rest Day ND','0.260',21,'OVERTIME',NULL,NULL,NULL,NULL,0),(25,5,0,25,'LEGRDOT_EXCESS','Leg. Hol. + Rest Day OT > 8','3.380',22,'OVERTIME',NULL,NULL,NULL,NULL,0),(26,5,0,26,'LEGRDOT_ND_EXCESS','Leg. Hol. + Rest Day ND >8','0.340',23,'OVERTIME',NULL,NULL,NULL,NULL,0),(27,5,0,27,'RSPL2','Special Holiday OT(2)','0.300',24,'OVERTIME',NULL,NULL,NULL,NULL,0),(28,3,0,7,'',NULL,'1.300',NULL,NULL,1,'2014-09-30 08:28:33',NULL,NULL,0),(29,2,0,1,'OT','Overtime','0.000',0,'OVERTIME',NULL,'2015-07-14 06:48:10',NULL,NULL,0),(30,2,0,2,'OTADJ','Overtime Adjustment','0.000',0,'OVERTIME',NULL,'2015-07-14 06:48:10',NULL,NULL,0),(31,2,0,3,'OTDED','Overtime Deduction','0.000',0,'OVERTIME',NULL,'2015-07-14 06:48:10',NULL,NULL,0),(32,2,0,4,'REGND','Night Differential','0.100',127,'OVERTIME',NULL,'2015-07-14 06:48:10',NULL,NULL,0),(33,2,0,5,'REGOT','Regular Day OT > 8','1.250',2,'OVERTIME',NULL,'2015-07-14 06:48:10',NULL,NULL,0),(34,2,0,6,'REGOT_ND','Regular Day OT ND > 8','0.130',3,'OVERTIME',NULL,'2015-07-14 06:48:10',NULL,NULL,0),(35,2,0,7,'RDOT','Rest Day OT','1.300',4,'OVERTIME',NULL,'2015-07-14 06:48:10',NULL,NULL,0),(36,2,0,8,'RDOT_ND','Rest Day ND','0.130',5,'OVERTIME',NULL,'2015-07-14 06:48:10',NULL,NULL,0),(37,2,0,9,'RDOT_EXCESS','Rest Day OT > 8','1.690',6,'OVERTIME',NULL,'2015-07-14 06:48:10',NULL,NULL,0),(38,2,0,10,'RDOT_ND_EXCESS','Rest Day ND >8','0.170',7,'OVERTIME',NULL,'2015-07-14 06:48:10',NULL,NULL,0),(39,2,0,11,'SPEOT','Special Holiday OT','1.300',8,'OVERTIME',NULL,'2015-07-14 06:48:10',NULL,NULL,0),(40,2,0,12,'SPEOT_ND','Special Holiday ND','0.130',9,'OVERTIME',NULL,'2015-07-14 06:48:10',NULL,NULL,0),(41,2,0,13,'SPEOT_EXCESS','Special Holiday OT > 8','1.690',10,'OVERTIME',NULL,'2015-07-14 06:48:10',NULL,NULL,0),(42,2,0,14,'SPEOT_ND_EXCESS','Special Holiday ND >8','0.170',11,'OVERTIME',NULL,'2015-07-14 06:48:10',NULL,NULL,0),(43,2,0,15,'LEGOT','Legal Holiday OT','2.000',12,'OVERTIME',NULL,'2015-07-14 06:48:10',NULL,NULL,0),(44,2,0,16,'LEGOT_ND','Legal Holiday ND','0.200',13,'OVERTIME',NULL,'2015-07-14 06:48:10',NULL,NULL,0),(45,2,0,17,'LEGOT_EXCESS','Legal Holiday OT > 8','2.600',14,'OVERTIME',NULL,'2015-07-14 06:48:10',NULL,NULL,0),(46,2,0,18,'LEGOT_ND_EXCESS','Legal Holiday ND >8','0.260',15,'OVERTIME',NULL,'2015-07-14 06:48:10',NULL,NULL,0),(47,2,0,19,'SPERDOT','Spc. Hol. + Rest Day OT','1.500',16,'OVERTIME',NULL,'2015-07-14 06:48:10',NULL,NULL,0),(48,2,0,20,'SPERDOT_ND','Spc. Hol. + Rest Day ND','0.150',17,'OVERTIME',NULL,'2015-07-14 06:48:10',NULL,NULL,0),(49,2,0,21,'SPERDOT_EXCESS','Spc. Hol. + Rest Day OT > 8','1.950',18,'OVERTIME',NULL,'2015-07-14 06:48:10',NULL,NULL,0),(50,2,0,22,'SPERDOT_ND_EXCESS','Spc. Hol. + Rest Day ND >8','0.190',19,'OVERTIME',NULL,'2015-07-14 06:48:10',NULL,NULL,0),(51,2,0,23,'LEGRDOT','Leg. Hol. + Rest Day OT','2.600',20,'OVERTIME',NULL,'2015-07-14 06:48:10',NULL,NULL,0),(52,2,0,24,'LEGRDOT_ND','Leg. Hol. + Rest Day ND','0.260',21,'OVERTIME',NULL,'2015-07-14 06:48:10',NULL,NULL,0),(53,2,0,25,'LEGRDOT_EXCESS','Leg. Hol. + Rest Day OT > 8','3.380',22,'OVERTIME',NULL,'2015-07-14 06:48:10',NULL,NULL,0),(54,2,0,26,'LEGRDOT_ND_EXCESS','Leg. Hol. + Rest Day ND >8','0.340',23,'OVERTIME',NULL,'2015-07-14 06:48:10',NULL,NULL,0),(55,2,0,27,'RSPL2','Special Holiday OT(2)','0.300',24,'OVERTIME',NULL,'2015-07-14 06:48:10',NULL,NULL,0),(56,2,0,7,'',NULL,'1.300',NULL,NULL,NULL,'2015-07-14 06:48:10',NULL,NULL,0),(88,1,0,15,'LEGOT','Legal Holiday OT','2.000',12,'OVERTIME',NULL,'2015-11-13 06:43:13',NULL,NULL,0),(89,1,0,17,'LEGOT_EXCESS','Legal Holiday OT > 8','2.600',14,'OVERTIME',NULL,'2015-11-13 06:43:13',NULL,NULL,0),(90,1,0,16,'LEGOT_ND','Legal Holiday ND','0.200',13,'OVERTIME',NULL,'2015-11-13 06:43:13',NULL,NULL,0),(91,1,0,18,'LEGOT_ND_EXCESS','Legal Holiday ND >8','0.260',15,'OVERTIME',NULL,'2015-11-13 06:43:13',NULL,NULL,0),(92,1,0,23,'LEGRDOT','Leg. Hol. + Rest Day OT','2.600',20,'OVERTIME',NULL,'2015-11-13 06:43:13',NULL,NULL,0),(93,1,0,25,'LEGRDOT_EXCESS','Leg. Hol. + Rest Day OT > 8','3.380',22,'OVERTIME',NULL,'2015-11-13 06:43:13',NULL,NULL,0),(94,1,0,24,'LEGRDOT_ND','Leg. Hol. + Rest Day ND','0.260',21,'OVERTIME',NULL,'2015-11-13 06:43:13',NULL,NULL,0),(95,1,0,26,'LEGRDOT_ND_EXCESS','Leg. Hol. + Rest Day ND >8','0.340',23,'OVERTIME',NULL,'2015-11-13 06:43:13',NULL,NULL,0),(96,1,0,4,'REGND','Night Differential','0.100',127,'OVERTIME',NULL,'2015-11-13 06:43:13',NULL,NULL,0),(97,1,0,1,'OT','Overtime','0.000',0,'OVERTIME',NULL,'2015-11-13 06:43:13',NULL,NULL,0),(98,1,0,2,'OTADJ','Overtime Adjustment','0.000',0,'OVERTIME',NULL,'2015-11-13 06:43:13',NULL,NULL,0),(99,1,0,3,'OTDED','Overtime Deduction','0.000',0,'OVERTIME',NULL,'2015-11-13 06:43:13',NULL,NULL,0),(100,1,0,7,'RDOT','Rest Day OT','1.300',4,'OVERTIME',NULL,'2015-11-13 06:43:13',NULL,NULL,0),(101,1,0,9,'RDOT_EXCESS','Rest Day OT > 8','1.690',6,'OVERTIME',NULL,'2015-11-13 06:43:13',NULL,NULL,0),(102,1,0,8,'RDOT_ND','Rest Day ND','0.130',5,'OVERTIME',NULL,'2015-11-13 06:43:13',NULL,NULL,0),(103,1,0,10,'RDOT_ND_EXCESS','Rest Day ND >8','0.170',7,'OVERTIME',NULL,'2015-11-13 06:43:13',NULL,NULL,0),(104,1,0,5,'REGOT','Regular Day OT > 8','1.250',2,'OVERTIME',NULL,'2015-11-13 06:43:13',NULL,NULL,0),(105,1,0,6,'REGOT_ND','Regular Day OT ND > 8','0.130',3,'OVERTIME',NULL,'2015-11-13 06:43:13',NULL,NULL,0),(106,1,0,27,'RSPL2','Special Holiday OT(2)','0.300',24,'OVERTIME',NULL,'2015-11-13 06:43:13',NULL,NULL,0),(107,1,0,11,'SPEOT','Special Holiday OT','1.300',8,'OVERTIME',NULL,'2015-11-13 06:43:13',NULL,NULL,0),(108,1,0,13,'SPEOT_EXCESS','Special Holiday OT > 8','1.690',10,'OVERTIME',NULL,'2015-11-13 06:43:13',NULL,NULL,0),(109,1,0,12,'SPEOT_ND','Special Holiday ND','0.130',9,'OVERTIME',NULL,'2015-11-13 06:43:13',NULL,NULL,0),(110,1,0,14,'SPEOT_ND_EXCESS','Special Holiday ND >8','0.170',11,'OVERTIME',NULL,'2015-11-13 06:43:13',NULL,NULL,0),(111,1,0,19,'SPERDOT','Spc. Hol. + Rest Day OT','1.500',16,'OVERTIME',NULL,'2015-11-13 06:43:13',NULL,NULL,0),(112,1,0,21,'SPERDOT_EXCESS','Spc. Hol. + Rest Day OT > 8','1.950',18,'OVERTIME',NULL,'2015-11-13 06:43:13',NULL,NULL,0),(113,1,0,20,'SPERDOT_ND','Spc. Hol. + Rest Day ND','0.150',17,'OVERTIME',NULL,'2015-11-13 06:43:13',NULL,NULL,0),(114,1,0,22,'SPERDOT_ND_EXCESS','Spc. Hol. + Rest Day ND >8','0.190',19,'OVERTIME',NULL,'2015-11-13 06:43:13',NULL,NULL,0),(119,4,0,15,'LEGOT','Legal Holiday OT','2.000',12,'OVERTIME',NULL,'2015-11-13 06:50:06',NULL,NULL,0),(120,4,0,17,'LEGOT_EXCESS','Legal Holiday OT > 8','2.600',14,'OVERTIME',NULL,'2015-11-13 06:50:06',NULL,NULL,0),(121,4,0,16,'LEGOT_ND','Legal Holiday ND','0.200',13,'OVERTIME',NULL,'2015-11-13 06:50:06',NULL,NULL,0),(122,4,0,18,'LEGOT_ND_EXCESS','Legal Holiday ND >8','0.260',15,'OVERTIME',NULL,'2015-11-13 06:50:06',NULL,NULL,0),(123,4,0,23,'LEGRDOT','Leg. Hol. + Rest Day OT','2.600',20,'OVERTIME',NULL,'2015-11-13 06:50:06',NULL,NULL,0),(124,4,0,25,'LEGRDOT_EXCESS','Leg. Hol. + Rest Day OT > 8','3.380',22,'OVERTIME',NULL,'2015-11-13 06:50:06',NULL,NULL,0),(125,4,0,24,'LEGRDOT_ND','Leg. Hol. + Rest Day ND','0.260',21,'OVERTIME',NULL,'2015-11-13 06:50:06',NULL,NULL,0),(126,4,0,26,'LEGRDOT_ND_EXCESS','Leg. Hol. + Rest Day ND >8','0.340',23,'OVERTIME',NULL,'2015-11-13 06:50:06',NULL,NULL,0),(127,4,0,4,'REGND','Night Differential','0.100',127,'OVERTIME',NULL,'2015-11-13 06:50:06',NULL,NULL,0),(128,4,0,1,'OT','Overtime','0.000',0,'OVERTIME',NULL,'2015-11-13 06:50:06',NULL,NULL,0),(129,4,0,2,'OTADJ','Overtime Adjustment','0.000',0,'OVERTIME',NULL,'2015-11-13 06:50:06',NULL,NULL,0),(130,4,0,3,'OTDED','Overtime Deduction','0.000',0,'OVERTIME',NULL,'2015-11-13 06:50:06',NULL,NULL,0),(131,4,0,7,'RDOT','Rest Day OT','1.300',4,'OVERTIME',NULL,'2015-11-13 06:50:06',NULL,NULL,0),(132,4,0,9,'RDOT_EXCESS','Rest Day OT > 8','1.690',6,'OVERTIME',NULL,'2015-11-13 06:50:06',NULL,NULL,0),(133,4,0,8,'RDOT_ND','Rest Day ND','0.130',5,'OVERTIME',NULL,'2015-11-13 06:50:06',NULL,NULL,0),(134,4,0,10,'RDOT_ND_EXCESS','Rest Day ND >8','0.170',7,'OVERTIME',NULL,'2015-11-13 06:50:06',NULL,NULL,0),(135,4,0,5,'REGOT','Regular Day OT > 8','1.250',2,'OVERTIME',NULL,'2015-11-13 06:50:06',NULL,NULL,0),(136,4,0,6,'REGOT_ND','Regular Day OT ND > 8','0.130',3,'OVERTIME',NULL,'2015-11-13 06:50:06',NULL,NULL,0),(137,4,0,27,'RSPL2','Special Holiday OT(2)','0.300',24,'OVERTIME',NULL,'2015-11-13 06:50:06',NULL,NULL,0),(138,4,0,11,'SPEOT','Special Holiday OT','1.300',8,'OVERTIME',NULL,'2015-11-13 06:50:06',NULL,NULL,0),(139,4,0,13,'SPEOT_EXCESS','Special Holiday OT > 8','1.690',10,'OVERTIME',NULL,'2015-11-13 06:50:06',NULL,NULL,0),(140,4,0,12,'SPEOT_ND','Special Holiday ND','0.130',9,'OVERTIME',NULL,'2015-11-13 06:50:06',NULL,NULL,0),(141,4,0,14,'SPEOT_ND_EXCESS','Special Holiday ND >8','0.170',11,'OVERTIME',NULL,'2015-11-13 06:50:06',NULL,NULL,0),(142,4,0,19,'SPERDOT','Spc. Hol. + Rest Day OT','1.500',16,'OVERTIME',NULL,'2015-11-13 06:50:06',NULL,NULL,0),(143,4,0,21,'SPERDOT_EXCESS','Spc. Hol. + Rest Day OT > 8','1.950',18,'OVERTIME',NULL,'2015-11-13 06:50:06',NULL,NULL,0),(144,4,0,20,'SPERDOT_ND','Spc. Hol. + Rest Day ND','0.150',17,'OVERTIME',NULL,'2015-11-13 06:50:06',NULL,NULL,0),(145,4,0,22,'SPERDOT_ND_EXCESS','Spc. Hol. + Rest Day ND >8','0.190',19,'OVERTIME',NULL,'2015-11-13 06:50:06',NULL,NULL,0),(150,6,0,15,'LEGOT','Legal Holiday OT','2.000',12,'OVERTIME',NULL,'2015-11-13 06:52:28',NULL,NULL,0),(151,6,0,17,'LEGOT_EXCESS','Legal Holiday OT > 8','2.600',14,'OVERTIME',NULL,'2015-11-13 06:52:28',NULL,NULL,0),(152,6,0,16,'LEGOT_ND','Legal Holiday ND','0.200',13,'OVERTIME',NULL,'2015-11-13 06:52:28',NULL,NULL,0),(153,6,0,18,'LEGOT_ND_EXCESS','Legal Holiday ND >8','0.260',15,'OVERTIME',NULL,'2015-11-13 06:52:28',NULL,NULL,0),(154,6,0,23,'LEGRDOT','Leg. Hol. + Rest Day OT','2.600',20,'OVERTIME',NULL,'2015-11-13 06:52:28',NULL,NULL,0),(155,6,0,25,'LEGRDOT_EXCESS','Leg. Hol. + Rest Day OT > 8','3.380',22,'OVERTIME',NULL,'2015-11-13 06:52:28',NULL,NULL,0),(156,6,0,24,'LEGRDOT_ND','Leg. Hol. + Rest Day ND','0.260',21,'OVERTIME',NULL,'2015-11-13 06:52:28',NULL,NULL,0),(157,6,0,26,'LEGRDOT_ND_EXCESS','Leg. Hol. + Rest Day ND >8','0.340',23,'OVERTIME',NULL,'2015-11-13 06:52:28',NULL,NULL,0),(158,6,0,4,'REGND','Night Differential','0.100',127,'OVERTIME',NULL,'2015-11-13 06:52:28',NULL,NULL,0),(159,6,0,1,'OT','Overtime','0.000',0,'OVERTIME',NULL,'2015-11-13 06:52:28',NULL,NULL,0),(160,6,0,2,'OTADJ','Overtime Adjustment','0.000',0,'OVERTIME',NULL,'2015-11-13 06:52:28',NULL,NULL,0),(161,6,0,3,'OTDED','Overtime Deduction','0.000',0,'OVERTIME',NULL,'2015-11-13 06:52:28',NULL,NULL,0),(162,6,0,7,'RDOT','Rest Day OT','1.300',4,'OVERTIME',NULL,'2015-11-13 06:52:28',NULL,NULL,0),(163,6,0,9,'RDOT_EXCESS','Rest Day OT > 8','1.690',6,'OVERTIME',NULL,'2015-11-13 06:52:28',NULL,NULL,0),(164,6,0,8,'RDOT_ND','Rest Day ND','0.130',5,'OVERTIME',NULL,'2015-11-13 06:52:28',NULL,NULL,0),(165,6,0,10,'RDOT_ND_EXCESS','Rest Day ND >8','0.170',7,'OVERTIME',NULL,'2015-11-13 06:52:28',NULL,NULL,0),(166,6,0,5,'REGOT','Regular Day OT > 8','1.250',2,'OVERTIME',NULL,'2015-11-13 06:52:28',NULL,NULL,0),(167,6,0,6,'REGOT_ND','Regular Day OT ND > 8','0.130',3,'OVERTIME',NULL,'2015-11-13 06:52:28',NULL,NULL,0),(168,6,0,27,'RSPL2','Special Holiday OT(2)','0.300',24,'OVERTIME',NULL,'2015-11-13 06:52:28',NULL,NULL,0),(169,6,0,11,'SPEOT','Special Holiday OT','1.300',8,'OVERTIME',NULL,'2015-11-13 06:52:28',NULL,NULL,0),(170,6,0,13,'SPEOT_EXCESS','Special Holiday OT > 8','1.690',10,'OVERTIME',NULL,'2015-11-13 06:52:28',NULL,NULL,0),(171,6,0,12,'SPEOT_ND','Special Holiday ND','0.130',9,'OVERTIME',NULL,'2015-11-13 06:52:28',NULL,NULL,0),(172,6,0,14,'SPEOT_ND_EXCESS','Special Holiday ND >8','0.170',11,'OVERTIME',NULL,'2015-11-13 06:52:28',NULL,NULL,0),(173,6,0,19,'SPERDOT','Spc. Hol. + Rest Day OT','1.500',16,'OVERTIME',NULL,'2015-11-13 06:52:28',NULL,NULL,0),(174,6,0,21,'SPERDOT_EXCESS','Spc. Hol. + Rest Day OT > 8','1.950',18,'OVERTIME',NULL,'2015-11-13 06:52:28',NULL,NULL,0),(175,6,0,20,'SPERDOT_ND','Spc. Hol. + Rest Day ND','0.150',17,'OVERTIME',NULL,'2015-11-13 06:52:28',NULL,NULL,0),(176,6,0,22,'SPERDOT_ND_EXCESS','Spc. Hol. + Rest Day ND >8','0.190',19,'OVERTIME',NULL,'2015-11-13 06:52:28',NULL,NULL,0),(181,7,0,15,'LEGOT','Legal Holiday OT','2.000',12,'OVERTIME',NULL,'2015-11-13 06:52:34',NULL,NULL,0),(182,7,0,17,'LEGOT_EXCESS','Legal Holiday OT > 8','2.600',14,'OVERTIME',NULL,'2015-11-13 06:52:34',NULL,NULL,0),(183,7,0,16,'LEGOT_ND','Legal Holiday ND','0.200',13,'OVERTIME',NULL,'2015-11-13 06:52:34',NULL,NULL,0),(184,7,0,18,'LEGOT_ND_EXCESS','Legal Holiday ND >8','0.260',15,'OVERTIME',NULL,'2015-11-13 06:52:34',NULL,NULL,0),(185,7,0,23,'LEGRDOT','Leg. Hol. + Rest Day OT','2.600',20,'OVERTIME',NULL,'2015-11-13 06:52:34',NULL,NULL,0),(186,7,0,25,'LEGRDOT_EXCESS','Leg. Hol. + Rest Day OT > 8','3.380',22,'OVERTIME',NULL,'2015-11-13 06:52:34',NULL,NULL,0),(187,7,0,24,'LEGRDOT_ND','Leg. Hol. + Rest Day ND','0.260',21,'OVERTIME',NULL,'2015-11-13 06:52:34',NULL,NULL,0),(188,7,0,26,'LEGRDOT_ND_EXCESS','Leg. Hol. + Rest Day ND >8','0.340',23,'OVERTIME',NULL,'2015-11-13 06:52:34',NULL,NULL,0),(189,7,0,4,'REGND','Night Differential','0.100',127,'OVERTIME',NULL,'2015-11-13 06:52:34',NULL,NULL,0),(190,7,0,1,'OT','Overtime','0.000',0,'OVERTIME',NULL,'2015-11-13 06:52:34',NULL,NULL,0),(191,7,0,2,'OTADJ','Overtime Adjustment','0.000',0,'OVERTIME',NULL,'2015-11-13 06:52:34',NULL,NULL,0),(192,7,0,3,'OTDED','Overtime Deduction','0.000',0,'OVERTIME',NULL,'2015-11-13 06:52:34',NULL,NULL,0),(193,7,0,7,'RDOT','Rest Day OT','1.300',4,'OVERTIME',NULL,'2015-11-13 06:52:34',NULL,NULL,0),(194,7,0,9,'RDOT_EXCESS','Rest Day OT > 8','1.690',6,'OVERTIME',NULL,'2015-11-13 06:52:34',NULL,NULL,0),(195,7,0,8,'RDOT_ND','Rest Day ND','0.130',5,'OVERTIME',NULL,'2015-11-13 06:52:34',NULL,NULL,0),(196,7,0,10,'RDOT_ND_EXCESS','Rest Day ND >8','0.170',7,'OVERTIME',NULL,'2015-11-13 06:52:34',NULL,NULL,0),(197,7,0,5,'REGOT','Regular Day OT > 8','1.250',2,'OVERTIME',NULL,'2015-11-13 06:52:34',NULL,NULL,0),(198,7,0,6,'REGOT_ND','Regular Day OT ND > 8','0.130',3,'OVERTIME',NULL,'2015-11-13 06:52:34',NULL,NULL,0),(199,7,0,27,'RSPL2','Special Holiday OT(2)','0.300',24,'OVERTIME',NULL,'2015-11-13 06:52:34',NULL,NULL,0),(200,7,0,11,'SPEOT','Special Holiday OT','1.300',8,'OVERTIME',NULL,'2015-11-13 06:52:34',NULL,NULL,0),(201,7,0,13,'SPEOT_EXCESS','Special Holiday OT > 8','1.690',10,'OVERTIME',NULL,'2015-11-13 06:52:34',NULL,NULL,0),(202,7,0,12,'SPEOT_ND','Special Holiday ND','0.130',9,'OVERTIME',NULL,'2015-11-13 06:52:34',NULL,NULL,0),(203,7,0,14,'SPEOT_ND_EXCESS','Special Holiday ND >8','0.170',11,'OVERTIME',NULL,'2015-11-13 06:52:34',NULL,NULL,0),(204,7,0,19,'SPERDOT','Spc. Hol. + Rest Day OT','1.500',16,'OVERTIME',NULL,'2015-11-13 06:52:34',NULL,NULL,0),(205,7,0,21,'SPERDOT_EXCESS','Spc. Hol. + Rest Day OT > 8','1.950',18,'OVERTIME',NULL,'2015-11-13 06:52:34',NULL,NULL,0),(206,7,0,20,'SPERDOT_ND','Spc. Hol. + Rest Day ND','0.150',17,'OVERTIME',NULL,'2015-11-13 06:52:34',NULL,NULL,0),(207,7,0,22,'SPERDOT_ND_EXCESS','Spc. Hol. + Rest Day ND >8','0.190',19,'OVERTIME',NULL,'2015-11-13 06:52:34',NULL,NULL,0),(212,8,0,15,'LEGOT','Legal Holiday OT','2.000',12,'OVERTIME',NULL,'2015-11-13 06:52:40',NULL,NULL,0),(213,8,0,17,'LEGOT_EXCESS','Legal Holiday OT > 8','2.600',14,'OVERTIME',NULL,'2015-11-13 06:52:40',NULL,NULL,0),(214,8,0,16,'LEGOT_ND','Legal Holiday ND','0.200',13,'OVERTIME',NULL,'2015-11-13 06:52:40',NULL,NULL,0),(215,8,0,18,'LEGOT_ND_EXCESS','Legal Holiday ND >8','0.260',15,'OVERTIME',NULL,'2015-11-13 06:52:40',NULL,NULL,0),(216,8,0,23,'LEGRDOT','Leg. Hol. + Rest Day OT','2.600',20,'OVERTIME',NULL,'2015-11-13 06:52:40',NULL,NULL,0),(217,8,0,25,'LEGRDOT_EXCESS','Leg. Hol. + Rest Day OT > 8','3.380',22,'OVERTIME',NULL,'2015-11-13 06:52:40',NULL,NULL,0),(218,8,0,24,'LEGRDOT_ND','Leg. Hol. + Rest Day ND','0.260',21,'OVERTIME',NULL,'2015-11-13 06:52:40',NULL,NULL,0),(219,8,0,26,'LEGRDOT_ND_EXCESS','Leg. Hol. + Rest Day ND >8','0.340',23,'OVERTIME',NULL,'2015-11-13 06:52:40',NULL,NULL,0),(220,8,0,4,'REGND','Night Differential','0.100',127,'OVERTIME',NULL,'2015-11-13 06:52:40',NULL,NULL,0),(221,8,0,1,'OT','Overtime','0.000',0,'OVERTIME',NULL,'2015-11-13 06:52:40',NULL,NULL,0),(222,8,0,2,'OTADJ','Overtime Adjustment','0.000',0,'OVERTIME',NULL,'2015-11-13 06:52:40',NULL,NULL,0),(223,8,0,3,'OTDED','Overtime Deduction','0.000',0,'OVERTIME',NULL,'2015-11-13 06:52:40',NULL,NULL,0),(224,8,0,7,'RDOT','Rest Day OT','1.300',4,'OVERTIME',NULL,'2015-11-13 06:52:40',NULL,NULL,0),(225,8,0,9,'RDOT_EXCESS','Rest Day OT > 8','1.690',6,'OVERTIME',NULL,'2015-11-13 06:52:40',NULL,NULL,0),(226,8,0,8,'RDOT_ND','Rest Day ND','0.130',5,'OVERTIME',NULL,'2015-11-13 06:52:40',NULL,NULL,0),(227,8,0,10,'RDOT_ND_EXCESS','Rest Day ND >8','0.170',7,'OVERTIME',NULL,'2015-11-13 06:52:40',NULL,NULL,0),(228,8,0,5,'REGOT','Regular Day OT > 8','1.250',2,'OVERTIME',NULL,'2015-11-13 06:52:40',NULL,NULL,0),(229,8,0,6,'REGOT_ND','Regular Day OT ND > 8','0.130',3,'OVERTIME',NULL,'2015-11-13 06:52:40',NULL,NULL,0),(230,8,0,27,'RSPL2','Special Holiday OT(2)','0.300',24,'OVERTIME',NULL,'2015-11-13 06:52:40',NULL,NULL,0),(231,8,0,11,'SPEOT','Special Holiday OT','1.300',8,'OVERTIME',NULL,'2015-11-13 06:52:40',NULL,NULL,0),(232,8,0,13,'SPEOT_EXCESS','Special Holiday OT > 8','1.690',10,'OVERTIME',NULL,'2015-11-13 06:52:40',NULL,NULL,0),(233,8,0,12,'SPEOT_ND','Special Holiday ND','0.130',9,'OVERTIME',NULL,'2015-11-13 06:52:40',NULL,NULL,0),(234,8,0,14,'SPEOT_ND_EXCESS','Special Holiday ND >8','0.170',11,'OVERTIME',NULL,'2015-11-13 06:52:40',NULL,NULL,0),(235,8,0,19,'SPERDOT','Spc. Hol. + Rest Day OT','1.500',16,'OVERTIME',NULL,'2015-11-13 06:52:40',NULL,NULL,0),(236,8,0,21,'SPERDOT_EXCESS','Spc. Hol. + Rest Day OT > 8','1.950',18,'OVERTIME',NULL,'2015-11-13 06:52:40',NULL,NULL,0),(237,8,0,20,'SPERDOT_ND','Spc. Hol. + Rest Day ND','0.150',17,'OVERTIME',NULL,'2015-11-13 06:52:40',NULL,NULL,0),(238,8,0,22,'SPERDOT_ND_EXCESS','Spc. Hol. + Rest Day ND >8','0.190',19,'OVERTIME',NULL,'2015-11-13 06:52:40',NULL,NULL,0),(239,19,0,15,'LEGOT','Legal Holiday OT','2.000',12,'OVERTIME',NULL,'2016-05-26 08:06:12',NULL,NULL,0),(240,19,0,17,'LEGOT_EXCESS','Legal Holiday OT > 8','2.600',14,'OVERTIME',NULL,'2016-05-26 08:06:12',NULL,NULL,0),(241,19,0,16,'LEGOT_ND','Legal Holiday ND','0.200',13,'OVERTIME',NULL,'2016-05-26 08:06:12',NULL,NULL,0),(242,19,0,18,'LEGOT_ND_EXCESS','Legal Holiday ND >8','0.260',15,'OVERTIME',NULL,'2016-05-26 08:06:12',NULL,NULL,0),(243,19,0,23,'LEGRDOT','Leg. Hol. + Rest Day OT','2.600',20,'OVERTIME',NULL,'2016-05-26 08:06:12',NULL,NULL,0),(244,19,0,25,'LEGRDOT_EXCESS','Leg. Hol. + Rest Day OT > 8','3.380',22,'OVERTIME',NULL,'2016-05-26 08:06:12',NULL,NULL,0),(245,19,0,24,'LEGRDOT_ND','Leg. Hol. + Rest Day ND','0.260',21,'OVERTIME',NULL,'2016-05-26 08:06:12',NULL,NULL,0),(246,19,0,26,'LEGRDOT_ND_EXCESS','Leg. Hol. + Rest Day ND >8','0.340',23,'OVERTIME',NULL,'2016-05-26 08:06:12',NULL,NULL,0),(247,19,0,4,'REGND','Night Differential','0.100',127,'OVERTIME',NULL,'2016-05-26 08:06:12',NULL,NULL,0),(248,19,0,1,'OT','Overtime','0.000',0,'OVERTIME',NULL,'2016-05-26 08:06:12',NULL,NULL,0),(249,19,0,2,'OTADJ','Overtime Adjustment','0.000',0,'OVERTIME',NULL,'2016-05-26 08:06:12',NULL,NULL,0),(250,19,0,3,'OTDED','Overtime Deduction','0.000',0,'OVERTIME',NULL,'2016-05-26 08:06:12',NULL,NULL,0),(251,19,0,7,'RDOT','Rest Day OT','1.300',4,'OVERTIME',NULL,'2016-05-26 08:06:12',NULL,NULL,0),(252,19,0,9,'RDOT_EXCESS','Rest Day OT > 8','1.690',6,'OVERTIME',NULL,'2016-05-26 08:06:12',NULL,NULL,0),(253,19,0,8,'RDOT_ND','Rest Day ND','0.130',5,'OVERTIME',NULL,'2016-05-26 08:06:12',NULL,NULL,0),(254,19,0,10,'RDOT_ND_EXCESS','Rest Day ND >8','0.170',7,'OVERTIME',NULL,'2016-05-26 08:06:12',NULL,NULL,0),(255,19,0,5,'REGOT','Regular Day OT > 8','1.250',2,'OVERTIME',NULL,'2016-05-26 08:06:12',NULL,NULL,0),(256,19,0,6,'REGOT_ND','Regular Day OT ND > 8','0.130',3,'OVERTIME',NULL,'2016-05-26 08:06:12',NULL,NULL,0),(257,19,0,27,'RSPL2','Special Holiday OT(2)','0.300',24,'OVERTIME',NULL,'2016-05-26 08:06:12',NULL,NULL,0),(258,19,0,11,'SPEOT','Special Holiday OT','1.300',8,'OVERTIME',NULL,'2016-05-26 08:06:12',NULL,NULL,0),(259,19,0,13,'SPEOT_EXCESS','Special Holiday OT > 8','1.690',10,'OVERTIME',NULL,'2016-05-26 08:06:12',NULL,NULL,0),(260,19,0,12,'SPEOT_ND','Special Holiday ND','0.130',9,'OVERTIME',NULL,'2016-05-26 08:06:12',NULL,NULL,0),(261,19,0,14,'SPEOT_ND_EXCESS','Special Holiday ND >8','0.170',11,'OVERTIME',NULL,'2016-05-26 08:06:12',NULL,NULL,0),(262,19,0,19,'SPERDOT','Spc. Hol. + Rest Day OT','1.500',16,'OVERTIME',NULL,'2016-05-26 08:06:12',NULL,NULL,0),(263,19,0,21,'SPERDOT_EXCESS','Spc. Hol. + Rest Day OT > 8','1.950',18,'OVERTIME',NULL,'2016-05-26 08:06:12',NULL,NULL,0),(264,19,0,20,'SPERDOT_ND','Spc. Hol. + Rest Day ND','0.150',17,'OVERTIME',NULL,'2016-05-26 08:06:12',NULL,NULL,0),(265,19,0,22,'SPERDOT_ND_EXCESS','Spc. Hol. + Rest Day ND >8','0.190',19,'OVERTIME',NULL,'2016-05-26 08:06:12',NULL,NULL,0);

/*Data for the table `ww_payroll_partners` */

/*Data for the table `ww_payroll_partners_contribution` */

/*Data for the table `ww_payroll_partners_loan` */

/*Data for the table `ww_payroll_partners_loan_payment` */

/*Data for the table `ww_payroll_paycode` */

/*Data for the table `ww_payroll_payment_mode` */

insert  into `ww_payroll_payment_mode`(`payment_mode_id`,`payment_mode`,`description`,`deleted`) values (1,'Always System',NULL,0),(2,'Always User',NULL,0),(3,'User (this period to system)',NULL,0),(4,'System (this period to user)',NULL,0);

/*Data for the table `ww_payroll_payment_type` */

insert  into `ww_payroll_payment_type`(`payment_type_id`,`payment_type`,`deleted`) values (1,'Bank',0),(2,'Cash',0),(3,'Check',0);

/*Data for the table `ww_payroll_period` */

/*Data for the table `ww_payroll_period_apply_to` */

/*Data for the table `ww_payroll_period_processing_type` */

insert  into `ww_payroll_period_processing_type`(`period_processing_type_id`,`period_processing_type`,`description`,`deleted`) values (1,'Regular Cycle',NULL,0),(2,'Special Processing',NULL,0),(3,'Final Pay',NULL,0);

/*Data for the table `ww_payroll_period_status` */

insert  into `ww_payroll_period_status`(`period_status_id`,`period_status`,`description`,`deleted`) values (1,'Open',NULL,0),(2,'Processed',NULL,0),(3,'Closed',NULL,0);

/*Data for the table `ww_payroll_phic_table` */

insert  into `ww_payroll_phic_table`(`phic_id`,`from`,`to`,`eeshare`,`ershare`,`created_by`,`created_on`,`modified_by`,`modified_on`,`can_delete`,`deleted`) values (1,'0.00','8999.99','100.00','100.00',NULL,'2014-09-19 05:02:05',NULL,NULL,1,0),(2,'9000.00','9999.99','112.50','112.50',NULL,'2014-09-19 05:02:05',NULL,NULL,1,0),(3,'10000.00','10999.99','125.00','125.00',NULL,'2014-09-19 05:02:05',NULL,NULL,1,0),(4,'11000.00','11999.99','137.50','137.50',NULL,'2014-09-19 05:02:05',NULL,NULL,1,0),(5,'12000.00','12999.99','150.00','150.00',NULL,'2014-09-19 05:02:05',NULL,NULL,1,0),(6,'13000.00','13999.99','162.50','162.50',NULL,'2014-09-19 05:02:05',NULL,NULL,1,0),(7,'14000.00','14999.99','175.00','175.00',NULL,'2014-09-19 05:02:05',NULL,NULL,1,0),(8,'15000.00','15999.99','187.50','187.50',NULL,'2014-09-19 05:02:05',NULL,NULL,1,0),(9,'16000.00','16999.99','200.00','200.00',NULL,'2014-09-19 05:02:05',NULL,NULL,1,0),(10,'17000.00','17999.99','212.50','212.50',NULL,'2014-09-19 05:02:05',NULL,NULL,1,0),(11,'18000.00','18999.99','225.00','225.00',NULL,'2014-09-19 05:02:05',NULL,NULL,1,0),(12,'19000.00','19999.99','237.50','237.50',NULL,'2014-09-19 05:02:05',NULL,NULL,1,0),(13,'20000.00','20999.99','250.00','250.00',NULL,'2014-09-19 05:02:05',NULL,NULL,1,0),(14,'21000.00','21999.99','262.50','262.50',NULL,'2014-09-19 05:02:05',NULL,NULL,1,0),(15,'22000.00','22999.99','275.00','275.00',NULL,'2014-09-19 05:02:05',NULL,NULL,1,0),(16,'23000.00','23999.99','287.50','287.50',NULL,'2014-09-19 05:02:05',NULL,NULL,1,0),(17,'24000.00','24999.99','300.00','300.00',NULL,'2014-09-19 05:02:05',NULL,NULL,1,0),(18,'25000.00','25999.99','312.50','312.50',NULL,'2014-09-19 05:02:05',NULL,NULL,1,0),(19,'26000.00','26999.99','325.00','325.00',NULL,'2014-09-19 05:02:05',NULL,NULL,1,0),(20,'27000.00','27999.99','337.50','337.50',NULL,'2014-09-19 05:02:05',NULL,NULL,1,0),(21,'28000.00','28999.99','350.00','350.00',NULL,'2014-09-19 05:02:05',NULL,NULL,1,0),(22,'29000.00','29999.99','362.50','362.50',NULL,'2014-09-19 05:02:05',NULL,NULL,1,0),(23,'30000.00','30999.99','375.00','375.00',NULL,'2014-09-19 05:02:05',NULL,NULL,1,0),(24,'31000.00','31999.00','387.50','387.50',NULL,'2014-09-19 05:02:05',NULL,NULL,1,0),(25,'32000.00','32999.00','400.00','400.00',NULL,'2014-09-19 05:02:05',NULL,NULL,1,0),(26,'33000.00','33999.00','412.50','412.50',NULL,'2014-09-19 05:02:05',NULL,NULL,1,0),(27,'34000.00','34999.00','425.00','425.00',NULL,'2014-09-19 05:02:05',NULL,NULL,1,0),(28,'35000.00','9999999.99','437.50','437.50',NULL,'2014-09-19 05:02:05',NULL,NULL,1,0);

/*Data for the table `ww_payroll_rate_type` */

insert  into `ww_payroll_rate_type`(`payroll_rate_type_id`,`payroll_rate_type`,`description`,`created_by`,`created_on`,`modified_by`,`modified_on`,`can_delete`,`deleted`) values (1,'Yearly','',NULL,NULL,1,'2014-05-09 11:34:55',1,0),(2,'Monthly',NULL,NULL,NULL,NULL,NULL,1,0),(3,'Daily (Averaged)','Calculated average salary per period using total year days, absences are reported and deducted',NULL,NULL,NULL,NULL,1,0),(4,'By Piece',NULL,NULL,NULL,NULL,NULL,1,0),(5,'Commision',NULL,NULL,NULL,NULL,NULL,1,0),(6,'Daily (Actual Hours)','Base only on actual hours worked, absences are not reported in payroll',NULL,NULL,NULL,NULL,1,0);

/*Data for the table `ww_payroll_schedule` */

insert  into `ww_payroll_schedule`(`payroll_schedule_id`,`payroll_schedule`,`yearly`,`monthly`,`daily`,`piece_rate`,`commision`,`total_period_per_annum`,`deleted`) values (1,'Yearly',1,0,0,0,0,1,0),(2,'Semi-annual',1,0,0,0,0,2,0),(3,'Quarterly',1,0,0,0,0,4,0),(4,'Monthly',1,1,0,0,1,12,0),(5,'Semi-monthly',1,1,1,1,1,24,0),(6,'Weekly',1,1,1,1,1,52,0);

/*Data for the table `ww_payroll_schedule_rate_divisor` */

insert  into `ww_payroll_schedule_rate_divisor`(`payroll_rate_type_id`,`payroll_schedule_id`,`divisor`,`deleted`) values (1,1,1,0),(1,2,2,0),(1,3,4,0),(1,4,12,0),(1,5,24,0),(1,6,52,0),(2,4,1,0),(2,5,2,0),(2,6,52,0);

/*Data for the table `ww_payroll_sss_table` */

insert  into `ww_payroll_sss_table`(`sss_id`,`from`,`to`,`eeshare`,`ershare`,`ec`,`created_by`,`created_on`,`modified_by`,`modified_on`,`can_delete`,`deleted`) values (1,'1000.00','1249.99','36.30','73.70','10.00',NULL,'2014-09-05 07:39:43',NULL,NULL,1,0),(2,'1250.00','1749.99','54.50','110.50','10.00',NULL,'2014-09-05 07:39:43',NULL,NULL,1,0),(3,'1750.00','2249.99','72.70','147.30','10.00',NULL,'2014-09-05 07:39:43',NULL,NULL,1,0),(4,'2250.00','2749.99','90.80','184.20','10.00',NULL,'2014-09-05 07:39:43',NULL,NULL,1,0),(5,'2750.00','3249.99','109.00','221.00','10.00',NULL,'2014-09-05 07:39:43',NULL,NULL,1,0),(6,'3250.00','3749.99','127.20','257.80','10.00',NULL,'2014-09-05 07:39:43',NULL,NULL,1,0),(7,'3750.00','4249.99','145.30','294.70','10.00',NULL,'2014-09-05 07:39:43',NULL,NULL,1,0),(8,'4250.00','4749.99','163.50','331.50','10.00',NULL,'2014-09-05 07:39:43',NULL,NULL,1,0),(9,'4750.00','5249.99','181.70','368.30','10.00',NULL,'2014-09-05 07:39:43',NULL,NULL,1,0),(10,'5250.00','5749.99','199.80','405.20','10.00',NULL,'2014-09-05 07:39:43',NULL,NULL,1,0),(11,'5750.00','6249.99','218.00','442.00','10.00',NULL,'2014-09-05 07:39:43',NULL,NULL,1,0),(12,'6250.00','6749.99','236.20','478.80','10.00',NULL,'2014-09-05 07:39:43',NULL,NULL,1,0),(13,'6750.00','7249.99','254.30','515.70','10.00',NULL,'2014-09-05 07:39:43',NULL,NULL,1,0),(14,'7250.00','7749.99','272.50','552.50','10.00',NULL,'2014-09-05 07:39:43',NULL,NULL,1,0),(15,'7750.00','8249.99','290.70','589.30','10.00',NULL,'2014-09-05 07:39:43',NULL,NULL,1,0),(16,'8250.00','8749.99','308.80','626.20','10.00',NULL,'2014-09-05 07:39:43',NULL,NULL,1,0),(17,'8750.00','9249.99','327.00','663.00','10.00',NULL,'2014-09-05 07:39:43',NULL,NULL,1,0),(18,'9250.00','9749.99','345.20','699.80','10.00',NULL,'2014-09-05 07:39:43',NULL,NULL,1,0),(19,'9750.00','10249.99','363.30','736.70','10.00',NULL,'2014-09-05 07:39:43',NULL,NULL,1,0),(20,'10250.00','10749.99','381.50','773.50','10.00',NULL,'2014-09-05 07:39:43',NULL,NULL,1,0),(21,'10750.00','11249.99','399.70','810.30','10.00',NULL,'2014-09-05 07:39:43',NULL,NULL,1,0),(22,'11250.00','11749.99','417.80','847.20','10.00',NULL,'2014-09-05 07:39:43',NULL,NULL,1,0),(23,'11750.00','12249.99','436.00','884.00','10.00',NULL,'2014-09-05 07:39:43',NULL,NULL,1,0),(24,'12250.00','12749.99','454.20','920.80','10.00',NULL,'2014-09-05 07:39:43',NULL,NULL,1,0),(25,'12750.00','13249.99','472.30','957.70','10.00',NULL,'2014-09-05 07:39:43',NULL,NULL,1,0),(26,'13250.00','13749.99','490.50','994.50','10.00',NULL,'2014-09-05 07:39:43',NULL,NULL,1,0),(27,'13750.00','14249.99','508.70','1031.30','10.00',NULL,'2014-09-05 07:39:43',NULL,NULL,1,0),(28,'14250.00','14749.99','526.80','1068.20','10.00',NULL,'2014-09-05 07:39:43',NULL,NULL,1,0),(29,'14750.00','15249.99','545.00','1105.00','30.00',NULL,'2014-09-05 07:39:43',NULL,NULL,1,0),(30,'15250.00','15749.99','563.20','1141.80','30.00',NULL,'2014-09-05 07:39:43',NULL,NULL,1,0),(31,'15750.00','99999999.00','581.30','1178.70','30.00',NULL,'2014-09-05 07:39:43',NULL,NULL,1,0);

/*Data for the table `ww_payroll_tax_shield` */

insert  into `ww_payroll_tax_shield`(`tax_shield_id`,`job_class_id`,`max_amount`,`description`,`created_on`,`created_by`,`modified_on`,`modified_by`,`deleted`) values (1,2,'22000.00','For Managerial','2015-12-11 01:43:27',1,NULL,NULL,0);

/*Data for the table `ww_payroll_transaction` */

insert  into `ww_payroll_transaction`(`transaction_id`,`transaction_code`,`transaction_label`,`transaction_class_id`,`transaction_type_id`,`debit_account_id`,`credit_account_id`,`per_annum_cap`,`priority_id`,`is_bonus`,`created_by`,`created_on`,`modified_by`,`modified_on`,`can_delete`,`deleted`) values (1,'SALARY','Salaries and Wages',1,1,1,0,NULL,5,0,NULL,NULL,27,'2016-02-24 15:26:27',1,0),(2,'ALLOWANCE_RECURRING','Recurring Allowance',2,2,12,NULL,NULL,3,0,NULL,NULL,NULL,NULL,1,0),(3,'ALLOWANCE_BATCH','Batch Allowance',3,1,12,0,NULL,3,0,NULL,NULL,1,'2016-04-11 18:08:17',1,0),(4,'BENEFIT_RECURRING','Recurring Benefit',4,2,12,NULL,NULL,3,0,NULL,NULL,NULL,NULL,1,0),(5,'BENEFIT_BATCH','Basic Need Grant',5,2,18,26,NULL,3,0,NULL,NULL,75,'2015-06-26 13:31:12',1,0),(6,'DE_MINIMIS_BENEFIT_RECURRING','Recurring De Minimis Benefit',6,6,12,NULL,NULL,3,0,NULL,NULL,NULL,NULL,1,0),(7,'DE_MINIMIS_BENEFIT_BATCH','Batch De Minimis  Benefit',7,6,12,NULL,NULL,3,0,NULL,NULL,NULL,NULL,1,0),(8,'FRINGE_BENEFIT_RECURRING','Recurring Fringe Benefit',8,7,12,NULL,NULL,3,0,NULL,NULL,NULL,NULL,1,0),(9,'FRINGE_BENEFIT_BATCH','Batch Fringe Benefit',9,7,12,NULL,NULL,3,0,NULL,NULL,NULL,NULL,1,0),(10,'BONUS','Bonus',21,8,12,NULL,NULL,3,0,NULL,NULL,NULL,NULL,1,0),(11,'BONUS_TAXABLE','Bonus Taxable',22,1,12,NULL,NULL,3,0,NULL,NULL,NULL,NULL,1,0),(12,'REGOT','Regular Overtime',10,1,2,0,NULL,3,0,NULL,NULL,NULL,NULL,1,0),(13,'REGND','Night Differential',10,1,1,0,NULL,3,0,NULL,NULL,1,'2016-06-16 09:25:34',1,0),(14,'REGOT_ND','Regular Overtime Night Differential',10,1,2,0,NULL,3,0,NULL,NULL,NULL,NULL,1,0),(15,'RDOT','Rest Day Overtime',10,1,2,0,NULL,3,0,NULL,NULL,NULL,NULL,1,0),(16,'RDOT_ND','Rest Day Overtime  Night Differential',10,1,2,0,NULL,3,0,NULL,NULL,NULL,NULL,1,0),(17,'RDOT_EXCESS','Rest Day Overtime Excess',10,1,2,0,NULL,3,0,NULL,NULL,NULL,NULL,1,0),(18,'RDOT_ND_EXCESS','Rest Day Overtime  Night Differential Excess',10,1,2,0,NULL,3,0,NULL,NULL,NULL,NULL,1,0),(19,'LEGOT','Legal Holiday Overtime',10,1,2,0,NULL,3,0,NULL,NULL,NULL,NULL,1,0),(20,'LEGOT_ND','Legal Holiday Overtime Night Differential',10,1,2,0,NULL,3,0,NULL,NULL,NULL,NULL,1,0),(21,'LEGOT_EXCESS','Legal Holiday Overtime Excess',10,1,2,NULL,NULL,3,0,NULL,NULL,NULL,NULL,1,0),(22,'LEGOT_ND_EXCESS','Legal Holiday Overtime Night Differential Excess',10,1,2,NULL,NULL,3,0,NULL,NULL,NULL,NULL,1,0),(23,'SPEOT','Special Holiday Overtime',10,1,2,0,NULL,3,0,NULL,NULL,NULL,NULL,1,0),(24,'SPEOT_ND','Special Holiday Overtime Night Differential',10,1,2,0,NULL,3,0,NULL,NULL,NULL,NULL,1,0),(25,'SPEOT_EXCESS','Special Holiday Overtime Excess',10,1,2,0,NULL,3,0,NULL,NULL,NULL,NULL,1,0),(26,'SPEOT_ND_EXCESS','Special Holiday Overtime Night Differential Excess',10,1,2,0,NULL,3,0,NULL,NULL,NULL,NULL,1,0),(27,'DOBOT','Double Holiday Overtime',10,1,2,NULL,NULL,3,0,NULL,NULL,NULL,NULL,1,0),(28,'DOBOT_ND','Double Holiday Overtime Night Differential',10,1,2,NULL,NULL,3,0,NULL,NULL,NULL,NULL,1,0),(29,'DOBOT_EXCESS','Double Holiday Overtime Excess',10,1,2,NULL,NULL,3,0,NULL,NULL,NULL,NULL,1,0),(30,'DOBOT_ND_EXCESS','Double Holiday Overtime Night Differential Excess',10,1,2,NULL,NULL,3,0,NULL,NULL,NULL,NULL,1,0),(31,'LEGRDOT','Legal Holiday Rest Day Overtime',10,1,2,NULL,NULL,3,0,NULL,NULL,NULL,NULL,1,0),(32,'LEGRDOT_ND','Legal Holiday Rest Day Overtime  Night Differential',10,1,2,NULL,NULL,3,0,NULL,NULL,NULL,NULL,1,0),(33,'LEGRDOT_EXCESS','Legal Holiday Rest Day Overtime Excess',10,1,2,NULL,NULL,3,0,NULL,NULL,NULL,NULL,1,0),(34,'LEGRDOT_ND_EXCESS','Legal Holiday Rest Day Overtime  Night Differential Excess',10,1,2,NULL,NULL,3,0,NULL,NULL,NULL,NULL,1,0),(35,'SPERDOT','Special Holiday Rest Day Overtime',10,1,2,NULL,NULL,3,0,NULL,NULL,NULL,NULL,1,0),(36,'SPERDOT_ND','Special Holiday Rest Day Overtime  Night Differential',10,1,2,NULL,NULL,3,0,NULL,NULL,NULL,NULL,1,0),(37,'SPERDOT_EXCESS','Special Holiday Rest Day Overtime Excess',10,1,2,NULL,NULL,3,0,NULL,NULL,NULL,NULL,1,0),(38,'SPERDOT_ND_EXCESS','Special Holiday Rest Day Overtime  Night Differential Excess',10,1,2,NULL,NULL,3,0,NULL,NULL,NULL,NULL,1,0),(39,'DOBRDOT','Double Holiday Rest Day Overtime',10,1,2,NULL,NULL,3,0,NULL,NULL,NULL,NULL,1,0),(40,'DOBRDOT_ND','Double Holiday Rest Day Overtime  Night Differential',10,1,2,NULL,NULL,3,0,NULL,NULL,NULL,NULL,1,0),(41,'DOBRDOT_EXCESS','Double Holiday Rest Day Overtime Excess',10,1,2,NULL,NULL,3,0,NULL,NULL,NULL,NULL,1,0),(42,'DOBRDOT_ND_EXCESS','Double Holiday Rest Day Overtime  Night Differential Excess',10,1,2,NULL,NULL,3,0,NULL,NULL,NULL,NULL,1,0),(43,'LWOP','Leave without Pay',11,5,0,1,NULL,3,0,NULL,NULL,NULL,NULL,1,0),(44,'ABSENCES','Deduction Absences',12,5,0,1,NULL,3,0,NULL,NULL,NULL,NULL,1,0),(45,'DEDUCTION_LATE','Deduction Late',13,5,0,1,NULL,3,0,NULL,NULL,NULL,NULL,1,0),(46,'DEDUCTION_UNDERTIME','Deduction Undertime',14,5,0,1,NULL,3,0,NULL,NULL,NULL,NULL,1,0),(47,'TAXABLE_DEDUCTION','Taxable Deductions',15,5,NULL,NULL,NULL,3,0,NULL,NULL,NULL,NULL,1,0),(48,'ECOLA','E-cola',16,1,1,0,'0.00',3,0,NULL,NULL,NULL,NULL,1,0),(49,'SSS_EMP','SSS Employee Contribution',17,5,0,11,NULL,3,0,NULL,NULL,NULL,NULL,1,0),(50,'PHIC_EMP','PhilHealth Employee Contribution',18,5,0,12,NULL,3,0,NULL,NULL,NULL,NULL,1,0),(51,'GSIS_EMP','GSIS Employee Contribution',19,5,NULL,NULL,NULL,3,0,NULL,NULL,NULL,NULL,1,0),(52,'HDMF_EMP','PagIBIG Employee Contribution',20,5,0,13,NULL,3,0,NULL,NULL,NULL,NULL,1,0),(53,'WHTAX','Withholding Tax',23,3,0,9,NULL,3,0,NULL,NULL,NULL,NULL,1,0),(54,'DEDUCTION_RECURRING','Recurring Deduction',24,3,NULL,NULL,NULL,3,0,NULL,NULL,NULL,NULL,1,0),(55,'DEDUCTION_BATCH','Batch Deduction',25,3,0,10,NULL,3,0,NULL,NULL,NULL,NULL,1,0),(56,'LOAN_AMORTIZATION','Loan Amortization',26,3,NULL,NULL,NULL,3,0,NULL,NULL,NULL,NULL,1,0),(57,'LOAN_INTEREST','Loan Interest',27,3,NULL,NULL,NULL,3,0,NULL,NULL,NULL,NULL,1,0),(58,'SHARED_DEDUCTION','Shared Deduction',28,4,NULL,NULL,NULL,3,0,NULL,NULL,NULL,NULL,1,0),(59,'CASH_ADVANCE','Cash Advance',29,1,0,39,NULL,3,0,NULL,NULL,75,'2015-02-20 15:55:57',1,0),(60,'NETPAY','Netpay',30,NULL,0,17,NULL,3,0,NULL,NULL,NULL,NULL,1,0),(62,'LNEMPL','Loan Principal',31,NULL,NULL,NULL,NULL,3,0,NULL,NULL,NULL,NULL,1,0),(63,'LNINTP','Loan Interest (Release)',32,NULL,NULL,NULL,NULL,3,0,NULL,NULL,NULL,NULL,1,0),(64,'DEDSHC','Deduction Shared Company',33,NULL,NULL,NULL,NULL,3,0,NULL,NULL,NULL,NULL,1,0),(65,'SSS_COM','SSS Company Contribution',34,NULL,5,0,NULL,3,0,NULL,NULL,NULL,NULL,1,0),(66,'SSS_ECC','SSS ECC Contribution',35,NULL,5,0,NULL,3,0,NULL,NULL,NULL,NULL,1,0),(67,'PHIC_COM','PhilHealth Company Contribution',36,NULL,6,0,NULL,3,0,NULL,NULL,NULL,NULL,1,0),(68,'HDMF_COM','PagIBIG Company Contribution',37,NULL,7,0,NULL,5,0,NULL,NULL,NULL,NULL,1,0),(69,'SSSLNA','SSS Loan Amortization',26,3,0,0,'0.00',1,0,NULL,NULL,NULL,NULL,1,0),(70,'HMI_DEP','HMI Dependent',24,3,0,0,'0.00',1,0,NULL,NULL,NULL,NULL,1,0),(71,'KILUSAN','KILUSAN',24,3,0,0,'0.00',2,0,NULL,NULL,NULL,NULL,1,0),(72,'TAX PAYABLE','TAX PAYABLE',24,3,0,10,'0.00',1,0,NULL,NULL,NULL,NULL,1,0),(73,'TUCP','TUCP',24,3,0,0,'0.00',1,0,NULL,NULL,NULL,NULL,1,0),(74,'13TH MONTH PAY NT','13TH MONTH PAY NT',21,8,0,0,'0.00',1,0,NULL,NULL,NULL,NULL,1,0),(75,'TEL BILLS','TELL BILLS',25,3,0,0,'0.00',1,0,NULL,NULL,NULL,NULL,1,0),(76,'TEL BILLS2','TEL BILLS2',25,3,0,0,'0.00',1,0,NULL,NULL,NULL,NULL,1,0),(77,'TEL BILLS3','TELL BILLS3',25,3,0,0,'0.00',1,0,NULL,NULL,NULL,NULL,1,0),(78,'TEL BILLS4','TEL BILLS4',25,3,0,0,'0.00',1,0,NULL,NULL,NULL,NULL,1,0),(79,'TEL BILLS5','TEL BILLS5',25,3,0,0,'0.00',1,0,NULL,NULL,NULL,NULL,1,0),(80,'EA_VIP','EA_VIP',5,3,0,0,'0.00',1,0,NULL,NULL,NULL,NULL,1,0),(81,'UNLIQ-ACA','UNLIQ-ACA',25,3,0,0,'0.00',1,0,NULL,NULL,NULL,NULL,1,0),(82,'UNLIQ-IOU','UNLIQ-IOU',25,3,0,0,'0.00',1,0,NULL,NULL,NULL,NULL,1,0),(83,'UNLIQ-RF','UNLIQ-RF',25,3,0,0,'0.00',1,0,NULL,NULL,NULL,NULL,1,0),(84,'UNIFORM','UNIFORM',25,3,0,0,'0.00',1,0,NULL,NULL,NULL,NULL,1,0),(85,'TRNG BOND','TRAINING BOND',25,3,0,0,'0.00',1,0,NULL,NULL,NULL,NULL,1,0),(86,'UNLIQ_CA','UNLIQ CA',24,3,0,0,'0.00',3,0,NULL,NULL,NULL,NULL,1,0),(87,'UNLIQ_RF','UNLIQ RF',24,3,0,0,'0.00',3,0,NULL,NULL,NULL,NULL,1,0),(88,'14_ALLOW','14 Project Allowance',3,1,0,0,'0.00',3,0,NULL,NULL,NULL,NULL,1,0),(89,'LP_ALLOW','Longevity Pay',3,1,0,0,'0.00',3,0,NULL,NULL,NULL,NULL,1,0),(90,'SALADJ','Salary Adjustment',3,1,1,0,'0.00',3,0,NULL,NULL,NULL,NULL,1,0),(91,'SIL_NT','Service Incentive Leave Non Tax',5,2,0,0,'0.00',3,0,NULL,NULL,NULL,NULL,1,0),(92,'SIL_TAX','Service Incentive Leave Taxable',3,1,0,0,'0.00',3,0,NULL,NULL,NULL,NULL,1,0),(93,'MEALALLOW','Meal Allowance',3,1,0,0,'0.00',3,0,NULL,NULL,NULL,NULL,1,0),(94,'ECOLA_ALLOW','ECOLA Allowance',3,1,0,0,'0.00',3,0,NULL,NULL,NULL,NULL,1,0),(95,'VLSL_NT','VL/SL NT',3,2,0,0,'0.00',3,0,NULL,NULL,NULL,NULL,1,0),(96,'OTADJ','OT Adjustment',3,1,0,0,'0.00',3,0,NULL,NULL,NULL,NULL,1,0),(97,'SUN_OTADJ','Sunday OT Adjustment',3,1,0,0,'0.00',3,0,NULL,NULL,NULL,NULL,1,0),(98,'REG_OTADJ','Regular OT Adjustment',3,1,0,0,'0.00',3,0,NULL,NULL,NULL,NULL,1,0),(99,'HOL_OTADJ','Holiday OT Adjustment',3,1,0,0,'0.00',3,0,NULL,NULL,NULL,NULL,1,0),(100,'OTRETRO','OT Retro',3,1,0,0,'0.00',3,0,NULL,NULL,NULL,NULL,1,0),(101,'RETRO','Retro',3,1,0,0,'0.00',3,0,NULL,NULL,NULL,NULL,1,0),(102,'VLSL_TX','Sick Leave Conversion Adj',3,1,0,0,'0.00',3,0,NULL,NULL,27,'2016-06-27 13:15:22',1,0),(103,'ECOLA_ADJ','E-COLA Adjustment',3,1,0,0,'0.00',3,0,NULL,NULL,NULL,NULL,1,0),(104,'ADDTL8HRS','Additional 8 Hours',3,1,0,0,'0.00',3,0,NULL,NULL,NULL,NULL,1,0),(105,'EWA','Extra Work Allowance',3,1,0,0,'0.00',3,0,NULL,NULL,NULL,NULL,1,0),(106,'HA','Hazard Allowance',3,1,0,0,'0.00',3,0,NULL,NULL,NULL,NULL,1,0),(107,'PJA','Project Allowance',3,1,0,0,'0.00',3,0,NULL,NULL,NULL,NULL,1,0),(108,'14ALLW_ADJ','14% Project Allowance Adjustment',3,1,0,0,'0.00',3,0,NULL,NULL,NULL,NULL,1,0),(109,'TRMNLPAY','Terminal Pay',3,1,0,0,'0.00',3,0,NULL,NULL,NULL,NULL,1,0),(110,'PJA_ADJ','Project Allowance Adjustment',3,1,0,0,'0.00',3,0,NULL,NULL,NULL,NULL,1,0),(111,'CASHADVLNA','Cash Advance',26,3,0,0,'0.00',3,0,NULL,NULL,NULL,NULL,1,0),(112,'HA_ADJ','HA Adjustment',3,1,0,0,'0.00',2,0,NULL,NULL,NULL,NULL,1,0),(113,'EAMPCLNA','EAMPC',26,3,NULL,NULL,'0.00',3,0,NULL,NULL,NULL,NULL,1,0),(114,'EMRGNCYLNA','Emergency Loan',26,3,NULL,NULL,'0.00',3,0,NULL,NULL,NULL,NULL,1,0),(115,'HMI_DEPLNA','HMI DEP',26,3,NULL,NULL,'0.00',3,0,NULL,NULL,NULL,NULL,1,0),(116,'HOSP_BILLSLNA','HOSP BILLS',26,3,NULL,NULL,'0.00',3,0,NULL,NULL,NULL,NULL,1,0),(117,'MEDCARELNA','MEDCARE',26,3,NULL,NULL,'0.00',3,0,NULL,NULL,NULL,NULL,1,0),(118,'OVERPMT_OTLNA','OVERPMT-OT',26,3,NULL,NULL,'0.00',3,0,NULL,NULL,NULL,NULL,1,0),(119,'PRYCE_CARELNA','PRYCE CARE',26,3,NULL,NULL,'0.00',3,0,NULL,NULL,NULL,NULL,1,0),(120,'SSCALLNA','SS CAL',26,3,NULL,NULL,'0.00',3,0,NULL,NULL,NULL,NULL,1,0),(121,'STOCK_PLANLNA','STOCK PLAN',26,3,NULL,NULL,'0.00',3,0,NULL,NULL,NULL,NULL,1,0),(122,'TAX_PYBLELNA','TAX_PYBLE',26,3,NULL,NULL,'0.00',3,0,NULL,NULL,NULL,NULL,1,0),(123,'UNLIQ_CALNA','UNLIQ. CA',26,3,NULL,NULL,'0.00',3,0,NULL,NULL,NULL,NULL,1,0),(124,'UNLIQ_IOULNA','UNLIQ_IOU',26,3,NULL,NULL,'0.00',3,0,NULL,NULL,NULL,NULL,1,0),(125,'UN_PCVLNA','UN-PCV',26,3,NULL,NULL,'0.00',3,0,NULL,NULL,NULL,NULL,1,0),(126,'COMPLNA','Computer Loan',26,3,NULL,NULL,'0.00',3,0,NULL,NULL,NULL,NULL,1,0),(127,'DENTLNA','Dental Loan',26,3,NULL,NULL,'0.00',3,0,NULL,NULL,NULL,NULL,1,0),(128,'EAGLASSLNA','Eyeglass Loan',26,3,NULL,NULL,'0.00',3,0,NULL,NULL,NULL,NULL,1,0),(129,'FPLCLNA','FPLC',26,3,NULL,NULL,'0.00',3,0,NULL,NULL,NULL,NULL,1,0),(130,'MAJALCOLNA','MAJALCO',26,3,NULL,NULL,'0.00',3,0,NULL,NULL,NULL,NULL,1,0),(131,'HDMFLNA','PAG-IBIG Multi-Purpose Loan',26,3,0,14,'0.00',3,0,NULL,NULL,NULL,NULL,1,0),(132,'13THMNT_NT','13th Month Pay',5,2,0,0,'0.00',3,0,NULL,NULL,NULL,NULL,1,0),(133,'OVR_DED','Over Payment Salary',25,3,0,0,'0.00',3,0,NULL,NULL,NULL,NULL,1,0),(134,'TAXREF','Tax Refund',5,2,0,0,'0.00',2,0,NULL,NULL,NULL,NULL,1,0),(135,'YOLANDADED','Yolanda',25,3,0,0,'0.00',3,0,NULL,NULL,NULL,NULL,1,0),(136,'EMRGNCY_LN2','Emergency Loan2',26,3,0,0,'0.00',2,0,NULL,NULL,NULL,NULL,1,0),(137,'EA_REF','Employee\'s Account Refund',5,1,0,0,'0.00',2,0,NULL,NULL,NULL,NULL,1,0),(138,'EYEGLASSLN_EXC','Eyeglass Loan Excess',24,3,0,0,'0.00',2,0,NULL,NULL,NULL,NULL,1,0),(139,'CASH_ADV','Cash Advance',25,3,0,39,'0.00',2,0,NULL,NULL,75,'2015-02-20 16:04:12',1,0),(141,'KILUSAN_P','Kilusan Deduction',24,3,0,0,'0.00',2,0,NULL,NULL,NULL,NULL,1,0),(142,'LP','Longevity Pay',2,1,0,0,'0.00',2,0,NULL,NULL,NULL,NULL,1,0),(143,'ECOLA_ADJ','E-Cola Adjustment',3,1,0,0,'0.00',2,0,NULL,NULL,NULL,NULL,1,1),(144,'MA_ADJ','Meal Allowance Adjustment',3,1,0,0,'0.00',2,0,NULL,NULL,NULL,NULL,1,0),(145,'REGOT_ADJ','Regular Overtime Adjustment',10,1,2,NULL,NULL,3,0,NULL,NULL,NULL,NULL,1,0),(146,'REGND_ADJ','Night Differential Adjustment',10,1,2,NULL,NULL,3,0,NULL,NULL,NULL,NULL,1,0),(147,'REGOT_ND_ADJ','Regular Overtime Night Differential Adjustment',10,1,2,NULL,NULL,3,0,NULL,NULL,NULL,NULL,1,0),(148,'RDOT_ADJ','Rest Day Overtime Adjustment',10,1,2,NULL,NULL,3,0,NULL,NULL,NULL,NULL,1,0),(149,'RDOT_ND_ADJ','Rest Day Overtime  Night Differential Adjustment',10,1,2,NULL,NULL,3,0,NULL,NULL,NULL,NULL,1,0),(150,'RDOT_EXCESS_ADJ','Rest Day Overtime Excess Adjustment',10,1,2,NULL,NULL,3,0,NULL,NULL,NULL,NULL,1,0),(151,'RDOT_ND_EXCESS_ADJ','Rest Day Overtime  Night Differential Excess Adjustment',10,1,2,NULL,NULL,3,0,NULL,NULL,NULL,NULL,1,0),(152,'LEGOT_ADJ','Legal Holiday Overtime Adjustment',10,1,2,NULL,NULL,3,0,NULL,NULL,NULL,NULL,1,0),(153,'LEGOT_ND_ADJ','Legal Holiday Overtime Night Differential Adjustment',10,1,2,NULL,NULL,3,0,NULL,NULL,NULL,NULL,1,0),(154,'LEGOT_EXCESS_ADJ','Legal Holiday Overtime Excess Adjustment',10,1,2,NULL,NULL,3,0,NULL,NULL,NULL,NULL,1,0),(155,'LEGOT_ND_EXCESS_ADJ','Legal Holiday Overtime Night Differential Excess Adjustment',10,1,2,NULL,NULL,3,0,NULL,NULL,NULL,NULL,1,0),(156,'SPEOT_ADJ','Special Holiday Overtime Adjustment',10,1,2,NULL,NULL,3,0,NULL,NULL,NULL,NULL,1,0),(157,'SPEOT_ND_ADJ','Special Holiday Overtime Night Differential Adjustment',10,1,2,NULL,NULL,3,0,NULL,NULL,NULL,NULL,1,0),(158,'SPEOT_EXCESS_ADJ','Special Holiday Overtime Excess Adjustment',10,1,2,NULL,NULL,3,0,NULL,NULL,NULL,NULL,1,0),(159,'SPEOT_ND_EXCESS_ADJ','Special Holiday Overtime Night Differential Excess Adjustment',10,1,2,NULL,NULL,3,0,NULL,NULL,NULL,NULL,1,0),(160,'DOBOT_ADJ','Double Holiday Overtime Adjustment',10,1,2,NULL,NULL,3,0,NULL,NULL,NULL,NULL,1,0),(161,'DOBOT_ND_ADJ','Double Holiday Overtime Night Differential Adjustment',10,1,2,NULL,NULL,3,0,NULL,NULL,NULL,NULL,1,0),(162,'DOBOT_EXCESS_ADJ','Double Holiday Overtime Excess Adjustment',10,1,2,NULL,NULL,3,0,NULL,NULL,NULL,NULL,1,0),(163,'DOBOT_ND_EXCESS_ADJ','Double Holiday Overtime Night Differential Excess Adjustment',10,1,2,NULL,NULL,3,0,NULL,NULL,NULL,NULL,1,0),(164,'LEGRDOT_ADJ','Legal Holiday Rest Day Overtime Adjustment',10,1,2,NULL,NULL,3,0,NULL,NULL,NULL,NULL,1,0),(165,'LEGRDOT_ND_ADJ','Legal Holiday Rest Day Overtime  Night Differential Adjustment',10,1,2,NULL,NULL,3,0,NULL,NULL,NULL,NULL,1,0),(166,'LEGRDOT_EXCESS_ADJ','Legal Holiday Rest Day Overtime Excess Adjustment',10,1,2,NULL,NULL,3,0,NULL,NULL,NULL,NULL,1,0),(167,'LEGRDOT_ND_EXCESS_ADJ','Legal Holiday Rest Day Overtime  Night Differential Excess Adjustment',10,1,2,NULL,NULL,3,0,NULL,NULL,NULL,NULL,1,0),(168,'SPERDOT_ADJ','Special Holiday Rest Day Overtime Adjustment',10,1,2,NULL,NULL,3,0,NULL,NULL,NULL,NULL,1,0),(169,'SPERDOT_ND_ADJ','Special Holiday Rest Day Overtime  Night Differential Adjustment',10,1,2,NULL,NULL,3,0,NULL,NULL,NULL,NULL,1,0),(170,'SPERDOT_EXCESS_ADJ','Special Holiday Rest Day Overtime Excess Adjustment',10,1,2,NULL,NULL,3,0,NULL,NULL,NULL,NULL,1,0),(171,'SPERDOT_ND_EXCESS_ADJ','Special Holiday Rest Day Overtime  Night Differential Excess Adjustment',10,1,2,NULL,NULL,3,0,NULL,NULL,NULL,NULL,1,0),(172,'DOBRDOT_ADJ','Double Holiday Rest Day Overtime Adjustment',10,1,2,NULL,NULL,3,0,NULL,NULL,NULL,NULL,1,0),(173,'DOBRDOT_ND_ADJ','Double Holiday Rest Day Overtime  Night Differential Adjustment',10,1,2,NULL,NULL,3,0,NULL,NULL,NULL,NULL,1,0),(174,'DOBRDOT_EXCESS_ADJ','Double Holiday Rest Day Overtime Excess Adjustment',10,1,2,NULL,NULL,3,0,NULL,NULL,NULL,NULL,1,0),(175,'DOBRDOT_ND_EXCESS_ADJ','Double Holiday Rest Day Overtime  Night Differential Excess Adjustment',10,1,2,NULL,NULL,3,0,NULL,NULL,NULL,NULL,1,0),(176,'ABSENCES_ADJ','Absences Adjustment',12,5,1,0,NULL,3,0,NULL,NULL,NULL,NULL,1,0),(177,'DEDUCTION_LATE_ADJ','Late Adjustment',13,5,0,1,NULL,3,0,NULL,NULL,NULL,NULL,1,0),(178,'DEDUCTION_UNDERTIME_ADJ','Undertime Adjustment',14,5,0,1,NULL,3,0,NULL,NULL,NULL,NULL,1,0),(179,'LWOP_ADJ','Leave without Pay Adjustment',11,5,1,0,NULL,3,0,NULL,NULL,NULL,NULL,1,0),(180,'SL','Sick Leave',11,1,0,0,'0.00',3,0,NULL,'2014-08-27 05:48:48',NULL,NULL,1,0),(181,'VL','Vacation Leave',11,1,0,0,'0.00',3,0,NULL,'2014-08-27 07:12:06',NULL,NULL,1,0),(182,'EL','Emergency Leave',11,1,0,0,'0.00',3,0,NULL,'2014-08-27 07:35:28',NULL,NULL,1,0),(183,'FL','Bereavement Leave',11,1,0,0,'0.00',3,0,NULL,'2014-08-27 07:36:00',NULL,NULL,1,0),(184,'ML','Maternity Leave',11,1,0,0,'0.00',3,0,NULL,'2014-08-27 07:36:10',NULL,NULL,1,0),(185,'PL','Paternity Leave',11,1,0,0,'0.00',3,0,NULL,'2014-08-27 07:36:18',NULL,NULL,1,0),(186,'BL','Birthday Leave',11,1,0,0,'0.00',3,0,NULL,'2014-08-27 07:36:27',NULL,NULL,1,0),(187,'SLW','Special Leave for Women',11,1,0,0,'0.00',3,0,NULL,'2014-08-27 07:36:42',NULL,NULL,1,0),(188,'SL_ADJ','Sick Leave Adjustment',11,1,1,0,'0.00',3,0,NULL,'2014-08-27 07:36:58',NULL,NULL,1,0),(189,'VL_ADJ','Vacation Leave Adjustment',11,1,1,0,'0.00',3,0,NULL,'2014-08-27 07:37:10',NULL,NULL,1,0),(190,'EL_ADJ','Emergency Leave Adjustment',11,1,1,0,'0.00',3,0,NULL,'2014-08-27 07:37:21',NULL,NULL,1,0),(191,'FL_ADJ','Bereavement Leave Adjustment',11,1,1,0,'0.00',3,0,NULL,'2014-08-27 07:37:31',NULL,NULL,1,0),(192,'ML_ADJ','Maternity Leave Adjustment',11,1,1,0,'0.00',3,0,NULL,'2014-08-27 07:37:49',NULL,NULL,1,0),(193,'PL_ADJ','Paternity Leave Adjustment',11,1,1,0,'0.00',3,0,NULL,'2014-08-27 07:38:08',NULL,NULL,1,0),(194,'BL_ADJ','Birthday Leave Adjustment',11,1,1,0,'0.00',3,0,NULL,'2014-08-27 07:38:19',NULL,NULL,1,0),(195,'SLW_ADJ','Special Leave for Women Adjustment',11,1,1,0,'0.00',3,0,NULL,'2014-08-27 07:38:25',NULL,NULL,1,0),(196,'STFLN_SALARY','Stanford - Salary Loan',26,3,0,30,'0.00',3,0,1,'2014-09-05 02:03:38',NULL,NULL,1,0),(197,'STFLNI_SALARY','Stanford - Salary Interest',27,3,0,30,'0.00',3,0,1,'2014-09-05 02:04:31',NULL,NULL,1,0),(198,'TRNSFER_ALLOW','Transfer Allowance',4,2,34,0,'0.00',3,0,1,'2014-09-05 02:19:33',NULL,NULL,1,0),(199,'STFLN_TUITION','Stanford - Tuition',26,3,0,31,'0.00',0,0,75,'2014-11-21 04:46:51',NULL,NULL,1,0),(200,'STFLNI_TUITION','Stanford - Tuition Interest',27,3,0,31,'0.00',3,0,75,'2014-11-21 04:47:45',NULL,NULL,1,0),(201,'STFLN_EMERGENCY','Stanford - Emergency Loan',26,3,0,0,'0.00',3,0,75,'2014-11-21 04:48:28',NULL,NULL,1,0),(202,'STFLNI_EMERGENCY','Stanford - Emegergency Interest',27,3,0,0,'0.00',3,0,75,'2014-11-21 04:49:05',NULL,NULL,1,0),(203,'HDMFLN_MULTI','Pagibig Multi Purpose Loan',26,3,0,24,'0.00',3,0,75,'2014-11-21 04:57:34',NULL,NULL,1,0),(204,'HDMFLNI_MULTI','Pagibig Multi Purpose Interest',27,3,0,0,'0.00',3,0,75,'2014-11-21 04:57:46',NULL,NULL,1,0),(205,'HDMFLN_CALAMITY','Pagibig Calamity Loan',26,3,0,0,'0.00',3,0,75,'2014-11-21 04:58:27',NULL,NULL,1,0),(206,'HDMFLNI_CALAMITY','Pagibig Calamity Interest',27,3,0,0,'0.00',3,0,75,'2014-11-21 04:58:42',NULL,NULL,1,0),(207,'SSSLN_SALARY','SSS Salary Loan',26,3,0,16,'0.00',3,0,75,'2014-11-21 04:59:00',NULL,NULL,1,0),(208,'SSSLNI_SALARY','SSS Salary Interest',27,3,0,0,'0.00',3,0,75,'2014-11-21 04:59:17',NULL,NULL,1,0),(209,'COMMALLOW','Communication Allowance',4,2,33,0,'0.00',3,0,75,'2014-11-21 05:07:49',NULL,NULL,1,0),(210,'SSSLN_CALAMITY','SSS Calamity Loan',26,3,0,0,'0.00',3,0,75,'2014-11-21 05:26:24',NULL,NULL,1,0),(211,'SSSLNI_CALAMITY','SSS Calamity Interest',27,3,0,0,'0.00',3,0,75,'2014-11-21 05:26:47',NULL,NULL,1,0),(212,'HLTH_CARD_LN','Health Card ',26,3,0,38,'0.00',3,0,75,'2014-11-22 02:06:28',NULL,NULL,1,0),(213,'HLTH_CARD_I',NULL,0,0,0,0,'0.00',3,0,NULL,'2014-11-22 02:06:42',NULL,NULL,1,0),(214,'PRODUCTS','PRODUCTS',25,3,0,35,'0.00',3,0,75,'2014-11-22 02:17:19',1,'2014-11-21 10:21:08',1,0),(215,'ECOLA','ECOLA',4,2,1,0,'0.00',3,0,1,'2014-11-22 03:59:00',1,'2014-11-21 12:01:57',1,0),(216,'LATE_DED_ADJ','Late from prev. period',25,3,0,32,'0.00',3,0,75,'2015-03-12 03:33:07',NULL,NULL,1,0),(217,'OT_ADJ','Overtime from prev. period',3,1,2,0,'0.00',3,0,75,'2015-03-12 03:57:04',75,'2015-03-11 13:41:22',1,0),(218,'REF_ABS','Refund of Absences',3,1,1,0,'0.00',3,0,75,'2015-03-12 04:39:26',NULL,NULL,1,0),(219,'ref-pagibig','Refund of Pagibig Loan',5,2,24,26,'0.00',3,0,75,'2015-04-15 02:09:34',NULL,NULL,1,0),(220,'CHILDREN\'S','Childrens Grant',5,2,16,26,'0.00',3,0,75,'2015-04-29 06:14:57',NULL,NULL,1,0),(221,'COMMISSION','Commission',5,1,1,26,'0.00',3,0,75,'2015-04-29 06:38:29',NULL,NULL,1,0),(222,'065565','Refund of SSS Loan',5,2,23,26,'0.00',3,0,75,'2015-07-30 01:51:46',75,'2015-07-29 10:51:58',1,0),(223,'SIL','Service Incentive Leave',11,2,0,0,'0.00',3,0,NULL,'2016-01-16 13:58:30',NULL,NULL,1,0),(224,'VLSLNT','Leave Conversion Non-Taxable',11,2,0,0,'0.00',3,0,NULL,'2016-01-16 13:58:30',NULL,NULL,1,0),(225,'SLVLTAX','Leave Conversion Taxable',11,1,0,0,'0.00',3,0,NULL,'2016-01-16 13:58:30',1,'2016-06-10 22:38:19',1,0),(226,'BIP','Bonus Incentive Plan',21,8,0,0,'0.00',3,0,NULL,'2016-01-16 14:04:23',NULL,NULL,1,0),(227,'PBBPA','Performance Based Bonus - PA',21,8,0,0,'0.00',3,0,NULL,'2016-01-16 14:04:23',NULL,NULL,1,0),(228,'PBBSB','Performance Based Bonus - Sales',21,8,0,0,'0.00',3,0,NULL,'2016-01-16 14:04:23',NULL,NULL,1,0),(229,'TRANSPO','Transportation Allowance',4,2,0,0,'0.00',3,0,NULL,'2016-01-16 14:07:54',NULL,NULL,1,0),(230,'Tax Shield','TAX_S',5,2,0,0,'0.00',3,0,1,'2016-01-16 14:16:36',NULL,NULL,1,0),(231,'RICEALLOW','Rice Allowance',4,2,18,0,'0.00',3,0,75,'2016-01-23 03:32:14',NULL,NULL,1,0),(232,'LAUNDRYALLOW','Laundry Allowance',4,2,18,0,'0.00',3,0,75,'2016-01-27 03:15:37',NULL,NULL,1,0),(233,'SERVICE CHARGE','Service Charge Distribution',5,1,8,0,'0.00',2,0,27,'2016-02-25 09:43:01',27,'2016-04-27 11:21:25',1,0),(234,'EMPLOYEE LEDGER','Employee Ledger',25,3,0,10,'0.00',1,0,27,'2016-02-25 10:49:36',NULL,NULL,1,0),(235,'RLPLN','Retirement Loan Program',26,3,0,15,'0.00',3,0,1,'2016-04-09 08:41:06',NULL,NULL,1,0),(236,'RLPLNI','Retirement Loan Program Interest',27,3,0,0,'0.00',3,0,1,'2016-04-09 08:42:18',NULL,NULL,1,0),(237,'EMP LEDGER','EMPLOYEE LEDGER',39,3,90,15,'0.00',3,0,27,'2016-04-12 02:46:40',27,'2016-04-27 11:21:42',1,1),(238,'TAX PYBLE','TAX PAYABLE',39,3,90,15,'0.00',3,0,27,'2016-04-12 02:47:37',NULL,NULL,1,0),(239,'SVC CHARGE','SERVICE CHARGE',5,1,8,0,'0.00',3,0,27,'2016-04-12 03:19:46',27,'2016-04-27 11:21:31',1,1),(240,'DEMINIMIS_BEN','Deminimis',6,6,3,0,'0.00',3,0,1,'2016-04-12 07:39:03',NULL,NULL,1,0),(241,'HOLPAY_ADJ','Holiday Pay Adjustments',5,1,4,0,'0.00',2,0,27,'2016-04-27 09:06:14',27,'2016-04-27 11:25:36',1,0),(242,'SPHOL_PAY','Special Holiday Pay',5,1,185,90,'0.00',2,0,27,'2016-04-27 09:06:50',27,'2016-04-27 11:24:44',1,1),(243,'LEG HOL PREMIUM','Legal Holiday Premium',5,1,NULL,NULL,'0.00',0,0,27,'2016-05-11 15:44:28',27,'2016-05-11 01:03:39',1,0),(244,'SPCL HOL PREMIUM','Special Holiday Premium',5,1,NULL,NULL,'0.00',0,0,27,'2016-05-11 15:45:15',27,'2016-05-11 00:49:02',1,0),(245,'GLOBE CHARGES','Globe Charges',24,3,17,1,'0.00',0,0,27,'2016-05-25 08:33:31',27,'2016-05-24 18:17:23',1,0),(246,'GLOBE CHARGES','Globe Charges',25,3,1,17,'0.00',0,0,27,'2016-05-25 09:20:57',NULL,NULL,1,0),(247,'SALARY DEDUCTION','Salary Deduction_Health Permit',25,3,17,10,'0.00',0,0,27,'2016-06-11 05:31:56',27,'2016-06-10 14:32:58',1,0),(248,'DED ABSENT','Deduction Absent',25,3,17,17,'0.00',0,0,27,'2016-06-28 09:41:51',27,'2016-06-27 18:41:56',1,0);

/*Data for the table `ww_payroll_transaction_class` */

insert  into `ww_payroll_transaction_class`(`transaction_class_id`,`transaction_class_code`,`transaction_class`,`regular_processing`,`special_processing`,`final_pay_processing`,`is_recurring`,`is_irregular`,`is_loan`,`is_bonus`,`government_mandated`,`description`,`created_by`,`created_on`,`modified_by`,`modified_on`,`can_delete`,`deleted`) values (1,'SALARY','Salaries and Wages',1,0,0,0,0,0,0,0,'',NULL,NULL,27,'2016-02-09 17:31:08',1,0),(2,'ALLOWANCE_RECURRING','Recurring Allowance',1,0,0,1,0,0,0,0,NULL,NULL,NULL,NULL,NULL,1,0),(3,'ALLOWANCE_BATCH','Batch Allowance',1,1,0,0,1,0,0,0,NULL,NULL,NULL,NULL,NULL,1,0),(4,'BENEFIT_RECURRING','Recurring Benefit',1,0,0,1,0,0,0,0,NULL,NULL,NULL,NULL,NULL,1,0),(5,'BENEFIT_BATCH','Batch Benefit',1,1,0,0,1,0,0,0,NULL,NULL,NULL,NULL,NULL,1,0),(6,'DE_MINIMIS_BENEFIT_RECURRING','Recurring De Minimis Benefit',1,0,0,1,0,0,0,0,NULL,NULL,NULL,NULL,NULL,1,0),(7,'DE_MINIMIS_BENEFIT_BATCH','Batch De Minimis  Benefit',1,1,0,0,1,0,0,0,NULL,NULL,NULL,NULL,NULL,1,0),(8,'FRINGE_BENEFIT_RECURRING','Recurring Fringe Benefit',1,0,0,1,0,0,0,0,NULL,NULL,NULL,NULL,NULL,1,0),(9,'FRINGE_BENEFIT_BATCH','Batch Fringe Benefit',1,1,0,0,1,0,0,0,NULL,NULL,NULL,NULL,NULL,1,0),(10,'OVERTIME','Overtime',1,0,0,0,0,0,0,0,NULL,NULL,NULL,NULL,NULL,1,0),(11,'LEAVES','Leaves',1,0,0,0,0,0,0,0,NULL,NULL,NULL,NULL,NULL,1,0),(12,'ABSENCES','Absences',1,0,0,0,0,0,0,0,NULL,NULL,NULL,NULL,NULL,1,0),(13,'DEDUCTION_LATE','Lates',1,0,0,0,0,0,0,0,NULL,NULL,NULL,NULL,NULL,1,0),(14,'DEDUCTION_UNDERTIME','Undertime',1,0,0,0,0,0,0,0,NULL,NULL,NULL,NULL,NULL,1,0),(15,'TAXABLE_DEDUCTION','Taxable Deduction',1,0,0,0,0,0,0,0,NULL,NULL,NULL,NULL,NULL,1,0),(16,'ECOLA','E-cola',1,0,0,0,0,0,0,1,NULL,NULL,NULL,NULL,NULL,1,0),(17,'SSS_EMP','SSS Employee Contribution',1,0,0,0,0,0,0,1,NULL,NULL,NULL,NULL,NULL,1,0),(18,'PHIC_EMP','PHIC Employee Contribution',1,0,0,0,0,0,0,1,NULL,NULL,NULL,NULL,NULL,1,0),(19,'GSIS_EMP','GSIS Employee Contribution',1,0,0,0,0,0,0,1,NULL,NULL,NULL,NULL,NULL,1,0),(20,'HDMF_EMP','HDMF Employee Contribution',1,0,0,0,0,0,0,1,NULL,NULL,NULL,NULL,NULL,1,0),(21,'BONUS','Bonus',1,1,0,0,1,0,1,0,NULL,NULL,NULL,NULL,NULL,1,0),(22,'BONUS_TAXABLE','Bonus Taxable',1,1,0,0,1,0,1,0,NULL,NULL,NULL,NULL,NULL,1,0),(23,'WHTAX','Withholding Tax',1,1,1,0,0,0,0,0,NULL,NULL,NULL,NULL,NULL,1,0),(24,'DEDUCTION_RECURRING','Recurring Deduction',1,0,0,1,0,0,0,0,NULL,NULL,NULL,NULL,NULL,1,0),(25,'DEDUCTION_BATCH','Batch Deduction',1,0,0,0,1,0,0,0,NULL,NULL,NULL,NULL,NULL,1,0),(26,'LOAN_AMORTIZATION','Loan Amortization',1,0,0,0,0,1,0,0,NULL,NULL,NULL,NULL,NULL,1,0),(27,'LOAN_INTEREST','Loan Interest',1,0,0,0,0,1,0,0,NULL,NULL,NULL,NULL,NULL,1,0),(28,'SHARED_DEDUCTION','Shared Deduction',1,0,0,0,0,0,0,0,NULL,NULL,NULL,NULL,NULL,1,0),(29,'CASH_ADVANCE','Cash Advance',1,0,0,0,0,0,0,0,NULL,NULL,NULL,NULL,NULL,1,0),(30,'NETPAY','Netpay',1,1,1,0,0,0,0,0,NULL,NULL,NULL,NULL,NULL,1,0),(31,'LNEMPL','Loan Principal',0,0,0,0,0,1,0,0,NULL,NULL,NULL,NULL,NULL,1,0),(32,'LNINTP','Loan Interest (Release)',0,0,0,0,0,1,0,0,NULL,NULL,NULL,NULL,NULL,1,0),(33,'DEDSHC','Deduction Shared Company',0,0,0,0,0,0,0,0,NULL,NULL,NULL,NULL,NULL,1,0),(34,'SSS_COM','SSS Company Contribution',0,0,0,0,0,0,0,0,NULL,NULL,NULL,NULL,NULL,1,0),(35,'SSS_ECC','SSS ECC Contribution',0,0,0,0,0,0,0,0,NULL,NULL,NULL,NULL,NULL,1,0),(36,'PHIC_COM','PHIC Company Contribution',0,0,0,0,0,0,0,0,NULL,NULL,NULL,NULL,NULL,1,0),(37,'HDMF_COM','HDMF Company Contribution',0,0,0,0,0,0,0,0,NULL,NULL,NULL,NULL,NULL,1,0),(38,'LP','Longevity Pay',0,0,0,0,0,0,0,0,NULL,NULL,NULL,NULL,NULL,1,0),(39,'OTH_DED','Other Deduction',0,0,0,0,0,0,0,0,'',27,'2016-02-10 09:31:20',NULL,NULL,1,0),(40,'LEGAL_HOLIDAY','Legal Holiday Premium',0,0,0,0,0,0,0,0,'Legal Holiday Premium',27,'2016-04-27 09:01:36',27,'2016-04-26 18:02:49',1,0),(41,'SPECIAL_HOLIDAY','Special Holiday Premium',0,0,0,0,0,0,0,0,'Special Holiday Premium',27,'2016-04-27 09:01:50',27,'2016-04-26 18:03:35',1,0),(42,'Globe Charges','Globe Charges Recurring',0,0,0,0,0,0,0,0,'Globe Charges Amortization',27,'2016-05-25 08:31:14',27,'2016-05-24 17:31:25',1,0);

/*Data for the table `ww_payroll_transaction_method` */

insert  into `ww_payroll_transaction_method`(`payroll_transaction_method_id`,`payroll_transaction_method`,`sequence`,`description`,`created_by`,`created_on`,`modified_by`,`modified_on`,`can_delete`,`deleted`) values (1,'Earnings (%)',1,NULL,NULL,NULL,NULL,NULL,1,0),(2,'Period Salary (%)',1,NULL,NULL,NULL,NULL,NULL,1,0),(3,'Fixed',1,NULL,NULL,NULL,NULL,NULL,1,0),(4,'Period Salary and Attendance (%)',1,NULL,NULL,NULL,NULL,NULL,1,0),(5,'Actual Salary (%)',1,NULL,NULL,NULL,NULL,NULL,1,0),(6,'Service Charge',1,'Computation of Service Charge',NULL,'2016-02-25 07:54:19',NULL,NULL,1,0);

/*Data for the table `ww_payroll_transaction_method_bonus` */

insert  into `ww_payroll_transaction_method_bonus`(`payroll_transaction_method_bonus_id`,`payroll_transaction_method_bonus`,`sequence`,`description`,`created_by`,`created_on`,`modified_by`,`modified_on`,`deleted`) values (1,'Earnings (%)',1,NULL,NULL,NULL,NULL,NULL,0),(2,'Period Salary (%)',1,NULL,NULL,NULL,NULL,NULL,0),(3,'Fixed',1,NULL,NULL,NULL,NULL,NULL,0),(4,'Period Salary and Attendance (%)',1,NULL,NULL,NULL,NULL,NULL,0),(5,'Actual Salary (%)',1,NULL,NULL,NULL,NULL,NULL,0);

/*Data for the table `ww_payroll_transaction_mode` */

insert  into `ww_payroll_transaction_mode`(`payroll_transaction_mode_id`,`payroll_transaction_mode`,`description`,`created_by`,`created_on`,`modified_by`,`modified_on`,`can_delete`,`deleted`) values (1,'Default','system computed',NULL,NULL,NULL,NULL,1,0),(2,'None','do not include in computation',NULL,NULL,NULL,NULL,1,0),(3,'Manual','manual entry',NULL,NULL,NULL,NULL,1,0),(4,'Custom','for customised computation depending on customer specification',NULL,NULL,NULL,NULL,1,0),(5,'Actual','Actual Earnings',NULL,NULL,NULL,NULL,1,0);

/*Data for the table `ww_payroll_transaction_mode_tax` */

insert  into `ww_payroll_transaction_mode_tax`(`payroll_transaction_mode_id`,`payroll_transaction_mode`,`description`,`deleted`) values (1,'Based on Tax Table','based on salary and tax table from government',0),(2,'Annualized','based on year to date gross compensation',0),(3,'Manual','manual entry',0),(4,'Cummulative','',0),(5,'None','Do not include in computation',0);

/*Data for the table `ww_payroll_transaction_priority` */

insert  into `ww_payroll_transaction_priority`(`priority_id`,`priority`,`priority_index`,`description`,`deleted`) values (1,'1 - Critical',1,NULL,0),(2,'2 - Very important',2,NULL,0),(3,'3 - Important',3,NULL,0),(4,'4 - Slightly important',4,NULL,0),(5,'5 - Unimportant',5,NULL,0);

/*Data for the table `ww_payroll_transaction_type` */

insert  into `ww_payroll_transaction_type`(`transaction_type_id`,`transaction_type`,`operation`,`description`,`sort_order`,`deleted`) values (1,'Earning','+','Taxable\r\n',1,0),(2,'Benefit','+','FBT Exempted',2,0),(3,'Deductions','-','Deduct after Tax',7,0),(4,'Shared Deduction','-','Deduct after Tax',8,0),(5,'Earnings Deduction','-','Deduct before tax',6,0),(6,'De Minimis Benefit','+','Goverment regulated benefits, listed as Exempted for FBT for a maximum amount, otherwise excess will be subject to bonus tax ruling.',3,0),(7,'Fringe Benefit','+','Subject to FBT',4,0),(8,'Bonus','+','Bonus tax ruling (currently 30K ruling)',5,0);

/*Data for the table `ww_payroll_upload_results` */

/*Data for the table `ww_payroll_week` */

insert  into `ww_payroll_week`(`week_id`,`week`,`description`,`deleted`) values (1,'1st Week',NULL,0),(2,'2nd Week',NULL,0),(3,'3rd Week',NULL,0),(4,'4th Week',NULL,0),(5,'5th Week',NULL,0);

/*Data for the table `ww_payroll_whtax_table` */

insert  into `ww_payroll_whtax_table`(`whtax_id`,`payroll_schedule_id`,`taxcode_id`,`salary_from`,`salary_to`,`fixed_amount`,`excess_percentage`,`created_by`,`created_on`,`modified_by`,`modified_on`,`can_delete`,`deleted`) values (49,6,6,'1.00','0.00','0.00','0.00',NULL,NULL,NULL,NULL,1,0),(50,6,6,'0.00','191.99','0.00','5.00',NULL,NULL,NULL,NULL,1,0),(51,6,6,'192.00','576.99','9.62','10.00',NULL,NULL,NULL,NULL,1,0),(52,6,6,'577.00','1345.99','48.08','15.00',NULL,NULL,NULL,NULL,1,0),(53,6,6,'1346.00','2691.99','163.46','20.00',NULL,NULL,NULL,NULL,1,0),(54,6,6,'2692.00','4807.99','432.69','25.00',NULL,NULL,NULL,NULL,1,0),(55,6,6,'4808.00','9614.99','961.54','30.00',NULL,NULL,NULL,NULL,1,0),(56,6,6,'9615.00','9999999.99','2403.85','32.00',NULL,NULL,NULL,NULL,1,0),(57,6,1,'1.00','961.99','0.00','0.00',NULL,NULL,NULL,NULL,1,0),(58,6,1,'962.00','1153.99','0.00','5.00',NULL,NULL,NULL,NULL,1,0),(59,6,1,'1154.00','1537.99','9.62','10.00',NULL,NULL,NULL,NULL,1,0),(60,6,1,'1538.00','2307.99','48.08','15.00',NULL,NULL,NULL,NULL,1,0),(61,6,1,'2308.00','3653.99','163.46','20.00',NULL,NULL,NULL,NULL,1,0),(62,6,1,'3654.00','5768.99','432.69','25.00',NULL,NULL,NULL,NULL,1,0),(63,6,1,'5769.00','10576.99','961.54','30.00',NULL,NULL,NULL,NULL,1,0),(64,6,1,'10577.00','9999999.99','2403.85','32.00',NULL,NULL,NULL,NULL,1,0),(65,6,2,'1.00','1441.99','0.00','0.00',NULL,NULL,NULL,NULL,1,0),(66,6,2,'1442.00','1634.99','0.00','5.00',NULL,NULL,NULL,NULL,1,0),(67,6,2,'1635.00','2018.99','9.62','10.00',NULL,NULL,NULL,NULL,1,0),(68,6,2,'2019.00','2787.99','48.08','15.00',NULL,NULL,NULL,NULL,1,0),(69,6,2,'2788.00','4134.99','163.46','20.00',NULL,NULL,NULL,NULL,1,0),(70,6,2,'4135.00','6249.99','432.69','25.00',NULL,NULL,NULL,NULL,1,0),(71,6,2,'6250.00','11057.99','961.54','30.00',NULL,NULL,NULL,NULL,1,0),(72,6,2,'11058.00','9999999.99','2403.85','32.00',NULL,NULL,NULL,NULL,1,0),(73,6,3,'1.00','1922.99','0.00','0.00',NULL,NULL,NULL,NULL,1,0),(74,6,3,'1923.00','2114.99','0.00','5.00',NULL,NULL,NULL,NULL,1,0),(75,6,3,'2115.00','2499.99','9.62','10.00',NULL,NULL,NULL,NULL,1,0),(76,6,3,'2500.00','3268.99','48.08','15.00',NULL,NULL,NULL,NULL,1,0),(77,6,3,'3269.00','4614.99','163.46','20.00',NULL,NULL,NULL,NULL,1,0),(78,6,3,'4615.00','6730.99','432.69','25.00',NULL,NULL,NULL,NULL,1,0),(79,6,3,'6731.00','11537.99','961.54','30.00',NULL,NULL,NULL,NULL,1,0),(80,6,3,'11538.00','9999999.99','2403.85','32.00',NULL,NULL,NULL,NULL,1,0),(81,6,4,'1.00','2403.99','0.00','0.00',NULL,NULL,NULL,NULL,1,0),(82,6,4,'2404.00','2595.99','0.00','5.00',NULL,NULL,NULL,NULL,1,0),(83,6,4,'2596.00','2980.99','9.62','10.00',NULL,NULL,NULL,NULL,1,0),(84,6,4,'2981.00','3749.99','48.08','15.00',NULL,NULL,NULL,NULL,1,0),(85,6,4,'3750.00','5095.99','163.46','20.00',NULL,NULL,NULL,NULL,1,0),(86,6,4,'5096.00','7211.99','432.69','25.00',NULL,NULL,NULL,NULL,1,0),(87,6,4,'7212.00','12018.99','961.54','30.00',NULL,NULL,NULL,NULL,1,0),(88,6,4,'12019.00','9999999.99','2403.85','32.00',NULL,NULL,NULL,NULL,1,0),(89,6,5,'1.00','2884.99','0.00','0.00',NULL,NULL,NULL,NULL,1,0),(90,6,5,'2885.00','3076.99','0.00','5.00',NULL,NULL,NULL,NULL,1,0),(91,6,5,'3077.00','3461.99','9.62','10.00',NULL,NULL,NULL,NULL,1,0),(92,6,5,'3462.00','4230.99','48.08','15.00',NULL,NULL,NULL,NULL,1,0),(93,6,5,'4231.00','5576.99','163.46','20.00',NULL,NULL,NULL,NULL,1,0),(94,6,5,'5577.00','7691.99','432.69','25.00',NULL,NULL,NULL,NULL,1,0),(95,6,5,'7692.00','12499.99','961.54','30.00',NULL,NULL,NULL,NULL,1,0),(96,6,5,'12500.00','9999999.99','2403.85','32.00',NULL,NULL,NULL,NULL,1,0),(97,5,6,'1.00','0.00','0.00','0.00',NULL,NULL,NULL,NULL,1,0),(98,5,6,'0.00','416.99','0.00','5.00',NULL,NULL,NULL,NULL,1,0),(99,5,6,'417.00','1249.99','20.83','10.00',NULL,NULL,NULL,NULL,1,0),(100,5,6,'1250.00','2916.99','104.17','15.00',NULL,NULL,NULL,NULL,1,0),(101,5,6,'2917.00','5832.99','354.17','20.00',NULL,NULL,NULL,NULL,1,0),(102,5,6,'5833.00','10416.99','937.50','25.00',NULL,NULL,NULL,NULL,1,0),(103,5,6,'10417.00','20832.99','2083.33','30.00',NULL,NULL,NULL,NULL,1,0),(104,5,6,'20833.00','9999999.99','5208.33','32.00',NULL,NULL,NULL,NULL,1,0),(105,5,1,'1.00','2082.99','0.00','0.00',NULL,NULL,NULL,NULL,1,0),(106,5,1,'2083.00','2499.99','0.00','5.00',NULL,NULL,NULL,NULL,1,0),(107,5,1,'2500.00','3332.99','20.83','10.00',NULL,NULL,NULL,NULL,1,0),(108,5,1,'3333.00','4999.99','104.17','15.00',NULL,NULL,NULL,NULL,1,0),(109,5,1,'5000.00','7916.99','354.17','20.00',NULL,NULL,NULL,NULL,1,0),(110,5,1,'7917.00','12499.99','937.50','25.00',NULL,NULL,NULL,NULL,1,0),(111,5,1,'12500.00','22916.99','2083.33','30.00',NULL,NULL,NULL,NULL,1,0),(112,5,1,'22917.00','9999999.99','5208.33','32.00',NULL,NULL,NULL,NULL,1,0),(113,5,2,'1.00','3124.99','0.00','0.00',NULL,NULL,NULL,NULL,1,0),(114,5,2,'3125.00','3541.99','0.00','5.00',NULL,NULL,NULL,NULL,1,0),(115,5,2,'3542.00','4374.99','20.83','10.00',NULL,NULL,NULL,NULL,1,0),(116,5,2,'4375.00','6041.99','104.17','15.00',NULL,NULL,NULL,NULL,1,0),(117,5,2,'6042.00','8957.99','354.17','20.00',NULL,NULL,NULL,NULL,1,0),(118,5,2,'8958.00','13541.99','937.50','25.00',NULL,NULL,NULL,NULL,1,0),(119,5,2,'13542.00','23957.99','2083.33','30.00',NULL,NULL,NULL,NULL,1,0),(120,5,2,'23958.00','9999999.99','5208.33','32.00',NULL,NULL,NULL,NULL,1,0),(121,5,3,'1.00','4166.99','0.00','0.00',NULL,NULL,NULL,NULL,1,0),(122,5,3,'4167.00','4582.99','0.00','5.00',NULL,NULL,NULL,NULL,1,0),(123,5,3,'4583.00','5416.99','20.83','10.00',NULL,NULL,NULL,NULL,1,0),(124,5,3,'5417.00','7082.99','104.17','15.00',NULL,NULL,NULL,NULL,1,0),(125,5,3,'7083.00','9999.99','354.17','20.00',NULL,NULL,NULL,NULL,1,0),(126,5,3,'10000.00','14582.99','937.50','25.00',NULL,NULL,NULL,NULL,1,0),(127,5,3,'14583.00','24999.99','2083.33','30.00',NULL,NULL,NULL,NULL,1,0),(128,5,3,'25000.00','9999999.99','5208.33','32.00',NULL,NULL,NULL,NULL,1,0),(129,5,4,'1.00','5207.99','0.00','0.00',NULL,NULL,NULL,NULL,1,0),(130,5,4,'5208.00','5624.99','0.00','5.00',NULL,NULL,NULL,NULL,1,0),(131,5,4,'5625.00','6457.99','20.83','10.00',NULL,NULL,NULL,NULL,1,0),(132,5,4,'6458.00','8124.99','104.17','15.00',NULL,NULL,NULL,NULL,1,0),(133,5,4,'8125.00','11041.99','354.17','20.00',NULL,NULL,NULL,NULL,1,0),(134,5,4,'11042.00','15624.99','937.50','25.00',NULL,NULL,NULL,NULL,1,0),(135,5,4,'15625.00','26041.99','2083.33','30.00',NULL,NULL,NULL,NULL,1,0),(136,5,4,'26042.00','9999999.99','5208.33','32.00',NULL,NULL,NULL,NULL,1,0),(137,5,5,'1.00','6249.99','0.00','0.00',NULL,NULL,NULL,'2016-01-28 00:00:00',1,0),(138,5,5,'6250.00','6666.99','0.00','5.00',NULL,NULL,NULL,NULL,1,0),(139,5,5,'6667.00','7499.99','20.83','10.00',NULL,NULL,NULL,NULL,1,0),(140,5,5,'7500.00','9166.99','104.17','15.00',NULL,NULL,NULL,NULL,1,0),(141,5,5,'9167.00','12082.99','354.17','20.00',NULL,NULL,NULL,NULL,1,0),(142,5,5,'12083.00','16666.99','937.50','25.00',NULL,NULL,NULL,NULL,1,0),(143,5,5,'16667.00','27082.99','2083.33','30.00',NULL,NULL,NULL,NULL,1,0),(144,5,5,'27083.00','9999999.99','5208.33','32.00',NULL,NULL,NULL,NULL,1,0),(145,4,6,'1.00','0.00','0.00','0.00',NULL,NULL,NULL,NULL,1,0),(146,4,6,'0.00','832.99','0.00','5.00',NULL,NULL,NULL,NULL,1,0),(147,4,6,'833.00','2499.99','41.67','10.00',NULL,NULL,NULL,NULL,1,0),(148,4,6,'2500.00','5832.99','208.33','15.00',NULL,NULL,NULL,NULL,1,0),(149,4,6,'5833.00','11666.99','708.33','20.00',NULL,NULL,NULL,NULL,1,0),(150,4,6,'11667.00','20832.99','1875.00','25.00',NULL,NULL,NULL,NULL,1,0),(151,4,6,'20833.00','41666.99','4166.67','30.00',NULL,NULL,NULL,NULL,1,0),(152,4,6,'41667.00','9999999.99','10416.67','32.00',NULL,NULL,NULL,NULL,1,0),(153,4,1,'1.00','4166.99','0.00','0.00',NULL,NULL,NULL,NULL,1,0),(154,4,1,'4167.00','4999.99','0.00','5.00',NULL,NULL,NULL,NULL,1,0),(155,4,1,'5000.00','6666.99','41.67','10.00',NULL,NULL,NULL,NULL,1,0),(156,4,1,'6667.00','9999.99','208.33','15.00',NULL,NULL,NULL,NULL,1,0),(157,4,1,'10000.00','15832.99','708.33','20.00',NULL,NULL,NULL,NULL,1,0),(158,4,1,'15833.00','24999.99','1875.00','25.00',NULL,NULL,NULL,NULL,1,0),(159,4,1,'25000.00','45832.99','4166.67','30.00',NULL,NULL,NULL,NULL,1,0),(160,4,1,'45833.00','9999999.99','10416.67','32.00',NULL,NULL,NULL,NULL,1,0),(161,4,2,'1.00','6249.99','0.00','0.00',NULL,NULL,NULL,NULL,1,0),(162,4,2,'6250.00','7082.99','0.00','5.00',NULL,NULL,NULL,NULL,1,0),(163,4,2,'7083.00','8749.99','41.67','10.00',NULL,NULL,NULL,NULL,1,0),(164,4,2,'8750.00','12082.99','208.33','15.00',NULL,NULL,NULL,NULL,1,0),(165,4,2,'12083.00','17916.99','708.33','20.00',NULL,NULL,NULL,NULL,1,0),(166,4,2,'17917.00','27082.99','1875.00','25.00',NULL,NULL,NULL,NULL,1,0),(167,4,2,'27083.00','47916.99','4166.67','30.00',NULL,NULL,NULL,NULL,1,0),(168,4,2,'47917.00','9999999.99','10416.67','32.00',NULL,NULL,NULL,NULL,1,0),(169,4,3,'1.00','8332.99','0.00','0.00',NULL,NULL,NULL,NULL,1,0),(170,4,3,'8333.00','9166.99','0.00','5.00',NULL,NULL,NULL,NULL,1,0),(171,4,3,'9167.00','10832.99','41.67','10.00',NULL,NULL,NULL,NULL,1,0),(172,4,3,'10833.00','14166.99','208.33','15.00',NULL,NULL,NULL,NULL,1,0),(173,4,3,'14167.00','19999.99','708.33','20.00',NULL,NULL,NULL,NULL,1,0),(174,4,3,'20000.00','29166.99','1875.00','25.00',NULL,NULL,NULL,NULL,1,0),(175,4,3,'29167.00','49999.99','4166.67','30.00',NULL,NULL,NULL,NULL,1,0),(176,4,3,'50000.00','9999999.99','10416.67','32.00',NULL,NULL,NULL,NULL,1,0),(177,4,4,'1.00','10416.99','0.00','0.00',NULL,NULL,NULL,NULL,1,0),(178,4,4,'10417.00','11249.99','0.00','5.00',NULL,NULL,NULL,NULL,1,0),(179,4,4,'11250.00','12916.99','41.67','10.00',NULL,NULL,NULL,NULL,1,0),(180,4,4,'12917.00','16249.99','208.33','15.00',NULL,NULL,NULL,NULL,1,0),(181,4,4,'16250.00','22082.99','708.33','20.00',NULL,NULL,NULL,NULL,1,0),(182,4,4,'22083.00','31249.99','1875.00','25.00',NULL,NULL,NULL,NULL,1,0),(183,4,4,'31250.00','52082.99','4166.67','30.00',NULL,NULL,NULL,NULL,1,0),(184,4,4,'52083.00','9999999.99','10416.67','32.00',NULL,NULL,NULL,NULL,1,0),(185,4,5,'1.00','12499.99','0.00','0.00',NULL,NULL,NULL,NULL,1,0),(186,4,5,'12500.00','13332.99','0.00','5.00',NULL,NULL,NULL,NULL,1,0),(187,4,5,'13333.00','14999.99','41.67','10.00',NULL,NULL,NULL,NULL,1,0),(188,4,5,'15000.00','18332.99','208.33','15.00',NULL,NULL,NULL,NULL,1,0),(189,4,5,'18333.00','24166.99','708.33','20.00',NULL,NULL,NULL,NULL,1,0),(190,4,5,'24167.00','33332.99','1875.00','25.00',NULL,NULL,NULL,NULL,1,0),(191,4,5,'33333.00','54166.99','4166.67','30.00',NULL,NULL,NULL,NULL,1,0),(192,4,5,'54167.00','9999999.99','10416.67','32.00',NULL,NULL,NULL,NULL,1,0);

/*Data for the table `ww_payroll_year` */

insert  into `ww_payroll_year`(`payroll_year_id`,`payroll_year`,`deleted`) values (1,'2016',0),(2,'2017',0);

/*Data for the table `ww_performance_appraisal` */

/*Data for the table `ww_performance_appraisal_applicable` */

/*Data for the table `ww_performance_appraisal_applicable_user` */

/*Data for the table `ww_performance_appraisal_approver` */

/*Data for the table `ww_performance_appraisal_contributor` */

/*Data for the table `ww_performance_appraisal_contributor_fields` */

/*Data for the table `ww_performance_appraisal_contributor_notes` */

/*Data for the table `ww_performance_appraisal_fields` */

/*Data for the table `ww_performance_appraisal_logs` */

/*Data for the table `ww_performance_appraisal_pdp` */

/*Data for the table `ww_performance_appraisal_personnel_action` */

/*Data for the table `ww_performance_appraisal_recommendation` */

insert  into `ww_performance_appraisal_recommendation`(`recommendation_id`,`recommendation`,`deleted`) values (1,'Promotion Recommended',0),(2,'Demotion Recommended',0),(3,'Termination',0),(4,'Transfer',0),(5,'Regularization',0);

/*Data for the table `ww_performance_appraisal_reminder` */

/*Data for the table `ww_performance_appraisal_self_review` */

/*Data for the table `ww_performance_appraisal_user_fields` */

/*Data for the table `ww_performance_contributor_status` */

insert  into `ww_performance_contributor_status`(`cs_stat_id`,`cs_stat`,`deleted`) values (1,'Draft',0),(2,'Pending',0),(3,'Done',0);

/*Data for the table `ww_performance_planning` */

/*Data for the table `ww_performance_planning_applicable` */

/*Data for the table `ww_performance_planning_applicable_fields` */

/*Data for the table `ww_performance_planning_applicable_items` */

/*Data for the table `ww_performance_planning_approver` */

/*Data for the table `ww_performance_planning_crowdsource` */

/*Data for the table `ww_performance_planning_filter` */

insert  into `ww_performance_planning_filter`(`filter_id`,`filter_by`,`deleted`) values (1,'Company',0),(2,'Location',0),(3,'Department',0),(4,'Division',0);

/*Data for the table `ww_performance_planning_logs` */

/*Data for the table `ww_performance_planning_notes` */

/*Data for the table `ww_performance_planning_reminder` */

/*Data for the table `ww_performance_rating_classification` */

insert  into `ww_performance_rating_classification`(`rating_classification_id`,`rating_classification`,`created_by`,`created_on`,`modified_by`,`modified_on`,`deleted`) values (1,'Eligibility',1,'2015-07-04 05:30:27',NULL,NULL,0),(2,'Suitability',1,'2015-07-04 05:30:34',NULL,NULL,0);

/*Data for the table `ww_performance_rating_classification_items` */

insert  into `ww_performance_rating_classification_items`(`item_id`,`rc_id`,`min_score`,`max_score`,`item_code`,`item_label`,`deleted`) values (1,1,'1.00','1.74','DME','Did not meet Expectation',0),(2,1,'1.75','2.49','BME','Barely Meets Expectations',0),(3,1,'2.50','3.24','ME','Meets Expectations',0),(4,1,'3.25','4.00','EE','Exceeds Expectations',0),(5,2,'1.00','1.74','NE','Not Evident',0),(6,2,'1.75','2.49','NSE','Not So Evident',0),(7,2,'2.50','3.24','E','Evident',0),(8,2,'3.25','4.00','VE','Very Evident',0);

/*Data for the table `ww_performance_selfreview_status` */

insert  into `ww_performance_selfreview_status`(`sr_status_id`,`sr_status`,`deleted`) values (1,'Draft',0),(2,'For HR Validation',0),(3,'Approved',0);

/*Data for the table `ww_performance_setup_library` */

insert  into `ww_performance_setup_library`(`library_id`,`library`,`description`,`status_id`,`can_delete`,`created_on`,`created_by`,`modified_on`,`modified_by`,`deleted`) values (1,'Interpersonal Skills','test',1,1,'2015-02-10 08:40:28',35,'2015-07-07 15:04:05',159,1),(2,'External Training','',1,1,'2015-07-08 06:04:34',159,NULL,NULL,0),(3,'In-House Training','',1,1,'2015-07-08 06:04:51',159,'2015-07-07 15:08:12',159,0),(4,'Coaching','',1,1,'2015-07-08 06:06:26',159,'2015-07-07 15:08:27',159,0),(5,'Mentoring','',1,1,'2015-07-08 06:06:38',159,'2015-07-07 15:08:39',159,0),(6,'Immersion Program','',1,1,'2015-07-08 06:07:00',159,'2015-07-07 15:08:51',159,0),(7,'Continuing Education','',1,1,'2015-07-17 08:01:37',133,'2015-07-20 16:50:18',159,0);

/*Data for the table `ww_performance_setup_notification` */

insert  into `ww_performance_setup_notification`(`notification_id`,`notification`,`description`,`status_id`,`can_delete`,`created_on`,`created_by`,`modified_on`,`modified_by`,`deleted`) values (1,'Before Start Date','',1,0,'2014-10-20 15:02:11',NULL,'2014-10-22 16:31:07',1,0),(2,'On Start Date','',1,0,'2014-10-20 15:02:15',NULL,'2014-10-22 16:31:45',1,0),(3,'End Date','',1,0,'2014-10-20 15:02:48',NULL,'2014-10-22 16:31:51',1,0),(4,'One Day Before','',1,1,'2015-01-30 08:19:38',133,'2015-05-20 13:13:18',35,0),(5,'Before End Date','',1,1,'2015-06-27 06:31:24',133,NULL,NULL,0);

/*Data for the table `ww_performance_setup_performance` */

insert  into `ww_performance_setup_performance`(`performance_id`,`performance`,`performance_group`,`description`,`status_id`,`send_feeds`,`send_email`,`send_sms`,`can_delete`,`created_on`,`created_by`,`modified_on`,`modified_by`,`deleted`) values (1,'First Semester (January-June)',0,'Performance type for first semester',1,1,1,0,1,'2015-06-16 11:40:29',159,'2015-09-10 15:58:22',159,0),(2,'Second Semester',0,'Performance type for second semester',1,1,1,0,1,'2015-06-16 11:41:10',159,'2015-06-16 11:55:39',133,0),(3,'3rd Month',0,'Performance type for 3rd month',1,1,1,0,1,'2015-06-16 11:41:41',159,'2015-06-16 11:56:43',133,0),(4,'5th Month',0,'Performance type for 5th month',1,1,1,0,1,'2015-06-16 11:42:20',159,'2015-06-16 11:57:14',133,0);

/*Data for the table `ww_performance_setup_rating_group` */

insert  into `ww_performance_setup_rating_group`(`rating_group_id`,`rating_group`,`description`,`status_id`,`can_delete`,`created_on`,`created_by`,`modified_on`,`modified_by`,`deleted`) values (1,'Rating Scheme for Performance & Overall Rating','4-point scale (DME, BME, ME, EE)',1,0,'2014-10-20 14:40:21',NULL,'2015-07-07 13:53:05',159,0),(2,'Rating Scheme for Practice of Core Values','4-point scale (NE, NSE, E, VE)',1,1,'2015-05-19 04:38:15',133,'2015-05-20 14:08:17',159,0);

/*Data for the table `ww_performance_setup_rating_score` */

insert  into `ww_performance_setup_rating_score`(`rating_score_id`,`rating_group_id`,`rating_score`,`score`,`description`,`status_id`,`can_delete`,`created_on`,`created_by`,`modified_on`,`modified_by`,`deleted`) values (1,1,'1',1,'Did Not Meet Expectations',1,0,'2014-10-20 14:42:18',NULL,'2015-07-07 13:53:05',159,0),(2,1,'2',2,'Barely Meets Expectations',1,0,'2014-10-20 14:43:03',NULL,'2015-07-07 13:53:05',159,0),(3,1,'3',3,'Meets Expectations',1,0,'2014-10-20 14:43:24',NULL,'2015-07-07 13:53:05',159,0),(4,1,'4',4,'Exceeds Expectations',1,0,'2014-10-20 14:43:38',NULL,'2015-07-07 13:53:05',159,0),(5,2,'1',1,'Not Evident',1,1,'2015-05-19 04:38:15',133,'2015-05-20 14:08:17',159,0),(6,2,'2',2,'Not So Evident',1,1,'2015-05-19 04:38:15',133,'2015-05-20 14:08:17',159,0),(7,2,'3',3,'Evident',1,1,'2015-05-19 04:38:15',133,'2015-05-20 14:08:17',159,0),(8,2,'4',4,'Very Evident',1,1,'2015-05-19 04:38:15',133,'2015-05-20 14:08:17',159,0);

/*Data for the table `ww_performance_setup_scorecard` */

insert  into `ww_performance_setup_scorecard`(`scorecard_id`,`scorecard`,`description`,`status_id`,`can_delete`,`created_on`,`created_by`,`modified_on`,`modified_by`,`deleted`) values (1,'Financial','',1,0,'2014-10-20 14:33:45',NULL,'2014-10-22 15:56:05',1,0);

/*Data for the table `ww_performance_status` */

insert  into `ww_performance_status`(`performance_status_id`,`performance_status`,`class`,`description`,`planning`,`deleted`) values (0,'New','btn btn-xs btn-default','Nothing started yet.',1,0),(1,'Draft','btn btn-xs btn-default','Initial',1,0),(2,'For Approval','btn btn-xs btn-warning','Forwarded to immediate.',1,0),(3,'Ongoing Discussion','btn btn-xs btn-danger','On discussion, review to finalize.',1,0),(4,'Approved','btn btn-xs btn-success','HR for safekeep.',1,0),(5,'For Appraiser Evaluation','btn btn-xs btn-info',NULL,0,0),(6,'For Appraisee Summary','btn btn-xs btn-warning',NULL,0,0),(7,'For Final Approval','btn btn-xs btn-warning',NULL,0,0),(8,'Waiting for Crowdsource','btn btn-xs btn-warning',NULL,0,0),(9,'For HR Validation','btn btn-xs btn-warning',NULL,0,0),(10,'HR Validated','btn btn-xs btn-success',NULL,0,0),(11,'For Appraiser Review','btn btn-xs btn-warning',NULL,0,0);

/*Data for the table `ww_performance_template` */

/*Data for the table `ww_performance_template_applicable` */

insert  into `ww_performance_template_applicable`(`applicable_to_id`,`applicable_to`,`deleted`) values (1,'Employment Type',0),(6,'Job Class',0);

/*Data for the table `ww_performance_template_section` */

/*Data for the table `ww_performance_template_section_column` */

/*Data for the table `ww_performance_template_section_column_fields` */

/*Data for the table `ww_performance_template_section_column_item` */

/*Data for the table `ww_performance_template_section_column_uitype` */

insert  into `ww_performance_template_section_column_uitype`(`uitype_id`,`uitype`,`deleted`) values (1,'Label',1),(2,'Textfield',0),(3,'Textarea',0),(4,'List Items',0),(5,'Rating',0),(6,'Weighted Average',0),(7,'Weight',0),(8,'Tri-part Library',0);

/*Data for the table `ww_performance_template_section_type` */

insert  into `ww_performance_template_section_type`(`section_type_id`,`section_type`,`deleted`) values (1,'Label',0),(2,'Balance Scorecard',0),(3,'Library',0),(4,'Library for Crowdsource',0),(5,'Summary',0),(6,'Immediate Superiors Summary',0),(7,'Appraisees Summary',0),(8,'Personnel Action',0);

/*Data for the table `ww_play_badges` */

insert  into `ww_play_badges`(`badge_id`,`badge_code`,`badge`,`points`,`description`,`image_path`,`modified_by`,`modified_on`,`created_by`,`created_on`,`deleted`) values (1,'EARLYBEE','EarlyBee Badge',31,'Partner without lates, absent or LWOP and undertime for a month.',NULL,NULL,'0000-00-00 00:00:00',NULL,NULL,0),(2,'FRIENDLYBEE','FriendlyBee Badge',10,'Partner who greets a birthday celebrants.','uploads/badges/friendlybee-26x26.png',1,'2015-10-06 10:52:16',NULL,NULL,0),(3,'HIGHFIVE','HighFive Badge',50,'Test description','uploads/badges/hivefive-26x26.png',NULL,'0000-00-00 00:00:00',1,'2015-10-07 01:45:48',0);

/*Data for the table `ww_play_league` */

insert  into `ww_play_league`(`league_id`,`league_code`,`league`,`description`,`modified_by`,`modified_on`,`created_by`,`created_on`,`deleted`) values (1,'NewBee','NewBee','NewBee desc',1,'2015-10-06 11:52:18',NULL,NULL,0),(2,NULL,'WorkerBee',NULL,NULL,'0000-00-00 00:00:00',NULL,NULL,0),(3,NULL,'ArmyBee',NULL,NULL,'0000-00-00 00:00:00',NULL,NULL,0),(4,NULL,'QueenBee',NULL,NULL,'0000-00-00 00:00:00',NULL,NULL,0);

/*Data for the table `ww_play_level` */

insert  into `ww_play_level`(`level_id`,`level`,`league_id`,`league`,`points_fr`,`points_to`,`description`,`modified_by`,`modified_on`,`created_by`,`created_on`,`deleted`) values (1,'Level 1',1,'NewBee',1,100,'',1,'2015-10-06 12:31:04',NULL,NULL,0),(2,'Level 2',1,'NewBee',1,100,NULL,NULL,'0000-00-00 00:00:00',NULL,NULL,0),(3,'Level 3',1,'NewBee',1,100,NULL,NULL,'0000-00-00 00:00:00',NULL,NULL,0),(4,'Level 4',1,'NewBee',1,100,NULL,NULL,'0000-00-00 00:00:00',NULL,NULL,0),(5,'Level 5',1,'NewBee',1,100,NULL,NULL,'0000-00-00 00:00:00',NULL,NULL,0),(6,'Level 6',2,'WorkerBee',1,100,NULL,NULL,'0000-00-00 00:00:00',NULL,NULL,0),(7,'Level 7',2,'WorkerBee',1,100,NULL,NULL,'0000-00-00 00:00:00',NULL,NULL,0),(8,'Level 8',2,'WorkerBee',1,100,NULL,NULL,'0000-00-00 00:00:00',NULL,NULL,0),(9,'Level 9',2,'WorkerBee',1,100,NULL,NULL,'0000-00-00 00:00:00',NULL,NULL,0),(10,'Level 10',2,'WorkerBee',1,100,NULL,NULL,'0000-00-00 00:00:00',NULL,NULL,0),(11,'Level 11',3,'ArmyBee',1,100,NULL,NULL,'0000-00-00 00:00:00',NULL,NULL,0),(12,'Level 12',3,'ArmyBee',1,100,NULL,NULL,'0000-00-00 00:00:00',NULL,NULL,0),(13,'Level 13',3,'ArmyBee',1,100,NULL,NULL,'0000-00-00 00:00:00',NULL,NULL,0),(14,'Level 14',3,'ArmyBee',1,100,NULL,NULL,'0000-00-00 00:00:00',NULL,NULL,0),(15,'Level 15',3,'ArmyBee',1,100,NULL,NULL,'0000-00-00 00:00:00',NULL,NULL,0),(16,'Level 16',4,'QueenBee',1,100,NULL,NULL,'0000-00-00 00:00:00',NULL,NULL,0),(17,'Level 17',4,'QueenBee',1,100,NULL,NULL,'0000-00-00 00:00:00',NULL,NULL,0),(18,'Level 18',4,'QueenBee',1,100,NULL,NULL,'0000-00-00 00:00:00',NULL,NULL,0),(19,'Level 19',4,'QueenBee',1,100,NULL,NULL,'0000-00-00 00:00:00',NULL,NULL,0),(20,'Level 20',4,'QueenBee',1,100,NULL,NULL,'0000-00-00 00:00:00',NULL,NULL,0);

/*Data for the table `ww_play_partner_badge` */

/*Data for the table `ww_play_partner_points` */

/*Data for the table `ww_play_partner_redeemed` */

/*Data for the table `ww_play_redeemable` */

insert  into `ww_play_redeemable`(`item_id`,`item`,`level_id`,`points`,`image_path`,`description`,`modified_by`,`modified_on`,`created_by`,`created_on`,`deleted`) values (1,'P300',0,30,'/','test desc',1,'2015-10-07 10:06:43',NULL,NULL,0),(2,'P500',0,60,'uploads/redemption/Koala.jpg','this is 500php only... avail na!',1,'2015-10-06 16:46:37',NULL,NULL,0),(3,'P1000',0,90,'uploads/redemption/proof.PNG','test desc',1,'2015-10-07 10:06:20',NULL,NULL,0);

/*Data for the table `ww_profile_menu` */

insert  into `ww_profile_menu`(`menu_item_id`,`profile_id`) values (1,1),(2,1),(3,1),(4,1),(5,1),(6,1),(7,1),(8,1),(9,1),(10,1),(11,1),(12,1),(13,1),(14,1),(15,1),(16,1),(17,1),(18,1),(19,1),(20,1),(21,1),(22,1),(23,1),(24,1),(25,1),(26,1),(27,1),(28,1),(29,1),(30,1),(31,1),(32,1),(33,1),(34,1),(35,1),(36,1),(37,1),(38,1),(39,1),(40,1),(41,1),(42,1),(43,1),(44,1),(45,1),(46,1),(47,1),(48,1),(49,1),(50,1),(51,1),(52,1),(53,1),(54,1),(55,1),(56,1),(57,1),(58,1),(59,1),(60,1),(61,1),(62,1),(63,1),(64,1),(65,1),(66,1),(67,1),(68,1),(69,1),(70,1),(71,1),(72,1);

/*Data for the table `ww_profiles` */

insert  into `ww_profiles`(`profile_id`,`profile`,`status_id`,`can_view`,`can_delete`,`description`,`created_on`,`created_by`,`modified_on`,`modified_by`,`deleted`) values (1,'Super Administrator',0,0,0,'Access to all profile','2013-11-07 08:42:27',NULL,'2017-02-02 16:13:12',1,0),(2,'HR Admin',0,1,0,'','2014-02-16 14:02:25',NULL,'2017-01-03 10:42:03',1,0),(3,'HR Manager',0,1,1,'','2014-02-16 14:02:56',NULL,'2016-10-04 10:16:37',1,0),(4,'HR Recruitment',0,1,1,'','2014-02-16 14:03:02',NULL,'2016-06-27 18:34:58',1,0),(5,'HR Timekeeper',0,1,1,'','2014-02-16 14:03:07',NULL,'2016-02-12 17:55:42',1,0),(6,'HR Payroll',0,1,1,'','2014-02-16 14:03:32',NULL,'2016-12-20 11:40:03',1,0),(7,'HR Recruitment Staff',0,1,1,'','2014-02-16 14:04:07',NULL,'2016-01-28 09:19:47',1,0),(8,'HR OD and Training',0,1,1,'','2014-02-16 14:04:11',NULL,'2016-07-27 15:09:36',1,0),(9,'HR Payroll Staff',0,1,1,'-','2014-02-16 14:04:16',NULL,'2016-02-24 18:42:09',1,0),(10,'Manager Senior Category',0,1,1,'Access to profile and his subordinates','2014-02-16 14:04:33',NULL,'2016-11-20 15:11:55',1,0),(11,'Manager Junior Category',0,1,1,'-','2014-02-16 14:05:05',NULL,'2016-04-22 13:56:51',1,0),(12,'Supervisor Senior Category',0,1,1,'Access to profile and subordinates','2014-02-16 14:06:06',NULL,'2016-06-06 11:28:04',1,0),(13,'Supervisor Junior Category',0,1,1,'-','2014-02-16 14:06:12',NULL,'2015-03-17 20:46:33',1,0),(14,'Rank and file',0,1,1,'Access to limited profile','2014-02-16 14:06:52',NULL,'2016-11-13 15:34:52',1,0),(15,'HR Admin Staff',0,1,1,'Limited admin function','2015-03-12 07:46:44',1,'2016-01-12 16:27:36',1,1),(16,'MarComm',0,1,1,'Marketing and Communication.','2015-04-18 03:29:42',1,'2015-04-17 12:31:17',1,1),(17,'GA Accounting Staff',0,1,1,'For employee with access to meal / cash advances/ transpo etc.','2015-07-10 11:52:42',NULL,NULL,NULL,1),(18,'Coordinator',0,1,0,'For coordinator access, work calendar module only','2016-03-20 02:22:42',1,'2016-03-22 10:48:31',1,0),(19,'Somebody 1',0,1,1,'Somebody','2016-07-20 04:41:28',1,'2016-07-19 13:43:19',1,1),(20,'a',0,1,1,'a','2016-07-23 10:10:24',1,'2016-07-22 19:12:30',1,1),(21,'Project HR',0,1,1,'Project HR access','2017-01-03 14:29:03',1,'2017-01-04 02:34:08',1,0);

/*Data for the table `ww_profiles_permission` */

insert  into `ww_profiles_permission`(`profile_id`,`mod_id`,`action_id`,`grant`) values (1,1,1,1),(1,1,2,1),(1,1,3,1),(1,1,4,1),(1,1,5,1),(1,1,6,1),(1,1,7,1),(1,1,8,1),(1,1,9,1),(1,1,10,1),(1,2,1,1),(1,2,2,1),(1,2,3,1),(1,2,4,1),(1,2,5,1),(1,2,6,1),(1,2,7,1),(1,2,8,1),(1,2,9,1),(1,2,10,1),(1,3,1,1),(1,3,2,1),(1,3,3,1),(1,3,4,1),(1,3,5,1),(1,3,6,1),(1,3,7,1),(1,3,8,1),(1,3,9,1),(1,3,10,1),(1,4,1,1),(1,4,2,1),(1,4,3,1),(1,4,4,1),(1,4,5,1),(1,4,6,1),(1,4,7,1),(1,4,8,1),(1,4,9,1),(1,4,10,1),(1,5,1,1),(1,5,2,1),(1,5,3,1),(1,5,4,1),(1,5,5,1),(1,5,6,1),(1,5,7,1),(1,5,8,1),(1,5,9,1),(1,5,10,1),(1,6,1,1),(1,6,2,1),(1,6,3,1),(1,6,4,1),(1,6,5,1),(1,6,6,1),(1,6,7,1),(1,6,8,1),(1,6,9,1),(1,6,10,1),(1,7,1,1),(1,7,2,1),(1,7,3,1),(1,7,4,1),(1,7,5,1),(1,7,6,1),(1,7,7,1),(1,7,8,1),(1,7,9,1),(1,7,10,1),(1,8,1,1),(1,8,2,1),(1,8,3,1),(1,8,4,1),(1,8,5,1),(1,8,6,1),(1,8,7,1),(1,8,8,1),(1,8,9,1),(1,8,10,1),(1,9,1,1),(1,9,2,1),(1,9,3,1),(1,9,4,1),(1,9,5,1),(1,9,6,1),(1,9,7,1),(1,9,8,1),(1,9,9,1),(1,9,10,1),(1,10,1,1),(1,10,2,1),(1,10,3,1),(1,10,4,1),(1,10,5,1),(1,10,6,1),(1,10,7,1),(1,10,8,1),(1,10,9,1),(1,10,10,1),(1,13,1,1),(1,13,2,1),(1,13,3,1),(1,13,4,1),(1,13,5,1),(1,13,6,1),(1,13,7,1),(1,13,8,1),(1,13,9,1),(1,13,10,1),(1,16,1,1),(1,16,2,1),(1,16,3,1),(1,16,4,1),(1,16,5,1),(1,16,6,1),(1,16,7,1),(1,16,8,1),(1,16,9,1),(1,16,10,1),(1,23,1,1),(1,23,2,1),(1,23,3,1),(1,23,4,1),(1,23,5,1),(1,23,6,1),(1,23,7,1),(1,23,8,1),(1,23,9,1),(1,23,10,1),(1,25,1,1),(1,25,2,1),(1,25,3,1),(1,25,4,1),(1,25,5,1),(1,25,6,1),(1,25,7,1),(1,25,8,1),(1,25,9,1),(1,25,10,1),(1,27,1,1),(1,27,2,1),(1,27,3,1),(1,27,4,1),(1,27,5,1),(1,27,6,1),(1,27,7,1),(1,27,8,1),(1,27,9,1),(1,27,10,1),(1,28,1,1),(1,28,2,1),(1,28,3,1),(1,28,4,1),(1,28,5,1),(1,28,6,1),(1,28,7,1),(1,28,8,1),(1,28,9,1),(1,28,10,1),(1,29,1,1),(1,29,2,1),(1,29,3,1),(1,29,4,1),(1,29,5,1),(1,29,6,1),(1,29,7,1),(1,29,8,1),(1,29,9,1),(1,29,10,1),(1,30,1,1),(1,30,2,1),(1,30,3,1),(1,30,4,1),(1,30,5,1),(1,30,6,1),(1,30,7,1),(1,30,8,1),(1,30,9,1),(1,30,10,1),(1,31,1,1),(1,31,2,1),(1,31,3,1),(1,31,4,1),(1,31,5,1),(1,31,6,1),(1,31,7,1),(1,31,8,1),(1,31,9,1),(1,31,10,1),(1,32,1,1),(1,32,2,1),(1,32,3,1),(1,32,4,1),(1,32,5,1),(1,32,6,1),(1,32,7,1),(1,32,8,1),(1,32,9,1),(1,32,10,1),(1,33,1,1),(1,33,2,1),(1,33,3,1),(1,33,4,1),(1,33,5,1),(1,33,6,1),(1,33,7,1),(1,33,8,1),(1,33,9,1),(1,33,10,1),(1,34,1,1),(1,34,2,1),(1,34,3,1),(1,34,4,1),(1,34,5,1),(1,34,6,1),(1,34,7,1),(1,34,8,1),(1,34,9,1),(1,34,10,1),(1,35,1,1),(1,35,2,1),(1,35,3,1),(1,35,4,1),(1,35,5,1),(1,35,6,1),(1,35,7,1),(1,35,8,1),(1,35,9,1),(1,35,10,1),(1,36,1,1),(1,36,2,1),(1,36,3,1),(1,36,4,1),(1,36,5,1),(1,36,6,1),(1,36,7,1),(1,36,8,1),(1,36,9,1),(1,36,10,1),(1,37,1,1),(1,37,2,1),(1,37,3,1),(1,37,4,1),(1,37,5,1),(1,37,6,1),(1,37,7,1),(1,37,8,1),(1,37,9,1),(1,37,10,1),(1,38,1,1),(1,38,2,1),(1,38,3,1),(1,38,4,1),(1,38,5,1),(1,38,6,1),(1,38,7,1),(1,38,8,1),(1,38,9,1),(1,38,10,1),(1,39,1,1),(1,39,2,1),(1,39,3,1),(1,39,4,1),(1,39,5,1),(1,39,6,1),(1,39,7,1),(1,39,8,1),(1,39,9,1),(1,39,10,1),(1,40,1,1),(1,40,2,1),(1,40,3,1),(1,40,4,1),(1,40,5,1),(1,40,6,1),(1,40,7,1),(1,40,8,1),(1,40,9,1),(1,40,10,1),(1,41,1,1),(1,41,2,1),(1,41,3,1),(1,41,4,1),(1,41,5,1),(1,41,6,1),(1,41,7,1),(1,41,8,1),(1,41,9,1),(1,41,10,1),(1,42,1,1),(1,42,2,1),(1,42,3,1),(1,42,4,1),(1,42,5,1),(1,42,6,1),(1,42,7,1),(1,42,8,1),(1,42,9,1),(1,42,10,1),(1,43,1,1),(1,43,2,1),(1,43,3,1),(1,43,4,1),(1,43,5,1),(1,43,6,1),(1,43,7,1),(1,43,8,1),(1,43,9,1),(1,43,10,1),(1,44,1,1),(1,44,2,1),(1,44,3,1),(1,44,4,1),(1,44,5,1),(1,44,6,1),(1,44,7,1),(1,44,8,1),(1,44,9,1),(1,44,10,1),(1,45,1,1),(1,45,2,1),(1,45,3,1),(1,45,4,1),(1,45,5,1),(1,45,6,1),(1,45,7,1),(1,45,8,1),(1,45,9,1),(1,45,10,1),(1,46,1,1),(1,46,2,1),(1,46,3,1),(1,46,4,1),(1,46,5,1),(1,46,6,1),(1,46,7,1),(1,46,8,1),(1,46,9,1),(1,46,10,1),(1,47,1,1),(1,47,2,1),(1,47,3,1),(1,47,4,1),(1,47,5,1),(1,47,6,1),(1,47,7,1),(1,47,8,1),(1,47,9,1),(1,47,10,1),(1,48,1,1),(1,48,2,1),(1,48,3,1),(1,48,4,1),(1,48,5,1),(1,48,6,1),(1,48,7,1),(1,48,8,1),(1,48,9,1),(1,48,10,1),(1,49,1,1),(1,49,2,1),(1,49,3,1),(1,49,4,1),(1,49,5,1),(1,49,6,1),(1,49,7,1),(1,49,8,1),(1,49,9,1),(1,49,10,1),(1,50,1,1),(1,50,2,1),(1,50,3,1),(1,50,4,1),(1,50,5,1),(1,50,6,1),(1,50,7,1),(1,50,8,1),(1,50,9,1),(1,50,10,1),(1,51,1,1),(1,51,2,1),(1,51,3,1),(1,51,4,1),(1,51,5,1),(1,51,6,1),(1,51,7,1),(1,51,8,1),(1,51,9,1),(1,51,10,1),(1,52,1,1),(1,52,2,1),(1,52,3,1),(1,52,4,1),(1,52,5,1),(1,52,6,1),(1,52,7,1),(1,52,8,1),(1,52,9,1),(1,52,10,1),(1,53,1,1),(1,53,2,1),(1,53,3,1),(1,53,4,1),(1,53,5,1),(1,53,6,1),(1,53,7,1),(1,53,8,1),(1,53,9,1),(1,53,10,1),(1,54,1,1),(1,54,2,1),(1,54,3,1),(1,54,4,1),(1,54,5,1),(1,54,6,1),(1,54,7,1),(1,54,8,1),(1,54,9,1),(1,54,10,1),(1,55,1,1),(1,55,2,1),(1,55,3,1),(1,55,4,1),(1,55,5,1),(1,55,6,1),(1,55,7,1),(1,55,8,1),(1,55,9,1),(1,55,10,1),(1,56,1,1),(1,56,2,1),(1,56,3,1),(1,56,4,1),(1,56,5,1),(1,56,6,1),(1,56,7,1),(1,56,8,1),(1,56,9,1),(1,56,10,1),(1,57,1,1),(1,57,2,1),(1,57,3,1),(1,57,4,1),(1,57,5,1),(1,57,6,1),(1,57,7,1),(1,57,8,1),(1,57,9,1),(1,57,10,1),(1,58,1,1),(1,58,2,1),(1,58,3,1),(1,58,4,1),(1,58,5,1),(1,58,6,1),(1,58,7,1),(1,58,8,1),(1,58,9,1),(1,58,10,1),(1,59,1,1),(1,59,2,1),(1,59,3,1),(1,59,4,1),(1,59,5,1),(1,59,6,1),(1,59,7,1),(1,59,8,1),(1,59,9,1),(1,59,10,1),(1,60,1,1),(1,60,2,1),(1,60,3,1),(1,60,4,1),(1,60,5,1),(1,60,6,1),(1,60,7,1),(1,60,8,1),(1,60,9,1),(1,60,10,1),(1,61,1,1),(1,61,2,1),(1,61,3,1),(1,61,4,1),(1,61,5,1),(1,61,6,1),(1,61,7,1),(1,61,8,1),(1,61,9,1),(1,61,10,1),(1,62,1,1),(1,62,2,1),(1,62,3,1),(1,62,4,1),(1,62,5,1),(1,62,6,1),(1,62,7,1),(1,62,8,1),(1,62,9,1),(1,62,10,1),(1,63,1,1),(1,63,2,1),(1,63,3,1),(1,63,4,1),(1,63,5,1),(1,63,6,1),(1,63,7,1),(1,63,8,1),(1,63,9,1),(1,63,10,1),(1,64,1,1),(1,64,2,1),(1,64,3,1),(1,64,4,1),(1,64,5,1),(1,64,6,1),(1,64,7,1),(1,64,8,1),(1,64,9,1),(1,64,10,1),(1,65,1,1),(1,65,2,1),(1,65,3,1),(1,65,4,1),(1,65,5,1),(1,65,6,1),(1,65,7,1),(1,65,8,1),(1,65,9,1),(1,65,10,1),(1,66,1,1),(1,66,2,1),(1,66,3,1),(1,66,4,1),(1,66,5,1),(1,66,6,1),(1,66,7,1),(1,66,8,1),(1,66,9,1),(1,66,10,1),(1,67,1,1),(1,67,2,1),(1,67,3,1),(1,67,4,1),(1,67,5,1),(1,67,6,1),(1,67,7,1),(1,67,8,1),(1,67,9,1),(1,67,10,1),(1,68,1,1),(1,68,2,1),(1,68,3,1),(1,68,4,1),(1,68,5,1),(1,68,6,1),(1,68,7,1),(1,68,8,1),(1,68,9,1),(1,68,10,1),(1,69,1,1),(1,69,2,1),(1,69,3,1),(1,69,4,1),(1,69,5,1),(1,69,6,1),(1,69,7,1),(1,69,8,1),(1,69,9,1),(1,69,10,1),(1,70,1,1),(1,70,2,1),(1,70,3,1),(1,70,4,1),(1,70,5,1),(1,70,6,1),(1,70,7,1),(1,70,8,1),(1,70,9,1),(1,70,10,1),(1,72,1,1),(1,72,2,1),(1,72,3,1),(1,72,4,1),(1,72,5,1),(1,72,6,1),(1,72,7,1),(1,72,8,1),(1,72,9,1),(1,72,10,1),(1,73,1,1),(1,73,2,1),(1,73,3,1),(1,73,4,1),(1,73,5,1),(1,73,6,1),(1,73,7,1),(1,73,8,1),(1,73,9,1),(1,73,10,1),(1,74,1,1),(1,74,2,1),(1,74,3,1),(1,74,4,1),(1,74,5,1),(1,74,6,1),(1,74,7,1),(1,74,8,1),(1,74,9,1),(1,74,10,1),(1,75,1,1),(1,75,2,1),(1,75,3,1),(1,75,4,1),(1,75,5,1),(1,75,6,1),(1,75,7,1),(1,75,8,1),(1,75,9,1),(1,75,10,1),(1,76,1,1),(1,76,2,1),(1,76,3,1),(1,76,4,1),(1,76,5,1),(1,76,6,1),(1,76,7,1),(1,76,8,1),(1,76,9,1),(1,76,10,1),(1,77,1,1),(1,77,2,1),(1,77,3,1),(1,77,4,1),(1,77,5,1),(1,77,6,1),(1,77,7,1),(1,77,8,1),(1,77,9,1),(1,77,10,1),(1,78,1,1),(1,78,2,1),(1,78,3,1),(1,78,4,1),(1,78,5,1),(1,78,6,1),(1,78,7,1),(1,78,8,1),(1,78,9,1),(1,78,10,1),(1,79,1,1),(1,79,2,1),(1,79,3,1),(1,79,4,1),(1,79,5,1),(1,79,6,1),(1,79,7,1),(1,79,8,1),(1,79,9,1),(1,79,10,1),(1,80,1,1),(1,80,2,1),(1,80,3,1),(1,80,4,1),(1,80,5,1),(1,80,6,1),(1,80,7,1),(1,80,8,1),(1,80,9,1),(1,80,10,1),(1,81,1,1),(1,81,2,1),(1,81,3,1),(1,81,4,1),(1,81,5,1),(1,81,6,1),(1,81,7,1),(1,81,8,1),(1,81,9,1),(1,81,10,1),(1,83,1,1),(1,83,2,1),(1,83,3,1),(1,83,4,1),(1,83,5,1),(1,83,6,1),(1,83,7,1),(1,83,8,1),(1,83,9,1),(1,83,10,1),(1,84,1,1),(1,84,2,1),(1,84,3,1),(1,84,4,1),(1,84,5,1),(1,84,6,1),(1,84,7,1),(1,84,8,1),(1,84,9,1),(1,84,10,1),(1,85,1,1),(1,85,2,1),(1,85,3,1),(1,85,4,1),(1,85,5,1),(1,85,6,1),(1,85,7,1),(1,85,8,1),(1,85,9,1),(1,85,10,1),(1,86,1,1),(1,86,2,1),(1,86,3,1),(1,86,4,1),(1,86,5,1),(1,86,6,1),(1,86,7,1),(1,86,8,1),(1,86,9,1),(1,86,10,1),(1,87,1,1),(1,87,2,1),(1,87,3,1),(1,87,4,1),(1,87,5,1),(1,87,6,1),(1,87,7,1),(1,87,8,1),(1,87,9,1),(1,87,10,1),(1,88,1,1),(1,88,2,1),(1,88,3,1),(1,88,4,1),(1,88,5,1),(1,88,6,1),(1,88,7,1),(1,88,8,1),(1,88,9,1),(1,88,10,1),(1,89,1,1),(1,89,2,1),(1,89,3,1),(1,89,4,1),(1,89,5,1),(1,89,6,1),(1,89,7,1),(1,89,8,1),(1,89,9,1),(1,89,10,1),(1,90,1,1),(1,90,2,1),(1,90,3,1),(1,90,4,1),(1,90,5,1),(1,90,6,1),(1,90,7,1),(1,90,8,1),(1,90,9,1),(1,90,10,1),(1,91,1,1),(1,91,2,1),(1,91,3,1),(1,91,4,1),(1,91,5,1),(1,91,6,1),(1,91,7,1),(1,91,8,1),(1,91,9,1),(1,91,10,1),(1,92,1,1),(1,92,2,1),(1,92,3,1),(1,92,4,1),(1,92,5,1),(1,92,6,1),(1,92,7,1),(1,92,8,1),(1,92,9,1),(1,92,10,1),(1,93,1,1),(1,93,2,1),(1,93,3,1),(1,93,4,1),(1,93,5,1),(1,93,6,1),(1,93,7,1),(1,93,8,1),(1,93,9,1),(1,93,10,1),(1,94,1,1),(1,94,2,1),(1,94,3,1),(1,94,4,1),(1,94,5,1),(1,94,6,1),(1,94,7,1),(1,94,8,1),(1,94,9,1),(1,94,10,1),(1,95,1,1),(1,95,2,1),(1,95,3,1),(1,95,4,1),(1,95,5,1),(1,95,6,1),(1,95,7,1),(1,95,8,1),(1,95,9,1),(1,95,10,1),(1,96,1,1),(1,96,2,1),(1,96,3,1),(1,96,4,1),(1,96,5,1),(1,96,6,1),(1,96,7,1),(1,96,8,1),(1,96,9,1),(1,96,10,1),(1,97,1,1),(1,97,2,1),(1,97,3,1),(1,97,4,1),(1,97,5,1),(1,97,6,1),(1,97,7,1),(1,97,8,1),(1,97,9,1),(1,97,10,1),(1,98,1,1),(1,98,2,1),(1,98,3,1),(1,98,4,1),(1,98,5,1),(1,98,6,1),(1,98,7,1),(1,98,8,1),(1,98,9,1),(1,98,10,1),(1,99,1,1),(1,99,2,1),(1,99,3,1),(1,99,4,1),(1,99,5,1),(1,99,6,1),(1,99,7,1),(1,99,8,1),(1,99,9,1),(1,99,10,1),(1,100,1,1),(1,100,2,1),(1,100,3,1),(1,100,4,1),(1,100,5,1),(1,100,6,1),(1,100,7,1),(1,100,8,1),(1,100,9,1),(1,100,10,1),(1,101,1,1),(1,101,2,1),(1,101,3,1),(1,101,4,1),(1,101,5,1),(1,101,6,1),(1,101,7,1),(1,101,8,1),(1,101,9,1),(1,101,10,1),(1,102,1,1),(1,102,2,1),(1,102,3,1),(1,102,4,1),(1,102,5,1),(1,102,6,1),(1,102,7,1),(1,102,8,1),(1,102,9,1),(1,102,10,1),(1,103,1,1),(1,103,2,1),(1,103,3,1),(1,103,4,1),(1,103,5,1),(1,103,6,1),(1,103,7,1),(1,103,8,1),(1,103,9,1),(1,103,10,1),(1,104,1,1),(1,104,2,1),(1,104,3,1),(1,104,4,1),(1,104,5,1),(1,104,6,1),(1,104,7,1),(1,104,8,1),(1,104,9,1),(1,104,10,1),(1,105,1,1),(1,105,2,1),(1,105,3,1),(1,105,4,1),(1,105,5,1),(1,105,6,1),(1,105,7,1),(1,105,8,1),(1,105,9,1),(1,105,10,1),(1,106,1,1),(1,106,2,1),(1,106,3,1),(1,106,4,1),(1,106,5,1),(1,106,6,1),(1,106,7,1),(1,106,8,1),(1,106,9,1),(1,106,10,1),(1,107,1,1),(1,107,2,1),(1,107,3,1),(1,107,4,1),(1,107,5,1),(1,107,6,1),(1,107,7,1),(1,107,8,1),(1,107,9,1),(1,107,10,1),(1,108,1,1),(1,108,2,1),(1,108,3,1),(1,108,4,1),(1,108,5,1),(1,108,6,1),(1,108,7,1),(1,108,8,1),(1,108,9,1),(1,108,10,1),(1,109,1,1),(1,109,2,1),(1,109,3,1),(1,109,4,1),(1,109,5,1),(1,109,6,1),(1,109,7,1),(1,109,8,1),(1,109,9,1),(1,109,10,1),(1,110,1,1),(1,110,2,1),(1,110,3,1),(1,110,4,1),(1,110,5,1),(1,110,6,1),(1,110,7,1),(1,110,8,1),(1,110,9,1),(1,110,10,1),(1,111,1,1),(1,111,2,1),(1,111,3,1),(1,111,4,1),(1,111,5,1),(1,111,6,1),(1,111,7,1),(1,111,8,1),(1,111,9,1),(1,111,10,1),(1,112,1,1),(1,112,2,1),(1,112,3,1),(1,112,4,1),(1,112,5,1),(1,112,6,1),(1,112,7,1),(1,112,8,1),(1,112,9,1),(1,112,10,1),(1,113,1,1),(1,113,2,1),(1,113,3,1),(1,113,4,1),(1,113,5,1),(1,113,6,1),(1,113,7,1),(1,113,8,1),(1,113,9,1),(1,113,10,1),(1,114,1,1),(1,114,2,1),(1,114,3,1),(1,114,4,1),(1,114,5,1),(1,114,6,1),(1,114,7,1),(1,114,8,1),(1,114,9,1),(1,114,10,1),(1,115,1,1),(1,115,2,1),(1,115,3,1),(1,115,4,1),(1,115,5,1),(1,115,6,1),(1,115,7,1),(1,115,8,1),(1,115,9,1),(1,115,10,1),(1,116,1,1),(1,116,2,1),(1,116,3,1),(1,116,4,1),(1,116,5,1),(1,116,6,1),(1,116,7,1),(1,116,8,1),(1,116,9,1),(1,116,10,1),(1,118,1,1),(1,118,2,1),(1,118,3,1),(1,118,4,1),(1,118,5,1),(1,118,6,1),(1,118,7,1),(1,118,8,1),(1,118,9,1),(1,118,10,1),(1,119,1,1),(1,119,2,1),(1,119,3,1),(1,119,4,1),(1,119,5,1),(1,119,6,1),(1,119,7,1),(1,119,8,1),(1,119,9,1),(1,119,10,1),(1,120,1,1),(1,120,2,1),(1,120,3,1),(1,120,4,1),(1,120,5,1),(1,120,6,1),(1,120,7,1),(1,120,8,1),(1,120,9,1),(1,120,10,1),(1,121,1,1),(1,121,2,1),(1,121,3,1),(1,121,4,1),(1,121,5,1),(1,121,6,1),(1,121,7,1),(1,121,8,1),(1,121,9,1),(1,121,10,1),(1,122,1,1),(1,122,2,1),(1,122,3,1),(1,122,4,1),(1,122,5,1),(1,122,6,1),(1,122,7,1),(1,122,8,1),(1,122,9,1),(1,122,10,1),(1,123,1,1),(1,123,2,1),(1,123,3,1),(1,123,4,1),(1,123,5,1),(1,123,6,1),(1,123,7,1),(1,123,8,1),(1,123,9,1),(1,123,10,1),(1,124,1,1),(1,124,2,1),(1,124,3,1),(1,124,4,1),(1,124,5,1),(1,124,6,1),(1,124,7,1),(1,124,8,1),(1,124,9,1),(1,124,10,1),(1,125,1,1),(1,125,2,1),(1,125,3,1),(1,125,4,1),(1,125,5,1),(1,125,6,1),(1,125,7,1),(1,125,8,1),(1,125,9,1),(1,125,10,1),(1,126,1,1),(1,126,2,1),(1,126,3,1),(1,126,4,1),(1,126,5,1),(1,126,6,1),(1,126,7,1),(1,126,8,1),(1,126,9,1),(1,126,10,1),(1,127,1,1),(1,127,2,1),(1,127,3,1),(1,127,4,1),(1,127,5,1),(1,127,6,1),(1,127,7,1),(1,127,8,1),(1,127,9,1),(1,127,10,1),(1,128,1,1),(1,128,2,1),(1,128,3,1),(1,128,4,1),(1,128,5,1),(1,128,6,1),(1,128,7,1),(1,128,8,1),(1,128,9,1),(1,128,10,1),(1,129,1,1),(1,129,2,1),(1,129,3,1),(1,129,4,1),(1,129,5,1),(1,129,6,1),(1,129,7,1),(1,129,8,1),(1,129,9,1),(1,129,10,1),(1,130,1,1),(1,130,2,1),(1,130,3,1),(1,130,4,1),(1,130,5,1),(1,130,6,1),(1,130,7,1),(1,130,8,1),(1,130,9,1),(1,130,10,1),(1,131,1,1),(1,131,2,1),(1,131,3,1),(1,131,4,1),(1,131,5,1),(1,131,6,1),(1,131,7,1),(1,131,8,1),(1,131,9,1),(1,131,10,1),(1,132,1,1),(1,132,2,1),(1,132,3,1),(1,132,4,1),(1,132,5,1),(1,132,6,1),(1,132,7,1),(1,132,8,1),(1,132,9,1),(1,132,10,1),(1,133,1,1),(1,133,2,1),(1,133,3,1),(1,133,4,1),(1,133,5,1),(1,133,6,1),(1,133,7,1),(1,133,8,1),(1,133,9,1),(1,133,10,1),(1,134,1,1),(1,134,2,1),(1,134,3,1),(1,134,4,1),(1,134,5,1),(1,134,6,1),(1,134,7,1),(1,134,8,1),(1,134,9,1),(1,134,10,1),(1,135,1,1),(1,135,2,1),(1,135,3,1),(1,135,4,1),(1,135,5,1),(1,135,6,1),(1,135,7,1),(1,135,8,1),(1,135,9,1),(1,135,10,1),(1,136,1,1),(1,136,2,1),(1,136,3,1),(1,136,4,1),(1,136,5,1),(1,136,6,1),(1,136,7,1),(1,136,8,1),(1,136,9,1),(1,136,10,1),(1,137,1,1),(1,137,2,1),(1,137,3,1),(1,137,4,1),(1,137,5,1),(1,137,6,1),(1,137,7,1),(1,137,8,1),(1,137,9,1),(1,137,10,1),(1,138,1,1),(1,138,2,1),(1,138,3,1),(1,138,4,1),(1,138,5,1),(1,138,6,1),(1,138,7,1),(1,138,8,1),(1,138,9,1),(1,138,10,1),(1,139,1,1),(1,139,2,1),(1,139,3,1),(1,139,4,1),(1,139,5,1),(1,139,6,1),(1,139,7,1),(1,139,8,1),(1,139,9,1),(1,139,10,1),(1,140,1,1),(1,140,2,1),(1,140,3,1),(1,140,4,1),(1,140,5,1),(1,140,6,1),(1,140,7,1),(1,140,8,1),(1,140,9,1),(1,140,10,1),(1,141,1,1),(1,141,2,1),(1,141,3,1),(1,141,4,1),(1,141,5,1),(1,141,6,1),(1,141,7,1),(1,141,8,1),(1,141,9,1),(1,141,10,1),(1,142,1,1),(1,142,2,1),(1,142,3,1),(1,142,4,1),(1,142,5,1),(1,142,6,1),(1,142,7,1),(1,142,8,1),(1,142,9,1),(1,142,10,1),(1,143,1,1),(1,143,2,1),(1,143,3,1),(1,143,4,1),(1,143,5,1),(1,143,6,1),(1,143,7,1),(1,143,8,1),(1,143,9,1),(1,143,10,1),(1,144,1,1),(1,144,2,1),(1,144,3,1),(1,144,4,1),(1,144,5,1),(1,144,6,1),(1,144,7,1),(1,144,8,1),(1,144,9,1),(1,144,10,1),(1,145,1,1),(1,145,2,1),(1,145,3,1),(1,145,4,1),(1,145,5,1),(1,145,6,1),(1,145,7,1),(1,145,8,1),(1,145,9,1),(1,145,10,1),(1,146,1,1),(1,146,2,1),(1,146,3,1),(1,146,4,1),(1,146,5,1),(1,146,6,1),(1,146,7,1),(1,146,8,1),(1,146,9,1),(1,146,10,1),(1,147,1,1),(1,147,2,1),(1,147,3,1),(1,147,4,1),(1,147,5,1),(1,147,6,1),(1,147,7,1),(1,147,8,1),(1,147,9,1),(1,147,10,1),(1,148,1,1),(1,148,2,1),(1,148,3,1),(1,148,4,1),(1,148,5,1),(1,148,6,1),(1,148,7,1),(1,148,8,1),(1,148,9,1),(1,148,10,1),(1,149,1,1),(1,149,2,1),(1,149,3,1),(1,149,4,1),(1,149,5,1),(1,149,6,1),(1,149,7,1),(1,149,8,1),(1,149,9,1),(1,149,10,1),(1,150,1,1),(1,150,2,1),(1,150,3,1),(1,150,4,1),(1,150,5,1),(1,150,6,1),(1,150,7,1),(1,150,8,1),(1,150,9,1),(1,150,10,1),(1,151,1,1),(1,151,2,1),(1,151,3,1),(1,151,4,1),(1,151,5,1),(1,151,6,1),(1,151,7,1),(1,151,8,1),(1,151,9,1),(1,151,10,1),(1,152,1,1),(1,152,2,1),(1,152,3,1),(1,152,4,1),(1,152,5,1),(1,152,6,1),(1,152,7,1),(1,152,8,1),(1,152,9,1),(1,152,10,1),(1,153,1,1),(1,153,2,1),(1,153,3,1),(1,153,4,1),(1,153,5,1),(1,153,6,1),(1,153,7,1),(1,153,8,1),(1,153,9,1),(1,153,10,1),(1,154,1,1),(1,154,2,1),(1,154,3,1),(1,154,4,1),(1,154,5,1),(1,154,6,1),(1,154,7,1),(1,154,8,1),(1,154,9,1),(1,154,10,1),(1,155,1,1),(1,155,2,1),(1,155,3,1),(1,155,4,1),(1,155,5,1),(1,155,6,1),(1,155,7,1),(1,155,8,1),(1,155,9,1),(1,155,10,1),(1,156,1,1),(1,156,2,1),(1,156,3,1),(1,156,4,1),(1,156,5,1),(1,156,6,1),(1,156,7,1),(1,156,8,1),(1,156,9,1),(1,156,10,1),(1,157,1,1),(1,157,2,1),(1,157,3,1),(1,157,4,1),(1,157,5,1),(1,157,6,1),(1,157,7,1),(1,157,8,1),(1,157,9,1),(1,157,10,1),(1,158,1,1),(1,158,2,1),(1,158,3,1),(1,158,4,1),(1,158,5,1),(1,158,6,1),(1,158,7,1),(1,158,8,1),(1,158,9,1),(1,158,10,1),(1,159,1,1),(1,159,2,1),(1,159,3,1),(1,159,4,1),(1,159,5,1),(1,159,6,1),(1,159,7,1),(1,159,8,1),(1,159,9,1),(1,159,10,1),(1,160,1,1),(1,160,2,1),(1,160,3,1),(1,160,4,1),(1,160,5,1),(1,160,6,1),(1,160,7,1),(1,160,8,1),(1,160,9,1),(1,160,10,1),(1,161,1,1),(1,161,2,1),(1,161,3,1),(1,161,4,1),(1,161,5,1),(1,161,6,1),(1,161,7,1),(1,161,8,1),(1,161,9,1),(1,161,10,1),(1,162,1,1),(1,162,2,1),(1,162,3,1),(1,162,4,1),(1,162,5,1),(1,162,6,1),(1,162,7,1),(1,162,8,1),(1,162,9,1),(1,162,10,1),(1,163,1,1),(1,163,2,1),(1,163,3,1),(1,163,4,1),(1,163,5,1),(1,163,6,1),(1,163,7,1),(1,163,8,1),(1,163,9,1),(1,163,10,1),(1,164,1,1),(1,164,2,1),(1,164,3,1),(1,164,4,1),(1,164,5,1),(1,164,6,1),(1,164,7,1),(1,164,8,1),(1,164,9,1),(1,164,10,1),(1,165,1,1),(1,165,2,1),(1,165,3,1),(1,165,4,1),(1,165,5,1),(1,165,6,1),(1,165,7,1),(1,165,8,1),(1,165,9,1),(1,165,10,1),(1,166,1,1),(1,166,2,1),(1,166,3,1),(1,166,4,1),(1,166,5,1),(1,166,6,1),(1,166,7,1),(1,166,8,1),(1,166,9,1),(1,166,10,1),(1,167,1,1),(1,167,2,1),(1,167,3,1),(1,167,4,1),(1,167,5,1),(1,167,6,1),(1,167,7,1),(1,167,8,1),(1,167,9,1),(1,167,10,1),(1,168,1,1),(1,168,2,1),(1,168,3,1),(1,168,4,1),(1,168,5,1),(1,168,6,1),(1,168,7,1),(1,168,8,1),(1,168,9,1),(1,168,10,1),(1,169,1,1),(1,169,2,1),(1,169,3,1),(1,169,4,1),(1,169,5,1),(1,169,6,1),(1,169,7,1),(1,169,8,1),(1,169,9,1),(1,169,10,1),(1,170,1,1),(1,170,2,1),(1,170,3,1),(1,170,4,1),(1,170,5,1),(1,170,6,1),(1,170,7,1),(1,170,8,1),(1,170,9,1),(1,170,10,1),(1,171,1,1),(1,171,2,1),(1,171,3,1),(1,171,4,1),(1,171,5,1),(1,171,6,1),(1,171,7,1),(1,171,8,1),(1,171,9,1),(1,171,10,1),(1,172,1,1),(1,172,2,1),(1,172,3,1),(1,172,4,1),(1,172,5,1),(1,172,6,1),(1,172,7,1),(1,172,8,1),(1,172,9,1),(1,172,10,1),(1,173,1,1),(1,173,2,1),(1,173,3,1),(1,173,4,1),(1,173,5,1),(1,173,6,1),(1,173,7,1),(1,173,8,1),(1,173,9,1),(1,173,10,1),(1,174,1,1),(1,174,2,1),(1,174,3,1),(1,174,4,1),(1,174,5,1),(1,174,6,1),(1,174,7,1),(1,174,8,1),(1,174,9,1),(1,174,10,1),(1,175,1,1),(1,175,2,1),(1,175,3,1),(1,175,4,1),(1,175,5,1),(1,175,6,1),(1,175,7,1),(1,175,8,1),(1,175,9,1),(1,175,10,1),(1,176,1,1),(1,176,2,1),(1,176,3,1),(1,176,4,1),(1,176,5,1),(1,176,6,1),(1,176,7,1),(1,176,8,1),(1,176,9,1),(1,176,10,1),(1,177,1,1),(1,177,2,1),(1,177,3,1),(1,177,4,1),(1,177,5,1),(1,177,6,1),(1,177,7,1),(1,177,8,1),(1,177,9,1),(1,177,10,1),(1,178,1,1),(1,178,2,1),(1,178,3,1),(1,178,4,1),(1,178,5,1),(1,178,6,1),(1,178,7,1),(1,178,8,1),(1,178,9,1),(1,178,10,1),(1,179,1,1),(1,179,2,1),(1,179,3,1),(1,179,4,1),(1,179,5,1),(1,179,6,1),(1,179,7,1),(1,179,8,1),(1,179,9,1),(1,179,10,1),(1,181,1,1),(1,181,2,1),(1,181,3,1),(1,181,4,1),(1,181,5,1),(1,181,6,1),(1,181,7,1),(1,181,8,1),(1,181,9,1),(1,181,10,1),(1,182,1,1),(1,182,2,1),(1,182,3,1),(1,182,4,1),(1,182,5,1),(1,182,6,1),(1,182,7,1),(1,182,8,1),(1,182,9,1),(1,182,10,1),(1,183,1,1),(1,183,2,1),(1,183,3,1),(1,183,4,1),(1,183,5,1),(1,183,6,1),(1,183,7,1),(1,183,8,1),(1,183,9,1),(1,183,10,1),(1,184,1,1),(1,184,2,1),(1,184,3,1),(1,184,4,1),(1,184,5,1),(1,184,6,1),(1,184,7,1),(1,184,8,1),(1,184,9,1),(1,184,10,1),(1,185,1,1),(1,185,2,1),(1,185,3,1),(1,185,4,1),(1,185,5,1),(1,185,6,1),(1,185,7,1),(1,185,8,1),(1,185,9,1),(1,185,10,1),(1,186,1,1),(1,186,2,1),(1,186,3,1),(1,186,4,1),(1,186,5,1),(1,186,6,1),(1,186,7,1),(1,186,8,1),(1,186,9,1),(1,186,10,1),(1,187,1,1),(1,187,2,1),(1,187,3,1),(1,187,4,1),(1,187,5,1),(1,187,6,1),(1,187,7,1),(1,187,8,1),(1,187,9,1),(1,187,10,1),(1,188,1,1),(1,188,2,1),(1,188,3,1),(1,188,4,1),(1,188,5,1),(1,188,6,1),(1,188,7,1),(1,188,8,1),(1,188,9,1),(1,188,10,1),(1,189,1,1),(1,189,2,1),(1,189,3,1),(1,189,4,1),(1,189,5,1),(1,189,6,1),(1,189,7,1),(1,189,8,1),(1,189,9,1),(1,189,10,1),(1,190,1,1),(1,190,2,1),(1,190,3,1),(1,190,4,1),(1,190,5,1),(1,190,6,1),(1,190,7,1),(1,190,8,1),(1,190,9,1),(1,190,10,1),(1,191,1,1),(1,191,2,1),(1,191,3,1),(1,191,4,1),(1,191,5,1),(1,191,6,1),(1,191,7,1),(1,191,8,1),(1,191,9,1),(1,191,10,1),(1,192,1,1),(1,192,2,1),(1,192,3,1),(1,192,4,1),(1,192,5,1),(1,192,6,1),(1,192,7,1),(1,192,8,1),(1,192,9,1),(1,192,10,1),(1,193,1,1),(1,193,2,1),(1,193,3,1),(1,193,4,1),(1,193,5,1),(1,193,6,1),(1,193,7,1),(1,193,8,1),(1,193,9,1),(1,193,10,1),(1,194,1,1),(1,194,2,1),(1,194,3,1),(1,194,4,1),(1,194,5,1),(1,194,6,1),(1,194,7,1),(1,194,8,1),(1,194,9,1),(1,194,10,1),(1,195,1,1),(1,195,2,1),(1,195,3,1),(1,195,4,1),(1,195,5,1),(1,195,6,1),(1,195,7,1),(1,195,8,1),(1,195,9,1),(1,195,10,1),(1,197,1,1),(1,197,2,1),(1,197,3,1),(1,197,4,1),(1,197,5,1),(1,197,6,1),(1,197,7,1),(1,197,8,1),(1,197,9,1),(1,197,10,1),(1,198,1,1),(1,198,2,1),(1,198,3,1),(1,198,4,1),(1,198,5,1),(1,198,6,1),(1,198,7,1),(1,198,8,1),(1,198,9,1),(1,198,10,1),(1,199,1,1),(1,199,2,1),(1,199,3,1),(1,199,4,1),(1,199,5,1),(1,199,6,1),(1,199,7,1),(1,199,8,1),(1,199,9,1),(1,199,10,1),(1,200,1,1),(1,200,2,1),(1,200,3,1),(1,200,4,1),(1,200,5,1),(1,200,6,1),(1,200,7,1),(1,200,8,1),(1,200,9,1),(1,200,10,1),(1,201,1,1),(1,201,2,1),(1,201,3,1),(1,201,4,1),(1,201,5,1),(1,201,6,1),(1,201,7,1),(1,201,8,1),(1,201,9,1),(1,201,10,1),(1,202,1,1),(1,202,2,1),(1,202,3,1),(1,202,4,1),(1,202,5,1),(1,202,6,1),(1,202,7,1),(1,202,8,1),(1,202,9,1),(1,202,10,1),(1,203,1,1),(1,203,2,1),(1,203,3,1),(1,203,4,1),(1,203,5,1),(1,203,6,1),(1,203,7,1),(1,203,8,1),(1,203,9,1),(1,203,10,1),(1,204,1,1),(1,204,2,1),(1,204,3,1),(1,204,4,1),(1,204,5,1),(1,204,6,1),(1,204,7,1),(1,204,8,1),(1,204,9,1),(1,204,10,1),(1,205,1,1),(1,205,2,1),(1,205,3,1),(1,205,4,1),(1,205,5,1),(1,205,6,1),(1,205,7,1),(1,205,8,1),(1,205,9,1),(1,205,10,1),(1,206,1,1),(1,206,2,1),(1,206,3,1),(1,206,4,1),(1,206,5,1),(1,206,6,1),(1,206,7,1),(1,206,8,1),(1,206,9,1),(1,206,10,1),(1,207,1,1),(1,207,2,1),(1,207,3,1),(1,207,4,1),(1,207,5,1),(1,207,6,1),(1,207,7,1),(1,207,8,1),(1,207,9,1),(1,207,10,1),(1,209,1,1),(1,209,2,1),(1,209,3,1),(1,209,4,1),(1,209,5,1),(1,209,6,1),(1,209,7,1),(1,209,8,1),(1,209,9,1),(1,209,10,1),(1,213,1,1),(1,213,2,1),(1,213,3,1),(1,213,4,1),(1,213,5,1),(1,213,6,1),(1,213,7,1),(1,213,8,1),(1,213,9,1),(1,213,10,1),(1,214,1,1),(1,214,2,1),(1,214,3,1),(1,214,4,1),(1,214,5,1),(1,214,6,1),(1,214,7,1),(1,214,8,1),(1,214,9,1),(1,214,10,1),(1,215,1,1),(1,215,2,1),(1,215,3,1),(1,215,4,1),(1,215,5,1),(1,215,6,1),(1,215,7,1),(1,215,8,1),(1,215,9,1),(1,215,10,1),(1,216,1,1),(1,216,2,1),(1,216,3,1),(1,216,4,1),(1,216,5,1),(1,216,6,1),(1,216,7,1),(1,216,8,1),(1,216,9,1),(1,216,10,1),(1,217,1,1),(1,217,2,1),(1,217,3,1),(1,217,4,1),(1,217,5,1),(1,217,6,1),(1,217,7,1),(1,217,8,1),(1,217,9,1),(1,217,10,1),(1,218,1,1),(1,218,2,1),(1,218,3,1),(1,218,4,1),(1,218,5,1),(1,218,6,1),(1,218,7,1),(1,218,8,1),(1,218,9,1),(1,218,10,1),(1,219,1,1),(1,219,2,1),(1,219,3,1),(1,219,4,1),(1,219,5,1),(1,219,6,1),(1,219,7,1),(1,219,8,1),(1,219,9,1),(1,219,10,1),(1,220,1,1),(1,220,2,1),(1,220,3,1),(1,220,4,1),(1,220,5,1),(1,220,6,1),(1,220,7,1),(1,220,8,1),(1,220,9,1),(1,220,10,1),(1,221,1,1),(1,221,2,1),(1,221,3,1),(1,221,4,1),(1,221,5,1),(1,221,6,1),(1,221,7,1),(1,221,8,1),(1,221,9,1),(1,221,10,1),(1,222,1,1),(1,222,2,1),(1,222,3,1),(1,222,4,1),(1,222,5,1),(1,222,6,1),(1,222,7,1),(1,222,8,1),(1,222,9,1),(1,222,10,1),(1,226,1,1),(1,226,2,1),(1,226,3,1),(1,226,4,1),(1,226,5,1),(1,226,6,1),(1,226,7,1),(1,226,8,1),(1,226,9,1),(1,226,10,1),(1,227,1,1),(1,227,2,1),(1,227,3,1),(1,227,4,1),(1,227,5,1),(1,227,6,1),(1,227,7,1),(1,227,8,1),(1,227,9,1),(1,227,10,1),(1,228,1,1),(1,228,2,1),(1,228,3,1),(1,228,4,1),(1,228,5,1),(1,228,6,1),(1,228,7,1),(1,228,8,1),(1,228,9,1),(1,228,10,1),(1,229,1,1),(1,229,2,1),(1,229,3,1),(1,229,4,1),(1,229,5,1),(1,229,6,1),(1,229,7,1),(1,229,8,1),(1,229,9,1),(1,229,10,1),(1,231,1,1),(1,231,2,1),(1,231,3,1),(1,231,4,1),(1,231,5,1),(1,231,6,1),(1,231,7,1),(1,231,8,1),(1,231,9,1),(1,231,10,1),(1,232,1,1),(1,232,2,1),(1,232,3,1),(1,232,4,1),(1,232,5,1),(1,232,6,1),(1,232,7,1),(1,232,8,1),(1,232,9,1),(1,232,10,1),(1,234,1,1),(1,234,2,1),(1,234,3,1),(1,234,4,1),(1,234,5,1),(1,234,6,1),(1,234,7,1),(1,234,8,1),(1,234,9,1),(1,234,10,1),(1,235,1,1),(1,235,2,1),(1,235,3,1),(1,235,4,1),(1,235,5,1),(1,235,6,1),(1,235,7,1),(1,235,8,1),(1,235,9,1),(1,235,10,1),(1,236,1,1),(1,236,2,1),(1,236,3,1),(1,236,4,1),(1,236,5,1),(1,236,6,1),(1,236,7,1),(1,236,8,1),(1,236,9,1),(1,236,10,1),(1,237,1,1),(1,237,2,1),(1,237,3,1),(1,237,4,1),(1,237,5,1),(1,237,6,1),(1,237,7,1),(1,237,8,1),(1,237,9,1),(1,237,10,1),(1,238,1,1),(1,238,2,1),(1,238,3,1),(1,238,4,1),(1,238,5,1),(1,238,6,1),(1,238,7,1),(1,238,8,1),(1,238,9,1),(1,238,10,1),(1,239,1,1),(1,239,2,1),(1,239,3,1),(1,239,4,1),(1,239,5,1),(1,239,6,1),(1,239,7,1),(1,239,8,1),(1,239,9,1),(1,239,10,1),(1,240,1,1),(1,240,2,1),(1,240,3,1),(1,240,4,1),(1,240,5,1),(1,240,6,1),(1,240,7,1),(1,240,8,1),(1,240,9,1),(1,240,10,1),(1,241,1,1),(1,241,2,1),(1,241,3,1),(1,241,4,1),(1,241,5,1),(1,241,6,1),(1,241,7,1),(1,241,8,1),(1,241,9,1),(1,241,10,1),(1,242,1,1),(1,242,2,1),(1,242,3,1),(1,242,4,1),(1,242,5,1),(1,242,6,1),(1,242,7,1),(1,242,8,1),(1,242,9,1),(1,242,10,1),(1,243,1,1),(1,243,2,1),(1,243,3,1),(1,243,4,1),(1,243,5,1),(1,243,6,1),(1,243,7,1),(1,243,8,1),(1,243,9,1),(1,243,10,1),(1,244,1,1),(1,244,2,1),(1,244,3,1),(1,244,4,1),(1,244,5,1),(1,244,6,1),(1,244,7,1),(1,244,8,1),(1,244,9,1),(1,244,10,1),(1,245,1,1),(1,245,2,1),(1,245,3,1),(1,245,4,1),(1,245,5,1),(1,245,6,1),(1,245,7,1),(1,245,8,1),(1,245,9,1),(1,245,10,1),(1,246,1,1),(1,246,2,1),(1,246,3,1),(1,246,4,1),(1,246,5,1),(1,246,6,1),(1,246,7,1),(1,246,8,1),(1,246,9,1),(1,246,10,1),(1,247,1,1),(1,247,2,1),(1,247,3,1),(1,247,4,1),(1,247,5,1),(1,247,6,1),(1,247,7,1),(1,247,8,1),(1,247,9,1),(1,247,10,1),(1,248,1,1),(1,248,2,1),(1,248,3,1),(1,248,4,1),(1,248,5,1),(1,248,6,1),(1,248,7,1),(1,248,8,1),(1,248,9,1),(1,248,10,1),(1,249,1,1),(1,249,2,1),(1,249,3,1),(1,249,4,1),(1,249,5,1),(1,249,6,1),(1,249,7,1),(1,249,8,1),(1,249,9,1),(1,249,10,1),(1,250,1,1),(1,250,2,1),(1,250,3,1),(1,250,4,1),(1,250,5,1),(1,250,6,1),(1,250,7,1),(1,250,8,1),(1,250,9,1),(1,250,10,1),(2,2,1,1),(2,2,2,1),(2,2,3,1),(2,2,4,1),(2,2,5,1),(2,9,1,1),(2,9,2,1),(2,9,3,1),(2,9,4,1),(2,9,5,1),(2,10,1,1),(2,10,2,1),(2,10,3,1),(2,10,4,1),(2,10,5,1),(2,23,1,1),(2,23,2,1),(2,23,3,1),(2,23,4,1),(2,23,5,1),(2,25,1,1),(2,25,2,1),(2,25,3,1),(2,25,4,1),(2,25,5,1),(2,28,1,1),(2,28,2,1),(2,28,3,1),(2,28,4,1),(2,28,5,1),(2,30,1,1),(2,30,2,1),(2,30,3,1),(2,30,4,1),(2,30,5,1),(2,32,1,1),(2,32,2,1),(2,32,3,1),(2,32,4,1),(2,33,1,1),(2,33,2,1),(2,33,3,1),(2,33,4,1),(2,33,5,1),(2,33,6,1),(2,33,7,1),(2,33,8,1),(2,33,9,1),(2,33,10,1),(2,34,1,1),(2,34,2,1),(2,34,3,1),(2,34,4,1),(2,34,5,1),(2,36,1,1),(2,36,2,1),(2,36,3,1),(2,36,4,1),(2,36,5,1),(2,37,1,1),(2,37,2,1),(2,37,3,1),(2,37,4,1),(2,37,5,1),(2,38,1,1),(2,38,2,1),(2,38,3,1),(2,38,4,1),(2,38,5,1),(2,39,1,1),(2,39,2,1),(2,39,3,1),(2,39,4,1),(2,39,5,1),(2,40,1,1),(2,40,2,1),(2,40,3,1),(2,40,4,1),(2,40,5,1),(2,41,1,1),(2,41,2,1),(2,41,3,1),(2,41,4,1),(2,41,5,1),(2,43,1,1),(2,43,2,1),(2,43,3,1),(2,43,4,1),(2,43,5,1),(2,43,6,1),(2,43,7,1),(2,43,8,1),(2,46,1,1),(2,46,2,1),(2,46,3,1),(2,46,4,1),(2,46,6,1),(2,46,7,1),(2,53,1,1),(2,53,2,1),(2,58,1,1),(2,58,2,1),(2,70,1,1),(2,70,2,1),(2,70,3,1),(2,70,4,1),(2,70,5,1),(2,70,7,1),(2,70,8,1),(2,72,1,1),(2,72,2,1),(2,72,3,1),(2,72,4,1),(2,72,5,1),(2,75,1,1),(2,75,2,1),(2,75,3,1),(2,75,4,1),(2,87,1,1),(2,87,2,1),(2,87,3,1),(2,87,4,1),(2,87,5,1),(2,88,1,1),(2,88,2,1),(2,88,3,1),(2,88,4,1),(2,88,5,1),(2,88,10,1),(2,91,1,1),(2,91,2,1),(2,91,3,1),(2,91,4,1),(2,91,5,1),(2,102,1,1),(2,102,2,1),(2,103,1,1),(2,103,2,1),(2,104,1,1),(2,104,2,1),(2,118,1,1),(2,118,2,1),(2,118,3,1),(2,118,4,1),(2,118,5,1),(2,120,1,1),(2,120,2,1),(2,120,3,1),(2,120,4,1),(2,120,6,1),(2,120,7,1),(2,120,8,1),(2,120,9,1),(2,120,10,1),(2,121,1,1),(2,121,2,1),(2,121,3,1),(2,121,4,1),(2,121,6,1),(2,121,7,1),(2,121,8,1),(2,121,9,1),(2,121,10,1),(2,122,1,1),(2,122,2,1),(2,122,3,1),(2,122,4,1),(2,122,6,1),(2,122,7,1),(2,122,8,1),(2,122,9,1),(2,122,10,1),(2,123,1,1),(2,123,2,1),(2,123,3,1),(2,123,4,1),(2,123,6,1),(2,123,7,1),(2,123,8,1),(2,123,9,1),(2,123,10,1),(2,124,1,1),(2,124,2,1),(2,124,3,1),(2,124,4,1),(2,124,6,1),(2,124,7,1),(2,124,8,1),(2,124,9,1),(2,124,10,1),(2,125,1,1),(2,125,2,1),(2,125,3,1),(2,125,4,1),(2,125,6,1),(2,125,7,1),(2,125,8,1),(2,125,9,1),(2,125,10,1),(2,126,1,1),(2,126,2,1),(2,127,1,1),(2,127,2,1),(2,127,3,1),(2,127,4,1),(2,127,6,1),(2,127,7,1),(2,127,8,1),(2,127,9,1),(2,127,10,1),(2,128,1,1),(2,128,2,1),(2,128,3,1),(2,128,4,1),(2,128,6,1),(2,128,7,1),(2,128,8,1),(2,128,9,1),(2,128,10,1),(2,129,1,1),(2,129,2,1),(2,129,3,1),(2,129,4,1),(2,129,6,1),(2,129,7,1),(2,129,8,1),(2,129,9,1),(2,129,10,1),(2,130,1,1),(2,130,2,1),(2,130,3,1),(2,130,4,1),(2,130,5,1),(2,131,1,1),(2,131,2,1),(2,131,3,1),(2,131,4,1),(2,131,5,1),(2,131,6,1),(2,131,7,1),(2,131,8,1),(2,132,1,1),(2,132,2,1),(2,132,3,1),(2,132,4,1),(2,132,5,1),(2,134,1,1),(2,134,2,1),(2,134,3,1),(2,134,4,1),(2,134,5,1),(2,134,7,1),(2,134,8,1),(2,138,1,1),(2,138,2,1),(2,138,3,1),(2,138,4,1),(2,138,5,1),(2,138,6,1),(2,138,7,1),(2,138,8,1),(2,139,1,1),(2,139,2,1),(2,139,3,1),(2,139,5,1),(2,139,6,1),(2,139,7,1),(2,139,8,1),(2,140,1,1),(2,140,2,1),(2,140,3,1),(2,140,4,1),(2,140,5,1),(2,140,6,1),(2,140,7,1),(2,140,8,1),(2,141,1,1),(2,141,2,1),(2,141,3,1),(2,141,4,1),(2,141,5,1),(2,141,6,1),(2,141,7,1),(2,141,8,1),(2,142,1,1),(2,142,2,1),(2,142,3,1),(2,142,4,1),(2,142,5,1),(2,148,1,1),(2,148,2,1),(2,148,3,1),(2,148,4,1),(2,148,5,1),(2,149,1,1),(2,149,2,1),(2,149,3,1),(2,149,4,1),(2,149,5,1),(2,150,1,1),(2,150,2,1),(2,150,3,1),(2,150,4,1),(2,150,5,1),(2,150,6,1),(2,150,7,1),(2,150,8,1),(2,151,1,1),(2,151,2,1),(2,151,3,1),(2,151,4,1),(2,151,5,1),(2,151,6,1),(2,151,7,1),(2,151,8,1),(2,152,1,1),(2,152,2,1),(2,152,3,1),(2,152,4,1),(2,152,5,1),(2,152,6,1),(2,152,7,1),(2,152,8,1),(2,153,1,1),(2,153,2,1),(2,153,3,1),(2,153,4,1),(2,153,5,1),(2,153,7,1),(2,153,8,1),(2,154,1,1),(2,154,2,1),(2,154,3,1),(2,154,4,1),(2,154,5,1),(2,154,6,1),(2,154,7,1),(2,154,8,1),(2,155,1,1),(2,155,2,1),(2,155,3,1),(2,155,4,1),(2,155,5,1),(2,155,6,1),(2,156,1,1),(2,156,2,1),(2,156,3,1),(2,156,5,1),(2,157,1,1),(2,157,2,1),(2,157,3,1),(2,157,5,1),(2,158,1,1),(2,158,2,1),(2,158,3,1),(2,158,5,1),(2,160,1,1),(2,160,2,1),(2,160,3,1),(2,160,4,1),(2,160,5,1),(2,162,1,1),(2,162,2,1),(2,162,3,1),(2,162,4,1),(2,162,5,1),(2,164,1,1),(2,164,2,1),(2,164,3,1),(2,164,4,1),(2,164,5,1),(2,167,1,1),(2,167,2,1),(2,167,3,1),(2,167,4,1),(2,167,5,1),(2,169,1,1),(2,169,2,1),(2,169,3,1),(2,169,4,1),(2,169,6,1),(2,169,7,1),(2,169,8,1),(2,169,9,1),(2,169,10,1),(2,170,1,1),(2,170,2,1),(2,170,3,1),(2,170,4,1),(2,170,5,1),(2,178,1,1),(2,178,2,1),(2,178,3,1),(2,178,4,1),(2,216,1,1),(2,216,2,1),(2,216,3,1),(2,216,4,1),(2,216,5,1),(2,219,1,1),(2,219,2,1),(2,219,3,1),(2,219,4,1),(2,219,5,1),(2,227,1,1),(2,227,2,1),(2,227,3,1),(2,227,4,1),(2,227,5,1),(2,229,1,1),(2,229,2,1),(2,229,3,1),(2,229,4,1),(2,229,5,1),(2,229,6,1),(2,229,7,1),(2,229,8,1),(2,229,9,1),(2,229,10,1),(2,231,1,1),(2,231,2,1),(2,231,3,1),(2,231,4,1),(2,231,5,1),(2,231,6,1),(2,231,7,1),(2,231,8,1),(2,231,9,1),(2,231,10,1),(2,234,1,1),(2,234,2,1),(2,234,3,1),(2,234,4,1),(2,234,5,1),(2,239,1,1),(2,239,2,1),(2,239,3,1),(2,239,4,1),(2,240,1,1),(2,240,2,1),(2,240,3,1),(2,240,4,1),(2,240,5,1),(3,9,1,1),(3,9,2,1),(3,9,3,1),(3,9,4,1),(3,9,5,1),(3,9,6,1),(3,9,7,1),(3,9,8,1),(3,27,1,1),(3,27,2,1),(3,27,3,1),(3,27,4,1),(3,27,5,1),(3,120,1,1),(3,120,2,1),(3,120,3,1),(3,120,4,1),(3,120,5,1),(3,120,6,1),(3,120,7,1),(3,120,8,1),(3,125,1,1),(3,125,2,1),(3,125,3,1),(3,125,4,1),(3,125,5,1),(3,125,6,1),(3,125,7,1),(3,125,8,1),(4,9,1,1),(4,9,2,1),(4,28,1,1),(4,28,2,1),(4,28,3,1),(4,28,4,1),(4,31,1,1),(4,31,2,1),(4,38,1,1),(4,38,2,1),(4,41,1,1),(4,41,2,1),(4,43,1,1),(4,43,2,1),(4,44,1,1),(4,44,2,1),(4,58,1,1),(4,58,2,1),(4,70,1,1),(4,70,2,1),(4,74,1,1),(4,74,2,1),(4,74,3,1),(4,74,4,1),(4,75,1,1),(4,75,2,1),(4,120,1,1),(4,120,2,1),(4,120,3,1),(4,120,4,1),(4,121,1,1),(4,121,2,1),(4,121,3,1),(4,121,4,1),(4,122,1,1),(4,122,2,1),(4,122,3,1),(4,122,4,1),(5,27,1,1),(5,27,2,1),(5,27,3,1),(5,27,4,1),(5,27,5,1),(5,29,1,1),(5,29,2,1),(5,29,3,1),(5,29,4,1),(5,29,6,1),(5,30,1,1),(5,30,2,1),(5,30,3,1),(5,30,4,1),(5,30,5,1),(5,36,1,1),(5,36,2,1),(5,36,3,1),(5,36,4,1),(5,36,5,1),(5,37,1,1),(5,37,2,1),(5,37,3,1),(5,37,4,1),(5,37,5,1),(5,39,1,1),(5,39,2,1),(5,39,3,1),(5,39,4,1),(5,39,5,1),(5,43,1,1),(5,43,2,1),(5,43,4,1),(5,58,1,1),(5,58,2,1),(5,72,1,1),(5,72,2,1),(5,73,1,1),(5,73,2,1),(5,74,1,1),(5,74,2,1),(5,74,3,1),(5,74,4,1),(5,78,1,1),(5,78,2,1),(5,78,3,1),(5,78,4,1),(5,78,5,1),(5,83,1,1),(5,83,2,1),(5,83,3,1),(5,83,4,1),(5,83,5,1),(5,85,1,1),(5,85,2,1),(5,85,3,1),(5,85,4,1),(5,88,1,1),(5,88,2,1),(5,88,3,1),(5,88,4,1),(5,88,10,1),(5,89,1,1),(5,89,2,1),(5,89,3,1),(5,89,4,1),(5,91,1,1),(5,91,2,1),(5,93,1,1),(5,93,2,1),(5,166,1,1),(5,166,2,1),(5,166,3,1),(5,166,4,1),(5,166,5,1),(6,2,1,1),(6,2,2,1),(6,4,1,1),(6,4,2,1),(6,9,1,1),(6,9,2,1),(6,10,1,1),(6,10,2,1),(6,16,1,1),(6,16,2,1),(6,23,1,1),(6,23,2,1),(6,23,3,1),(6,23,4,1),(6,23,5,1),(6,28,1,1),(6,28,2,1),(6,28,3,1),(6,28,4,1),(6,29,1,1),(6,29,2,1),(6,29,3,1),(6,29,4,1),(6,29,6,1),(6,31,1,1),(6,31,2,1),(6,33,1,1),(6,33,2,1),(6,35,1,1),(6,35,2,1),(6,36,1,1),(6,36,2,1),(6,36,3,1),(6,36,4,1),(6,37,1,1),(6,37,2,1),(6,37,3,1),(6,37,4,1),(6,38,1,1),(6,38,2,1),(6,39,1,1),(6,39,2,1),(6,40,1,1),(6,40,2,1),(6,40,3,1),(6,40,4,1),(6,40,5,1),(6,41,1,1),(6,41,2,1),(6,42,1,1),(6,42,2,1),(6,42,3,1),(6,42,4,1),(6,43,1,1),(6,43,2,1),(6,44,1,1),(6,44,2,1),(6,44,3,1),(6,44,7,1),(6,44,8,1),(6,45,1,1),(6,45,2,1),(6,47,1,1),(6,47,2,1),(6,47,3,1),(6,47,4,1),(6,47,5,1),(6,48,1,1),(6,48,2,1),(6,48,3,1),(6,48,4,1),(6,48,5,1),(6,49,1,1),(6,49,2,1),(6,50,1,1),(6,50,2,1),(6,51,1,1),(6,51,2,1),(6,51,3,1),(6,51,4,1),(6,51,5,1),(6,52,1,1),(6,52,2,1),(6,52,3,1),(6,52,4,1),(6,52,5,1),(6,54,1,1),(6,54,2,1),(6,54,3,1),(6,54,4,1),(6,54,5,1),(6,55,1,1),(6,55,2,1),(6,55,3,1),(6,55,4,1),(6,55,5,1),(6,56,1,1),(6,56,2,1),(6,57,1,1),(6,57,2,1),(6,57,3,1),(6,57,4,1),(6,57,5,1),(6,58,1,1),(6,58,2,1),(6,59,1,1),(6,59,2,1),(6,59,3,1),(6,59,4,1),(6,59,5,1),(6,60,1,1),(6,60,2,1),(6,61,1,1),(6,61,2,1),(6,62,1,1),(6,62,2,1),(6,62,3,1),(6,62,4,1),(6,62,5,1),(6,63,1,1),(6,63,2,1),(6,64,1,1),(6,64,2,1),(6,64,3,1),(6,64,4,1),(6,64,5,1),(6,65,1,1),(6,65,2,1),(6,65,3,1),(6,65,4,1),(6,65,5,1),(6,65,6,1),(6,65,10,1),(6,66,1,1),(6,66,2,1),(6,66,3,1),(6,66,4,1),(6,66,5,1),(6,67,1,1),(6,67,2,1),(6,67,3,1),(6,67,4,1),(6,67,5,1),(6,67,6,1),(6,68,1,1),(6,68,2,1),(6,68,3,1),(6,68,4,1),(6,68,5,1),(6,69,1,1),(6,69,2,1),(6,69,3,1),(6,69,4,1),(6,69,5,1),(6,70,1,1),(6,70,2,1),(6,72,1,1),(6,72,2,1),(6,73,1,1),(6,73,2,1),(6,77,1,1),(6,77,2,1),(6,78,1,1),(6,78,2,1),(6,78,3,1),(6,78,4,1),(6,78,5,1),(6,84,1,1),(6,84,2,1),(6,84,3,1),(6,84,4,1),(6,84,5,1),(6,85,1,1),(6,85,2,1),(6,88,1,1),(6,88,2,1),(6,88,3,1),(6,88,4,1),(6,88,5,1),(6,88,6,1),(6,88,10,1),(6,89,1,1),(6,89,2,1),(6,89,4,1),(6,90,1,1),(6,90,2,1),(6,90,3,1),(6,90,4,1),(6,90,5,1),(6,90,6,1),(6,90,10,1),(6,91,1,1),(6,91,2,1),(6,91,3,1),(6,91,4,1),(6,92,1,1),(6,92,2,1),(6,92,3,1),(6,92,4,1),(6,92,5,1),(6,92,6,1),(6,92,7,1),(6,92,8,1),(6,93,1,1),(6,93,2,1),(6,93,3,1),(6,93,4,1),(6,93,5,1),(6,94,1,1),(6,94,2,1),(6,94,3,1),(6,94,4,1),(6,94,5,1),(6,99,1,1),(6,99,2,1),(6,99,3,1),(6,99,4,1),(6,99,5,1),(6,119,1,1),(6,119,2,1),(6,120,1,1),(6,120,2,1),(6,120,3,1),(6,120,4,1),(6,120,5,1),(6,120,6,1),(6,120,7,1),(6,120,8,1),(6,176,1,1),(6,176,2,1),(6,176,3,1),(6,176,4,1),(6,176,5,1),(6,183,1,1),(6,183,2,1),(6,184,1,1),(6,184,2,1),(6,187,1,1),(6,187,2,1),(6,188,1,1),(6,188,2,1),(6,189,1,1),(6,189,2,1),(6,191,1,1),(6,191,2,1),(6,191,3,1),(6,191,4,1),(6,191,5,1),(6,219,1,1),(6,219,2,1),(6,219,3,1),(6,219,4,1),(6,219,5,1),(6,226,1,1),(6,226,2,1),(6,226,3,1),(6,226,4,1),(6,226,5,1),(6,228,1,1),(6,228,2,1),(6,228,3,1),(6,228,4,1),(6,228,5,1),(6,234,1,1),(6,234,2,1),(6,234,3,1),(6,234,4,1),(6,234,5,1),(6,235,1,1),(6,235,2,1),(6,235,3,1),(6,235,4,1),(6,235,5,1),(6,236,1,1),(6,236,2,1),(6,236,3,1),(6,236,4,1),(6,236,5,1),(6,240,1,1),(6,240,2,1),(6,240,3,1),(6,240,4,1),(6,240,5,1),(7,9,1,1),(7,9,2,1),(7,28,1,1),(7,28,2,1),(7,28,3,1),(7,28,4,1),(7,31,1,1),(7,31,2,1),(7,41,1,1),(7,41,2,1),(7,42,1,1),(7,42,2,1),(7,42,3,1),(7,42,4,1),(7,43,1,1),(7,43,2,1),(7,44,1,1),(7,44,2,1),(7,45,1,1),(7,45,2,1),(7,74,1,1),(7,74,2,1),(7,121,1,1),(7,121,2,1),(7,121,3,1),(7,121,4,1),(7,121,5,1),(7,122,1,1),(7,122,2,1),(7,123,1,1),(7,123,2,1),(7,123,3,1),(7,123,4,1),(7,125,1,1),(7,125,2,1),(7,125,3,1),(7,125,4,1),(7,125,5,1),(7,125,6,1),(7,125,7,1),(7,125,8,1),(8,30,1,1),(8,30,2,1),(8,30,3,1),(8,30,4,1),(8,30,5,1),(8,43,1,1),(8,43,2,1),(8,73,1,1),(8,73,2,1),(8,73,3,1),(8,73,4,1),(8,73,5,1),(8,87,1,1),(8,87,2,1),(8,87,3,1),(8,87,4,1),(8,87,5,1),(8,95,1,1),(8,95,2,1),(8,95,3,1),(8,95,4,1),(8,95,5,1),(8,96,1,1),(8,96,2,1),(8,96,3,1),(8,96,4,1),(8,96,5,1),(8,97,1,1),(8,97,2,1),(8,97,3,1),(8,97,4,1),(8,97,5,1),(8,98,1,1),(8,98,2,1),(8,98,3,1),(8,98,4,1),(8,98,5,1),(8,100,1,1),(8,100,2,1),(8,100,3,1),(8,100,4,1),(8,100,5,1),(8,101,1,1),(8,101,2,1),(8,101,3,1),(8,101,4,1),(8,101,5,1),(8,102,1,1),(8,102,2,1),(8,102,3,1),(8,102,4,1),(8,102,5,1),(8,104,1,1),(8,104,2,1),(8,104,3,1),(8,104,4,1),(8,104,5,1),(8,105,1,1),(8,105,2,1),(8,105,3,1),(8,105,4,1),(8,105,5,1),(8,106,1,1),(8,106,2,1),(8,106,3,1),(8,106,4,1),(8,106,5,1),(8,108,1,1),(8,108,2,1),(8,108,3,1),(8,108,4,1),(8,110,1,1),(8,110,2,1),(8,110,3,1),(8,110,4,1),(8,110,5,1),(8,111,1,1),(8,111,2,1),(8,111,3,1),(8,111,4,1),(8,111,5,1),(8,112,1,1),(8,112,2,1),(8,112,3,1),(8,112,4,1),(8,112,5,1),(8,113,1,1),(8,113,2,1),(8,113,3,1),(8,113,4,1),(8,113,5,1),(8,114,1,1),(8,114,2,1),(8,114,3,1),(8,114,4,1),(8,114,5,1),(8,115,1,1),(8,115,2,1),(8,115,3,1),(8,115,4,1),(8,115,5,1),(8,116,1,1),(8,116,2,1),(8,116,3,1),(8,116,4,1),(8,116,5,1),(8,134,1,1),(8,134,2,1),(8,134,3,1),(8,134,4,1),(8,134,5,1),(8,138,1,1),(8,138,2,1),(8,138,3,1),(8,138,4,1),(8,138,5,1),(8,139,1,1),(8,139,2,1),(8,139,3,1),(8,139,4,1),(8,139,5,1),(8,140,1,1),(8,140,2,1),(8,140,3,1),(8,140,4,1),(8,140,5,1),(8,140,7,1),(8,140,8,1),(8,141,1,1),(8,141,2,1),(8,141,3,1),(8,141,4,1),(8,141,5,1),(8,141,7,1),(8,141,8,1),(8,150,1,1),(8,150,2,1),(8,150,3,1),(8,150,4,1),(8,151,1,1),(8,151,2,1),(8,151,3,1),(8,151,4,1),(8,151,7,1),(8,151,8,1),(8,152,1,1),(8,152,2,1),(8,152,3,1),(8,152,4,1),(8,152,7,1),(8,152,8,1),(8,153,1,1),(8,153,2,1),(8,153,3,1),(8,153,4,1),(8,153,5,1),(8,155,1,1),(8,155,2,1),(8,155,3,1),(8,155,4,1),(8,155,5,1),(8,156,1,1),(8,156,2,1),(8,156,3,1),(8,156,4,1),(8,156,5,1),(8,157,1,1),(8,157,2,1),(8,157,3,1),(8,157,4,1),(8,157,5,1),(8,158,1,1),(8,158,2,1),(8,158,3,1),(8,158,4,1),(8,158,5,1),(8,160,1,1),(8,160,2,1),(8,160,3,1),(8,160,4,1),(8,160,5,1),(8,161,1,1),(8,161,2,1),(8,161,3,1),(8,161,4,1),(8,161,5,1),(8,163,1,1),(8,163,2,1),(8,163,3,1),(8,163,4,1),(8,163,5,1),(8,164,1,1),(8,164,2,1),(8,164,3,1),(8,164,4,1),(8,164,5,1),(8,166,1,1),(8,166,2,1),(8,166,3,1),(8,166,4,1),(8,166,5,1),(8,190,1,1),(8,190,2,1),(8,190,3,1),(8,190,4,1),(8,190,5,1),(9,57,1,1),(9,57,2,1),(9,57,3,1),(9,57,4,1),(9,57,5,1),(9,64,1,1),(9,64,2,1),(9,64,3,1),(9,64,4,1),(9,64,5,1),(9,65,1,1),(9,65,2,1),(9,65,3,1),(9,65,4,1),(9,65,5,1),(9,66,1,1),(9,66,2,1),(9,66,3,1),(9,66,4,1),(9,66,5,1),(9,67,1,1),(9,67,2,1),(9,67,3,1),(9,67,4,1),(9,67,5,1),(9,67,6,1),(9,68,1,1),(9,68,2,1),(9,68,3,1),(9,68,4,1),(9,68,5,1),(9,69,1,1),(9,69,2,1),(9,69,3,1),(9,69,4,1),(9,69,5,1),(9,84,1,1),(9,84,2,1),(9,84,3,1),(9,84,4,1),(9,84,5,1),(9,88,1,1),(9,88,2,1),(9,88,3,1),(9,88,4,1),(9,88,5,1),(9,88,6,1),(9,88,7,1),(9,88,8,1),(9,88,9,1),(9,88,10,1),(9,91,1,1),(9,91,2,1),(9,91,3,1),(9,91,4,1),(9,91,5,1),(9,91,6,1),(9,91,7,1),(9,91,8,1),(9,91,9,1),(9,91,10,1),(10,27,1,1),(10,27,2,1),(10,27,3,1),(10,27,4,1),(10,27,5,1),(10,75,1,1),(10,75,2,1),(10,75,3,1),(10,75,4,1),(10,75,5,1),(10,118,1,1),(10,118,2,1),(10,118,3,1),(10,118,4,1),(10,118,5,1),(10,119,7,1),(10,119,8,1),(10,120,1,1),(10,120,2,1),(10,120,3,1),(10,120,4,1),(10,120,5,1),(10,120,7,1),(10,120,8,1),(10,121,1,1),(10,121,2,1),(10,121,3,1),(10,121,4,1),(10,121,5,1),(10,121,7,1),(10,121,8,1),(10,122,1,1),(10,122,2,1),(10,122,3,1),(10,122,4,1),(10,122,5,1),(10,122,7,1),(10,122,8,1),(10,124,7,1),(10,124,8,1),(10,125,1,1),(10,125,2,1),(10,125,3,1),(10,125,4,1),(10,125,5,1),(10,125,7,1),(10,125,8,1),(10,127,1,1),(10,127,2,1),(10,127,3,1),(10,127,4,1),(10,127,5,1),(10,127,7,1),(10,127,8,1),(10,128,1,1),(10,128,2,1),(10,128,3,1),(10,128,4,1),(10,128,5,1),(10,128,7,1),(10,128,8,1),(10,129,1,1),(10,129,2,1),(10,129,3,1),(10,129,4,1),(10,129,5,1),(10,129,7,1),(10,129,8,1),(10,166,1,1),(10,166,2,1),(10,166,3,1),(10,166,4,1),(10,169,1,1),(10,169,2,1),(10,169,3,1),(10,169,4,1),(10,169,5,1),(10,169,7,1),(10,169,8,1),(10,229,1,1),(10,229,2,1),(10,229,3,1),(10,229,4,1),(10,229,5,1),(10,229,6,1),(10,229,7,1),(10,229,8,1),(10,229,9,1),(10,229,10,1),(11,27,1,1),(11,27,2,1),(11,27,3,1),(11,27,4,1),(11,27,5,1),(12,27,1,1),(12,27,2,1),(12,27,3,1),(12,27,4,1),(12,27,5,1),(12,44,1,1),(12,44,2,1),(12,44,7,1),(12,44,8,1),(12,45,1,1),(12,45,2,1),(12,77,1,1),(12,77,2,1),(12,80,1,1),(12,80,2,1),(12,108,1,1),(12,108,2,1),(12,108,3,1),(12,108,4,1),(12,108,5,1),(12,112,1,1),(12,112,2,1),(12,112,3,1),(12,112,4,1),(12,112,5,1),(12,120,1,1),(12,120,2,1),(12,120,3,1),(12,120,4,1),(12,120,5,1),(12,121,1,1),(12,121,2,1),(12,121,3,1),(12,121,4,1),(12,122,1,1),(12,122,2,1),(12,122,3,1),(12,122,4,1),(12,122,5,1),(12,122,7,1),(12,122,8,1),(12,125,1,1),(12,125,2,1),(12,125,7,1),(12,125,8,1),(12,126,1,1),(12,126,2,1),(12,128,1,1),(12,128,2,1),(12,128,3,1),(12,128,4,1),(12,128,5,1),(12,128,7,1),(12,128,8,1),(12,136,1,1),(12,136,2,1),(12,136,3,1),(12,136,4,1),(12,136,5,1),(12,138,1,1),(12,138,2,1),(12,138,3,1),(12,140,1,1),(12,140,2,1),(12,140,3,1),(12,140,4,1),(12,140,5,1),(12,140,7,1),(12,140,8,1),(12,150,1,1),(12,150,2,1),(12,150,3,1),(12,150,4,1),(12,150,5,1),(12,151,1,1),(12,151,2,1),(12,151,3,1),(12,151,4,1),(12,151,5,1),(12,151,7,1),(12,151,8,1),(12,153,1,1),(12,153,2,1),(12,153,3,1),(12,154,1,1),(12,154,2,1),(12,154,3,1),(12,154,4,1),(12,154,7,1),(12,154,8,1),(12,157,1,1),(12,157,2,1),(12,157,3,1),(12,157,4,1),(12,158,1,1),(12,158,2,1),(12,158,3,1),(12,158,4,1),(12,164,1,1),(12,164,2,1),(12,164,3,1),(12,164,4,1),(12,164,5,1),(14,9,1,1),(14,9,2,1),(14,28,1,1),(14,28,2,1),(14,28,3,1),(14,28,4,1),(14,28,5,1),(14,31,1,1),(14,31,2,1),(14,31,3,1),(14,38,1,1),(14,38,2,1),(14,41,1,1),(14,41,2,1),(14,41,3,1),(14,41,4,1),(14,42,1,1),(14,42,2,1),(14,42,3,1),(14,42,4,1),(14,42,5,1),(14,75,1,1),(14,75,2,1),(14,86,1,1),(14,86,2,1),(14,99,1,1),(14,99,2,1),(14,99,3,1),(14,99,4,1),(14,99,5,1),(14,107,1,1),(14,107,2,1),(14,107,3,1),(14,107,4,1),(14,107,5,1),(14,109,1,1),(14,109,2,1),(14,109,3,1),(14,109,4,1),(14,109,5,1),(14,111,1,1),(14,111,2,1),(14,111,3,1),(14,111,4,1),(14,111,5,1),(14,115,1,1),(14,115,2,1),(14,115,3,1),(14,115,4,1),(14,115,5,1),(14,116,1,1),(14,116,2,1),(14,116,3,1),(14,116,4,1),(14,116,5,1),(14,134,1,1),(14,134,2,1),(14,138,1,1),(14,138,2,1),(14,138,3,1),(14,139,1,1),(14,139,2,1),(14,139,3,1),(14,139,4,1),(14,139,5,1),(14,143,1,1),(14,143,2,1),(14,144,1,1),(14,144,2,1),(14,144,3,1),(14,144,4,1),(14,144,5,1),(14,146,1,1),(14,146,2,1),(14,149,1,1),(14,149,2,1),(14,150,1,1),(14,150,2,1),(14,150,3,1),(14,150,4,1),(14,150,5,1),(14,153,1,1),(14,153,2,1),(14,158,1,1),(14,158,2,1),(14,167,1,1),(14,167,2,1),(14,168,1,1),(14,168,2,1),(14,170,1,1),(14,170,2,1),(14,171,1,1),(14,171,2,1),(14,172,1,1),(14,172,2,1),(14,173,1,1),(14,173,2,1),(15,2,1,1),(15,2,2,1),(15,3,1,1),(15,3,2,1),(15,4,1,1),(15,4,2,1),(15,7,1,1),(15,7,2,1),(15,23,1,1),(15,23,2,1),(15,30,1,1),(15,30,2,1),(15,30,3,1),(15,30,4,1),(15,30,5,1),(15,43,1,1),(15,43,2,1),(15,43,3,1),(15,43,4,1),(15,58,1,1),(15,58,2,1),(15,73,1,1),(15,73,2,1),(15,73,3,1),(15,73,4,1),(15,74,1,1),(15,74,2,1),(15,78,1,1),(15,78,2,1),(15,91,1,1),(15,91,2,1),(15,95,1,1),(15,95,2,1),(15,95,3,1),(15,95,4,1),(15,95,5,1),(15,102,1,1),(15,102,2,1),(15,102,3,1),(15,102,4,1),(15,102,5,1),(15,104,1,1),(15,104,2,1),(15,104,3,1),(15,104,4,1),(15,104,5,1),(15,105,1,1),(15,105,2,1),(15,105,3,1),(15,105,4,1),(15,105,5,1),(15,106,1,1),(15,106,2,1),(15,106,3,1),(15,106,4,1),(15,107,1,1),(15,107,2,1),(15,107,3,1),(15,107,4,1),(15,107,5,1),(15,110,1,1),(15,110,2,1),(15,110,3,1),(15,110,4,1),(15,110,5,1),(15,111,1,1),(15,111,2,1),(15,111,3,1),(15,111,4,1),(15,111,5,1),(15,113,1,1),(15,113,2,1),(15,113,3,1),(15,113,4,1),(15,113,5,1),(15,114,1,1),(15,114,2,1),(15,114,3,1),(15,114,4,1),(15,114,5,1),(15,121,1,1),(15,121,2,1),(15,121,3,1),(15,121,4,1),(15,122,1,1),(15,122,2,1),(15,122,3,1),(15,122,4,1),(15,122,5,1),(15,123,1,1),(15,123,2,1),(15,123,3,1),(15,123,4,1),(15,123,5,1),(15,125,1,1),(15,125,2,1),(15,125,3,1),(15,125,4,1),(15,126,1,1),(15,126,2,1),(15,128,1,1),(15,128,2,1),(15,128,3,1),(15,128,4,1),(15,128,5,1),(15,143,1,1),(15,143,2,1),(15,143,3,1),(15,143,4,1),(15,143,5,1),(15,146,1,1),(15,146,2,1),(15,146,3,1),(15,146,4,1),(15,146,5,1),(15,147,1,1),(15,147,2,1),(15,147,3,1),(15,147,4,1),(15,147,5,1),(15,169,1,1),(15,169,2,1),(15,169,3,1),(15,169,4,1),(15,178,1,1),(15,178,2,1),(16,9,1,1),(16,9,2,1),(16,166,1,1),(16,166,2,1),(16,166,3,1),(16,166,4,1),(16,166,5,1),(18,27,1,1),(18,27,2,1),(18,27,3,1),(18,27,4,1),(18,27,5,1),(18,77,1,1),(18,77,2,1),(18,77,3,1),(18,77,4,1),(20,75,1,1),(20,75,2,1),(20,75,3,1),(20,75,4,1),(20,75,5,1),(21,27,1,1),(21,27,2,1),(21,27,3,1),(21,27,4,1),(21,27,5,1),(21,27,6,1),(21,27,7,1),(21,27,8,1),(21,27,9,1),(21,27,10,1);

/*Data for the table `ww_profiles_sensitivity` */

insert  into `ww_profiles_sensitivity`(`profile_id`,`mod_id`,`sensitivity_id`) values (7,3,1),(7,3,2),(7,3,3),(7,3,4),(7,1,1),(7,1,2),(7,1,3),(7,1,4),(7,4,1),(7,4,2),(7,4,3),(7,4,4),(5,3,1),(5,3,2),(5,3,3),(5,3,4),(5,1,1),(5,1,2),(5,1,3),(5,1,4),(5,4,1),(5,4,2),(5,4,3),(5,4,4),(9,3,1),(9,1,1),(9,4,1),(11,1,1),(11,1,2),(11,1,3),(11,1,4),(11,3,1),(11,3,2),(11,3,3),(11,3,4),(11,4,1),(11,4,2),(11,4,3),(11,4,4),(12,1,1),(12,1,2),(12,1,3),(12,1,4),(12,3,1),(12,3,2),(12,3,3),(12,3,4),(12,4,1),(12,4,2),(12,4,3),(12,4,4),(19,1,1),(19,1,2),(19,1,3),(19,1,4),(19,3,1),(19,3,2),(19,3,3),(19,3,4),(19,4,1),(19,4,2),(19,4,3),(19,4,4),(10,3,1),(10,3,2),(10,3,3),(10,3,4),(10,1,1),(10,1,2),(10,1,3),(10,1,4),(10,4,1),(10,4,2),(10,4,3),(10,4,4),(6,3,1),(6,3,2),(6,3,3),(6,3,4),(6,1,1),(6,1,2),(6,1,3),(6,1,4),(6,4,1),(6,4,2),(6,4,3),(6,4,4),(2,3,1),(2,3,2),(2,3,3),(2,3,4),(2,1,1),(2,1,2),(2,1,3),(2,1,4),(2,4,1),(2,4,2),(2,4,3),(2,4,4),(1,4,4);

/*Data for the table `ww_quarters` */

insert  into `ww_quarters`(`quarters_id`,`quarters`,`description`,`deleted`) values (1,'1st Quarter','January, February and March',0),(2,'2nd Quarter','April, May and June',0),(3,'3rd Quarter','July, August and September',0),(4,'4th Quarter','October, November and December',0);

/*Data for the table `ww_recruitment` */

/*Data for the table `ww_recruitment_background_item` */

insert  into `ww_recruitment_background_item`(`background_item_id`,`background_code`,`background`,`created_on`,`created_by`,`modified_on`,`modified_by`,`deleted`) values (1,'EMPHISTORY','Employment History','2015-08-15 06:27:32',NULL,NULL,NULL,0),(2,'EDUC','Education Check','2015-08-15 06:27:43',NULL,NULL,NULL,0),(3,'RESIDENCE','Residence Check','2015-08-15 06:27:52',NULL,NULL,NULL,0),(4,'SOCMEDIA','Social Media Check','2015-08-15 06:28:07',NULL,NULL,NULL,0),(5,'SSSREC','SSS Record Verification','2015-08-15 06:28:20',NULL,NULL,NULL,0),(6,'TINREC','TIN Record Verification','2015-08-15 06:28:36',NULL,NULL,NULL,0),(7,'CREDIT','Credit Investigation','2015-08-15 06:28:52',NULL,NULL,NULL,0),(8,'CRIME','Criminal Record','2015-08-15 06:29:04',NULL,NULL,NULL,0);

/*Data for the table `ww_recruitment_background_status` */

insert  into `ww_recruitment_background_status`(`status_id`,`status_code`,`status`,`created_on`,`created_by`,`modified_on`,`modified_by`,`deleted`) values (1,'ONGOING','Ongoing','2015-08-15 05:42:37',NULL,NULL,NULL,0),(2,'COMPLETE','Completed','2015-08-15 05:43:34',NULL,NULL,NULL,0),(3,'FAIL','Failed','2015-08-15 05:43:38',NULL,NULL,NULL,0);

/*Data for the table `ww_recruitment_benefit` */

/*Data for the table `ww_recruitment_benefit_package` */

/*Data for the table `ww_recruitment_educational_background` */

insert  into `ww_recruitment_educational_background`(`educational_background_id`,`educational_background_code`,`educational_background`,`created_on`,`created_by`,`modified_on`,`modified_by`,`deleted`) values (1,'SECONDARY','Highschool Graduate','2015-08-17 09:40:32',NULL,NULL,NULL,1),(2,'VOCATIONAL','Vocational/Trade','2015-08-17 09:40:49',NULL,NULL,NULL,0),(3,'TERTIARY','Bachelors Degree','2015-08-17 09:40:51',NULL,NULL,NULL,0),(4,'POSTGRAD','Post Graduate','2015-08-17 09:41:34',NULL,NULL,NULL,0);

/*Data for the table `ww_recruitment_employment_checklist` */

insert  into `ww_recruitment_employment_checklist`(`checklist_id`,`checklist`,`description`,`for_submission`,`print_function`,`created_on`,`created_by`,`modified_on`,`modified_by`,`deleted`) values (1,'Interview Assessment Form',NULL,0,'print_interview','2015-02-24 09:55:01',NULL,NULL,NULL,0),(2,'Job Offer',NULL,0,'print_jo','2015-02-24 09:55:10',NULL,NULL,NULL,0),(3,'Employment Contract',NULL,0,NULL,'2015-02-24 09:55:21',NULL,NULL,NULL,0),(4,'Onboarding Checklist',NULL,1,NULL,'2015-02-24 09:55:30',NULL,NULL,NULL,0),(5,'Pre-employment Checklist',NULL,1,'print_preemp_checklist','2015-02-24 09:55:46',NULL,NULL,NULL,0),(6,'Background Investigation Form',NULL,1,'print_bi','2015-02-24 09:55:56',NULL,NULL,NULL,0),(7,'Employment Agreement',NULL,1,'print_emp_agree','2015-02-24 09:56:03',NULL,NULL,NULL,0),(8,'Non-disclosure Agreement',NULL,1,'print_nondisclosure','2015-02-24 09:56:16',NULL,NULL,NULL,0),(9,'Job Description',NULL,1,'print_jd','2015-02-24 09:56:28',NULL,NULL,NULL,0);

/*Data for the table `ww_recruitment_interview_details` */

insert  into `ww_recruitment_interview_details`(`detail_id`,`interview_id`,`key_id`,`key`,`sequence`,`key_name`,`key_value`,`other_remarks`,`created_on`,`created_by`,`modified_on`,`modified_by`,`deleted`) values (1,2,48,'employment_status',1,'Employment Status','df',NULL,'2016-01-28 10:49:16',196,'2016-11-13 17:19:01',16,0),(2,2,49,'salary',1,'Salary','23',NULL,'2016-01-28 10:49:16',196,'2016-11-13 17:19:01',16,0),(3,2,50,'benefits',1,'Benefits','df',NULL,'2016-01-28 10:49:16',196,'2016-11-13 17:19:01',16,0),(4,2,51,'working_schedule',1,'Working Schedule','fd',NULL,'2016-01-28 10:49:16',196,'2016-11-13 17:19:01',16,0),(5,2,52,'immediate_superior',1,'Immediate Superior','f',NULL,'2016-01-28 10:49:16',196,'2016-11-13 17:19:01',16,0),(6,2,53,'expected_salary',1,'Expected Salary','f',NULL,'2016-01-28 10:49:17',196,'2016-11-13 17:19:02',16,0),(7,2,54,'employment_type',1,'Employment Type','Probationary',NULL,'2016-01-28 10:49:17',196,'2016-11-13 17:19:02',16,0),(8,2,55,'pref_work_locations',1,'Pref. Work Locationse','fd',NULL,'2016-01-28 10:49:17',196,'2016-11-13 17:19:02',16,0),(9,2,56,'pref_work_schedule',1,'Pref. Work Schedule','f',NULL,'2016-01-28 10:49:17',196,'2016-11-13 17:19:02',16,0),(10,2,57,'avail_client_int',1,'Avail. - Client Int.','f',NULL,'2016-01-28 10:49:18',196,'2016-11-13 17:19:02',16,0),(11,2,58,'avail_employment',1,'Avail. - Employment','f',NULL,'2016-01-28 10:49:18',196,'2016-11-13 17:19:02',16,0),(12,2,59,'pending_applications',1,'Pending Applications','f',NULL,'2016-01-28 10:49:18',196,'2016-11-13 17:19:02',16,0),(13,2,60,'reason_for_leaving',1,'Reason for Leaving','f',NULL,'2016-01-28 10:49:18',196,'2016-11-13 17:19:02',16,0),(14,2,61,'competencies',1,'Competencies','f',NULL,'2016-01-28 10:49:18',196,'2016-11-13 17:19:02',16,0),(15,2,62,'personality',1,'Personality','f',NULL,'2016-01-28 10:49:18',196,'2016-11-13 17:19:02',16,0),(16,2,63,'hr_remarks',1,'HR Remarks','f',NULL,'2016-01-28 10:49:18',196,'2016-11-13 17:19:02',16,0),(17,2,1,'education',1,'Education','Very Strong','sdf','2016-01-28 10:49:18',196,'2016-11-13 17:19:02',16,0),(18,2,2,'skill',1,'Skill','Very Strong','sadf','2016-01-28 10:49:18',196,'2016-11-13 17:19:02',16,0),(19,2,3,'experience',1,'Experience','Very Strong','sadf','2016-01-28 10:49:18',196,'2016-11-13 17:19:02',16,0),(20,2,30,'interviewers_notes',1,'Interviewers Notes','adsf',NULL,'2016-01-28 10:49:18',196,'2016-11-13 17:19:02',16,0),(21,2,31,'remarks',1,'Remarks','a',NULL,'2016-01-28 10:49:19',196,'2016-11-13 17:19:02',16,0),(22,2,32,'technical_recommendation',1,'Recommendation','Passed',NULL,'2016-01-28 10:49:19',196,'2016-11-13 17:19:02',16,0),(23,2,64,'interviewer_date',1,'Interviewer/Date','dsffd',NULL,'2016-01-28 10:49:19',196,'2016-11-13 17:19:02',16,0),(24,1,48,'employment_status',1,'Employment Status','Probationary',NULL,'2016-01-28 12:37:50',83,'2016-11-13 16:49:40',16,0),(25,1,49,'salary',1,'Salary','30000',NULL,'2016-01-28 12:37:50',83,'2016-11-13 16:49:40',16,0),(26,1,50,'benefits',1,'Benefits','Meal allowance',NULL,'2016-01-28 12:37:50',83,'2016-11-13 16:49:40',16,0),(27,1,51,'working_schedule',1,'Working Schedule','8am-5pm',NULL,'2016-01-28 12:37:50',83,'2016-11-13 16:49:40',16,0),(28,1,52,'immediate_superior',1,'Immediate Superior','Ana Pia Aliga',NULL,'2016-01-28 12:37:50',83,'2016-11-13 16:49:40',16,0),(29,1,53,'expected_salary',1,'Expected Salary','30000',NULL,'2016-01-28 12:37:51',83,'2016-11-13 16:49:40',16,0),(30,1,54,'employment_type',1,'Employment Type','Probationary',NULL,'2016-01-28 12:37:51',83,'2016-11-13 16:49:40',16,0),(31,1,55,'pref_work_locations',1,'Pref. Work Locationse','Ortigas',NULL,'2016-01-28 12:37:51',83,'2016-11-13 16:49:40',16,0),(32,1,56,'pref_work_schedule',1,'Pref. Work Schedule','8am-5pm',NULL,'2016-01-28 12:37:51',83,'2016-11-13 16:49:40',16,0),(33,1,57,'avail_client_int',1,'Avail. - Client Int.','none',NULL,'2016-01-28 12:37:51',83,'2016-11-13 16:49:40',16,0),(34,1,58,'avail_employment',1,'Avail. - Employment','none',NULL,'2016-01-28 12:37:51',83,'2016-11-13 16:49:40',16,0),(35,1,59,'pending_applications',1,'Pending Applications','none',NULL,'2016-01-28 12:37:51',83,'2016-11-13 16:49:40',16,0),(36,1,60,'reason_for_leaving',1,'Reason for Leaving','Better opportunity',NULL,'2016-01-28 12:37:51',83,'2016-11-13 16:49:40',16,0),(37,1,61,'competencies',1,'Competencies','Better opportunity',NULL,'2016-01-28 12:37:51',83,'2016-11-13 16:49:40',16,0),(38,1,62,'personality',1,'Personality','Good',NULL,'2016-01-28 12:37:52',83,'2016-11-13 16:49:40',16,0),(39,1,63,'hr_remarks',1,'HR Remarks','Good',NULL,'2016-01-28 12:37:52',83,'2016-11-13 16:49:40',16,0),(40,1,1,'education',1,'Education','Strong','passed','2016-01-28 12:37:52',83,'2016-11-13 16:49:40',16,0),(41,1,2,'skill',1,'Skill','Strong','passed','2016-01-28 12:37:52',83,'2016-11-13 16:49:40',16,0),(42,1,3,'experience',1,'Experience','Some','passed','2016-01-28 12:37:53',83,'2016-11-13 16:49:40',16,0),(43,1,30,'interviewers_notes',1,'Interviewers Notes','passed notes',NULL,'2016-01-28 12:37:53',83,'2016-11-13 16:49:40',16,0),(44,1,31,'remarks',1,'Remarks','remarks passed',NULL,'2016-01-28 12:37:53',83,'2016-11-13 16:49:40',16,0),(45,1,32,'technical_recommendation',1,'Recommendation','Qualified',NULL,'2016-01-28 12:37:53',83,'2016-11-13 16:49:40',16,0),(46,1,64,'interviewer_date',1,'Interviewer/Date','Ana Pia Aliga / November 13, 2016',NULL,'2016-01-28 12:37:53',83,'2016-11-13 16:49:40',16,0),(47,1,13,'result',1,'','Qualified',NULL,'2016-01-28 12:37:53',83,NULL,0,0),(48,2,13,'result',1,'','Qualified',NULL,'2016-01-28 15:12:26',35,'2016-01-27 23:11:35',35,0),(49,3,48,'employment_status',1,'Employment Status','asdasd',NULL,'2016-01-28 15:19:15',64,'2016-11-13 17:20:21',16,0),(50,3,49,'salary',1,'Salary','asdasd',NULL,'2016-01-28 15:19:15',64,'2016-11-13 17:20:21',16,0),(51,3,50,'benefits',1,'Benefits','asdasdasd',NULL,'2016-01-28 15:19:15',64,'2016-11-13 17:20:21',16,0),(52,3,51,'working_schedule',1,'Working Schedule','asdasd',NULL,'2016-01-28 15:19:15',64,'2016-11-13 17:20:21',16,0),(53,3,52,'immediate_superior',1,'Immediate Superior','asdasd',NULL,'2016-01-28 15:19:15',64,'2016-11-13 17:20:22',16,0),(54,3,53,'expected_salary',1,'Expected Salary','asdasdas',NULL,'2016-01-28 15:19:15',64,'2016-11-13 17:20:22',16,0),(55,3,54,'employment_type',1,'Employment Type','Probationary',NULL,'2016-01-28 15:19:15',64,'2016-11-13 17:20:22',16,0),(56,3,55,'pref_work_locations',1,'Pref. Work Locationse','asdasd',NULL,'2016-01-28 15:19:16',64,'2016-11-13 17:20:22',16,0),(57,3,56,'pref_work_schedule',1,'Pref. Work Schedule','dsdfsdcx',NULL,'2016-01-28 15:19:16',64,'2016-11-13 17:20:22',16,0),(58,3,57,'avail_client_int',1,'Avail. - Client Int.','vxcvxcv',NULL,'2016-01-28 15:19:16',64,'2016-11-13 17:20:22',16,0),(59,3,58,'avail_employment',1,'Avail. - Employment','xcvxc',NULL,'2016-01-28 15:19:16',64,'2016-11-13 17:20:22',16,0),(60,3,59,'pending_applications',1,'Pending Applications','bvbnv',NULL,'2016-01-28 15:19:16',64,'2016-11-13 17:20:22',16,0),(61,3,60,'reason_for_leaving',1,'Reason for Leaving','nvbnvbn',NULL,'2016-01-28 15:19:16',64,'2016-11-13 17:20:22',16,0),(62,3,61,'competencies',1,'Competencies','bnmbnm',NULL,'2016-01-28 15:19:16',64,'2016-11-13 17:20:22',16,0),(63,3,62,'personality',1,'Personality','tyutyutyuwe',NULL,'2016-01-28 15:19:16',64,'2016-11-13 17:20:22',16,0),(64,3,63,'hr_remarks',1,'HR Remarks','terterte',NULL,'2016-01-28 15:19:16',64,'2016-11-13 17:20:22',16,0),(65,3,1,'education',1,'Education','Strong','dfgdfg','2016-01-28 15:19:16',64,'2016-11-13 17:20:22',16,0),(66,3,2,'skill',1,'Skill','Strong','cvxcvxc','2016-01-28 15:19:16',64,'2016-11-13 17:20:22',16,0),(67,3,3,'experience',1,'Experience','Very Strong','sdfsdwertwer','2016-01-28 15:19:16',64,'2016-11-13 17:20:22',16,0),(68,3,30,'interviewers_notes',1,'Interviewers Notes','asdasdasd',NULL,'2016-01-28 15:19:17',64,'2016-11-13 17:20:22',16,0),(69,3,31,'remarks',1,'Remarks','fgdfgdfg',NULL,'2016-01-28 15:19:17',64,'2016-11-13 17:20:22',16,0),(70,3,32,'technical_recommendation',1,'Recommendation','Passed',NULL,'2016-01-28 15:19:17',64,'2016-11-13 17:20:22',16,0),(71,3,64,'interviewer_date',1,'Interviewer/Date','10sdfsf',NULL,'2016-01-28 15:19:17',64,'2016-11-13 17:20:22',16,0),(72,4,48,'employment_status',1,'Employment Status','Probationary',NULL,'2016-01-29 07:33:27',196,'2016-11-20 14:41:58',16,0),(73,4,49,'salary',1,'Salary','30000',NULL,'2016-01-29 07:33:27',196,'2016-11-20 14:41:58',16,0),(74,4,50,'benefits',1,'Benefits','na',NULL,'2016-01-29 07:33:27',196,'2016-11-20 14:41:58',16,0),(75,4,51,'working_schedule',1,'Working Schedule','8-5am',NULL,'2016-01-29 07:33:28',196,'2016-11-20 14:41:58',16,0),(76,4,52,'immediate_superior',1,'Immediate Superior','aliga, pia',NULL,'2016-01-29 07:33:28',196,'2016-11-20 14:41:58',16,0),(77,4,53,'expected_salary',1,'Expected Salary','30000',NULL,'2016-01-29 07:33:28',196,'2016-11-20 14:41:58',16,0),(78,4,54,'employment_type',1,'Employment Type','Probationary',NULL,'2016-01-29 07:33:28',196,'2016-11-20 14:41:58',16,0),(79,4,55,'pref_work_locations',1,'Pref. Work Locationse','na',NULL,'2016-01-29 07:33:28',196,'2016-11-20 14:41:58',16,0),(80,4,56,'pref_work_schedule',1,'Pref. Work Schedule','na',NULL,'2016-01-29 07:33:28',196,'2016-11-20 14:41:58',16,0),(81,4,57,'avail_client_int',1,'Avail. - Client Int.','na',NULL,'2016-01-29 07:33:28',196,'2016-11-20 14:41:58',16,0),(82,4,58,'avail_employment',1,'Avail. - Employment','na',NULL,'2016-01-29 07:33:28',196,'2016-11-20 14:41:58',16,0),(83,4,59,'pending_applications',1,'Pending Applications','na',NULL,'2016-01-29 07:33:28',196,'2016-11-20 14:41:58',16,0),(84,4,60,'reason_for_leaving',1,'Reason for Leaving','na',NULL,'2016-01-29 07:33:28',196,'2016-11-20 14:41:58',16,0),(85,4,61,'competencies',1,'Competencies','na',NULL,'2016-01-29 07:33:28',196,'2016-11-20 14:41:58',16,0),(86,4,62,'personality',1,'Personality','na',NULL,'2016-01-29 07:33:28',196,'2016-11-20 14:41:58',16,0),(87,4,63,'hr_remarks',1,'HR Remarks','na',NULL,'2016-01-29 07:33:28',196,'2016-11-20 14:41:58',16,0),(88,4,1,'education',1,'Education','Very Strong','test','2016-01-29 07:33:28',196,'2016-11-20 14:41:58',16,0),(89,4,2,'skill',1,'Skill','Very Strong','test','2016-01-29 07:33:28',196,'2016-11-20 14:41:58',16,0),(90,4,3,'experience',1,'Experience','Strong','test','2016-01-29 07:33:29',196,'2016-11-20 14:41:58',16,0),(91,4,30,'interviewers_notes',1,'Interviewers Notes','test',NULL,'2016-01-29 07:33:29',196,'2016-11-20 14:41:58',16,0),(92,4,31,'remarks',1,'Remarks','test',NULL,'2016-01-29 07:33:29',196,'2016-11-20 14:41:58',16,0),(93,4,32,'technical_recommendation',1,'Recommendation','Passed',NULL,'2016-01-29 07:33:29',196,'2016-11-20 14:41:58',16,0),(94,4,64,'interviewer_date',1,'Interviewer/Date','aliga,pia',NULL,'2016-01-29 07:33:29',196,'2016-11-20 14:41:58',16,0),(95,5,48,'employment_status',1,'Employment Status','',NULL,'2016-01-29 08:17:02',196,'2016-11-20 14:50:20',16,0),(96,5,49,'salary',1,'Salary','',NULL,'2016-01-29 08:17:02',196,'2016-11-20 14:50:20',16,0),(97,5,50,'benefits',1,'Benefits','',NULL,'2016-01-29 08:17:02',196,'2016-11-20 14:50:20',16,0),(98,5,51,'working_schedule',1,'Working Schedule','',NULL,'2016-01-29 08:17:02',196,'2016-11-20 14:50:20',16,0),(99,5,52,'immediate_superior',1,'Immediate Superior','',NULL,'2016-01-29 08:17:02',196,'2016-11-20 14:50:20',16,0),(100,5,53,'expected_salary',1,'Expected Salary','',NULL,'2016-01-29 08:17:02',196,'2016-11-20 14:50:20',16,0),(101,5,54,'employment_type',1,'Employment Type','',NULL,'2016-01-29 08:17:02',196,'2016-11-20 14:50:20',16,0),(102,5,55,'pref_work_locations',1,'Pref. Work Locationse','',NULL,'2016-01-29 08:17:02',196,'2016-11-20 14:50:20',16,0),(103,5,56,'pref_work_schedule',1,'Pref. Work Schedule','',NULL,'2016-01-29 08:17:02',196,'2016-11-20 14:50:20',16,0),(104,5,57,'avail_client_int',1,'Avail. - Client Int.','',NULL,'2016-01-29 08:17:03',196,'2016-11-20 14:50:20',16,0),(105,5,58,'avail_employment',1,'Avail. - Employment','',NULL,'2016-01-29 08:17:03',196,'2016-11-20 14:50:20',16,0),(106,5,59,'pending_applications',1,'Pending Applications','',NULL,'2016-01-29 08:17:03',196,'2016-11-20 14:50:20',16,0),(107,5,60,'reason_for_leaving',1,'Reason for Leaving','',NULL,'2016-01-29 08:17:03',196,'2016-11-20 14:50:20',16,0),(108,5,61,'competencies',1,'Competencies','',NULL,'2016-01-29 08:17:03',196,'2016-11-20 14:50:20',16,0),(109,5,62,'personality',1,'Personality','',NULL,'2016-01-29 08:17:03',196,'2016-11-20 14:50:20',16,0),(110,5,63,'hr_remarks',1,'HR Remarks','',NULL,'2016-01-29 08:17:03',196,'2016-11-20 14:50:20',16,0),(111,5,1,'education',1,'Education','','','2016-01-29 08:17:03',196,'2016-11-20 14:50:20',16,0),(112,5,2,'skill',1,'Skill','','','2016-01-29 08:17:03',196,'2016-11-20 14:50:20',16,0),(113,5,3,'experience',1,'Experience','','','2016-01-29 08:17:03',196,'2016-11-20 14:50:20',16,0),(114,5,30,'interviewers_notes',1,'Interviewers Notes','',NULL,'2016-01-29 08:17:03',196,'2016-11-20 14:50:20',16,0),(115,5,31,'remarks',1,'Remarks','',NULL,'2016-01-29 08:17:03',196,'2016-11-20 14:50:20',16,0),(116,5,32,'technical_recommendation',1,'Recommendation','Passed',NULL,'2016-01-29 08:17:04',196,'2016-11-20 14:50:20',16,0),(117,5,64,'interviewer_date',1,'Interviewer/Date','',NULL,'2016-01-29 08:17:04',196,'2016-11-20 14:50:20',16,0),(118,6,48,'employment_status',1,'Employment Status','ok',NULL,'2016-01-29 09:18:25',196,'2016-11-20 14:58:02',3,0),(119,6,49,'salary',1,'Salary','30000',NULL,'2016-01-29 09:18:25',196,'2016-11-20 14:58:02',3,0),(120,6,50,'benefits',1,'Benefits','ok',NULL,'2016-01-29 09:18:25',196,'2016-11-20 14:58:02',3,0),(121,6,51,'working_schedule',1,'Working Schedule','ok',NULL,'2016-01-29 09:18:25',196,'2016-11-20 14:58:02',3,0),(122,6,52,'immediate_superior',1,'Immediate Superior','ok',NULL,'2016-01-29 09:18:25',196,'2016-11-20 14:58:02',3,0),(123,6,53,'expected_salary',1,'Expected Salary','ok',NULL,'2016-01-29 09:18:25',196,'2016-11-20 14:58:02',3,0),(124,6,54,'employment_type',1,'Employment Type','Probationary',NULL,'2016-01-29 09:18:25',196,'2016-11-20 14:58:02',3,0),(125,6,55,'pref_work_locations',1,'Pref. Work Locationse','ok',NULL,'2016-01-29 09:18:25',196,'2016-11-20 14:58:02',3,0),(126,6,56,'pref_work_schedule',1,'Pref. Work Schedule','ok',NULL,'2016-01-29 09:18:25',196,'2016-11-20 14:58:02',3,0),(127,6,57,'avail_client_int',1,'Avail. - Client Int.','ok',NULL,'2016-01-29 09:18:26',196,'2016-11-20 14:58:02',3,0),(128,6,58,'avail_employment',1,'Avail. - Employment','ok',NULL,'2016-01-29 09:18:26',196,'2016-11-20 14:58:02',3,0),(129,6,59,'pending_applications',1,'Pending Applications','ok',NULL,'2016-01-29 09:18:26',196,'2016-11-20 14:58:02',3,0),(130,6,60,'reason_for_leaving',1,'Reason for Leaving','ok',NULL,'2016-01-29 09:18:26',196,'2016-11-20 14:58:02',3,0),(131,6,61,'competencies',1,'Competencies','ok',NULL,'2016-01-29 09:18:26',196,'2016-11-20 14:58:02',3,0),(132,6,62,'personality',1,'Personality','ok',NULL,'2016-01-29 09:18:26',196,'2016-11-20 14:58:02',3,0),(133,6,63,'hr_remarks',1,'HR Remarks','ok',NULL,'2016-01-29 09:18:26',196,'2016-11-20 14:58:02',3,0),(134,6,1,'education',1,'Education','Very Strong','test v','2016-01-29 09:18:26',196,'2016-11-20 14:58:02',3,0),(135,6,2,'skill',1,'Skill','Very Strong','test vs','2016-01-29 09:18:26',196,'2016-11-20 14:58:02',3,0),(136,6,3,'experience',1,'Experience','Some','test s','2016-01-29 09:18:26',196,'2016-11-20 14:58:02',3,0),(137,6,30,'interviewers_notes',1,'Interviewers Notes','test',NULL,'2016-01-29 09:18:26',196,'2016-11-20 14:58:02',3,0),(138,6,31,'remarks',1,'Remarks','test',NULL,'2016-01-29 09:18:26',196,'2016-11-20 14:58:02',3,0),(139,6,32,'technical_recommendation',1,'Recommendation','Passed',NULL,'2016-01-29 09:18:26',196,'2016-11-20 14:58:03',3,0),(140,6,64,'interviewer_date',1,'Interviewer/Date','Asam Milby/11-07-2016',NULL,'2016-01-29 09:18:27',196,'2016-11-20 14:58:03',3,0),(141,7,48,'employment_status',1,'Employment Status','',NULL,'2016-11-20 15:02:13',16,NULL,0,0),(142,7,49,'salary',1,'Salary','',NULL,'2016-11-20 15:02:13',16,NULL,0,0),(143,7,50,'benefits',1,'Benefits','',NULL,'2016-11-20 15:02:13',16,NULL,0,0),(144,7,51,'working_schedule',1,'Working Schedule','',NULL,'2016-11-20 15:02:13',16,NULL,0,0),(145,7,52,'immediate_superior',1,'Immediate Superior','',NULL,'2016-11-20 15:02:13',16,NULL,0,0),(146,7,53,'expected_salary',1,'Expected Salary','',NULL,'2016-11-20 15:02:13',16,NULL,0,0),(147,7,54,'employment_type',1,'Employment Type','',NULL,'2016-11-20 15:02:13',16,NULL,0,0),(148,7,55,'pref_work_locations',1,'Pref. Work Locationse','',NULL,'2016-11-20 15:02:13',16,NULL,0,0),(149,7,56,'pref_work_schedule',1,'Pref. Work Schedule','',NULL,'2016-11-20 15:02:13',16,NULL,0,0),(150,7,57,'avail_client_int',1,'Avail. - Client Int.','',NULL,'2016-11-20 15:02:13',16,NULL,0,0),(151,7,58,'avail_employment',1,'Avail. - Employment','',NULL,'2016-11-20 15:02:13',16,NULL,0,0),(152,7,59,'pending_applications',1,'Pending Applications','',NULL,'2016-11-20 15:02:14',16,NULL,0,0),(153,7,60,'reason_for_leaving',1,'Reason for Leaving','',NULL,'2016-11-20 15:02:14',16,NULL,0,0),(154,7,61,'competencies',1,'Competencies','',NULL,'2016-11-20 15:02:14',16,NULL,0,0),(155,7,62,'personality',1,'Personality','',NULL,'2016-11-20 15:02:14',16,NULL,0,0),(156,7,63,'hr_remarks',1,'HR Remarks','',NULL,'2016-11-20 15:02:14',16,NULL,0,0),(157,7,1,'education',1,'Education','','','2016-11-20 15:02:14',16,NULL,0,0),(158,7,2,'skill',1,'Skill','','','2016-11-20 15:02:14',16,NULL,0,0),(159,7,3,'experience',1,'Experience','','','2016-11-20 15:02:14',16,NULL,0,0),(160,7,30,'interviewers_notes',1,'Interviewers Notes','',NULL,'2016-11-20 15:02:14',16,NULL,0,0),(161,7,31,'remarks',1,'Remarks','',NULL,'2016-11-20 15:02:14',16,NULL,0,0),(162,7,32,'technical_recommendation',1,'Recommendation','Passed',NULL,'2016-11-20 15:02:14',16,NULL,0,0),(163,7,64,'interviewer_date',1,'Interviewer/Date','',NULL,'2016-11-20 15:02:14',16,NULL,0,0),(164,8,48,'employment_status',1,'Employment Status','',NULL,'2016-11-20 15:09:08',16,NULL,0,0),(165,8,49,'salary',1,'Salary','',NULL,'2016-11-20 15:09:08',16,NULL,0,0),(166,8,50,'benefits',1,'Benefits','',NULL,'2016-11-20 15:09:08',16,NULL,0,0),(167,8,51,'working_schedule',1,'Working Schedule','',NULL,'2016-11-20 15:09:08',16,NULL,0,0),(168,8,52,'immediate_superior',1,'Immediate Superior','',NULL,'2016-11-20 15:09:08',16,NULL,0,0),(169,8,53,'expected_salary',1,'Expected Salary','',NULL,'2016-11-20 15:09:08',16,NULL,0,0),(170,8,54,'employment_type',1,'Employment Type','',NULL,'2016-11-20 15:09:09',16,NULL,0,0),(171,8,55,'pref_work_locations',1,'Pref. Work Locationse','',NULL,'2016-11-20 15:09:09',16,NULL,0,0),(172,8,56,'pref_work_schedule',1,'Pref. Work Schedule','',NULL,'2016-11-20 15:09:09',16,NULL,0,0),(173,8,57,'avail_client_int',1,'Avail. - Client Int.','',NULL,'2016-11-20 15:09:09',16,NULL,0,0),(174,8,58,'avail_employment',1,'Avail. - Employment','',NULL,'2016-11-20 15:09:09',16,NULL,0,0),(175,8,59,'pending_applications',1,'Pending Applications','',NULL,'2016-11-20 15:09:09',16,NULL,0,0),(176,8,60,'reason_for_leaving',1,'Reason for Leaving','',NULL,'2016-11-20 15:09:09',16,NULL,0,0),(177,8,61,'competencies',1,'Competencies','',NULL,'2016-11-20 15:09:09',16,NULL,0,0),(178,8,62,'personality',1,'Personality','',NULL,'2016-11-20 15:09:09',16,NULL,0,0),(179,8,63,'hr_remarks',1,'HR Remarks','',NULL,'2016-11-20 15:09:09',16,NULL,0,0),(180,8,1,'education',1,'Education','','','2016-11-20 15:09:09',16,NULL,0,0),(181,8,2,'skill',1,'Skill','','','2016-11-20 15:09:09',16,NULL,0,0),(182,8,3,'experience',1,'Experience','','','2016-11-20 15:09:09',16,NULL,0,0),(183,8,30,'interviewers_notes',1,'Interviewers Notes','',NULL,'2016-11-20 15:09:10',16,NULL,0,0),(184,8,31,'remarks',1,'Remarks','',NULL,'2016-11-20 15:09:10',16,NULL,0,0),(185,8,32,'technical_recommendation',1,'Recommendation','Passed',NULL,'2016-11-20 15:09:10',16,NULL,0,0),(186,8,64,'interviewer_date',1,'Interviewer/Date','',NULL,'2016-11-20 15:09:10',16,NULL,0,0),(187,9,48,'employment_status',1,'Employment Status','',NULL,'2016-11-20 15:15:21',16,NULL,0,0),(188,9,49,'salary',1,'Salary','',NULL,'2016-11-20 15:15:21',16,NULL,0,0),(189,9,50,'benefits',1,'Benefits','',NULL,'2016-11-20 15:15:21',16,NULL,0,0),(190,9,51,'working_schedule',1,'Working Schedule','',NULL,'2016-11-20 15:15:22',16,NULL,0,0),(191,9,52,'immediate_superior',1,'Immediate Superior','',NULL,'2016-11-20 15:15:22',16,NULL,0,0),(192,9,53,'expected_salary',1,'Expected Salary','',NULL,'2016-11-20 15:15:22',16,NULL,0,0),(193,9,54,'employment_type',1,'Employment Type','',NULL,'2016-11-20 15:15:22',16,NULL,0,0),(194,9,55,'pref_work_locations',1,'Pref. Work Locationse','',NULL,'2016-11-20 15:15:22',16,NULL,0,0),(195,9,56,'pref_work_schedule',1,'Pref. Work Schedule','',NULL,'2016-11-20 15:15:22',16,NULL,0,0),(196,9,57,'avail_client_int',1,'Avail. - Client Int.','',NULL,'2016-11-20 15:15:22',16,NULL,0,0),(197,9,58,'avail_employment',1,'Avail. - Employment','',NULL,'2016-11-20 15:15:22',16,NULL,0,0),(198,9,59,'pending_applications',1,'Pending Applications','',NULL,'2016-11-20 15:15:22',16,NULL,0,0),(199,9,60,'reason_for_leaving',1,'Reason for Leaving','',NULL,'2016-11-20 15:15:22',16,NULL,0,0),(200,9,61,'competencies',1,'Competencies','',NULL,'2016-11-20 15:15:22',16,NULL,0,0),(201,9,62,'personality',1,'Personality','',NULL,'2016-11-20 15:15:22',16,NULL,0,0),(202,9,63,'hr_remarks',1,'HR Remarks','',NULL,'2016-11-20 15:15:22',16,NULL,0,0),(203,9,1,'education',1,'Education','','','2016-11-20 15:15:23',16,NULL,0,0),(204,9,2,'skill',1,'Skill','','','2016-11-20 15:15:23',16,NULL,0,0),(205,9,3,'experience',1,'Experience','','','2016-11-20 15:15:23',16,NULL,0,0),(206,9,30,'interviewers_notes',1,'Interviewers Notes','',NULL,'2016-11-20 15:15:23',16,NULL,0,0),(207,9,31,'remarks',1,'Remarks','',NULL,'2016-11-20 15:15:23',16,NULL,0,0),(208,9,32,'technical_recommendation',1,'Recommendation','Passed',NULL,'2016-11-20 15:15:23',16,NULL,0,0),(209,9,64,'interviewer_date',1,'Interviewer/Date','',NULL,'2016-11-20 15:15:23',16,NULL,0,0),(210,10,48,'employment_status',1,'Employment Status','',NULL,'2016-11-20 15:17:50',16,NULL,0,0),(211,10,49,'salary',1,'Salary','',NULL,'2016-11-20 15:17:50',16,NULL,0,0),(212,10,50,'benefits',1,'Benefits','',NULL,'2016-11-20 15:17:50',16,NULL,0,0),(213,10,51,'working_schedule',1,'Working Schedule','',NULL,'2016-11-20 15:17:50',16,NULL,0,0),(214,10,52,'immediate_superior',1,'Immediate Superior','',NULL,'2016-11-20 15:17:50',16,NULL,0,0),(215,10,53,'expected_salary',1,'Expected Salary','',NULL,'2016-11-20 15:17:50',16,NULL,0,0),(216,10,54,'employment_type',1,'Employment Type','',NULL,'2016-11-20 15:17:50',16,NULL,0,0),(217,10,55,'pref_work_locations',1,'Pref. Work Locationse','',NULL,'2016-11-20 15:17:50',16,NULL,0,0),(218,10,56,'pref_work_schedule',1,'Pref. Work Schedule','',NULL,'2016-11-20 15:17:50',16,NULL,0,0),(219,10,57,'avail_client_int',1,'Avail. - Client Int.','',NULL,'2016-11-20 15:17:51',16,NULL,0,0),(220,10,58,'avail_employment',1,'Avail. - Employment','',NULL,'2016-11-20 15:17:51',16,NULL,0,0),(221,10,59,'pending_applications',1,'Pending Applications','',NULL,'2016-11-20 15:17:51',16,NULL,0,0),(222,10,60,'reason_for_leaving',1,'Reason for Leaving','',NULL,'2016-11-20 15:17:51',16,NULL,0,0),(223,10,61,'competencies',1,'Competencies','',NULL,'2016-11-20 15:17:51',16,NULL,0,0),(224,10,62,'personality',1,'Personality','',NULL,'2016-11-20 15:17:51',16,NULL,0,0),(225,10,63,'hr_remarks',1,'HR Remarks','',NULL,'2016-11-20 15:17:51',16,NULL,0,0),(226,10,1,'education',1,'Education','','','2016-11-20 15:17:51',16,NULL,0,0),(227,10,2,'skill',1,'Skill','','','2016-11-20 15:17:51',16,NULL,0,0),(228,10,3,'experience',1,'Experience','','','2016-11-20 15:17:51',16,NULL,0,0),(229,10,30,'interviewers_notes',1,'Interviewers Notes','',NULL,'2016-11-20 15:17:52',16,NULL,0,0),(230,10,31,'remarks',1,'Remarks','',NULL,'2016-11-20 15:17:52',16,NULL,0,0),(231,10,32,'technical_recommendation',1,'Recommendation','Passed',NULL,'2016-11-20 15:17:52',16,NULL,0,0),(232,10,64,'interviewer_date',1,'Interviewer/Date','',NULL,'2016-11-20 15:17:52',16,NULL,0,0);

/*Data for the table `ww_recruitment_interview_key` */

insert  into `ww_recruitment_interview_key`(`key_id`,`key_code`,`key_label`,`key_class_id`,`uitype_id`,`show_key_label`,`key_type_id`,`deleted`) values (1,'education','Education',1,5,1,0,0),(2,'skill','Skill',1,5,1,0,0),(3,'experience','Experience',1,5,1,0,0),(4,'live','Live',2,5,1,0,1),(5,'learn','Learn',2,5,1,0,1),(6,'love','Love',2,5,1,0,1),(7,'competency','Competency',3,6,0,0,1),(8,'other_remarks','Other Remarks',3,5,1,0,1),(9,'assessment','',4,2,0,0,0),(10,'salary_expectation','Salary Expectation',4,3,1,0,0),(11,'recommendation','',5,5,0,0,0),(12,'other_recommendation','Other Remarks',5,3,1,0,0),(13,'result','',6,4,0,0,1),(30,'interviewers_notes','Interviewers Notes',11,2,1,0,0),(31,'remarks','Remarks',11,2,1,0,0),(32,'technical_recommendation','Recommendation',11,7,1,0,0),(48,'employment_status','Employment Status',16,3,1,0,0),(49,'salary','Salary',16,3,1,0,0),(50,'benefits','Benefits',16,3,1,0,0),(51,'working_schedule','Working Schedule',16,3,1,0,0),(52,'immediate_superior','Immediate Superior',16,3,1,0,0),(53,'expected_salary','Expected Salary',16,3,1,0,0),(54,'employment_type','Employment Type',16,6,1,0,0),(55,'pref_work_locations','Pref. Work Locationse',16,3,1,0,0),(56,'pref_work_schedule','Pref. Work Schedule',16,3,1,0,0),(57,'avail_client_int','Avail. - Client Int.',16,3,1,0,0),(58,'avail_employment','Avail. - Employment',16,3,1,0,0),(59,'pending_applications','Pending Applications',16,3,1,0,0),(60,'reason_for_leaving','Reason for Leaving',16,2,1,0,0),(61,'competencies','Competencies',16,2,1,0,0),(62,'personality','Personality',16,2,1,0,0),(63,'hr_remarks','HR Remarks',16,2,1,0,0),(64,'interviewer_date','Interviewer/Date',11,3,1,0,0);

/*Data for the table `ww_recruitment_interview_key_class` */

insert  into `ww_recruitment_interview_key_class`(`key_class_id`,`key_class_code`,`key_class`,`header_text`,`user_edit`,`for_approval`,`layout`,`other_remarks`,`sort_order`,`deleted`) values (1,'ELIGIBILITY','ELIGIBILITY','Evidence of Skills',0,0,'Tabular',1,2,0),(2,'SUITABILITY','SUITABILITY','Evidence of Skills',0,0,'Tabular',1,3,1),(3,'FUNCTIONAL','FUNCTIONAL','Competency',0,0,'Tabular',0,4,1),(4,'OVERALL ASSESSMENT','OVERALL ASSESSMENT',NULL,0,0,'By Field',0,5,1),(5,'RECOMMENDATION','RECOMMENDATION',NULL,0,0,'By Field',0,6,1),(6,'RESULT','RESULT',NULL,0,0,'By Field',0,7,1),(11,'2ND LEVEL/TECHNICAL','2ND LEVEL/TECHNICAL',NULL,0,0,'By Field',0,2,0),(16,'HR','HR',NULL,0,0,'By Field',0,1,0);

/*Data for the table `ww_recruitment_interview_location` */

insert  into `ww_recruitment_interview_location`(`interview_location_id`,`interview_location_code`,`interview_location`,`company_id`,`status_id`,`created_on`,`created_by`,`modified_on`,`modified_by`,`deleted`) values (1,'Conference','Conference Room ',1,0,'2016-01-16 12:07:34',NULL,NULL,NULL,0);

/*Data for the table `ww_recruitment_interview_remarks` */

insert  into `ww_recruitment_interview_remarks`(`remarks_id`,`remarks_code`,`remarks`,`created_on`,`created_by`,`modified_on`,`modified_by`,`deleted`) values (1,'INSUFF','Insufficient/Against','2015-08-18 10:29:54',NULL,NULL,NULL,0),(2,'SOME','Some','2015-08-18 10:30:04',NULL,NULL,NULL,0),(3,'STRONG','Strong','2015-08-18 10:30:12',NULL,NULL,NULL,0),(4,'VSTRONG','Very Strong','2015-08-18 10:30:19',NULL,NULL,NULL,0);

/*Data for the table `ww_recruitment_interview_uitype` */

insert  into `ww_recruitment_interview_uitype`(`uitype_id`,`uitype`,`deleted`) values (1,'Multiple TextField',0),(2,'TextArea',0),(3,'TextField',0),(4,'Passed/Failed',0),(5,'Interview Remarks',0),(6,'Mutltiple Interview Remarks',0);

/*Data for the table `ww_recruitment_key` */

insert  into `ww_recruitment_key`(`key_id`,`key_code`,`key_label`,`key_class_id`,`key_type_id`,`deleted`) values (1,'address_1','Street',1,0,0),(2,'address_2','Barangay',1,0,0),(3,'city_town','City/Town',1,0,0),(4,'country','Country',1,4,0),(5,'phone','Phone ',2,0,0),(6,'fax','Fax',3,0,0),(7,'mobile','Mobile',4,0,0),(8,'civil_status','Civil Status',5,0,0),(9,'spouse','Spouse',6,0,0),(10,'probationary_date','Probationary Date',7,0,0),(11,'original_date_hired','Original Hired Date',8,0,0),(12,'last_probationary','Last Probationay',9,0,0),(13,'last_salary_adjustment','Last Salary Adjustment',10,0,0),(14,'organization','Organization',11,0,0),(15,'zip_code','Zip Code',1,0,0),(16,'emergency_name','Contact Name',12,0,0),(17,'emergency_relationship','Relationship',12,0,0),(18,'emergency_phone','Contact Phone',12,0,0),(19,'emergency_mobile','Contact Mobile',12,0,0),(20,'emergency_address','Contact Address',12,0,0),(21,'emergency_city','Contact City',12,0,0),(22,'emergency_zip_code','Contact Zip Code',12,0,0),(23,'gender','Gender',13,0,0),(24,'birth_place','Birth Place',14,0,0),(25,'religion','Religion',15,0,0),(26,'nationality','Nationality',16,0,0),(27,'height','Height',17,0,0),(28,'weight','Weight',18,0,0),(29,'interests_hobbies','Interests/Hobbies',19,0,0),(30,'language','Language Known',20,0,0),(31,'dialect','Dialect Known',21,0,0),(32,'dependents_count','Number of Dependents',22,0,0),(33,'education-type','Type',23,0,0),(34,'education-school','School',23,0,0),(35,'education-year-from','Year From',23,0,0),(36,'education-year-to','Year To',23,0,0),(37,'education-degree','Degree',23,0,0),(38,'education-status','Status',23,0,0),(39,'employment-company','Company Name',24,0,0),(40,'employment-position-title','Position Title',24,0,0),(41,'employment-location','Location',24,0,0),(42,'employment-month-hired','Month Hired',24,0,0),(43,'employment-month-end','Month End',24,0,0),(44,'employment-duties','Duties and Responsibilities',24,0,0),(45,'reference-name','Name',25,0,0),(46,'reference-occupation','Occupation',25,0,0),(47,'reference-years-known','Years Known',25,0,0),(48,'reference-phone','Phone',25,0,0),(49,'reference-mobile','Mobile',25,0,0),(50,'reference-address','Address',25,0,0),(51,'reference-city','City',25,0,0),(52,'reference-country','Country',25,0,0),(53,'reference-zipcode','Zipcode',25,0,0),(54,'licensure-title','Title',26,0,0),(55,'licensure-number','License Number',26,0,0),(56,'licensure-year-taken','Year Taken',26,0,0),(57,'licensure-remarks','Remarks',26,0,0),(58,'licensure-attachments','Supporting Documents',26,0,0),(59,'training-title','Title',27,0,0),(60,'training-category','Category',27,0,0),(61,'training-venue','Venue',27,0,0),(62,'training-start-year','Start Year',27,0,0),(63,'training-end-year','End Year',27,0,0),(64,'employment-year-hired','Year Hired',24,0,0),(65,'employment-year-end','Year End',24,0,0),(66,'training-start-month','Start Month',27,0,0),(67,'training-end-month','End Month',27,0,0),(68,'licensure-month-taken','Month Taken',26,0,0),(69,'skill-name','Name',28,0,0),(70,'skill-type','Type',28,0,0),(71,'skill-level','Proficiency Level',28,0,0),(72,'skill-remarks','Remarks',28,0,0),(73,'affiliation-name','Name',29,0,0),(74,'affiliation-position','Position',29,0,0),(75,'affiliation-month-start','Month Start',29,0,0),(76,'affiliation-year-start','Year Start',29,0,0),(77,'affiliation-month-end','Month End',29,0,0),(78,'affiliation-year-end','Year End',29,0,0),(79,'accountabilities-name','Name',30,0,0),(80,'accountabilities-code','Code',30,0,0),(81,'accountabilities-quantity','Quantity',30,0,0),(82,'accountabilities-date-issued','Date Issued',30,0,0),(83,'accountabilities-month-issued','Month Issued',30,0,0),(84,'accountabilities-year-issued','Year Issued',30,0,0),(85,'accountabilities-date-returned','Date Returned',30,0,0),(86,'accountabilities-month-returned','Month Returned',30,0,0),(87,'accountabilities-year-returned','Year Returned',30,0,0),(88,'accountabilities-remarks','Remarks',30,0,0),(89,'attachment-name','File Name',31,0,0),(90,'attachment-category','Category',31,0,0),(91,'attachment-file','File',31,0,0),(92,'emergency_country','Country',12,0,0),(93,'other_contacts','Other Ways to Contact You',32,0,0),(94,'same_as_present_address','Same as Present Address',33,0,0),(95,'province','Province',1,0,0),(96,'permanent_address_1','Permanent Street',34,0,0),(97,'permanent_address_2','Permanent Barangay',34,0,0),(98,'permanent_city_town','Permanent City',34,0,0),(99,'permanent_province','Permanent Province',34,0,0),(100,'permanent_country','Permanent Country',34,0,0),(101,'permanent_zipcode','Permanent Zipcode',34,0,0),(102,'marriage_date','Date of Marriage',35,0,0),(103,'referred_by','Referred By',36,0,0),(104,'referred_by_others','Referred By (others)',37,0,0),(105,'blood_type','Blood Type',38,0,0),(106,'passport_no','Passport Number',39,0,0),(107,'passport_date_of_issue','Date of Issue',40,0,0),(108,'residence_certno_place_of_issue','Place of Issue',41,0,0),(109,'drivers_license_no','Driver\'s License No',42,0,0),(110,'sss_number','SSS Number',43,0,0),(111,'sss_existing_loan','SSS Existing Loan',44,0,0),(112,'sss_as_of','SSS Loan As of',45,0,0),(113,'pagibig_number','Pag-Ibig Number',46,0,0),(114,'pagibig_existing_loan','Pag-Ibig Existing Loan',47,0,0),(115,'pagibig_as_of','Pag-Ibig Loan As of',48,0,0),(116,'tin_number','TIN Number',49,0,0),(117,'with_2316','With BIR 2316',50,0,0),(118,'tax_status_id','Tax Status',51,0,0),(119,'philhealth_number','Philhealth Number',52,0,0),(120,'bank_account_number','Bank Account Number',53,0,0),(125,'referred_by_id','Referred By',54,0,0),(126,'sss_current_balance','SSS Current Balance',55,0,0),(127,'pagibig_current_balance','Pag-Ibig Current Balance',56,0,0),(128,'taxcode','Tax Status Code',57,0,0),(129,'education-month-from','Month From',23,0,0),(130,'education-month-to','Month To',23,0,0),(131,'education-honors_awards','Honors/Awards',23,0,0),(132,'family-relationship','Relationship',58,0,0),(133,'family-name','Name',58,0,0),(134,'family-birthdate','Birthday',58,0,0),(135,'family-occupation','Occupation',58,0,0),(136,'family-employer','Employer',58,0,0),(137,'family-education','Educational Attainment',58,0,0),(138,'family-degree','Degree',58,0,0),(139,'family-bir-dependents','BIR Dependent',58,0,0),(140,'family-hospitalization','Hospitalization Dependent',58,0,0),(141,'employment-nature-of-business','Nature of Business',24,0,0),(142,'employment-supervisor','Immediate Superior',24,0,0),(143,'employment-reason-for-leaving','Reason for Leaving',24,0,0),(144,'training-start-day','Start Day',27,0,0),(145,'training-end-day','End Day',27,0,0),(146,'training-address','Address',27,0,0),(147,'training-remarks','Remarks',27,0,0),(148,'reference-company','Company',25,0,0),(149,'reference-email','Email',25,0,0),(150,'affiliation-active','Active',29,0,0),(151,'licensure-type','Type',26,0,0),(152,'licensure-day-taken','Day Taken',26,0,0),(153,'licensure-given-by','Given By',26,0,0),(154,'licensure-location','Location',26,0,0),(155,'licensure-score','Score/Rating',26,0,0),(156,'licensure-result','Result',26,0,0),(157,'licensure-attach','Attachment',26,0,0),(158,'accountabilities-status','Status',30,0,0),(159,'accountabilities-cost','Cost',30,0,0),(160,'accountabilities-clearance-app','Clearance Approver',30,0,0),(161,'attachment-description','Description',31,0,0),(162,'attachment-path','Path',31,0,0),(163,'solo_parent','Is Solo Parent',59,0,0),(164,'position_sought','Position Sought',60,0,0),(165,'desired_salary','Desired Salary',61,0,0),(166,'salary_pay_mode','Salary Payment Mode',62,0,0),(167,'currently_employed','Currently Employed',63,0,0),(168,'how_hiring_heard','How did you learn about the post',64,0,0),(169,'resume','Resume',65,0,0),(170,'photo','Photo',66,0,0),(171,'presentadd_no','No.',1,0,0),(172,'presentadd_village','Subdivision/Village',1,0,0),(173,'town','Town',1,0,0),(174,'permanent_add_no','Permanent No.',34,0,0),(175,'permanent_add_village','Permanent Subdivision/Village',34,0,0),(176,'permanent_town','Permanent Town',34,0,0),(177,'same_as_present_address','Same as Present Address',34,0,0),(178,'duration_years','Years of Stay',1,0,0),(179,'duration_month','Months of Stay',1,0,0),(180,'education-lastsem-attended','Last SY and Sem',23,0,0),(181,'employment-contact-number','Contact Number',24,0,0),(182,'employment-last-salary','Last Salary',24,0,0),(183,'cert_member_to_trade','Licence or Certified Membership to Trade/Profession',67,0,0),(184,'previously_employed_at_hdi','Were you previously employed at HDI?',67,0,0),(185,'known_people_at_hdi','List known person working at HDI prior to application?',67,0,0),(186,'physical_disabilities','Do you have any physical disabilities which preclude you from performing certain kinds of work? ',67,0,0),(187,'work_limitations','Work Limitations',67,0,0),(188,'illness_injuries','Have you have any major illnesses/injuries in the past?',67,0,0),(189,'illness_injuries_desc','Illness/Injuries Descriptio',67,0,0),(190,'illness_compensated','Did you receive compensation for these illnesses/injuries?',67,0,0),(191,'willing_to_relocate','Are you willing to be relocated',67,0,0),(192,'days_notice_to_work','How many days notice do you need to be available for work?',67,0,0),(193,'reference-relationship','Relationship',25,0,0),(194,'reference-employer','Employer',25,0,0),(195,'cover_letter','Cover Letter',68,0,0),(196,'sourcing_free_sites','Recruitment Sourcing Free Sites',64,0,0);

/*Data for the table `ww_recruitment_key_class` */

insert  into `ww_recruitment_key_class`(`key_class_id`,`key_class_code`,`key_class`,`user_edit`,`for_approval`,`sort_order`,`deleted`) values (1,'address','Present Address',1,1,1,0),(2,'phone','Phone ',1,0,2,0),(3,'fax','Fax',1,0,3,0),(4,'mobile','Mobile',1,0,4,0),(5,'civil_status','Civil Status',1,1,5,0),(6,'spouse','Spouse',1,1,6,0),(7,'probationary_date','Probationary Date',0,0,7,0),(8,'original_date_hired','Original Hired Date',0,0,8,0),(9,'last_probationary','Last Probationay',0,0,9,0),(10,'last_salary_adjustment','Last Salary Adjustment',0,0,10,0),(11,'organization','Organization',0,0,11,0),(12,'emergency','Emergency',0,0,12,0),(13,'gender','Gender',1,1,13,0),(14,'birth_place','Birth Place',1,0,14,0),(15,'religion','Religion',1,0,15,0),(16,'nationality','Nationality',1,0,16,0),(17,'height','Height',1,0,17,0),(18,'weight','Weight',1,0,18,0),(19,'interests_hobbies','Interests/Hobbies',1,0,19,0),(20,'language','Language Known',1,0,20,0),(21,'dialect','Dialect Known',1,0,21,0),(22,'dependents_count','Number of Dependents',1,1,22,0),(23,'education','Education',0,0,23,0),(24,'employment','Employment',0,0,24,0),(25,'reference','CHARACTER Reference',0,0,25,0),(26,'licensure','Licensure',0,0,26,0),(27,'training','Training',0,0,27,0),(28,'skill','Skill',0,0,28,0),(29,'affiliation','Affiliation',0,0,29,0),(30,'accountabilities','Accountabilities',0,0,30,0),(31,'attachment','Attachment',0,0,31,0),(32,'other_contacts','Other Ways to Contact You',1,0,32,0),(33,'same_as_present_address','Same as Present Address',1,0,33,0),(34,'permanent_address','Permanent Address',1,0,34,0),(35,'marriage_date','Date of Marriage',0,0,35,0),(36,'referred_by','Referred By',0,0,36,0),(37,'referred_by_others','Referred By (others)',0,0,37,0),(38,'blood_type','Blood Type',0,0,38,0),(39,'passport_no','Passport Number',0,0,39,0),(40,'passport_date_of_issue','Date of Issue',0,0,40,0),(41,'residence_certno_place_of_issue','Place of Issue',0,0,41,0),(42,'drivers_license_no','Driver\'s License No',0,0,42,0),(43,'sss_number','SSS Number',0,0,43,0),(44,'sss_existing_loan','SSS Existing Loan',0,0,44,0),(45,'sss_as_of','SSS Loan As of',0,0,45,0),(46,'pagibig_number','Pag-Ibig Number',0,0,46,0),(47,'pagibig_existing_loan','Pag-Ibig Existing Loan',0,0,47,0),(48,'pagibig_as_of','Pag-Ibig Loan As of',0,0,48,0),(49,'tin_number','TIN Number',0,0,49,0),(50,'with_2316','With BIR 2316',0,0,50,0),(51,'tax_status_id','Tax Status',0,0,51,0),(52,'philhealth_number','Philhealth Number',0,0,52,0),(53,'bank_account_number','Bank Account Number',0,0,53,0),(54,'referred_by_id','Referred By',0,0,54,0),(55,'sss_current_balance','SSS Current Balance',0,0,55,0),(56,'pagibig_current_balance','Pagi-Ibig Current Balance',0,0,56,0),(57,'taxcode','Tax Status Code',0,0,57,0),(58,'family','Family',0,0,58,0),(59,'solo_parent','Is Solo Parent',0,0,59,0),(60,'position_sought','Position Sought',0,0,60,0),(61,'desired_salary','Desired Salary',0,0,61,0),(62,'salary_pay_mode','Salary Payment Mode',0,0,62,0),(63,'currently_employed','Currently Employed',0,0,63,0),(64,'how_hiring_heard','How did you learn about the post',0,0,64,0),(65,'resume','Resume',0,0,65,0),(66,'photo','Photo',0,0,1,0),(67,'others','Others',0,0,1,0),(68,'cover_letter','Cover Letter',0,0,1,0);

/*Data for the table `ww_recruitment_manpower_plan` */

/*Data for the table `ww_recruitment_manpower_plan_action` */

insert  into `ww_recruitment_manpower_plan_action`(`action_id`,`action`,`class`,`deleted`) values (1,'Additional','Additional',0);

/*Data for the table `ww_recruitment_manpower_plan_approver` */

/*Data for the table `ww_recruitment_manpower_plan_incumbent` */

/*Data for the table `ww_recruitment_manpower_plan_position` */

/*Data for the table `ww_recruitment_manpower_plan_position_new` */

/*Data for the table `ww_recruitment_manpower_plan_status` */

insert  into `ww_recruitment_manpower_plan_status`(`manpower_plan_status_id`,`status`,`color`,`description`,`deleted`) values (1,'Draft','#ffffff',NULL,0),(2,'For Approval','#ffffff',NULL,0),(3,'Approved','#ffffff',NULL,0),(4,'Disapproved','#ffffff',NULL,0),(5,'Cancelled','#ffffff',NULL,0);

/*Data for the table `ww_recruitment_mrf_pointperson` */

insert  into `ww_recruitment_mrf_pointperson`(`pointperson_id`,`pointperson`,`role_id`,`type_id`,`created_by`,`created_on`,`modified_by`,`modified_on`) values (1,'Higher Ups',3,'1,2,3,4',NULL,'2015-02-10 06:30:06',NULL,NULL),(2,'Lower Ranks',2,'5,6,7,8',NULL,'2015-02-10 06:30:08',NULL,NULL);

/*Data for the table `ww_recruitment_personal` */

/*Data for the table `ww_recruitment_personal_history` */

/*Data for the table `ww_recruitment_process` */

/*Data for the table `ww_recruitment_process_background` */

/*Data for the table `ww_recruitment_process_employment` */

/*Data for the table `ww_recruitment_process_employment_checklist` */

/*Data for the table `ww_recruitment_process_exam` */

/*Data for the table `ww_recruitment_process_interview` */

/*Data for the table `ww_recruitment_process_interview_result` */

insert  into `ww_recruitment_process_interview_result`(`result_id`,`result`,`class`,`deleted`) values (0,'Pending','badge-warning',1),(1,'Passed','badge-success',0),(2,'Failed','badge-error',0),(3,'With Reservation','badge-success',0),(4,'Qualified','badge-success',0),(5,'Not Qualified','badge-error',0),(6,'For Comparison','badge-success',0),(7,'For Active File','badge-success',0);

/*Data for the table `ww_recruitment_process_offer` */

/*Data for the table `ww_recruitment_process_offer_compben` */

/*Data for the table `ww_recruitment_process_schedule` */

/*Data for the table `ww_recruitment_process_signing` */

/*Data for the table `ww_recruitment_process_status` */

insert  into `ww_recruitment_process_status`(`status_id`,`status_code`,`status`,`label`,`description`,`can_view`,`can_delete`,`user_edit`,`for_approval`,`sort_order`,`active`,`deleted`) values (1,'STEP-1','Step 1: Sourcing Candidates',NULL,'Online advertising on job and career sites or professional networking and participation in trade associations. Internal and/or external.',1,0,0,0,1,1,0),(2,'STEP-2','Step 2: Schedule and Assessment',NULL,'Review of resumes, preliminary phone interviews to obtain applicants background and work experiences.',1,0,0,0,2,1,0),(3,'STEP-3','Step 3: Interview and Background Investigation',NULL,'Hiring manager reviews the applications and resumes the employment specialist have forwarded.',1,0,0,0,3,1,0),(4,'STEP-4','Step 4: Job Offer',NULL,'When recruiting for positions where you negotiate the terms of employment, compensation and benefits, and other issues until the parties reach an agreement.',1,0,0,0,4,1,0),(5,'STEP-5','Step 5: Pre-Employment',NULL,'Medical, requirements, background investigation and on-boarding checklist.',1,0,0,0,5,1,0),(6,'STEP-6','Step 6: Contract Signing',NULL,'Medical, requirements, background investigation and on-boarding checklist.',1,0,0,0,6,1,0),(7,'STEP-7','Step 7: Create 201',NULL,'Create 201 File',1,0,0,0,7,1,0);

/*Data for the table `ww_recruitment_process_timeline` */

/*Data for the table `ww_recruitment_request` */

/*Data for the table `ww_recruitment_request_approver` */

/*Data for the table `ww_recruitment_request_details` */

/*Data for the table `ww_recruitment_request_key` */

insert  into `ww_recruitment_request_key`(`key_id`,`key_code`,`key_label`,`help_block`,`key_class_id`,`sequence`,`uitype_id`,`length`,`key_table`,`key_field_id`,`key_field`,`deleted`) values (1,'notes','Notes','',1,1,NULL,1,NULL,NULL,NULL,1),(2,'nature_of_request','Nature Of Request','',1,2,NULL,1,NULL,NULL,NULL,1),(3,'budgeted','If Budgeted','',1,3,NULL,1,NULL,NULL,NULL,1),(4,'new_position','New Position','',1,0,NULL,1,NULL,NULL,NULL,1),(5,'existing_position','Existing Position','',1,0,NULL,1,NULL,NULL,NULL,1),(6,'change_request','Change Original Request','',1,0,NULL,1,NULL,NULL,NULL,1),(7,'preferred_gender','Preferred Gender','',5,3,NULL,1,NULL,NULL,NULL,1),(8,'educational_attainment','Educational Attainment ',NULL,5,4,NULL,1,'recruitment_educational_background','educational_background_id','educational_background',1),(9,'course','Course','',5,5,NULL,1,NULL,NULL,NULL,1),(10,'require_licensure','Required Licensure/ Certification if any','',5,6,NULL,1,NULL,NULL,NULL,1),(11,'years_of_experience','Years Of Experience','',5,7,NULL,1,NULL,NULL,NULL,1),(12,'job_description','Job Description','',2,1,NULL,1,NULL,NULL,NULL,0),(13,'attachment','Attachment','Attach Job Description.',2,2,NULL,1,NULL,NULL,NULL,0),(14,'hra_remarks','HRA Remarks','',3,1,NULL,1,NULL,NULL,NULL,0),(15,'employment_type','Employment Type','',1,2,NULL,1,'partners_employment_type','employment_type_id','employment_type',1),(16,'job_class','Job Class','',1,2,NULL,1,'users_job_class','job_class_id','job_class',1),(17,'key_requirements','Key Requirements','',4,1,NULL,3,NULL,NULL,NULL,0),(18,'paid_sourcing_tools','Paid sourcing tools?','',5,1,NULL,1,NULL,NULL,NULL,1),(19,'sourcing_tools','Sourcing Tools','List sourcing options like Linkedin, Ads, Jobstreet and etc. ',5,2,NULL,1,NULL,NULL,NULL,1),(20,'optional_requirements','Optional Requirements',NULL,4,2,NULL,3,NULL,NULL,NULL,0),(21,'assignment','Assignment',NULL,1,8,NULL,1,'users_assignment','assignment_id','assignment',1),(22,'project_duration','Project Duration',NULL,1,9,NULL,1,'','','',1),(23,'age','Age',NULL,1,10,NULL,1,'','','',1),(24,'work_shift','Working Schedule/Shift',NULL,1,11,NULL,1,'time_shift','shift_id','shift',1),(25,'career_level','Career Level',NULL,1,12,NULL,1,'users_job_rank_level','job_rank_level_id','job_rank_level',1);

/*Data for the table `ww_recruitment_request_key_class` */

insert  into `ww_recruitment_request_key_class`(`key_class_id`,`key_class_code`,`key_class`,`description`,`user_edit`,`for_approval`,`sequence`,`deleted`) values (1,'position_details','Position Details','This section contains the requirements of position requested.',0,0,1,0),(2,'job_description','Job Description','This section manage to add job description to process your request (not required for Internship).',0,0,4,0),(3,'hra_remarks','HRA Remarks',NULL,0,0,5,0),(4,'requirements','Requirements','This section contains the requirements of position requested.',0,0,2,0),(5,'others','Others','This section contains other requirements of position requested.',0,0,3,1);

/*Data for the table `ww_recruitment_request_nature` */

insert  into `ww_recruitment_request_nature`(`nature_id`,`nature`,`deleted`) values (1,'New Position',0),(2,'Existing Position',1),(3,'Change Original Request',1),(4,'Additional to Existing Position',0),(5,'Replacement',0);

/*Data for the table `ww_recruitment_request_option_education` */

insert  into `ww_recruitment_request_option_education`(`request_option_id`,`request_option`,`deleted`) values (1,'Any Degree Course',0),(2,'Bachelor Degree',0),(3,'High School',0),(4,'Post Graduate',0),(5,'Vocational / Trade School',0);

/*Data for the table `ww_recruitment_request_option_gender` */

insert  into `ww_recruitment_request_option_gender`(`request_option_id`,`request_option`,`deleted`) values (1,'Male',0),(2,'Female',0);

/*Data for the table `ww_recruitment_request_status` */

insert  into `ww_recruitment_request_status`(`recruit_status_id`,`recruit_status`,`color`,`sequence`,`description`,`css_class`,`deleted`) values (1,'Draft','#ffffff',1,NULL,NULL,0),(2,'For Approval','#ffffff',2,NULL,'yellow',0),(3,'Approved','#ffffff',3,NULL,'green',0),(4,'On-going','#ffffff',4,NULL,'blue',0),(5,'Closed','#ffffff',5,NULL,'red',0),(6,'Cancelled','#ffffff',6,NULL,'red',0),(7,'Validated','#ffffff',1,NULL,'green',0);

/*Data for the table `ww_recruitment_source` */

insert  into `ww_recruitment_source`(`source_id`,`source`,`description`,`deleted`) values (1,'Applicants',NULL,0),(2,'Internal Kiosk',NULL,0),(3,'External Kiosk',NULL,0),(4,'Applicant Monitoring',NULL,0),(5,'Internal Application',NULL,0);

/*Data for the table `ww_recruitment_sourcing_free_sites` */

insert  into `ww_recruitment_sourcing_free_sites`(`sourcing_free_sites_id`,`sourcing_free_sites`,`status_id`,`created_on`,`created_by`,`modified_on`,`modified_by`,`deleted`) values (1,'Batangasjobs\r\n',0,'2016-01-27 07:54:11',NULL,NULL,NULL,0),(2,'Bestjobs\r\n',0,'2016-01-27 07:54:13',NULL,NULL,NULL,0),(3,'Cebujobs\r\n',0,'2016-01-27 07:54:16',NULL,NULL,NULL,0),(4,'Indeed\r\n',0,'2016-01-27 07:54:19',NULL,NULL,NULL,0),(5,'JobOpenings\r\n',0,'2016-01-27 07:54:22',NULL,NULL,NULL,0),(6,'Trabaho.net\r\n',0,'2016-01-27 07:54:23',NULL,NULL,NULL,0);

/*Data for the table `ww_recruitment_sourcing_tools` */

insert  into `ww_recruitment_sourcing_tools`(`sourcing_tool_id`,`sourcing_tool_code`,`sourcing_tool`,`status_id`,`created_on`,`created_by`,`modified_on`,`modified_by`,`deleted`) values (1,NULL,'Apprentice Pool',0,'2016-01-27 07:35:16',NULL,NULL,NULL,0),(2,NULL,'Client Referral \r\n',0,'2016-01-27 07:35:20',NULL,NULL,NULL,0),(3,NULL,'Employee Referral\r\n',0,'2016-01-27 07:35:23',NULL,NULL,NULL,0),(4,NULL,'Free Sites',0,'2016-01-27 07:35:25',NULL,NULL,NULL,0),(5,NULL,'Internal Applicant\r\n',0,'2016-01-27 07:35:28',NULL,NULL,NULL,0),(6,NULL,'Job Applications\r\n',0,'2016-01-27 07:35:31',NULL,NULL,NULL,0),(7,NULL,'JobsDB - Advertising',0,'2016-01-27 07:35:40',NULL,NULL,NULL,0),(8,NULL,'JobsDB - Resume Search',0,'2016-01-27 07:36:49',NULL,NULL,NULL,0),(9,NULL,'Jobstreet - Advertising',0,'2016-01-27 07:37:03',NULL,NULL,NULL,0),(10,NULL,'Jobstreet - Resume Search',0,'2016-01-27 07:37:18',NULL,NULL,NULL,0),(11,NULL,'OJT Pool',0,'2016-01-27 07:37:28',NULL,NULL,NULL,0),(12,NULL,'Personnel Movement',0,'2016-01-27 07:37:41',NULL,NULL,NULL,0),(13,NULL,'External Referral \r\n',0,'2016-01-27 07:37:42',NULL,NULL,NULL,0),(14,NULL,'Returnee',0,'2016-01-27 07:37:47',NULL,NULL,NULL,0),(15,NULL,'Walk in\r\n',0,'2016-01-27 07:37:50',NULL,NULL,NULL,0),(16,NULL,'Others',0,'2016-01-27 07:38:19',NULL,NULL,NULL,0);

/*Data for the table `ww_recruitment_status` */

insert  into `ww_recruitment_status`(`recruit_status_id`,`recruit_status`,`color`,`sequence`,`description`,`deleted`) values (1,'As Candidate','#ffffff',1,NULL,0),(2,'For Evaluation','#ffffff',2,NULL,0),(3,'For Interview','#ffffff',3,NULL,0),(4,'For Job Offer','#ffffff',4,NULL,0),(5,'Contract Signing','#ffffff',5,NULL,0),(6,'Pre-Employment','#ffffff',6,NULL,0),(7,'Employed','#ffffff',1,NULL,0),(8,'Decline Job Offer','#ffffff',1,NULL,0),(9,'Decline Contract','#ffffff',1,NULL,0),(10,'Blacklisted','#ffffff',1,NULL,0),(11,'Applicant','#ffffff',1,NULL,0);

/*Data for the table `ww_report_generator` */

insert  into `ww_report_generator`(`report_id`,`report_code`,`report_name`,`category_id`,`description`,`main_query`,`roles`,`created_by`,`created_on`,`modified_by`,`modified_on`,`deleted`) values (3,'OT','OT Report',1,'','SELECT T0.company AS \"company\",\r\nT0.full_name AS \"full_name\",\r\nT0.id_number AS \"id_number\",\r\nT0.date AS \"date\",\r\nT0.time_from AS \"time_from\",\r\nT0.time_to AS \"time_to\",\r\nT0.REGOT AS \"REGOT\",\r\nT0.REGOT_ND AS \"REGOT ND\",\r\nT0.REGND AS \"REGND\",\r\nT0.RDOT AS \"RDOT\",\r\nT0.RDOT_ND AS \"RDOT ND\",\r\nT0.RDOT_EXCESS AS \"RDOT EXCESS\",\r\nT0.RDOT_ND_EXCESS AS \"RDOT ND EXCESS\",\r\nT0.LEGOT AS \"LEGOT\",\r\nT0.LEGOT_ND AS \"LEGOT ND\",\r\nT0.LEGOT_EXCESS AS \"LEGOT EXCESS\",\r\nT0.LEGOT_ND_EXCESS AS \"LEGOT ND EXCESS\",\r\nT0.SPEOT AS \"SPEOT\",\r\nT0.SPEOT_ND AS \"SPEOT ND\",\r\nT0.SPEOT_EXCESS AS \"SPEOT EXCESS\",\r\nT0.SPEOT_ND_EXCESS AS \"SPEOT ND EXCESS\",\r\nT0.DOBOT AS \"DOBOT\",\r\nT0.DOBOT_ND AS \"DOBOT ND\",\r\nT0.DOBOT_EXCESS AS \"DOBOT EXCESS\",\r\nT0.DOBOT_ND_EXCESS AS \"DOBOT ND EXCESS\",\r\nT0.LEGRDOT AS \"LEGRDOT\",\r\nT0.LEGRDOT_ND AS \"LEGRDOT ND\",\r\nT0.LEGRDOT_EXCESS AS \"LEGRDOT EXCESS\",\r\nT0.LEGRDOT_ND_EXCESS AS \"LEGRDOT ND EXCESS\",\r\nT0.SPERDOT AS \"SPERDOT\",\r\nT0.SPERDOT_ND AS \"SPERDOT ND\",\r\nT0.SPERDOT_EXCESS AS \"SPERDOT EXCESS\",\r\nT0.SPERDOT_ND_EXCESS AS \"SPERDOT ND EXCESS\",\r\nT0.DOBRDOT AS \"DOBRDOT\",\r\nT0.DOBRDOT_ND AS \"DOBRDOT ND\",\r\nT0.DOBRDOT_EXCESS AS \"DOBRDOT EXCESS\",\r\nT0.DOBRDOT_ND_EXCESS AS \"DOBRDOT ND EXCESS\",\r\nT0.day AS \"Day\"\r\nFROM report_time_overtime AS T0\r\nWHERE\r\n(T0.actual>\"0\")','1,2,8,22',1,'2014-09-18 05:49:04',1,'2017-02-22 11:22:26',0),(5,'IAR','Incomplete Attendance Report',1,'Incomplete Attendance Report','SELECT T0.company AS \"Company\",\r\nT0.full_name AS \"Full Name\",\r\nT0.id_number AS \"ID Number\",\r\nT0.date AS \"Date\",\r\nT0.shift AS \"Shift\",\r\nT0.time_from AS \"Time From\",\r\nT0.time_to AS \"Time To\",\r\nT0.particulars AS \"Particulars\"\r\nFROM report_time_iar AS T0','1,2,6,8,20,22',1,'2014-09-18 09:03:17',1,'2016-05-10 11:03:04',0),(6,'PRELIM','Preliminary Report',3,'','SELECT T0.id_number AS \"Id Number\",\r\nT0.full_name AS \"Full Name\",\r\nT0.basic AS \"Basic\",\r\nT0.cola AS \"Cola\",\r\nT0.overtime AS \"Overtime\",\r\nT0.transpo AS \"Transpo\",\r\nT0.comm AS \"Comm\",\r\nT0.oth_inc_taxable AS \"Oth Inc Taxable\",\r\nT0.oth_inc_nontax AS \"Oth Inc Nontax\",\r\nT0.absences AS \"Absences\",\r\nT0.gross_pay AS \"Gross Pay\",\r\nT0.whtax AS \"Whtax\",\r\nT0.sss AS \"Sss\",\r\nT0.phic AS \"Phic\",\r\nT0.hdmf AS \"Hdmf\",\r\nT0.oth_ded AS \"Oth Ded\",\r\nT0.netpay AS \"Netpay\",\r\nT0.company AS \"Company\",\r\nT0.payroll_date AS \"Payroll Date\",\r\nT0.date_from AS \"Date From\",\r\nT0.date_to AS \"Date To\",\r\nT0.department_id AS \"Department Id\",\r\nT0.department AS \"Department\",\r\nT0.sensitivity AS \"Sensitivity\"\r\nFROM payroll_preliminary_report AS T0','1,8,9,20',1,'2014-09-18 09:43:11',1,'2016-05-11 00:43:34',0),(7,'TARDY','Tardiness Report',1,'Tardiness Report','SELECT T0.payroll_date AS \"Payroll Date\",\r\nT0.company AS \"Company\",\r\nT0.full_name AS \"Full Name\",\r\nT0.id_number AS \"ID Number\",\r\nT0.date AS \"Date\",\r\nT0.shift AS \"Shift\",\r\nT0.time_from AS \"Time From\",\r\nT0.time_to AS \"Time To\",\r\nT0.late AS \"Late\",\r\nT0.undertime AS \"Undertime\",\r\nT0.month AS \"Month\"\r\nFROM report_time_tardiness AS T0','1,2,3,6,22',1,'2014-09-18 09:47:28',1,'2016-07-15 06:39:38',0),(8,'PRELIM_EARN','Preliminary Earnings Report',3,'Break down of Earnings','SELECT T0.id_number AS \"Id Number\",\r\nT0.full_name AS \"Full Name\",\r\nT0.transaction_label AS \"Transaction Label\",\r\nT0.amount AS \"Amount\",\r\nT0.transaction_type AS \"Transaction Type\",\r\nT0.date_from AS \"Date From\",\r\nT0.date_to AS \"Date To\",\r\nT0.company AS \"Company\",\r\nT0.department_id AS \"Department Id\",\r\nT0.department AS \"Department\"\r\nFROM payroll_preliminary_earnings AS T0','1,8,20',1,'2014-09-18 10:10:34',1,'2016-05-11 00:44:54',0),(9,'PRELIM DED','Preliminary Deduction Report',3,'Break down of Deduction','SELECT T0.id_number AS \"Id Number\",\r\nT0.full_name AS \"Full Name\",\r\nT0.transaction_label AS \"Transaction Label\",\r\nT0.transaction_id AS \"Transaction Id\",\r\nT0.amount AS \"Amount\",\r\nT0.company AS \"Company\",\r\nT0.project AS \"Project\",\r\nT0.project_id AS \"Project Id\",\r\nT0.department AS \"Department\",\r\nT0.department_id AS \"Department Id\",\r\nT0.date_from AS \"Date From\",\r\nT0.date_to AS \"Date To\",\r\nT0.payroll_date AS \"Payroll Date\",\r\nT0.payroll_rate_type AS \"Payroll Rate Type\",\r\nT0.payroll_rate_type_id AS \"Payroll Rate Type Id\"\r\nFROM payroll_preliminary_deduction AS T0','1,8',1,'2014-09-18 10:15:35',1,'2016-11-21 09:44:11',0),(10,'PAYREG','Payroll Register',3,'Payroll Historical Records','SELECT T0.id_number AS \"Id Number\",\r\nT0.full_name AS \"Full Name\",\r\nT0.basic AS \"Basic\",\r\nT0.cola AS \"Cola\",\r\nT0.overtime AS \"Overtime\",\r\nT0.transpo AS \"Transpo\",\r\nT0.comm AS \"Comm\",\r\nT0.oth_inc_taxable AS \"Oth Inc Taxable\",\r\nT0.oth_inc_nontax AS \"Oth Inc Nontax\",\r\nT0.absences AS \"Absences\",\r\nT0.gross_pay AS \"Gross Pay\",\r\nT0.whtax AS \"Whtax\",\r\nT0.sss AS \"Sss\",\r\nT0.phic AS \"Phic\",\r\nT0.hdmf AS \"Hdmf\",\r\nT0.oth_ded AS \"Oth Ded\",\r\nT0.netpay AS \"Netpay\",\r\nT0.company AS \"Company\",\r\nT0.payroll_date AS \"Payroll Date\",\r\nT0.date_from AS \"Date From\",\r\nT0.date_to AS \"Date To\",\r\nT0.department_id AS \"Department Id\",\r\nT0.department AS \"Department\"\r\nFROM payroll_register_report AS T0','1,8,20',1,'2014-09-18 10:38:13',1,'2016-05-11 00:45:17',0),(11,'PAYREGEARN','Payroll Register Earnings Report',3,'Break down of Historical Earnings','SELECT T0.id_number AS \"Id Number\",\r\nT0.full_name AS \"Full Name\",\r\nT0.transaction_label AS \"Transaction Label\",\r\nT0.amount AS \"Amount\",\r\nT0.transaction_type AS \"Transaction Type\",\r\nT0.company AS \"Company\",\r\nT0.payroll_date AS \"Payroll Date\",\r\nT0.date_from AS \"Date From\",\r\nT0.date_to AS \"Date To\",\r\nT0.department_id AS \"Department Id\",\r\nT0.department AS \"Department\"\r\nFROM payroll_register_earnings AS T0','1,8,20',1,'2014-09-18 10:42:09',1,'2016-05-11 00:58:32',0),(12,'PAYREGDED','Payroll Register Deduction Report',3,'Break down of Historical Deduction','SELECT T0.id_number AS \"Id Number\",\r\nT0.full_name AS \"Full Name\",\r\nT0.transaction_label AS \"Transaction Label\",\r\nT0.amount AS \"Amount\",\r\nT0.company AS \"Company\",\r\nT0.payroll_date AS \"Payroll Date\",\r\nT0.date_from AS \"Date From\",\r\nT0.date_to AS \"Date To\",\r\nT0.department_id AS \"Department Id\",\r\nT0.department AS \"Department\"\r\nFROM payroll_register_deduction AS T0','1,8,20',1,'2014-09-18 10:46:37',1,'2016-05-11 00:59:08',0),(13,'DEDSCHEDDTL','Deduction Schedule Detail Report',3,'Summary of Deduction','SELECT T0.full_name AS \"Full Name\",\r\nT0.transaction_label AS \"Transaction Label\",\r\nT0.reference_no AS \"Reference No\",\r\nT0.payroll_date AS \"Payroll Date\",\r\nT0.amount AS \"Amount\",\r\nT0.record_reference AS \"Record Reference\",\r\nT0.company AS \"Company\",\r\nT0.payroll_date AS \"Payroll Date\",\r\nT0.date_from AS \"Date From\",\r\nT0.date_to AS \"Date To\",\r\nT0.address AS \"Address\",\r\nT0.department_id AS \"Department Id\",\r\nT0.department AS \"Department\"\r\nFROM payroll_deduction_schedule_dtl AS T0','1,8',1,'2014-09-18 11:30:43',1,'2015-07-23 06:40:20',0),(14,'ATMREG','ATM Register Report',3,'Employees with ATM','SELECT T0.id_number AS \"Id Number\",\r\nT0.full_name AS \"Full Name\",\r\nT0.bank_account AS \"Bank Account\",\r\nT0.amount AS \"Amount\",\r\nT0.record_reference AS \"Record Reference\",\r\nT0.department AS \"Department\",\r\nT0.company AS \"Company\",\r\nT0.payroll_date AS \"Payroll Date\",\r\nT0.date_from AS \"Date From\",\r\nT0.date_to AS \"Date To\",\r\nT0.address AS \"Address\",\r\nT0.department_id AS \"Department Id\"\r\nFROM payroll_atm_register AS T0','1,8,20',1,'2014-09-18 11:58:05',1,'2016-05-11 00:59:40',0),(15,'NONATMREG','Non ATM register Reports',3,'Employees without ATM or in cash payment','SELECT T0.id_number AS \"Id Number\",\r\nT0.full_name AS \"Full Name\",\r\nT0.bank_account AS \"Bank Account\",\r\nT0.amount AS \"Amount\",\r\nT0.record_reference AS \"Record Reference\",\r\nT0.department AS \"Department\",\r\nT0.company AS \"Company\",\r\nT0.payroll_date AS \"Payroll Date\",\r\nT0.date_from AS \"Date From\",\r\nT0.date_to AS \"Date To\",\r\nT0.address AS \"Address\",\r\nT0.department_id AS \"Department Id\"\r\nFROM payroll_non_atm_register AS T0','1,8,20',1,'2014-09-18 12:01:59',1,'2016-05-11 00:59:58',0),(16,'BDO','Bank Remittance',3,'','SELECT T0.bank_account AS \"Bank Account\",\r\nT0.amount AS \"Amount\",\r\nT0.account_no AS \"Account No\",\r\nT0.batch_no AS \"Batch No\",\r\nT0.bank_code_numeric AS \"Bank Code Numeric\",\r\nT0.bank_code_alpha AS \"Bank Code Alpha\",\r\nT0.posting_date AS \"Posting Date\"\r\nFROM payroll_atm_register AS T0','1,8,9,20',1,'2014-09-24 07:46:12',1,'2016-05-11 01:00:19',0),(17,'Journal Voucher','JV',3,'','SELECT T0.company AS \"Company\",\r\nT0.payroll_date AS \"Payroll Date\",\r\nT0.date_from AS \"Date From\",\r\nT0.date_to AS \"Date To\",\r\nT0.address AS \"Address\",\r\nT0.credit AS \"Credit\",\r\nT0.debit AS \"Debit\",\r\nT0.description AS \"Description\",\r\nT0.account_name AS \"Account Name\",\r\nT0.arrangement AS \"Arrangement\",\r\nT0.department_id AS \"Department Id\",\r\nT0.department AS \"Department\"\r\nFROM payroll_journal_voucher AS T0','1',1,'2014-09-26 01:58:57',1,'2016-06-10 02:28:55',0),(18,'Payslip','Payslip',3,'','SELECT T0.company_id AS \"Company Id\",\r\nT0.company AS \"Company\",\r\nT0.user_id AS \"User Id\",\r\nT0.id_number AS \"Id Number\",\r\nT0.full_name AS \"Full Name\",\r\nT0.department_id AS \"Department Id\",\r\nT0.department_code AS \"Department Code\",\r\nT0.tin AS \"Tin\",\r\nT0.transaction_label AS \"Transaction Label\",\r\nT0.amount AS \"Amount\",\r\nT0.transaction_type_id AS \"Transaction Type Id\",\r\nT0.type AS \"Type\",\r\nT0.payroll_date AS \"Payroll Date\",\r\nT0.date_from AS \"Date From\",\r\nT0.date_to AS \"Date To\",\r\nT0.group AS \"Group\",\r\nT0.record_id AS \"Record Id\",\r\nT0.beginning_balance AS \"Beginning Balance\",\r\nT0.qty AS \"Qty\",\r\nT0.transaction_code AS \"Transaction Code\"\r\nFROM payroll_payslip AS T0','1,8',1,'2014-09-26 06:44:52',1,'2015-07-23 06:48:35',1),(19,'COMPLIANCE','Compliance Report',1,'Compliance Report','SELECT T0.payroll_date AS \"Payroll Date\",\r\nT0.company AS \"Company\",\r\nT0.full_name AS \"Full Name\",\r\nT0.id_number AS \"ID Number\",\r\nT0.date AS \"Date\",\r\nT0.shift AS \"Shift\",\r\nT0.time_from AS \"Time From\",\r\nT0.time_to AS \"Time To\",\r\nT0.particulars AS \"Particulars\"\r\nFROM report_time_compliance AS T0',NULL,1,'2014-09-29 21:24:23',1,'2014-09-29 06:37:53',0),(20,'OT_ALLOWANCE','Overtime Allowance by (Payroll Date)',3,'','SELECT T0.payroll_date AS \"Payroll Date\",\r\nT0.company AS \"Company\",\r\nT0.full_name AS \"Full Name\",\r\nT0.id_number AS \"ID Number\",\r\nT0.date AS \"Date\",\r\nT0.time_from AS \"Time From\",\r\nT0.time_to AS \"Time To\",\r\nT0.actual AS \"Actual\",\r\nT0.meal AS \"Meal\",\r\nT0.transpo AS \"Transpo\"\r\nFROM report_time_overtime AS T0\r\nWHERE\r\n(T0.meal>\"0\" OR T0.transpo>\"0\" )','1,6,8',1,'2014-10-02 07:26:27',1,'2016-02-17 02:59:38',0),(21,'MANCOUNT','Manpower Count',2,'','SELECT T0.id_number AS \"ID NO\",\r\nT0.lastname AS \"LNAME\",\r\nT0.firstname AS \"FNAME\",\r\nT0.middlename AS \"MNAME\",\r\nT0.position AS \"POSITION\",\r\nT0.date_hired AS \"DHIRED\",\r\nT0.salary AS \"RATE\",\r\nT0.project AS \"PROJECT\",\r\nT0.project_code AS \"PRN\",\r\nT0.end_date AS \"CON EXP\",\r\nT0.address1 AS \"ADDRESS\",\r\nT0.birthdate AS \"BDATE\",\r\nT0.age AS \"AGE\",\r\nT0.birth_place AS \"BPLACE\",\r\nT0.sss_no AS \"SSNO\",\r\nT0.hdmf_no AS \"HDMF #\",\r\nT0.tin AS \"TIN#\",\r\nT0.phic_no AS \"PHILHEALTH\",\r\nT0.gender AS \"GENDER\",\r\nT0.civil_status AS \"C_STATUS\"\r\nFROM partners_details AS T0\r\nWHERE\r\n(T0.active=\"1\")','1,2,3,4,6,8',1,'2014-10-03 01:46:13',1,'2016-10-28 03:04:35',0),(22,'SSSMR','SSS Premium Contribution',3,'SSS Premium Contribution','SELECT T0.user_id AS \"User Id\",\r\nT0.id_number AS \"Id Number\",\r\nT0.full_name AS \"Full Name\",\r\nT0.company AS \"Company\",\r\nT0.company_id AS \"Company Id\",\r\nT0.co_sss AS \"Co Sss\",\r\nT0.co_hdmf AS \"Co Hdmf\",\r\nT0.co_address AS \"Co Address\",\r\nT0.contact_no AS \"Contact No\",\r\nT0.department_id AS \"Department Id\",\r\nT0.department AS \"Department\",\r\nT0.payroll_date AS \"Payroll Date\",\r\nT0.birth_date AS \"Birth Date\",\r\nT0.sss_no AS \"Sss No\",\r\nT0.sss_emp AS \"Sss Emp\",\r\nT0.sss_com AS \"Sss Com\",\r\nT0.sss_ecc AS \"Sss Ecc\",\r\nT0.year AS \"Year\",\r\nT0.month AS \"Month\",\r\nT0.lastname AS \"Lastname\",\r\nT0.firstname AS \"Firstname\",\r\nT0.middlename AS \"Middlename\",\r\nT0.govt_status AS \"Govt Status\",\r\nT0.hired_date AS \"Hired Date\"\r\nFROM payroll_partners_contribution AS T0','1,8',1,'2015-02-25 01:47:28',1,'2016-11-17 06:19:25',0),(23,'SSSCERT','SSS Certificate',3,'SSS Certificate','SELECT T0.user_id AS \"User Id\",\r\nT0.id_number AS \"Id Number\",\r\nT0.full_name AS \"Full Name\",\r\nT0.company AS \"Company\",\r\nT0.company_id AS \"Company Id\",\r\nT0.co_sss AS \"Co Sss\",\r\nT0.co_phic AS \"Co Phic\",\r\nT0.co_hdmf AS \"Co Hdmf\",\r\nT0.co_address AS \"Co Address\",\r\nT0.contact_no AS \"Contact No\",\r\nT0.department_id AS \"Department Id\",\r\nT0.department AS \"Department\",\r\nT0.payroll_date AS \"Payroll Date\",\r\nT0.birth_date AS \"Birth Date\",\r\nT0.sss_no AS \"Sss No\",\r\nT0.phic_no AS \"Phic No\",\r\nT0.hdmf_no AS \"Hdmf No\",\r\nT0.sss_emp AS \"Sss Emp\",\r\nT0.sss_com AS \"Sss Com\",\r\nT0.sss_ecc AS \"Sss Ecc\",\r\nT0.sbr_no_sss AS \"Sbr No Sss\",\r\nT0.sbr_date_sss AS \"Sbr Date Sss\"\r\nFROM payroll_partners_contribution AS T0','1,8',1,'2015-02-25 01:49:45',1,'2016-09-01 02:38:46',0),(24,'SSSR3','SSS R3',3,'SSS R3','SELECT T0.user_id AS \"User Id\",\r\nT0.id_number AS \"Id Number\",\r\nT0.full_name AS \"Full Name\",\r\nT0.company AS \"Company\",\r\nT0.company_id AS \"Company Id\",\r\nT0.co_sss AS \"Co Sss\",\r\nT0.co_phic AS \"Co Phic\",\r\nT0.co_hdmf AS \"Co Hdmf\",\r\nT0.co_address AS \"Co Address\",\r\nT0.contact_no AS \"Contact No\",\r\nT0.department_id AS \"Department Id\",\r\nT0.department AS \"Department\",\r\nT0.birth_date AS \"Birth Date\",\r\nT0.sss_no AS \"Sss No\",\r\nT0.phic_no AS \"Phic No\",\r\nT0.hdmf_no AS \"Hdmf No\",\r\nT0.year AS \"Year\",\r\nT0.period_month AS \"Period Month\",\r\nT0.sss_1 AS \"Sss 1\",\r\nT0.sss_2 AS \"Sss 2\",\r\nT0.sss_3 AS \"Sss 3\",\r\nT0.ec_1 AS \"Ec 1\",\r\nT0.ec_2 AS \"Ec 2\",\r\nT0.ec_3 AS \"Ec 3\"\r\nFROM payroll_partners_contribution_quarterly AS T0','1,8,20',1,'2015-02-25 01:51:36',1,'2016-06-27 09:00:41',0),(25,'SSSTD','SSS to Disk',3,'SSS to Disk','SELECT T0.user_id AS \"User Id\",\r\nT0.company_id AS \"Company Id\",\r\nT0.company AS \"Company\",\r\nT0.co_sss AS \"Co Sss\",\r\nT0.year AS \"Year\",\r\nT0.month AS \"Month\",\r\nT0.contribution AS \"Contribution\",\r\nT0.ec AS \"Ec\",\r\nT0.record AS \"Record\"\r\nFROM payroll_sss_to_disk_report AS T0','1,8,20',1,'2015-02-25 01:52:12',1,'2016-06-10 13:24:31',0),(26,'HDMFCERT','Pag-Ibig Certificate',3,'Pag-Ibig Certificate','SELECT T0.user_id AS \"User Id\",\r\nT0.id_number AS \"Id Number\",\r\nT0.full_name AS \"Full Name\",\r\nT0.company AS \"Company\",\r\nT0.company_id AS \"Company Id\",\r\nT0.co_sss AS \"Co Sss\",\r\nT0.co_phic AS \"Co Phic\",\r\nT0.co_hdmf AS \"Co Hdmf\",\r\nT0.co_address AS \"Co Address\",\r\nT0.contact_no AS \"Contact No\",\r\nT0.department_id AS \"Department Id\",\r\nT0.department AS \"Department\",\r\nT0.payroll_date AS \"Payroll Date\",\r\nT0.birth_date AS \"Birth Date\",\r\nT0.sss_no AS \"Sss No\",\r\nT0.phic_no AS \"Phic No\",\r\nT0.hdmf_no AS \"Hdmf No\",\r\nT0.sss_emp AS \"Sss Emp\",\r\nT0.sss_com AS \"Sss Com\",\r\nT0.hdmf_emp AS \"Hdmf Emp\",\r\nT0.hdmf_com AS \"Hdmf Com\",\r\nT0.phic_emp AS \"Phic Emp\",\r\nT0.phic_com AS \"Phic Com\",\r\nT0.sbr_no_hdmf AS \"Sbr No Hdmf\",\r\nT0.sbr_date_hdmf AS \"Sbr Date Hdmf\"\r\nFROM payroll_partners_contribution AS T0','1,8,20',1,'2015-02-25 01:52:45',1,'2016-07-04 02:05:55',0),(27,'HDMFQRT','Pag-Ibig Quarterly',3,'Pag-Ibig Quarterly','SELECT T0.user_id AS \"User Id\",\r\nT0.id_number AS \"Id Number\",\r\nT0.full_name AS \"Full Name\",\r\nT0.company AS \"Company\",\r\nT0.company_id AS \"Company Id\",\r\nT0.co_sss AS \"Co Sss\",\r\nT0.co_phic AS \"Co Phic\",\r\nT0.co_hdmf AS \"Co Hdmf\",\r\nT0.co_address AS \"Co Address\",\r\nT0.contact_no AS \"Contact No\",\r\nT0.department_id AS \"Department Id\",\r\nT0.department AS \"Department\",\r\nT0.birth_date AS \"Birth Date\",\r\nT0.sss_no AS \"Sss No\",\r\nT0.phic_no AS \"Phic No\",\r\nT0.period_month AS \"Period Month\",\r\nT0.hdmf_e1 AS \"Hdmf E1\",\r\nT0.hdmf_e2 AS \"Hdmf E2\",\r\nT0.hdmf_e3 AS \"Hdmf E3\",\r\nT0.hdmf_c1 AS \"Hdmf C1\",\r\nT0.hdmf_c2 AS \"Hdmf C2\",\r\nT0.hdmf_c3 AS \"Hdmf C3\",\r\nT0.year AS \"Year\"\r\nFROM payroll_partners_contribution_quarterly AS T0','1,8,20',1,'2015-02-25 01:59:53',1,'2016-06-10 12:39:08',0),(28,'HDMFMR','Pag-Ibig Premium Contribution',3,'Pag-Ibig Premium Contribution','SELECT T0.user_id AS \"User Id\",\r\nT0.id_number AS \"Id Number\",\r\nT0.full_name AS \"Full Name\",\r\nT0.company AS \"Company\",\r\nT0.company_id AS \"Company Id\",\r\nT0.co_sss AS \"Co Sss\",\r\nT0.co_phic AS \"Co Phic\",\r\nT0.co_hdmf AS \"Co Hdmf\",\r\nT0.co_address AS \"Co Address\",\r\nT0.contact_no AS \"Contact No\",\r\nT0.department_id AS \"Department Id\",\r\nT0.department AS \"Department\",\r\nT0.payroll_date AS \"Payroll Date\",\r\nT0.birth_date AS \"Birth Date\",\r\nT0.sss_no AS \"Sss No\",\r\nT0.phic_no AS \"Phic No\",\r\nT0.hdmf_no AS \"Hdmf No\",\r\nT0.hdmf_emp AS \"Hdmf Emp\",\r\nT0.hdmf_com AS \"Hdmf Com\",\r\nT0.lastname AS \"Lastname\",\r\nT0.firstname AS \"Firstname\",\r\nT0.middlename AS \"Middlename\",\r\nT0.suffix AS \"Suffix\",\r\nT0.year AS \"Year\",\r\nT0.month AS \"Month\"\r\nFROM payroll_partners_contribution AS T0','1,8,20',1,'2015-02-25 03:55:32',1,'2016-06-07 07:57:02',0),(29,'HDMFM1','Pag-Ibig M1',3,'Pag-Ibig M1','SELECT T0.user_id AS \"User Id\",\r\nT0.id_number AS \"Id Number\",\r\nT0.full_name AS \"Full Name\",\r\nT0.company AS \"Company\",\r\nT0.company_id AS \"Company Id\",\r\nT0.co_sss AS \"Co Sss\",\r\nT0.co_phic AS \"Co Phic\",\r\nT0.co_hdmf AS \"Co Hdmf\",\r\nT0.co_address AS \"Co Address\",\r\nT0.contact_no AS \"Contact No\",\r\nT0.department_id AS \"Department Id\",\r\nT0.department AS \"Department\",\r\nT0.birth_date AS \"Birth Date\",\r\nT0.sss_no AS \"Sss No\",\r\nT0.phic_no AS \"Phic No\",\r\nT0.hdmf_no AS \"Hdmf No\",\r\nT0.hdmf_emp AS \"Hdmf Emp\",\r\nT0.hdmf_com AS \"Hdmf Com\",\r\nT0.year AS \"Year\",\r\nT0.month AS \"Month\",\r\nT0.payroll_date AS \"Payroll Date\",\r\nT0.tin AS \"Tin\",\r\nT0.zipcode AS \"Zipcode\"\r\nFROM payroll_partners_contribution AS T0','1,8,20',1,'2015-02-25 03:56:12',1,'2016-07-01 10:58:19',0),(30,'HDMFMCRF','Pag-Ibig MCRF',3,'Pag-Ibig MCRF','SELECT T0.user_id AS \"User Id\",\r\nT0.id_number AS \"Id Number\",\r\nT0.lastname AS \"Lastname\",\r\nT0.firstname AS \"Firstname\",\r\nT0.middlename AS \"Middlename\",\r\nT0.suffix AS \"Suffix\",\r\nT0.full_name AS \"Full Name\",\r\nT0.company AS \"Company\",\r\nT0.company_id AS \"Company Id\",\r\nT0.co_hdmf AS \"Co Hdmf\",\r\nT0.co_sss AS \"Co Sss\",\r\nT0.co_phic AS \"Co Phic\",\r\nT0.co_address AS \"Co Address\",\r\nT0.contact_no AS \"Contact No\",\r\nT0.department_id AS \"Department Id\",\r\nT0.department AS \"Department\",\r\nT0.payroll_date AS \"Payroll Date\",\r\nT0.birth_date AS \"Birth Date\",\r\nT0.hdmf_no AS \"Hdmf No\",\r\nT0.hdmf_emp AS \"Hdmf Emp\",\r\nT0.hdmf_com AS \"Hdmf Com\",\r\nT0.zipcode AS \"Zipcode\",\r\nT0.tin AS \"Tin\",\r\nT0.year AS \"Year\",\r\nT0.month AS \"Month\"\r\nFROM payroll_partners_contribution AS T0','1,8,20',1,'2015-02-25 03:56:42',1,'2016-06-07 07:51:55',0),(31,'PHICMRMR','PhilHealth Premium Contribution',3,'PhilHealth Premium Contribution','SELECT T0.user_id AS \"User Id\",\r\nT0.id_number AS \"Id Number\",\r\nT0.full_name AS \"Full Name\",\r\nT0.company AS \"Company\",\r\nT0.company_id AS \"Company Id\",\r\nT0.co_sss AS \"Co Sss\",\r\nT0.co_phic AS \"Co Phic\",\r\nT0.co_hdmf AS \"Co Hdmf\",\r\nT0.co_address AS \"Co Address\",\r\nT0.contact_no AS \"Contact No\",\r\nT0.department_id AS \"Department Id\",\r\nT0.department AS \"Department\",\r\nT0.payroll_date AS \"Payroll Date\",\r\nT0.birth_date AS \"Birth Date\",\r\nT0.sss_no AS \"Sss No\",\r\nT0.phic_no AS \"Phic No\",\r\nT0.hdmf_no AS \"Hdmf No\",\r\nT0.phic_emp AS \"Phic Emp\",\r\nT0.phic_com AS \"Phic Com\",\r\nT0.year AS \"Year\",\r\nT0.month AS \"Month\"\r\nFROM payroll_partners_contribution AS T0','1,8,20',1,'2015-02-25 03:57:26',1,'2016-06-07 07:43:21',0),(32,'PHICRF1','PhilHealth RF1',3,'PhilHealth RF1','SELECT T0.user_id AS \"User Id\",\r\nT0.id_number AS \"Id Number\",\r\nT0.lastname AS \"Lastname\",\r\nT0.firstname AS \"Firstname\",\r\nT0.middlename AS \"Middlename\",\r\nT0.suffix AS \"Suffix\",\r\nT0.full_name AS \"Full Name\",\r\nT0.company AS \"Company\",\r\nT0.company_id AS \"Company Id\",\r\nT0.co_sss AS \"Co Sss\",\r\nT0.co_phic AS \"Co Phic\",\r\nT0.co_hdmf AS \"Co Hdmf\",\r\nT0.co_address AS \"Co Address\",\r\nT0.zipcode AS \"Zipcode\",\r\nT0.contact_no AS \"Contact No\",\r\nT0.department_id AS \"Department Id\",\r\nT0.department AS \"Department\",\r\nT0.payroll_date AS \"Payroll Date\",\r\nT0.birth_date AS \"Birth Date\",\r\nT0.sss_no AS \"Sss No\",\r\nT0.phic_no AS \"Phic No\",\r\nT0.hdmf_no AS \"Hdmf No\",\r\nT0.phic_emp AS \"Phic Emp\",\r\nT0.phic_com AS \"Phic Com\",\r\nT0.tin AS \"Tin\",\r\nT0.year AS \"Year\",\r\nT0.month AS \"Month\"\r\nFROM payroll_partners_contribution AS T0','1,8,20',1,'2015-02-25 03:58:43',1,'2016-06-07 07:47:41',0),(33,'ATTND_ADJ','Attendance Adjustment',3,'Payroll adjustment : Attendance deduction ( Absences / Lwop, Undertime, Late )','SELECT T0.user_id AS \"User Id\",\r\nT0.id_number AS \"Id Number\",\r\nT0.full_name AS \"Full Name\",\r\nT0.company_id AS \"Company Id\",\r\nT0.company AS \"Company\",\r\nT0.department_id AS \"Department Id\",\r\nT0.department AS \"Department\",\r\nT0.logo AS \"Logo\",\r\nT0.date AS \"Date\",\r\nT0.payroll_date AS \"Payroll Date\",\r\nT0.original_payroll_date AS \"Original Payroll Date\",\r\nT0.transaction_id AS \"Transaction Id\",\r\nT0.transaction_code AS \"Transaction Code\",\r\nT0.transaction_label AS \"Transaction Label\",\r\nT0.quantity AS \"Quantity\",\r\nT0.type AS \"Type\"\r\nFROM payroll_attendance_adjustment AS T0','1,6,8,20',1,'2015-07-25 06:44:17',1,'2016-05-11 01:08:11',0),(34,'Manpower Movement Report','Manpower Movement Report',2,'','SELECT T0.effectivity_date AS \"Effectivity Date\",\r\nT0.display_name AS \"Name of Employee\",\r\nT0.from_name_promote AS \"Promote From\",\r\nT0.to_name_promote AS \"Promote  To\",\r\nT0.from_name_transfer AS \"Lateral Transfer From\",\r\nT0.to_name_transfer AS \"Lateral Transfer To\",\r\nT0.manage AS \"Manage\",\r\nT0.unmanaged AS \"Unmanaged\",\r\nT0.EOC AS \"EOC\"\r\nFROM manpower_movement_report AS T0','1',1,'2016-01-06 10:35:05',1,'2016-01-08 05:36:12',0),(35,'attrition_report','Attrition Report',2,'','SELECT T0.division AS \"Division\",\r\nT0.jan_headcount AS \"Jan Total Headcount\",\r\nT0.jan_managed AS \"Jan Managed\",\r\nT0.jan_unmanaged AS \"Jan Unmanaged\",\r\nT0.jan_total_attrition AS \"Jan Month Total Actual Attrition\",\r\nT0.jan_actual_ytd_attrition AS \"Jan YTD Actual Attrition\",\r\nT0.jan_ytd_attrition AS \"Jan  YTD Attrition\",\r\nT0.feb_headcount AS \"Feb Total Headcount\",\r\nT0.feb_managed AS \"Feb Managed\",\r\nT0.feb_unmanaged AS \"Feb Unmanaged\",\r\nT0.feb_total_attrition AS \"Feb Month Total Actual Attrition\",\r\nT0.feb_actual_ytd_attrition AS \"Feb YTD Actual Attrition\",\r\nT0.feb_ytd_attrition AS \"Feb YTD Attrition\",\r\nT0.mar_headcount AS \"Mar Total Headcount\",\r\nT0.mar_managed AS \"Mar Managed\",\r\nT0.mar_unmanaged AS \"Mar Unmanaged\",\r\nT0.mar_total_attrition AS \"Mar Month Total Actual Attrition\",\r\nT0.mar_actual_ytd_attrition AS \"Mar YTD Actual Attrition\",\r\nT0.mar_ytd_attrition AS \"Mar YTD Attrition\",\r\nT0.apr_headcount AS \"Apr Total Headcount\",\r\nT0.apr_managed AS \"Apr Managed\",\r\nT0.apr_unmanaged AS \"Apr Unmanaged\",\r\nT0.apr_total_attrition AS \"Apr Month Total Actual Attrition\",\r\nT0.apr_actual_ytd_attrition AS \"Apr YTD Actual Attrition\",\r\nT0.apr_ytd_attrition AS \"Apr YTD Attrition\",\r\nT0.may_headcount AS \"May Total Headcount\",\r\nT0.may_managed AS \"May Managed\",\r\nT0.may_unmanaged AS \"May Unmanaged\",\r\nT0.may_total_attrition AS \"May Month Total Actual Attrition\",\r\nT0.may_actual_ytd_attrition AS \"May YTD Actual Attrition\",\r\nT0.may_ytd_attrition AS \"May YTD Attrition\",\r\nT0.jun_headcount AS \"Jun Total Headcount\",\r\nT0.jun_managed AS \"Jun Managed\",\r\nT0.jun_unmanaged AS \"Jun Unmanaged\",\r\nT0.jun_total_attrition AS \"Jun Month Total Actual Attrition\",\r\nT0.jun_actual_ytd_attrition AS \"Jun YTD Actual Attrition\",\r\nT0.jun_ytd_attrition AS \"Jun YTD Attrition\",\r\nT0.jul_headcount AS \"Jul Total Headcount\",\r\nT0.jul_managed AS \"Jul Managed\",\r\nT0.jul_unmanaged AS \"Jul Unmanaged\",\r\nT0.jul_total_attrition AS \"Jul Month Total Actual Attrition\",\r\nT0.jul_actual_ytd_attrition AS \"Jul YTD Actual Attrition\",\r\nT0.jul_ytd_attrition AS \"Jul YTD Attrition\",\r\nT0.aug_headcount AS \"Aug Total Headcount\",\r\nT0.aug_managed AS \"Aug Managed\",\r\nT0.aug_unmanaged AS \"Aug Unmanaged\",\r\nT0.aug_total_attrition AS \"Aug Month Total Actual Attrition\",\r\nT0.aug_actual_ytd_attrition AS \"Aug YTD Actual Attrition\",\r\nT0.aug_ytd_attrition AS \"Aug YTD Attrition\",\r\nT0.sep_headcount AS \"Sep Total Headcount\",\r\nT0.sep_managed AS \"Sep Managed\",\r\nT0.sep_unmanaged AS \"Sep Unmanaged\",\r\nT0.sep_total_attrition AS \"Sep Month Total Actual Attrition\",\r\nT0.sep_actual_ytd_attrition AS \"Sep YTD Actual Attrition\",\r\nT0.sep_ytd_attrition AS \"Sep YTD Attrition\",\r\nT0.oct_headcount AS \"Oct Total Headcount\",\r\nT0.oct_managed AS \"Oct Managed\",\r\nT0.oct_unmanaged AS \"Oct Unmanaged\",\r\nT0.oct_total_attrition AS \"Oct Month Total Actual Attrition\",\r\nT0.oct_actual_ytd_attrition AS \"Oct YTD Actual Attrition\",\r\nT0.oct_ytd_attrition AS \"Oct YTD Attrition\",\r\nT0.nov_headcount AS \"Nov Total Headcount\",\r\nT0.nov_managed AS \"Nov Managed\",\r\nT0.nov_unmanaged AS \"Nov Unmanaged\",\r\nT0.nov_total_attrition AS \"Nov Month Total Actual Attrition\",\r\nT0.nov_actual_ytd_attrition AS \"Nov YTD Actual Attrition\",\r\nT0.nov_ytd_attrition AS \"Nov YTD Attrition\",\r\nT0.dec_headcount AS \"Dec Total Headcount\",\r\nT0.dec_managed AS \"Dec Managed\",\r\nT0.dec_unmanaged AS \"Dec Unmanaged\",\r\nT0.dec_total_attrition AS \"Dec Month Total Actual Attrition\",\r\nT0.dec_actual_ytd_attrition AS \"Dec YTD Actual Attrition\",\r\nT0.dec_ytd_attrition AS \"Dec YTD Attrition\"\r\nFROM attrition_report AS T0','1',1,'2016-01-08 02:45:48',1,'2016-01-08 07:17:00',0),(36,'new_hires','New Hires',2,'','SELECT T0.prf_no AS \"Prf No\",\r\nT0.name AS \"Name\",\r\nT0.recruiter AS \"Recruiter\",\r\nT0.status AS \"Status\"\r\nFROM new_hires_report AS T0','1',1,'2016-01-08 06:36:04',1,'2016-01-26 03:34:38',0),(37,'Payslip PhilData','Payslip PhilData',3,'','SELECT T0.company_id AS \"Company Id\",\r\nT0.company AS \"Company\",\r\nT0.user_id AS \"User Id\",\r\nT0.id_number AS \"Id Number\",\r\nT0.full_name AS \"Full Name\",\r\nT0.department_id AS \"Department Id\",\r\nT0.department_code AS \"Department Code\",\r\nT0.tin AS \"Tin\",\r\nT0.transaction_label AS \"Transaction Label\",\r\nT0.amount AS \"Amount\",\r\nT0.transaction_type_id AS \"Transaction Type Id\",\r\nT0.type AS \"Type\",\r\nT0.payroll_date AS \"Payroll Date\",\r\nT0.date_from AS \"Date From\",\r\nT0.date_to AS \"Date To\",\r\nT0.group AS \"Group\",\r\nT0.record_id AS \"Record Id\",\r\nT0.beginning_balance AS \"Beginning Balance\",\r\nT0.qty AS \"Qty\",\r\nT0.transaction_code AS \"Transaction Code\"\r\nFROM payroll_payslip AS T0','1,8',1,'2016-01-22 07:09:21',1,'2016-01-21 07:37:15',1),(38,'recruitment_funnel_report','Recruitment Funnel Report',2,'','SELECT T0.poc AS \"POC\",\r\nT0.status AS \"Status\",\r\nT0.no_of_headcount_required AS \"No of Headcount Required\",\r\nT0.prf AS \"PRF\",\r\nT0.date_opened AS \"Date Opened\",\r\nT0.date_closed AS \"Date Closed\",\r\nT0.headcount_type AS \"Headcount Type\",\r\nT0.position_title AS \"Position Title\",\r\nT0.hiring_manage AS \"Hiring Manage\",\r\nT0.department AS \"Department\",\r\nT0.cat_employee_type AS \"Cat./Employee Type\",\r\nT0.sourcing_tool AS \"Sourcing Tool\",\r\nT0.candidates_name AS \"Candidate\'s Name\"\r\nFROM report_recruitment_funnel AS T0','1',1,'2016-01-26 06:43:16',1,'2016-07-26 07:55:42',0),(39,'PAYREG_COST_CENTER','Payroll Register Cost Center',3,'','SELECT T0.company_id AS \"Company Id\",\r\nT0.company AS \"Company\",\r\nT0.department_id AS \"Department Id\",\r\nT0.department AS \"Department\",\r\nT0.payroll_date AS \"Payroll Date\",\r\nT0.location_id AS \"Location Id\",\r\nT0.date_from AS \"Date From\",\r\nT0.date_to AS \"Date To\",\r\nT0.basic AS \"Basic\",\r\nT0.aut AS \"Aut\",\r\nT0.ot AS \"Ot\",\r\nT0.nd AS \"Nd\",\r\nT0.holiday AS \"Holiday\",\r\nT0.other_earnings AS \"Other Earnings\",\r\nT0.gross AS \"Gross\",\r\nT0.phic AS \"Phic\",\r\nT0.hdmf AS \"Hdmf\",\r\nT0.tax AS \"Tax\",\r\nT0.loan AS \"Loan\",\r\nT0.employee_ledger AS \"Employee Ledger\",\r\nT0.other_deduction AS \"Other Deduction\",\r\nT0.deduction AS \"Deduction\",\r\nT0.net_amount AS \"Net Amount\"\r\nFROM payroll_register_cost_center AS T0','1,8,9,20',1,'2016-02-10 12:18:44',1,'2016-06-13 10:35:12',0),(40,'PAYROLL REGISTER PRELIMINARY','Payroll Register (Preliminary)',3,'','SELECT T0.department_id AS \"Department Id\",\r\nT0.department AS \"Department\",\r\nT0.employee_code AS \"Employee Code\",\r\nT0.employee_name AS \"Employee Name\",\r\nT0.basic AS \"Basic\",\r\nT0.aut AS \"Aut\",\r\nT0.ot AS \"Ot\",\r\nT0.nd AS \"Nd\",\r\nT0.holiday AS \"Holiday\",\r\nT0.other_earnings AS \"Other Earnings\",\r\nT0.gross AS \"Gross\",\r\nT0.sss AS \"Sss\",\r\nT0.phic AS \"Phic\",\r\nT0.hdmf AS \"Hdmf\",\r\nT0.tax AS \"Tax\",\r\nT0.loan AS \"Loan\",\r\nT0.employee_ledger AS \"Employee Ledger\",\r\nT0.other_deduction AS \"Other Deduction\",\r\nT0.deduction AS \"Deduction\",\r\nT0.net_amount AS \"Net Amount\",\r\nT0.date_from AS \"Date From\",\r\nT0.date_to AS \"Date To\",\r\nT0.company AS \"Company\",\r\nT0.company_id AS \"Company Id\"\r\nFROM payroll_register_current_report AS T0','1,8,9,20',1,'2016-02-12 02:53:14',1,'2016-06-13 08:00:28',0),(41,'PAYROLL REGISTER HISTORICAL','Payroll Register (Historical)',3,'','SELECT T0.department_id AS \"Department Id\",\r\nT0.department AS \"Department\",\r\nT0.employee_code AS \"Employee Code\",\r\nT0.employee_name AS \"Employee Name\",\r\nT0.basic AS \"Basic\",\r\nT0.aut AS \"Aut\",\r\nT0.ot AS \"Ot\",\r\nT0.nd AS \"Nd\",\r\nT0.holiday AS \"Holiday\",\r\nT0.other_earnings AS \"Other Earnings\",\r\nT0.gross AS \"Gross\",\r\nT0.sss AS \"Sss\",\r\nT0.phic AS \"Phic\",\r\nT0.hdmf AS \"Hdmf\",\r\nT0.tax AS \"Tax\",\r\nT0.loan AS \"Loan\",\r\nT0.employee_ledger AS \"Employee Ledger\",\r\nT0.other_deduction AS \"Other Deduction\",\r\nT0.deduction AS \"Deduction\",\r\nT0.net_amount AS \"Net Amount\",\r\nT0.payroll_date AS \"Payroll Date\",\r\nT0.date_from AS \"Date From\",\r\nT0.date_to AS \"Date To\",\r\nT0.company_id AS \"Company Id\",\r\nT0.company AS \"Company\"\r\nFROM payroll_register_closed_report AS T0','1,8,9,20',1,'2016-02-12 06:34:19',1,'2016-06-13 08:00:35',0),(42,'BANK DETAILS','Bank Details',3,'','SELECT T0.id_number AS \"Id_Number\",\r\nT0.account_name AS \"Account_Name\",\r\nT0.account_number AS \"Account_Number\",\r\nT0.amount AS \"Amount\"\r\nFROM payroll_bank_details_report AS T0','1,8,9,20',1,'2016-02-16 07:42:35',1,'2016-06-09 09:53:42',0),(43,'OT_ALLOWANCE','Overtime Allowance by (Date Range)',3,'','SELECT T0.payroll_date AS \"Payroll Date\",\r\nT0.company AS \"Company\",\r\nT0.full_name AS \"Full Name\",\r\nT0.full_name AS \"Full Name\",\r\nT0.id_number AS \"Id Number\",\r\nT0.date AS \"Date\",\r\nT0.time_from AS \"Time From\",\r\nT0.time_to AS \"Time To\",\r\nT0.actual AS \"Actual\",\r\nT0.meal AS \"Meal\",\r\nT0.transpo AS \"Transpo\"\r\nFROM report_time_overtime AS T0\r\nWHERE\r\n(T0.meal>\"0\" OR T0.transpo>\"0\" )','1,8,9',1,'2016-02-18 03:08:31',1,'2016-02-17 03:18:54',0),(44,'BANK_REMITTANCE','Bank Remittance',3,'','SELECT T0.account_number AS \"Account Number\",\r\nT0.amount AS \"Amount\"\r\nFROM payroll_bank_details_report AS T0','2,8,9',1,'2016-02-18 09:03:16',1,'2016-02-17 09:04:00',1),(45,'BANK REMITTANCE','Bank Remittance',3,'','SELECT T0.bank_account AS \"Bank Account\",\r\nT0.amount AS \"Amount\"\r\nFROM payroll_atm_register AS T0','1,8,9',1,'2016-02-18 09:20:21',1,'2016-02-17 09:24:09',1),(46,'AUTHORITY TO DEBIT','Authority to Debit',3,'','SELECT T0.company AS \"Company\",\r\nT0.bank_account_no AS \"Bank Account No\",\r\nT0.bank_name AS \"Bank Name\",\r\nT0.date_from AS \"Date From\",\r\nT0.date_to AS \"Date To\",\r\nT0.amount AS \"Amount\",\r\nT0.city AS \"City\",\r\nT0.payroll_date AS \"Payroll Date\",\r\nT0.company_id AS \"Company Id\",\r\nT0.branch_officer AS \"Branch Officer\",\r\nT0.branch_position AS \"Branch Position\",\r\nT0.signatory_1 AS \"Signatory 1\",\r\nT0.signatory_2 AS \"Signatory 2\",\r\nT0.account_name AS \"Account Name\",\r\nT0.address1 AS \"Address1\",\r\nT0.address2 AS \"Address2\"\r\nFROM payroll_authority_debit AS T0','1,8,9,20',1,'2016-02-19 07:15:18',1,'2016-06-29 12:24:50',0),(47,'Payslip Bayleaf','Payslip',3,'','SELECT T0.company_id AS \"Company Id\",\r\nT0.company AS \"Company\",\r\nT0.user_id AS \"User Id\",\r\nT0.id_number AS \"Id Number\",\r\nT0.full_name AS \"Full Name\",\r\nT0.department_id AS \"Department Id\",\r\nT0.department_code AS \"Department Code\",\r\nT0.tin AS \"Tin\",\r\nT0.transaction_label AS \"Transaction Label\",\r\nT0.transaction_class_code AS \"Transaction Class Code\",\r\nT0.qty AS \"Qty\",\r\nT0.amount AS \"Amount\",\r\nT0.transaction_type_id AS \"Transaction Type Id\",\r\nT0.group AS \"Group\",\r\nT0.type AS \"Type\",\r\nT0.record_id AS \"Record Id\",\r\nT0.beginning_balance AS \"Beginning Balance\",\r\nT0.running_balance AS \"Running Balance\",\r\nT0.payroll_date AS \"Payroll Date\",\r\nT0.date_from AS \"Date From\",\r\nT0.date_to AS \"Date To\",\r\nT0.address AS \"Address\",\r\nT0.city AS \"City\",\r\nT0.taxcode AS \"Taxcode\",\r\nT0.employee AS \"Employee\",\r\nT0.project_id AS \"Project Id\",\r\nT0.project_code AS \"Project Code\",\r\nT0.project AS \"Project\",\r\nT0.payroll_rate_type_id AS \"Payroll Rate Type Id\",\r\nT0.payroll_rate_type AS \"Payroll Rate Type\",\r\nT0.adjustment AS \"Adjustment\",\r\nT0.other_taxable AS \"Other Taxable\",\r\nT0.absent_tardy AS \"Absent Tardy\",\r\nT0.sss AS \"Sss\",\r\nT0.philhealth AS \"Philhealth\",\r\nT0.pag_ibig AS \"Pag Ibig\",\r\nT0.nontax_income AS \"Nontax Income\",\r\nT0.nd AS \"Nd\",\r\nT0.reg AS \"Reg\",\r\nT0.rest AS \"Rest\",\r\nT0.rest_x8 AS \"Rest X8\",\r\nT0.sp AS \"Sp\",\r\nT0.sp_x8 AS \"Sp X8\",\r\nT0.rest_sp AS \"Rest Sp\",\r\nT0.rest_sp_x8 AS \"Rest Sp X8\",\r\nT0.legal AS \"Legal\",\r\nT0.legal_x8 AS \"Legal X8\",\r\nT0.rest_legal AS \"Rest Legal\",\r\nT0.rest_leg_x8 AS \"Rest Leg X8\",\r\nT0.sss_sal AS \"Sss Sal\",\r\nT0.sss_cal AS \"Sss Cal\",\r\nT0.hdmf_sal AS \"Hdmf Sal\",\r\nT0.hdmf_cal AS \"Hdmf Cal\",\r\nT0.company_loan AS \"Company Loan\",\r\nT0.health_card AS \"Health Card\",\r\nT0.other_deduction_one AS \"Other Deduction One\",\r\nT0.other_deduction_two AS \"Other Deduction Two\",\r\nT0.other_deduction_three AS \"Other Deduction Three\",\r\nT0.sss_sal_loan AS \"Sss Sal Loan\",\r\nT0.sss_cal_loan AS \"Sss Cal Loan\",\r\nT0.hdmf_sal_loan AS \"Hdmf Sal Loan\",\r\nT0.hdmf_cal_loan AS \"Hdmf Cal Loan\",\r\nT0.company_loan_final AS \"Company Loan Final\",\r\nT0.tax_status AS \"Tax Status\"\r\nFROM payroll_payslip_riofil AS T0','1,8',1,'2016-02-20 02:52:58',1,'2016-11-29 07:08:37',1),(48,'TAX CONTRIBUTION','Tax Contribution',3,'','SELECT T0.id_number AS \"Id Number\",\r\nT0.full_name AS \"Full Name\",\r\nT0.tin AS \"Tin\",\r\nT0.gross_pay1 AS \"Gross Pay1\",\r\nT0.whtax1 AS \"Whtax1\",\r\nT0.gross_pay2 AS \"Gross Pay2\",\r\nT0.whtax2 AS \"Whtax2\",\r\nT0.company AS \"Company\",\r\nT0.department AS \"Department\",\r\nT0.year AS \"Year\",\r\nT0.month AS \"Month\"\r\nFROM payroll_tax AS T0','1,8,9,20',1,'2016-02-20 09:16:48',1,'2016-05-11 01:10:53',0),(49,'Journal Voucher Bayleaf','Journal Entries',3,'','SELECT T0.company AS \"Company\",\r\nT0.payroll_date AS \"Payroll Date\",\r\nT0.date_from AS \"Date From\",\r\nT0.date_to AS \"Date To\",\r\nT0.company_id AS \"Company Id\",\r\nT0.account_number AS \"Account Number\",\r\nT0.account_title AS \"Account Title\",\r\nT0.Dept AS \"Dept\",\r\nT0.Particulars AS \"Particulars\",\r\nT0.Dr AS \"Dr\",\r\nT0.Cr AS \"Cr\"\r\nFROM payroll_journal_voucher_extended AS T0','1,8,9',1,'2016-02-23 05:39:15',1,'2016-11-08 05:58:14',0),(50,'Journal Details Bayleaf','Journal Details',3,'','SELECT T0.payroll_date AS \"Payroll Date\",\r\nT0.account_number AS \"Account Number\",\r\nT0.account_title AS \"Account Title\",\r\nT0.Dr AS \"Dr\",\r\nT0.Cr AS \"Cr\"\r\nFROM payroll_journal_voucher_extended AS T0','1,8,9,20',1,'2016-02-23 07:37:45',1,'2016-06-27 07:35:18',0),(51,'Account Code','Account Code',3,'','SELECT T0.account_code AS \"Account Code\",\r\nT0.account_name AS \"Account Name\",\r\nT0.account_type AS \"Account Type\"\r\nFROM payroll_account_report AS T0','1,8,9,20',1,'2016-02-24 02:42:56',1,'2016-05-11 01:11:53',0),(52,'THIRTEEN_MONTH_BASIS','13th Month Basis',3,'','SELECT T0.firstname AS \"Firstname\",\r\nT0.lastname AS \"Lastname\",\r\nT0.id_number AS \"Id Number\",\r\nT0.jan_reg AS \"Jan Reg\",\r\nT0.jan_saladj AS \"Jan Saladj\",\r\nT0.jan_deminimis AS \"Jan Deminimis\",\r\nT0.feb_reg AS \"Feb Reg\",\r\nT0.feb_saladj AS \"Feb Saladj\",\r\nT0.feb_deminimis AS \"Feb Deminimis\",\r\nT0.mar_reg AS \"Mar Reg\",\r\nT0.mar_saladj AS \"Mar Saladj\",\r\nT0.mar_deminimis AS \"Mar Deminimis\",\r\nT0.apr_reg AS \"Apr Reg\",\r\nT0.apr_saladj AS \"Apr Saladj\",\r\nT0.apr_deminimis AS \"Apr Deminimis\",\r\nT0.may_reg AS \"May Reg\",\r\nT0.may_saladj AS \"May Saladj\",\r\nT0.may_deminimis AS \"May Deminimis\",\r\nT0.jun_reg AS \"Jun Reg\",\r\nT0.jun_saladj AS \"Jun Saladj\",\r\nT0.jun_deminimis AS \"Jun Deminimis\",\r\nT0.jul_reg AS \"Jul Reg\",\r\nT0.jul_saladj AS \"Jul Saladj\",\r\nT0.jul_deminimis AS \"Jul Deminimis\",\r\nT0.aug_reg AS \"Aug Reg\",\r\nT0.aug_saladj AS \"Aug Saladj\",\r\nT0.aug_deminimis AS \"Aug Deminimis\",\r\nT0.sep_reg AS \"Sep Reg\",\r\nT0.sep_saladj AS \"Sep Saladj\",\r\nT0.sep_deminimis AS \"Sep Deminimis\",\r\nT0.oct_reg AS \"Oct Reg\",\r\nT0.oct_saladj AS \"Oct Saladj\",\r\nT0.oct_deminimis AS \"Oct Deminimis\",\r\nT0.nov_reg AS \"Nov Reg\",\r\nT0.nov_saladj AS \"Nov Saladj\",\r\nT0.nov_deminimis AS \"Nov Deminimis\",\r\nT0.dec_reg AS \"Dec Reg\",\r\nT0.dec_saladj AS \"Dec Saladj\",\r\nT0.dec_deminimis AS \"Dec Deminimis\",\r\nT0.total AS \"Total\",\r\nT0.month_count AS \"Month Count\",\r\nT0.bonus AS \"Bonus\",\r\nT0.ceiling_amount AS \"Ceiling Amount\",\r\nT0.taxable AS \"Taxable\"\r\nFROM payroll_bonus_basis AS T0','1,8,9',1,'2016-04-08 08:05:36',1,'2016-04-08 02:30:31',0),(56,'DAILY TIME RECORD','Daily Time Record',1,'','SELECT T0.user_id AS \"User Id\",\r\nT0.firstname AS \"Firstname\",\r\nT0.lastname AS \"Lastname\",\r\nT0.date AS \"Date\",\r\nT0.shift AS \"Shift\",\r\nT0.time_in AS \"Time In\",\r\nT0.time_out AS \"Time Out\",\r\nT0.hours_work AS \"Hours Work\",\r\nT0.late AS \"Late\",\r\nT0.ut AS \"Ut\",\r\nT0.ot AS \"Ot\",\r\nT0.remarks AS \"Remarks\",\r\nT0.company_id AS \"Company\",\r\nT0.department AS \"Department\",\r\nT0.id_number AS \"Id Number\"\r\nFROM report_time_daily_time_record AS T0','1,2,6,8,20,22',1,'2016-03-12 02:16:48',1,'2016-07-15 07:31:32',0),(57,'PAYROLLLOAN','Payroll Loan Report',3,'','SELECT T0.user_id AS \"User Id\",\r\nT0.id_number AS \"Id Number\",\r\nT0.full_name AS \"Full Name\",\r\nT0.company AS \"Company\",\r\nT0.company_id AS \"Company Id\",\r\nT0.tin AS \"Tin\",\r\nT0.co_sss AS \"Co Sss\",\r\nT0.department_id AS \"Department Id\",\r\nT0.department AS \"Department\",\r\nT0.year AS \"Year\",\r\nT0.month AS \"Month\",\r\nT0.sss_no AS \"Sss No\",\r\nT0.loan_type AS \"Loan Type\",\r\nT0.loan_type_id AS \"Loan Type Id\",\r\nT0.description AS \"Description\",\r\nT0.balance AS \"Balance\",\r\nT0.amount AS \"Amount\",\r\nT0.loan_principal AS \"Loan Principal\",\r\nT0.hdmf_no AS \"Hdmf No\",\r\nT0.category AS \"Category\",\r\nT0.loan AS \"Loan\",\r\nT0.year AS \"Year\",\r\nT0.month AS \"Month\"\r\nFROM payroll_partners_loan AS T0','1,8,20',1,'2016-05-05 11:46:50',1,'2016-06-07 05:38:03',0),(58,'HDMFP2-4','Pag-Ibig P2-4',3,'','SELECT T0.user_id AS \"User Id\",\r\nT0.lastname AS \"Lastname\",\r\nT0.firstname AS \"Firstname\",\r\nT0.middlename AS \"Middlename\",\r\nT0.company AS \"Company\",\r\nT0.co_sss AS \"Co Sss\",\r\nT0.co_address AS \"Co Address\",\r\nT0.zipcode AS \"Zipcode\",\r\nT0.year AS \"Year\",\r\nT0.tin AS \"Tin\",\r\nT0.amount AS \"Amount\",\r\nT0.birth_date AS \"Birth Date\",\r\nT0.month AS \"Month\"\r\nFROM payroll_partners_loan_hdmf AS T0','1,8,20',1,'2016-05-05 12:58:32',1,'2016-05-11 01:12:15',0),(59,'SSSR1A','SSS R-1A Report',3,'SSS R-1A Report','SELECT T0.user_id AS \"User Id\",\r\nT0.id_number AS \"Id Number\",\r\nT0.full_name AS \"Full Name\",\r\nT0.company_id AS \"Company Id\",\r\nT0.company AS \"Company\",\r\nT0.salary AS \"Salary\",\r\nT0.sss_no AS \"Sss No\",\r\nT0.resigned_date AS \"Resigned Date\",\r\nT0.email AS \"Email\",\r\nT0.effectivity_date AS \"Effectivity Date\",\r\nT0.sss AS \"Co Sss\",\r\nT0.tin AS \"Co Tin\",\r\nT0.address AS \"Co Address\",\r\nT0.birth_date AS \"Birth Date\",\r\nT0.position_id AS \"Position Id\",\r\nT0.position AS \"Position\",\r\nT0.year AS \"Year\",\r\nT0.month AS \"Month\"\r\nFROM partners_report AS T0','1,8',1,'2016-05-18 06:05:43',1,'2016-06-07 10:00:59',0),(60,'PHICER2','PhilHealth Er2 Report',3,'Philhealth Er2 Report','SELECT T0.user_id AS \"User Id\",\r\nT0.full_name AS \"Full Name\",\r\nT0.phic_no AS \"Phic No\",\r\nT0.salary AS \"Salary\",\r\nT0.position AS \"Position\",\r\nT0.effectivity_date AS \"Effectivity Date\",\r\nT0.company_id AS \"Company Id\",\r\nT0.company AS \"Company\",\r\nT0.address AS \"Co Address\",\r\nT0.phic AS \"Co Phic\",\r\nT0.year AS \"Year\",\r\nT0.month AS \"Month\"\r\nFROM partners_report AS T0','1,8',1,'2016-05-19 00:25:09',1,'2016-06-10 00:47:21',0),(61,'SSSR5','SSS R5',3,'SSS R5 Report','SELECT T0.company_id AS \"Company Id\",\r\nT0.company AS \"Company\",\r\nT0.co_sss AS \"Co Sss\",\r\nT0.co_address AS \"Co Address\",\r\nT0.co_address AS \"Co Address\",\r\nT0.zipcode AS \"Zipcode\",\r\nT0.contact_no AS \"Contact No\",\r\nT0.year AS \"Year\",\r\nT0.month AS \"Month\",\r\nT0.sss_emp AS \"Sss Emp\",\r\nT0.sss_com AS \"Sss Com\",\r\nT0.sss_ecc AS \"Sss Ecc\"\r\nFROM payroll_sssr5_report AS T0','1,8',1,'2016-05-20 02:35:42',1,'2016-06-10 00:45:35',0),(62,'BIR1601C','BIR 1601-C',3,'BIR 1601-C Report (closed transasction - monthly)','SELECT T0.company_id AS \"Company Id\",\r\nT0.company AS \"Company\",\r\nT0.year AS \"Year\",\r\nT0.month AS \"Month\",\r\nT0.address AS \"Address\",\r\nT0.tin AS \"Tin\",\r\nT0.rdo AS \"Rdo\",\r\nT0.contact_no AS \"Contact No\",\r\nT0.zipcode AS \"Zipcode\",\r\nT0.total_compensation AS \"Total Compensation\",\r\nT0.statutory_minimum AS \"Statutory Minimum\",\r\nT0.overtime AS \"Overtime\",\r\nT0.other_nontax_compensation AS \"Other Nontax Compensation\",\r\nT0.wtax AS \"Wtax\"\r\nFROM payroll_1601c AS T0','1,8',1,'2016-05-20 09:53:07',1,'2017-02-21 05:34:55',0),(63,'BIR2316','BIR 2316',3,'BIR 2316 Report (closed transaction - year end report)','SELECT T0.company_id AS \"Company Id\",\r\nT0.company AS \"Company\",\r\nT0.comp_tin AS \"Comp Tin\",\r\nT0.comp_address AS \"Comp Address\",\r\nT0.comp_zipcode AS \"Comp Zipcode\",\r\nT0.year AS \"Year\",\r\nT0.month_from AS \"Month From\",\r\nT0.month_to AS \"Month To\",\r\nT0.user_id AS \"User Id\",\r\nT0.full_name AS \"Full Name\",\r\nT0.emp_tin AS \"Emp Tin\",\r\nT0.emp_address AS \"Emp Address\",\r\nT0.emp_zipcode AS \"Emp Zipcode\",\r\nT0.birth_date AS \"Birth Date\",\r\nT0.civil_status_id AS \"Civil Status Id\",\r\nT0.minwageflag AS \"Minwageflag\",\r\nT0.item21 AS \"Item21\",\r\nT0.item22 AS \"Item22\",\r\nT0.item23 AS \"Item23\",\r\nT0.item24 AS \"Item24\",\r\nT0.item25 AS \"Item25\",\r\nT0.item26 AS \"Item26\",\r\nT0.item28 AS \"Item28\",\r\nT0.item29 AS \"Item29\",\r\nT0.item30A AS \"Item30A\",\r\nT0.item30B AS \"Item30B\",\r\nT0.item31 AS \"Item31\",\r\nT0.item32 AS \"Item32\",\r\nT0.item33 AS \"Item33\",\r\nT0.item34 AS \"Item34\",\r\nT0.item35 AS \"Item35\",\r\nT0.item37 AS \"Item37\",\r\nT0.item38 AS \"Item38\",\r\nT0.item39 AS \"Item39\",\r\nT0.item41 AS \"Item41\",\r\nT0.item42 AS \"Item42\",\r\nT0.item51 AS \"Item51\",\r\nT0.item53 AS \"Item53\",\r\nT0.item55 AS \"Item55\"\r\nFROM payroll_bir AS T0','1,2,8',1,'2016-06-28 08:07:49',1,'2017-02-21 05:54:27',0),(64,'Journal Headers Bayleaf','Journal Headers',3,'','SELECT T0.company_id AS \"Company Id\",\r\nT0.company AS \"Company\",\r\nT0.payroll_date AS \"Payroll Date\",\r\nT0.batchid AS \"Batchid\",\r\nT0.btchentry AS \"Btchentry\",\r\nT0.srceledger AS \"Srceledger\",\r\nT0.srcetype AS \"Srcetype\",\r\nT0.fscsperd AS \"Fscsperd\",\r\nT0.jrnldesc AS \"Jrnldesc\",\r\nT0.dateentry AS \"Dateentry\",\r\nT0.fscsyr AS \"Fscsyr\"\r\nFROM payroll_journal_headers AS T0','1,8',1,'2016-06-29 06:14:48',1,'2016-06-28 07:44:07',0),(65,'PHICCERT','PhilHealth Certificate',3,'PhilHealth Certificate Report','SELECT T0.user_id AS \"User Id\",\r\nT0.id_number AS \"Id Number\",\r\nT0.lastname AS \"Lastname\",\r\nT0.firstname AS \"Firstname\",\r\nT0.middlename AS \"Middlename\",\r\nT0.suffix AS \"Suffix\",\r\nT0.full_name AS \"Full Name\",\r\nT0.company AS \"Company\",\r\nT0.company_id AS \"Company Id\",\r\nT0.tin AS \"Tin\",\r\nT0.co_sss AS \"Co Sss\",\r\nT0.co_phic AS \"Co Phic\",\r\nT0.co_hdmf AS \"Co Hdmf\",\r\nT0.co_address AS \"Co Address\",\r\nT0.zipcode AS \"Zipcode\",\r\nT0.contact_no AS \"Contact No\",\r\nT0.department_id AS \"Department Id\",\r\nT0.department AS \"Department\",\r\nT0.year AS \"Year\",\r\nT0.month AS \"Month\",\r\nT0.payroll_date AS \"Payroll Date\",\r\nT0.birth_date AS \"Birth Date\",\r\nT0.sss_no AS \"Sss No\",\r\nT0.phic_no AS \"Phic No\",\r\nT0.hdmf_no AS \"Hdmf No\",\r\nT0.hired_date AS \"Hired Date\",\r\nT0.resigned_date AS \"Resigned Date\",\r\nT0.govt_status AS \"Govt Status\",\r\nT0.sss_emp AS \"Sss Emp\",\r\nT0.sss_com AS \"Sss Com\",\r\nT0.sss_ecc AS \"Sss Ecc\",\r\nT0.hdmf_emp AS \"Hdmf Emp\",\r\nT0.hdmf_com AS \"Hdmf Com\",\r\nT0.phic_emp AS \"Phic Emp\",\r\nT0.phic_com AS \"Phic Com\",\r\nT0.sbr_no_hdmf AS \"Sbr No Hdmf\",\r\nT0.sbr_no_phic AS \"Sbr No Phic\",\r\nT0.sbr_no_sss AS \"Sbr No Sss\",\r\nT0.sbr_date_hdmf AS \"Sbr Date Hdmf\",\r\nT0.sbr_date_phic AS \"Sbr Date Phic\",\r\nT0.sbr_date_sss AS \"Sbr Date Sss\"\r\nFROM payroll_partners_contribution AS T0','1,2,8',1,'2016-07-02 03:16:58',1,'2016-09-01 00:59:57',0),(66,'PAR','Perfect Attendance Report',1,'Perfect Attendance Report','SELECT T0.id_number AS \"Employee ID\",\r\nT0.lastname AS \"Last Name\",\r\nT0.firstname AS \"First Name\",\r\nT0.year AS \"Year\",\r\nT0.month_id AS \"Month ID\",\r\nT0.month AS \"Month\",\r\nT0.company_id AS \"Company ID\",\r\nT0.company AS \"Company\",\r\nT0.department_id AS \"Department ID\",\r\nT0.department AS \"Department\"\r\nFROM report_time_perfect_attendance AS T0','1,2,3,4,5,6,7,8,9',1,'2016-07-14 02:07:17',1,'2016-07-15 06:39:14',0),(67,'DAILY TIME RECORD OPTIMUM','Daily Time Record',1,'','SELECT T0.employee_code AS \"Employee Code\",\r\nT0.lastname AS \"Lastname\",\r\nT0.firstname AS \"Firstname\",\r\nT0.middlename AS \"Middlename\",\r\nT0.company AS \"Company\",\r\nT0.department AS \"Department\",\r\nT0.date AS \"Date\",\r\nT0.time_in AS \"Time In\",\r\nT0.date AS \"Date\",\r\nT0.time_out AS \"Time Out\",\r\nT0.hrs_work AS \"Total Hours\",\r\nT0.nd AS \"ND\",\r\nT0.total_ot AS \"Total OT\",\r\nT0.status AS \"Status\",\r\nT0.ht AS \"HT\",\r\nT0.shift AS \"Schedule\",\r\nT0.employee AS \"Employee\"\r\nFROM report_time_daily_time_record_optimum AS T0','1,2,3,6,8,20,22',1,'2016-07-15 06:17:53',1,'2016-07-15 06:40:14',0),(68,'AESR','Active Employee Summary Report',2,'Active Employee Summary Report','SELECT T0.company_id AS \"Company ID\",\r\nT0.company AS \"Company\",\r\nT0.department_id AS \"Department ID\",\r\nT0.department AS \"Department\",\r\nT0.id_number AS \"Employee ID\",\r\nT0.lastname AS \"Last Name\",\r\nT0.firstname AS \"First Name\",\r\nT0.middlename AS \"Middle Name\",\r\nT0.position_id AS \"Position ID\",\r\nT0.position AS \"Position\"\r\nFROM report_partners_manpower AS T0','1,2,3,4,5,6,7,8,9',1,'2016-07-15 06:46:37',1,'2016-07-15 03:10:06',0),(69,'LEAVE_SUM','Leave Summary Report',1,'','SELECT T0.form_status AS \"Form Status\",\r\nT0.form_code AS \"Form Code\",\r\nT0.user_id AS \"User Id\",\r\nT0.full_name AS \"Full Name\",\r\nT0.day AS \"Day\",\r\nT0.date_from AS \"Date From\",\r\nT0.date_to AS \"Date To\",\r\nT0.reason AS \"Reason\",\r\nT0.id_number AS \"Id Number\",\r\nT0.company_id AS \"Company Id\",\r\nT0.company AS \"Company\"\r\nFROM report_leave_summary AS T0','1,2,3,6,8,22',1,'2016-07-16 01:40:23',1,'2016-07-15 06:40:51',0),(70,'SL_VL_MONITORING','SL and VL Monitoring',1,'Sick Leave and Vacation Leave Monitoring','SELECT T0.company AS \"Company\",\r\nT0.company_id AS \"Company Id\",\r\nT0.full_name AS \"NAME\",\r\nT0.position AS \"Position\",\r\nT0.date_hired AS \"Date Hired\",\r\nT0.id_number AS \"Id Number\",\r\nT0.month AS \"MONTH\",\r\nT0.form_code AS \"TYPE\",\r\nT0.1 AS \"1\",\r\nT0.2 AS \"2\",\r\nT0.3 AS \"3\",\r\nT0.4 AS \"4\",\r\nT0.5 AS \"5\",\r\nT0.6 AS \"6\",\r\nT0.7 AS \"7\",\r\nT0.8 AS \"8\",\r\nT0.9 AS \"9\",\r\nT0.10 AS \"10\",\r\nT0.11 AS \"11\",\r\nT0.12 AS \"12\",\r\nT0.13 AS \"13\",\r\nT0.14 AS \"14\",\r\nT0.15 AS \"15\",\r\nT0.16 AS \"16\",\r\nT0.17 AS \"17\",\r\nT0.18 AS \"18\",\r\nT0.19 AS \"19\",\r\nT0.20 AS \"20\",\r\nT0.21 AS \"21\",\r\nT0.22 AS \"22\",\r\nT0.23 AS \"23\",\r\nT0.24 AS \"24\",\r\nT0.25 AS \"25\",\r\nT0.26 AS \"26\",\r\nT0.27 AS \"27\",\r\nT0.28 AS \"28\",\r\nT0.29 AS \"29\",\r\nT0.30 AS \"30\",\r\nT0.31 AS \"31\",\r\nT0.running_balance AS \"Running Balance\",\r\nT0.monthly_earning AS \"Monthly Earning\",\r\nT0.used AS \"Used\",\r\nT0.total_bal AS \"Total Balance\",\r\nT0.department_id AS \"Department Id\",\r\nT0.year AS \"Year\",\r\nT0.project_id AS \"Project Id\",\r\nT0.user_id AS \"User Id\",\r\nT0.current AS \"Current\",\r\nT0.department AS \"Department\",\r\nT0.project AS \"Project\"\r\nFROM time_forms_sl_vl_detail AS T0','1,2,8',1,'2016-10-17 11:09:07',1,'2016-11-23 02:45:26',0),(71,'LMR','Logs Monitoring Report',1,'','SELECT T0.company AS \"Company\",\r\nT0.company_id AS \"Company Id\",\r\nT0.project AS \"Project\",\r\nT0.project_id AS \"Project Id\",\r\nT0.payroll_date AS \"Payroll Date\",\r\nT0.payroll_rate_type AS \"Payroll Rate Type\",\r\nT0.payroll_rate_type_id AS \"Payroll Rate Type Id\",\r\nT0.late AS \"Late\",\r\nT0.absent AS \"Absent\",\r\nT0.is_leave AS \"Is Leave\",\r\nT0.shift AS \"Shift\",\r\nT0.full_name AS \"Full Name\",\r\nT0.date AS \"Date\",\r\nT0.time_in AS \"Time In\",\r\nT0.time_out AS \"Time Out\",\r\nT0.payroll_date_from AS \"Payroll Date From\",\r\nT0.payroll_date_to AS \"Payroll Date To\"\r\nFROM time_forms_logs_monitoring AS T0','1,2,8',1,'2016-10-19 11:57:21',1,'2016-10-20 09:31:18',0),(72,'LATE','Late Monitoring Report',1,'','SELECT T0.company AS \"Company\",\r\nT0.project AS \"Project\",\r\nT0.full_name AS \"Full Name\",\r\nT0.late AS \"Late\"\r\nFROM report_late_monitoring AS T0','1,2',1,'2016-10-21 14:07:26',1,'2016-10-21 07:15:20',1),(73,'LATE','Late Monitoring Report',1,'','SELECT T0.project_code AS \"Project Code\",\r\nT0.project AS \"Project\",\r\nT0.full_name AS \"Full Name\",\r\nT0.date AS \"Date\",\r\nT0.late AS \"Late\",\r\nT0.project_title AS \"Project Title\"\r\nFROM report_late_monitoring AS T0','1,2',1,'2016-10-21 15:50:16',1,'2016-10-24 07:36:45',0),(77,'TERMINATION_LETTER','Termination Letter',2,'','SELECT T0.company_id AS \"Company Id\",\r\nT0.company AS \"Company\",\r\nT0.project_id AS \"Project Id\",\r\nT0.project AS \"Project\",\r\nT0.department_id AS \"Department Id\",\r\nT0.department AS \"Department\",\r\nT0.user_id AS \"User Id\",\r\nT0.full_name AS \"Full Name\",\r\nT0.position AS \"Position\",\r\nT0.end_date AS \"End Date\"\r\nFROM partners_termination_letter_view AS T0','1,2,3,4,6,8',1,'2016-10-26 09:18:45',1,'2016-11-15 11:32:39',0),(78,'LEAVE_MONITORING','Leave Monitoring',1,'','SELECT T0.company_id AS \"Company Id\",\r\nT0.company AS \"Company\",\r\nT0.project_id AS \"Project Id\",\r\nT0.project AS \"Project\",\r\nT0.department_id AS \"Department Id\",\r\nT0.department AS \"Department\",\r\nT0.user_id AS \"User Id\",\r\nT0.full_name AS \"Full Name\",\r\nT0.form_id AS \"Form Id\",\r\nT0.form_code AS \"Form Code\",\r\nT0.effectivity_date AS \"Effectivity Date\",\r\nT0.end_date AS \"End Date\",\r\nT0.date_used AS \"Date Used\",\r\nT0.day AS \"Day\",\r\nT0.current AS \"Current\",\r\nT0.reason AS \"Reason\"\r\nFROM time_forms_leave_monitoring AS T0','1,2,8',1,'2016-10-26 17:39:01',1,'2016-10-28 02:00:27',0),(79,'EMPLOYMENT_APPLICATION','Application for Employment',4,'','SELECT T0.firstname AS \"Firstname\"\r\nFROM applicant_details AS T0\r\nLEFT JOIN ww_recruitment AS T1 ON T1.recruit_id=T0.recruit_id','1,2,3,4,5,6,7,8,9,10,11,12,21',1,'2016-11-02 17:55:13',1,'2016-11-21 06:34:34',0),(80,'RESBID','Resume for Bidding',4,'','SELECT T0.user_id AS \"User Id\",\r\nT0.lastname AS \"Lastname\",\r\nT0.firstname AS \"Firstname\",\r\nT0.middlename AS \"Middlename\",\r\nT0.suffix AS \"Suffix\",\r\nT0.project AS \"Project\",\r\nT0.department AS \"Department\",\r\nT0.company AS \"Company\",\r\nDATE_FORMAT(T0.birth_date, \"%M %d, %Y\") AS \"Birth Date\",\r\nDATE_FORMAT(T0.resigned_date, \"%M %d, %Y\") AS \"Resigned Date\",\r\nT0.location AS \"Location\",\r\nDATE_FORMAT(T0.effectivity_date, \"%M %d, %Y\") AS \"Effectivity Date\",\r\nT0.project_name AS \"Project Name\",\r\nT0.position_display AS \"Position Display\",\r\nT0.position AS \"Position\",\r\nT0.employee_name AS \"Employee Name\",\r\nT0.birth_place AS \"Birth Place\",\r\nT0.civil_status AS \"Civil Status\"\r\nFROM report_resume_bidding AS T0','1,2,3',1,'2016-11-13 16:06:54',1,'2016-11-15 09:06:22',0),(81,'MANSTATUS','Manpower Status',2,'','SELECT T0.active AS \"Active\",\r\nT0.status_id AS \"Status Id\",\r\nT0.status AS \"Status\",\r\nT0.position AS \"Position\",\r\nT0.company_id AS \"Company Id\",\r\nT0.company AS \"Company\",\r\nT0.department_id AS \"Department Id\",\r\nT0.department AS \"Department\",\r\nT0.payroll_rate_type AS \"Payroll Rate Type\",\r\nT0.count AS \"Count\",\r\nT0.employed AS \"Employed\",\r\nT0.resigned AS \"Resigned\"\r\nFROM partner_manpower_status_report AS T0','1,2,3,4,6,8',1,'2016-11-15 14:38:15',1,'2016-11-17 00:59:14',0),(82,'SSSLOAN','SSS Loan Collection List',3,'','SELECT T0.company AS \"Company\",\r\nT0.sss AS \"Sss\",\r\nT0.sss_no AS \"Sss No\",\r\nT0.year AS \"Year\",\r\nT0.month AS \"Month\",\r\nT0.employee_name AS \"Employee Name\",\r\nT0.loan_code AS \"Loan Code\",\r\nT0.release_date AS \"Release Date\",\r\nT0.loan_principal AS \"Loan Principal\",\r\nT0.current AS \"Current\",\r\nT0.overdue AS \"Overdue\",\r\nT0.due AS \"Due\",\r\nT0.remarks AS \"Remarks\",\r\nT0.resigned_date AS \"Resigned Date\",\r\nT0.loan_type_id AS \"Loan Type Id\"\r\nFROM payroll_sss_loan AS T0','1,2,8,9',1,'2016-06-22 14:12:01',1,'2016-07-04 05:55:17',0),(83,'OTHER_DEDUCTION','Payroll Deduction',3,'','SELECT T0.user_id AS \"User Id\",\r\nT0.id_number AS \"Id Number\",\r\nT0.company AS \"Company\",\r\nT0.company_id AS \"Company Id\",\r\nT0.transaction_label AS \"Transaction Label\",\r\nT0.transaction_id AS \"Transaction Id\",\r\nT0.start_date AS \"Start Date\",\r\nT0.payroll_date AS \"Payroll Date\",\r\nT0.amount AS \"Amount\",\r\nT0.project_id AS \"Project Id\",\r\nT0.project AS \"Project\",\r\nT0.payroll_rate_type AS \"Payroll Rate Type\",\r\nT0.payroll_rate_type_id AS \"Payroll Rate Type Id\",\r\nT0.lastname AS \"Lastname\",\r\nT0.firstname AS \"Firstname\",\r\nT0.date_from AS \"Date From\",\r\nT0.date_to AS \"Date To\",\r\nT0.project_code AS \"Project Code\"\r\nFROM payroll_deduction AS T0','1,8',1,'2016-11-21 18:32:19',1,'2016-11-22 02:52:25',0),(84,'SALARY_DISTRIBUTION','Salary Distribution',3,'','SELECT T0.employee AS \"Employee\",\r\nT0.id_number AS \"Id Number\",\r\nT0.full_name AS \"Full Name\",\r\nT0.position AS \"Position\",\r\nT0.company AS \"Company\",\r\nT0.company_id AS \"Company Id\",\r\nT0.project AS \"Project\",\r\nT0.project_id AS \"Project Id\",\r\nT0.payroll_rate_type_id AS \"Payroll Rate Type Id\",\r\nT0.payroll_rate_type AS \"Payroll Rate Type\",\r\nT0.total_basic AS \"Total Basic\",\r\nT0.overtime AS \"Overtime\",\r\nT0.other_nontax AS \"Other Nontax\",\r\nT0.sss_er AS \"Sss Er\",\r\nT0.sss_ec AS \"Sss Ec\",\r\nT0.hdmf_er AS \"Hdmf Er\",\r\nT0.phic_er AS \"Phic Er\",\r\nT0.payroll_date AS \"Payroll Date\",\r\nT0.project_code AS \"Project Code\",\r\nT0.cost_center AS \"Cost Center\",\r\nT0.classification_id AS \"Classification Id\",\r\nT0.classification AS \"Classification\"\r\nFROM payroll_salary_distribution AS T0','1,8',1,'2016-11-22 10:43:06',1,'2017-01-05 02:53:54',0),(85,'EMPLOYMENT_AGREEMENT','Employment Agreement',4,'','SELECT T0.fullname AS \"Fullname\"\r\nFROM applicant_details AS T0\r\nLEFT JOIN ww_recruitment AS T1 ON T1.recruit_id=T0.recruit_id','1,2,3,4,5,6,7,8,9,10,11,12,21',1,'2016-11-22 14:19:47',1,'2016-11-22 07:22:27',0),(86,'PAYROLL_REGISTER_POSITION_PRELIMINARY','Payroll Register Position (Preliminary)',3,'Payroll Register per Position.','SELECT T0.payroll_date AS \"Payroll Date\",\r\nT0.date_from AS \"Date From\",\r\nT0.date_to AS \"Date To\",\r\nT0.company_id AS \"Company Id\",\r\nT0.company AS \"Company\",\r\nT0.project_id AS \"Project Id\",\r\nT0.project_code AS \"Project Code\",\r\nT0.project AS \"Project\",\r\nT0.position AS \"Position\",\r\nT0.payroll_rate_type_id AS \"Payroll Rate Type Id\",\r\nT0.payroll_rate_type AS \"Payroll Rate Type\",\r\nT0.basic AS \"Basic\",\r\nT0.misc AS \"Misc\",\r\nT0.ot AS \"Ot\",\r\nT0.nd AS \"Nd\",\r\nT0.holiday AS \"Holiday\",\r\nT0.other_earnings AS \"Other Earnings\",\r\nT0.gross AS \"Gross\",\r\nT0.sss_ee AS \"Sss Ee\",\r\nT0.phic_ee AS \"Phic Ee\",\r\nT0.hdmf_ee AS \"Hdmf Ee\",\r\nT0.tax AS \"Tax\",\r\nT0.loan AS \"Loan\",\r\nT0.employee_ledger AS \"Employee Ledger\",\r\nT0.other_deduction AS \"Other Deduction\",\r\nT0.deduction AS \"Deduction\",\r\nT0.net_amount AS \"Net Amount\",\r\nT0.other_nontax AS \"Other Nontax\",\r\nT0.ot_percent AS \"Ot Percent\",\r\nT0.other_tax AS \"Other Tax\",\r\nT0.adjustment AS \"Adjustment\"\r\nFROM payroll_register_position_current_report AS T0','1,8',1,'2016-11-22 17:45:39',1,'2016-11-24 04:39:46',0),(87,'PAYROLL_REGISTER_POSITION_HISTORICAL','Payroll Register Position (Historical)',3,'Payroll Register per Position.','SELECT T0.payroll_date AS \"Payroll Date\",\r\nT0.date_from AS \"Date From\",\r\nT0.date_to AS \"Date To\",\r\nT0.company_id AS \"Company Id\",\r\nT0.company AS \"Company\",\r\nT0.project_id AS \"Project Id\",\r\nT0.project_code AS \"Project Code\",\r\nT0.project AS \"Project\",\r\nT0.position AS \"Position\",\r\nT0.payroll_rate_type_id AS \"Payroll Rate Type Id\",\r\nT0.payroll_rate_type AS \"Payroll Rate Type\",\r\nT0.basic AS \"Basic\",\r\nT0.misc AS \"Misc\",\r\nT0.ot AS \"Ot\",\r\nT0.nd AS \"Nd\",\r\nT0.holiday AS \"Holiday\",\r\nT0.other_earnings AS \"Other Earnings\",\r\nT0.sss_ee AS \"Sss Ee\",\r\nT0.phic_ee AS \"Phic Ee\",\r\nT0.hdmf_ee AS \"Hdmf Ee\",\r\nT0.tax AS \"Tax\",\r\nT0.loan AS \"Loan\",\r\nT0.employee_ledger AS \"Employee Ledger\",\r\nT0.other_deduction AS \"Other Deduction\",\r\nT0.deduction AS \"Deduction\",\r\nT0.net_amount AS \"Net Amount\",\r\nT0.ot_percent AS \"Ot Percent\",\r\nT0.other_tax AS \"Other Tax\",\r\nT0.adjustment AS \"Adjustment\"\r\nFROM payroll_register_position_closed_report AS T0','1,8',1,'2016-11-24 11:10:14',1,'2016-11-24 05:07:09',0),(88,'PAYROLL_MANPOWER_CHARGING_SUMMARY','Payroll Manpower Charging Summary',3,'','SELECT T0.employee AS \"Employee\",\r\nT0.id_number AS \"Id Number\",\r\nT0.full_name AS \"Full Name\",\r\nT0.company AS \"Company\",\r\nT0.company_id AS \"Company Id\",\r\nT0.project_code AS \"Project Code\",\r\nT0.project_id AS \"Project Id\",\r\nT0.project AS \"Project\",\r\nT0.payroll_rate_type_id AS \"Payroll Rate Type Id\",\r\nT0.payroll_rate_type AS \"Payroll Rate Type\",\r\nT0.payroll_date AS \"Payroll Date\",\r\nT0.cost_center AS \"Cost Center\",\r\nT0.total_basic AS \"Total Basic\",\r\nT0.misc AS \"Misc\",\r\nT0.overtime AS \"Overtime\",\r\nT0.other_tax AS \"Other Tax\",\r\nT0.adjustment AS \"Adjustment\",\r\nT0.gross AS \"Gross\",\r\nT0.tax AS \"Tax\",\r\nT0.sss_ee AS \"Sss Ee\",\r\nT0.sss_er AS \"Sss Er\",\r\nT0.phic_er AS \"Phic Er\",\r\nT0.hdmf_er AS \"Hdmf Er\",\r\nT0.meal AS \"Meal\",\r\nT0.transpo AS \"Transpo\",\r\nT0.hardship AS \"Hardship\",\r\nT0.loan AS \"Loan\",\r\nT0.deduction AS \"Deduction\",\r\nT0.net_amount AS \"Net Amount\",\r\nT0.net_orig AS \"Net Orig\",\r\nT0.percent_allocation AS \"Percent Allocation\",\r\nT0.other_nontax AS \"Other Nontax\"\r\nFROM payroll_manpower_charging_summary AS T0','1,8',1,'2016-11-24 19:53:58',1,'2016-11-25 00:36:17',0),(89,'Payslip Riofil','Payslip',3,'','SELECT T0.company_id AS \"Company Id\",\r\nT0.company AS \"Company\",\r\nT0.user_id AS \"User Id\",\r\nT0.id_number AS \"Id Number\",\r\nT0.full_name AS \"Full Name\",\r\nT0.department_id AS \"Department Id\",\r\nT0.department_code AS \"Department Code\",\r\nT0.tin AS \"Tin\",\r\nT0.transaction_label AS \"Transaction Label\",\r\nT0.transaction_class_code AS \"Transaction Class Code\",\r\nT0.qty AS \"Qty\",\r\nT0.amount AS \"Amount\",\r\nT0.transaction_type_id AS \"Transaction Type Id\",\r\nT0.group AS \"Group\",\r\nT0.type AS \"Type\",\r\nT0.record_id AS \"Record Id\",\r\nT0.beginning_balance AS \"Beginning Balance\",\r\nT0.running_balance AS \"Running Balance\",\r\nT0.payroll_date AS \"Payroll Date\",\r\nT0.date_from AS \"Date From\",\r\nT0.date_to AS \"Date To\",\r\nT0.address AS \"Address\",\r\nT0.city AS \"City\",\r\nT0.taxcode AS \"Taxcode\",\r\nT0.employee AS \"Employee\",\r\nT0.project_id AS \"Project Id\",\r\nT0.project_code AS \"Project Code\",\r\nT0.project AS \"Project\",\r\nT0.payroll_rate_type_id AS \"Payroll Rate Type Id\",\r\nT0.payroll_rate_type AS \"Payroll Rate Type\",\r\nT0.adjustment AS \"Adjustment\",\r\nT0.other_taxable AS \"Other Taxable\",\r\nT0.absent_tardy AS \"Absent Tardy\",\r\nT0.sss AS \"Sss\",\r\nT0.philhealth AS \"Philhealth\",\r\nT0.pag_ibig AS \"Pag Ibig\",\r\nT0.nontax_income AS \"Nontax Income\",\r\nT0.nd AS \"Nd\",\r\nT0.reg AS \"Reg\",\r\nT0.rest AS \"Rest\",\r\nT0.rest_x8 AS \"Rest X8\",\r\nT0.sp AS \"Sp\",\r\nT0.sp_x8 AS \"Sp X8\",\r\nT0.rest_sp AS \"Rest Sp\",\r\nT0.rest_sp_x8 AS \"Rest Sp X8\",\r\nT0.legal AS \"Legal\",\r\nT0.legal_x8 AS \"Legal X8\",\r\nT0.rest_legal AS \"Rest Legal\",\r\nT0.rest_leg_x8 AS \"Rest Leg X8\",\r\nT0.health_card AS \"Health Card\",\r\nT0.other_deduction_one AS \"Other Deduction One\",\r\nT0.other_deduction_two AS \"Other Deduction Two\",\r\nT0.other_deduction_three AS \"Other Deduction Three\",\r\nT0.tax_status AS \"Tax Status\",\r\nT0.nd_otnd AS \"Nd Otnd\",\r\nT0.reg_otnd AS \"Reg Otnd\",\r\nT0.rest_otnd AS \"Rest Otnd\",\r\nT0.rest_x8_otnd AS \"Rest X8 Otnd\",\r\nT0.sp_otnd AS \"Sp Otnd\",\r\nT0.sp_x8_otnd AS \"Sp X8 Otnd\",\r\nT0.rest_sp_otnd AS \"Rest Sp Otnd\",\r\nT0.rest_sp_x8_otnd AS \"Rest Sp X8 Otnd\",\r\nT0.legal_otnd AS \"Legal Otnd\",\r\nT0.legal_x8_otnd AS \"Legal X8 Otnd\",\r\nT0.rest_legal_otnd AS \"Rest Legal Otnd\",\r\nT0.rest_leg_x8_otnd AS \"Rest Leg X8 Otnd\",\r\nT0.rest_legal_otnd AS \"Rest Legal Otnd\",\r\nT0.rest_leg_x8_otnd AS \"Rest Leg X8 Otnd\",\r\nT0.nd_hrs AS \"Nd Hrs\",\r\nT0.reg_hrs AS \"Reg Hrs\",\r\nT0.rest_hrs AS \"Rest Hrs\",\r\nT0.rest_x8_hrs AS \"Rest X8 Hrs\",\r\nT0.sp_hrs AS \"Sp Hrs\",\r\nT0.sp_x8_hrs AS \"Sp X8 Hrs\",\r\nT0.rest_sp_hrs AS \"Rest Sp Hrs\",\r\nT0.rest_sp_x8_hrs AS \"Rest Sp X8 Hrs\",\r\nT0.legal_hrs AS \"Legal Hrs\",\r\nT0.legal_x8_hrs AS \"Legal X8 Hrs\",\r\nT0.rest_legal_hrs AS \"Rest Legal Hrs\",\r\nT0.rest_leg_x8_hrs AS \"Rest Leg X8 Hrs\",\r\nT0.sss_sal_loan_payments AS \"Sss Sal Loan Payments\",\r\nT0.sss_cal_loan_payments AS \"Sss Cal Loan Payments\",\r\nT0.hdmf_sal_loan_payments AS \"Hdmf Sal Loan Payments\",\r\nT0.hdmf_cal_loan_payments AS \"Hdmf Cal Loan Payments\",\r\nT0.company_loan_payments AS \"Company Loan Payments\",\r\nT0.sss_sal_loan_balance AS \"Sss Sal Loan Balance\",\r\nT0.sss_cal_loan_balance AS \"Sss Cal Loan Balance\",\r\nT0.hdmf_sal_loan_balance AS \"Hdmf Sal Loan Balance\",\r\nT0.hdmf_cal_loan_balance AS \"Hdmf Cal Loan Balance\",\r\nT0.ytd_sss AS \"Ytd Sss\",\r\nT0.ytd_philhealth AS \"Ytd Philhealth\",\r\nT0.ytd_pag_ibig AS \"Ytd Pag Ibig\"\r\nFROM payroll_payslip_riofil AS T0','1,8',NULL,'2016-12-01 08:29:27',1,'2016-12-01 00:49:56',0),(90,'PAYROLL_MANPOWER_CHARGING','Payroll Manpower Charging',3,'','SELECT T0.employee AS \"Employee\",\r\nT0.id_number AS \"Id Number\",\r\nT0.full_name AS \"Full Name\",\r\nT0.company AS \"Company\",\r\nT0.company_id AS \"Company Id\",\r\nT0.project_code AS \"Project Code\",\r\nT0.project AS \"Project\",\r\nT0.project_id AS \"Project Id\",\r\nT0.payroll_rate_type_id AS \"Payroll Rate Type Id\",\r\nT0.payroll_rate_type AS \"Payroll Rate Type\",\r\nT0.payroll_date AS \"Payroll Date\",\r\nT0.P14007 AS \"P14007\",\r\nT0.P15024 AS \"P15024\",\r\nT0.P16000 AS \"P16000\",\r\nT0.P16003 AS \"P16003\",\r\nT0.P16004 AS \"P16004\",\r\nT0.P16010 AS \"P16010\",\r\nT0.P16014 AS \"P16014\",\r\nT0.P16015 AS \"P16015\",\r\nT0.P16016 AS \"P16016\",\r\nT0.date_to AS \"Date To\",\r\nT0.date_from AS \"Date From\",\r\nT0.classification_id AS \"Classification Id\"\r\nFROM payroll_manpower_charging_detail AS T0','1,8',1,'2016-12-01 11:21:21',1,'2017-01-10 02:12:34',0),(91,'PAYROLL_EXIT_CLEARANCE','Exit Clearance',3,'','SELECT T0.user_id AS \"User Id\",\r\nT0.full_name AS \"Full Name\",\r\nT0.id_number AS \"Id Number\",\r\nT0.company_id AS \"Company Id\",\r\nT0.company AS \"Company\",\r\nT0.project_id AS \"Project Id\",\r\nT0.project_code AS \"Project Code\",\r\nT0.project AS \"Project\",\r\nT0.effectivity_date AS \"Effectivity Date\",\r\nT0.regularization_date AS \"Regularization Date\",\r\nT0.resigned_date AS \"Resigned Date\",\r\nT0.payroll_rate_type_id AS \"Payroll Rate Type Id\",\r\nT0.payroll_rate_type AS \"Payroll Rate Type\",\r\nT0.payroll_date AS \"Payroll Date\",\r\nT0.gross AS \"Gross\",\r\nT0.tax AS \"Tax\",\r\nT0.sss_ee AS \"Sss Ee\",\r\nT0.sss_er AS \"Sss Er\",\r\nT0.sss_ec AS \"Sss Ec\",\r\nT0.hdmf_ee AS \"Hdmf Ee\",\r\nT0.hdmf_er AS \"Hdmf Er\",\r\nT0.phic_ee AS \"Phic Ee\",\r\nT0.phic_er AS \"Phic Er\",\r\nT0.remarks AS \"Remarks\",\r\nT0.year AS \"Year\"\r\nFROM payroll_exit_clearance_report AS T0','1,8',1,'2016-12-01 14:02:33',1,'2016-12-01 08:17:56',0);

/*Data for the table `ww_report_generator_category` */

insert  into `ww_report_generator_category`(`category_id`,`category`,`caption`,`description`,`deleted`) values (1,'Timekeeping','Data and Analytics','',0),(2,'Partners','Data and Informations','',0),(3,'Payroll','Numbers and Figures','',0),(4,'Recruitment','Data and Informations',NULL,0);

/*Data for the table `ww_report_generator_column_format` */

insert  into `ww_report_generator_column_format`(`format_id`,`format`,`created_by`,`created_on`,`modified_by`,`modified_on`,`deleted`) values (1,'Text/String',1,'2014-09-03 02:23:24',NULL,NULL,0),(2,'Date',1,'2014-09-03 02:23:35',NULL,NULL,0),(3,'Date and Time',1,'2014-09-03 02:23:39',NULL,NULL,0),(4,'Time',1,'2014-09-03 02:23:42',NULL,NULL,0),(5,'Integer',1,'2014-09-03 02:24:39',NULL,NULL,1),(6,'Boolean',1,'2014-09-03 02:29:43',NULL,NULL,0),(7,'Float',1,'2014-09-06 05:31:00',NULL,NULL,1);

/*Data for the table `ww_report_generator_columns` */

insert  into `ww_report_generator_columns`(`report_id`,`column`,`alias`,`format_id`) values (1,'T0.memo_title','Memo Title',1),(1,'T0.memo_body','Memo Body',1),(19,'T0.payroll_date','Payroll Date',1),(19,'T0.company','Company',1),(19,'T0.full_name','Full Name',1),(19,'T0.id_number','ID Number',1),(19,'T0.date','Date',1),(19,'T0.shift','Shift',1),(19,'T0.time_from','Time From',1),(19,'T0.time_to','Time To',1),(19,'T0.particulars','Particulars',1),(0,'T1.company','Company',1),(0,'T2.full_name','Full Name',1),(0,'T0.id_number','Id Number',1),(0,'T3.position','Position',1),(0,'T0.effectivity_date','Effectivity Date',2),(13,'T0.full_name','Full Name',1),(13,'T0.transaction_label','Transaction Label',1),(13,'T0.reference_no','Reference No',1),(13,'T0.payroll_date','Payroll Date',1),(13,'T0.amount','Amount',1),(13,'T0.record_reference','Record Reference',1),(13,'T0.company','Company',1),(13,'T0.payroll_date','Payroll Date',1),(13,'T0.date_from','Date From',1),(13,'T0.date_to','Date To',1),(13,'T0.address','Address',1),(13,'T0.department_id','Department Id',1),(13,'T0.department','Department',1),(18,'T0.company_id','Company Id',1),(18,'T0.company','Company',1),(18,'T0.user_id','User Id',1),(18,'T0.id_number','Id Number',1),(18,'T0.full_name','Full Name',1),(18,'T0.department_id','Department Id',1),(18,'T0.department_code','Department Code',1),(18,'T0.tin','Tin',1),(18,'T0.transaction_label','Transaction Label',1),(18,'T0.amount','Amount',1),(18,'T0.transaction_type_id','Transaction Type Id',1),(18,'T0.type','Type',1),(18,'T0.payroll_date','Payroll Date',1),(18,'T0.date_from','Date From',1),(18,'T0.date_to','Date To',1),(18,'T0.group','Group',1),(18,'T0.record_id','Record Id',1),(18,'T0.beginning_balance','Beginning Balance',1),(18,'T0.qty','Qty',1),(18,'T0.transaction_code','Transaction Code',1),(34,'T0.effectivity_date','Effectivity Date',1),(34,'T0.display_name','Name of Employee',1),(34,'T0.from_name_promote','Promote From',1),(34,'T0.to_name_promote','Promote  To',1),(34,'T0.from_name_transfer','Lateral Transfer From',1),(34,'T0.to_name_transfer','Lateral Transfer To',1),(34,'T0.manage','Manage',1),(34,'T0.unmanaged','Unmanaged',1),(34,'T0.EOC','EOC',1),(35,'T0.division','Division',1),(35,'T0.jan_headcount','Jan Total Headcount',1),(35,'T0.jan_managed','Jan Managed',1),(35,'T0.jan_unmanaged','Jan Unmanaged',1),(35,'T0.jan_total_attrition','Jan Month Total Actual Attrition',1),(35,'T0.jan_actual_ytd_attrition','Jan YTD Actual Attrition',1),(35,'T0.jan_ytd_attrition','Jan  YTD Attrition',1),(35,'T0.feb_headcount','Feb Total Headcount',1),(35,'T0.feb_managed','Feb Managed',1),(35,'T0.feb_unmanaged','Feb Unmanaged',1),(35,'T0.feb_total_attrition','Feb Month Total Actual Attrition',1),(35,'T0.feb_actual_ytd_attrition','Feb YTD Actual Attrition',1),(35,'T0.feb_ytd_attrition','Feb YTD Attrition',1),(35,'T0.mar_headcount','Mar Total Headcount',1),(35,'T0.mar_managed','Mar Managed',1),(35,'T0.mar_unmanaged','Mar Unmanaged',1),(35,'T0.mar_total_attrition','Mar Month Total Actual Attrition',1),(35,'T0.mar_actual_ytd_attrition','Mar YTD Actual Attrition',1),(35,'T0.mar_ytd_attrition','Mar YTD Attrition',1),(35,'T0.apr_headcount','Apr Total Headcount',1),(35,'T0.apr_managed','Apr Managed',1),(35,'T0.apr_unmanaged','Apr Unmanaged',1),(35,'T0.apr_total_attrition','Apr Month Total Actual Attrition',1),(35,'T0.apr_actual_ytd_attrition','Apr YTD Actual Attrition',1),(35,'T0.apr_ytd_attrition','Apr YTD Attrition',1),(35,'T0.may_headcount','May Total Headcount',1),(35,'T0.may_managed','May Managed',1),(35,'T0.may_unmanaged','May Unmanaged',1),(35,'T0.may_total_attrition','May Month Total Actual Attrition',1),(35,'T0.may_actual_ytd_attrition','May YTD Actual Attrition',1),(35,'T0.may_ytd_attrition','May YTD Attrition',1),(35,'T0.jun_headcount','Jun Total Headcount',1),(35,'T0.jun_managed','Jun Managed',1),(35,'T0.jun_unmanaged','Jun Unmanaged',1),(35,'T0.jun_total_attrition','Jun Month Total Actual Attrition',1),(35,'T0.jun_actual_ytd_attrition','Jun YTD Actual Attrition',1),(35,'T0.jun_ytd_attrition','Jun YTD Attrition',1),(35,'T0.jul_headcount','Jul Total Headcount',1),(35,'T0.jul_managed','Jul Managed',1),(35,'T0.jul_unmanaged','Jul Unmanaged',1),(35,'T0.jul_total_attrition','Jul Month Total Actual Attrition',1),(35,'T0.jul_actual_ytd_attrition','Jul YTD Actual Attrition',1),(35,'T0.jul_ytd_attrition','Jul YTD Attrition',1),(35,'T0.aug_headcount','Aug Total Headcount',1),(35,'T0.aug_managed','Aug Managed',1),(35,'T0.aug_unmanaged','Aug Unmanaged',1),(35,'T0.aug_total_attrition','Aug Month Total Actual Attrition',1),(35,'T0.aug_actual_ytd_attrition','Aug YTD Actual Attrition',1),(35,'T0.aug_ytd_attrition','Aug YTD Attrition',1),(35,'T0.sep_headcount','Sep Total Headcount',1),(35,'T0.sep_managed','Sep Managed',1),(35,'T0.sep_unmanaged','Sep Unmanaged',1),(35,'T0.sep_total_attrition','Sep Month Total Actual Attrition',1),(35,'T0.sep_actual_ytd_attrition','Sep YTD Actual Attrition',1),(35,'T0.sep_ytd_attrition','Sep YTD Attrition',1),(35,'T0.oct_headcount','Oct Total Headcount',1),(35,'T0.oct_managed','Oct Managed',1),(35,'T0.oct_unmanaged','Oct Unmanaged',1),(35,'T0.oct_total_attrition','Oct Month Total Actual Attrition',1),(35,'T0.oct_actual_ytd_attrition','Oct YTD Actual Attrition',1),(35,'T0.oct_ytd_attrition','Oct YTD Attrition',1),(35,'T0.nov_headcount','Nov Total Headcount',1),(35,'T0.nov_managed','Nov Managed',1),(35,'T0.nov_unmanaged','Nov Unmanaged',1),(35,'T0.nov_total_attrition','Nov Month Total Actual Attrition',1),(35,'T0.nov_actual_ytd_attrition','Nov YTD Actual Attrition',1),(35,'T0.nov_ytd_attrition','Nov YTD Attrition',1),(35,'T0.dec_headcount','Dec Total Headcount',1),(35,'T0.dec_managed','Dec Managed',1),(35,'T0.dec_unmanaged','Dec Unmanaged',1),(35,'T0.dec_total_attrition','Dec Month Total Actual Attrition',1),(35,'T0.dec_actual_ytd_attrition','Dec YTD Actual Attrition',1),(35,'T0.dec_ytd_attrition','Dec YTD Attrition',1),(37,'T0.company_id','Company Id',1),(37,'T0.company','Company',1),(37,'T0.user_id','User Id',1),(37,'T0.id_number','Id Number',1),(37,'T0.full_name','Full Name',1),(37,'T0.department_id','Department Id',1),(37,'T0.department_code','Department Code',1),(37,'T0.tin','Tin',1),(37,'T0.transaction_label','Transaction Label',1),(37,'T0.amount','Amount',1),(37,'T0.transaction_type_id','Transaction Type Id',1),(37,'T0.type','Type',1),(37,'T0.payroll_date','Payroll Date',1),(37,'T0.date_from','Date From',1),(37,'T0.date_to','Date To',1),(37,'T0.group','Group',1),(37,'T0.record_id','Record Id',1),(37,'T0.beginning_balance','Beginning Balance',1),(37,'T0.qty','Qty',1),(37,'T0.transaction_code','Transaction Code',1),(36,'T0.prf_no','Prf No',1),(36,'T0.name','Name',1),(36,'T0.recruiter','Recruiter',1),(36,'T0.status','Status',1),(20,'T0.payroll_date','Payroll Date',1),(20,'T0.company','Company',1),(20,'T0.full_name','Full Name',1),(20,'T0.id_number','ID Number',1),(20,'T0.date','Date',1),(20,'T0.time_from','Time From',1),(20,'T0.time_to','Time To',1),(20,'T0.actual','Actual',1),(20,'T0.meal','Meal',1),(20,'T0.transpo','Transpo',1),(43,'T0.payroll_date','Payroll Date',1),(43,'T0.company','Company',1),(43,'T0.full_name','Full Name',1),(43,'T0.full_name','Full Name',1),(43,'T0.id_number','Id Number',1),(43,'T0.date','Date',1),(43,'T0.time_from','Time From',1),(43,'T0.time_to','Time To',1),(43,'T0.actual','Actual',1),(43,'T0.meal','Meal',1),(43,'T0.transpo','Transpo',1),(44,'T0.account_number','Account Number',1),(44,'T0.amount','Amount',1),(45,'T0.bank_account','Bank Account',1),(45,'T0.amount','Amount',1),(52,'T0.firstname','Firstname',1),(52,'T0.lastname','Lastname',1),(52,'T0.id_number','Id Number',1),(52,'T0.jan_reg','Jan Reg',1),(52,'T0.jan_saladj','Jan Saladj',1),(52,'T0.jan_deminimis','Jan Deminimis',1),(52,'T0.feb_reg','Feb Reg',1),(52,'T0.feb_saladj','Feb Saladj',1),(52,'T0.feb_deminimis','Feb Deminimis',1),(52,'T0.mar_reg','Mar Reg',1),(52,'T0.mar_saladj','Mar Saladj',1),(52,'T0.mar_deminimis','Mar Deminimis',1),(52,'T0.apr_reg','Apr Reg',1),(52,'T0.apr_saladj','Apr Saladj',1),(52,'T0.apr_deminimis','Apr Deminimis',1),(52,'T0.may_reg','May Reg',1),(52,'T0.may_saladj','May Saladj',1),(52,'T0.may_deminimis','May Deminimis',1),(52,'T0.jun_reg','Jun Reg',1),(52,'T0.jun_saladj','Jun Saladj',1),(52,'T0.jun_deminimis','Jun Deminimis',1),(52,'T0.jul_reg','Jul Reg',1),(52,'T0.jul_saladj','Jul Saladj',1),(52,'T0.jul_deminimis','Jul Deminimis',1),(52,'T0.aug_reg','Aug Reg',1),(52,'T0.aug_saladj','Aug Saladj',1),(52,'T0.aug_deminimis','Aug Deminimis',1),(52,'T0.sep_reg','Sep Reg',1),(52,'T0.sep_saladj','Sep Saladj',1),(52,'T0.sep_deminimis','Sep Deminimis',1),(52,'T0.oct_reg','Oct Reg',1),(52,'T0.oct_saladj','Oct Saladj',1),(52,'T0.oct_deminimis','Oct Deminimis',1),(52,'T0.nov_reg','Nov Reg',1),(52,'T0.nov_saladj','Nov Saladj',1),(52,'T0.nov_deminimis','Nov Deminimis',1),(52,'T0.dec_reg','Dec Reg',1),(52,'T0.dec_saladj','Dec Saladj',1),(52,'T0.dec_deminimis','Dec Deminimis',1),(52,'T0.total','Total',1),(52,'T0.month_count','Month Count',1),(52,'T0.bonus','Bonus',1),(52,'T0.ceiling_amount','Ceiling Amount',1),(52,'T0.taxable','Taxable',1),(5,'T0.company','Company',1),(5,'T0.full_name','Full Name',1),(5,'T0.id_number','ID Number',1),(5,'T0.date','Date',1),(5,'T0.shift','Shift',1),(5,'T0.time_from','Time From',1),(5,'T0.time_to','Time To',1),(5,'T0.particulars','Particulars',1),(6,'T0.id_number','Id Number',1),(6,'T0.full_name','Full Name',1),(6,'T0.basic','Basic',1),(6,'T0.cola','Cola',1),(6,'T0.overtime','Overtime',1),(6,'T0.transpo','Transpo',1),(6,'T0.comm','Comm',1),(6,'T0.oth_inc_taxable','Oth Inc Taxable',1),(6,'T0.oth_inc_nontax','Oth Inc Nontax',1),(6,'T0.absences','Absences',1),(6,'T0.gross_pay','Gross Pay',1),(6,'T0.whtax','Whtax',1),(6,'T0.sss','Sss',1),(6,'T0.phic','Phic',1),(6,'T0.hdmf','Hdmf',1),(6,'T0.oth_ded','Oth Ded',1),(6,'T0.netpay','Netpay',1),(6,'T0.company','Company',1),(6,'T0.payroll_date','Payroll Date',1),(6,'T0.date_from','Date From',1),(6,'T0.date_to','Date To',1),(6,'T0.department_id','Department Id',1),(6,'T0.department','Department',1),(6,'T0.sensitivity','Sensitivity',1),(8,'T0.id_number','Id Number',1),(8,'T0.full_name','Full Name',1),(8,'T0.transaction_label','Transaction Label',1),(8,'T0.amount','Amount',1),(8,'T0.transaction_type','Transaction Type',1),(8,'T0.date_from','Date From',1),(8,'T0.date_to','Date To',1),(8,'T0.company','Company',1),(8,'T0.department_id','Department Id',1),(8,'T0.department','Department',1),(10,'T0.id_number','Id Number',1),(10,'T0.full_name','Full Name',1),(10,'T0.basic','Basic',1),(10,'T0.cola','Cola',1),(10,'T0.overtime','Overtime',1),(10,'T0.transpo','Transpo',1),(10,'T0.comm','Comm',1),(10,'T0.oth_inc_taxable','Oth Inc Taxable',1),(10,'T0.oth_inc_nontax','Oth Inc Nontax',1),(10,'T0.absences','Absences',1),(10,'T0.gross_pay','Gross Pay',1),(10,'T0.whtax','Whtax',1),(10,'T0.sss','Sss',1),(10,'T0.phic','Phic',1),(10,'T0.hdmf','Hdmf',1),(10,'T0.oth_ded','Oth Ded',1),(10,'T0.netpay','Netpay',1),(10,'T0.company','Company',1),(10,'T0.payroll_date','Payroll Date',1),(10,'T0.date_from','Date From',1),(10,'T0.date_to','Date To',1),(10,'T0.department_id','Department Id',1),(10,'T0.department','Department',1),(11,'T0.id_number','Id Number',1),(11,'T0.full_name','Full Name',1),(11,'T0.transaction_label','Transaction Label',1),(11,'T0.amount','Amount',1),(11,'T0.transaction_type','Transaction Type',1),(11,'T0.company','Company',1),(11,'T0.payroll_date','Payroll Date',1),(11,'T0.date_from','Date From',1),(11,'T0.date_to','Date To',1),(11,'T0.department_id','Department Id',1),(11,'T0.department','Department',1),(12,'T0.id_number','Id Number',1),(12,'T0.full_name','Full Name',1),(12,'T0.transaction_label','Transaction Label',1),(12,'T0.amount','Amount',1),(12,'T0.company','Company',1),(12,'T0.payroll_date','Payroll Date',1),(12,'T0.date_from','Date From',1),(12,'T0.date_to','Date To',1),(12,'T0.department_id','Department Id',1),(12,'T0.department','Department',1),(14,'T0.id_number','Id Number',1),(14,'T0.full_name','Full Name',1),(14,'T0.bank_account','Bank Account',1),(14,'T0.amount','Amount',1),(14,'T0.record_reference','Record Reference',1),(14,'T0.department','Department',1),(14,'T0.company','Company',1),(14,'T0.payroll_date','Payroll Date',1),(14,'T0.date_from','Date From',1),(14,'T0.date_to','Date To',1),(14,'T0.address','Address',1),(14,'T0.department_id','Department Id',1),(15,'T0.id_number','Id Number',1),(15,'T0.full_name','Full Name',1),(15,'T0.bank_account','Bank Account',1),(15,'T0.amount','Amount',1),(15,'T0.record_reference','Record Reference',1),(15,'T0.department','Department',1),(15,'T0.company','Company',1),(15,'T0.payroll_date','Payroll Date',1),(15,'T0.date_from','Date From',1),(15,'T0.date_to','Date To',1),(15,'T0.address','Address',1),(15,'T0.department_id','Department Id',1),(16,'T0.bank_account','Bank Account',1),(16,'T0.amount','Amount',1),(16,'T0.account_no','Account No',1),(16,'T0.batch_no','Batch No',1),(16,'T0.bank_code_numeric','Bank Code Numeric',1),(16,'T0.bank_code_alpha','Bank Code Alpha',1),(16,'T0.posting_date','Posting Date',1),(33,'T0.user_id','User Id',1),(33,'T0.id_number','Id Number',1),(33,'T0.full_name','Full Name',1),(33,'T0.company_id','Company Id',1),(33,'T0.company','Company',1),(33,'T0.department_id','Department Id',1),(33,'T0.department','Department',1),(33,'T0.logo','Logo',1),(33,'T0.date','Date',1),(33,'T0.payroll_date','Payroll Date',1),(33,'T0.original_payroll_date','Original Payroll Date',1),(33,'T0.transaction_id','Transaction Id',1),(33,'T0.transaction_code','Transaction Code',1),(33,'T0.transaction_label','Transaction Label',1),(33,'T0.quantity','Quantity',1),(33,'T0.type','Type',1),(48,'T0.id_number','Id Number',1),(48,'T0.full_name','Full Name',1),(48,'T0.tin','Tin',1),(48,'T0.gross_pay1','Gross Pay1',1),(48,'T0.whtax1','Whtax1',1),(48,'T0.gross_pay2','Gross Pay2',1),(48,'T0.whtax2','Whtax2',1),(48,'T0.company','Company',1),(48,'T0.department','Department',1),(48,'T0.year','Year',1),(48,'T0.month','Month',1),(51,'T0.account_code','Account Code',1),(51,'T0.account_name','Account Name',1),(51,'T0.account_type','Account Type',1),(58,'T0.user_id','User Id',1),(58,'T0.lastname','Lastname',1),(58,'T0.firstname','Firstname',1),(58,'T0.middlename','Middlename',1),(58,'T0.company','Company',1),(58,'T0.co_sss','Co Sss',1),(58,'T0.co_address','Co Address',1),(58,'T0.zipcode','Zipcode',1),(58,'T0.year','Year',1),(58,'T0.tin','Tin',1),(58,'T0.amount','Amount',1),(58,'T0.birth_date','Birth Date',1),(58,'T0.month','Month',1),(57,'T0.user_id','User Id',1),(57,'T0.id_number','Id Number',1),(57,'T0.full_name','Full Name',1),(57,'T0.company','Company',1),(57,'T0.company_id','Company Id',1),(57,'T0.tin','Tin',1),(57,'T0.co_sss','Co Sss',1),(57,'T0.department_id','Department Id',1),(57,'T0.department','Department',1),(57,'T0.year','Year',1),(57,'T0.month','Month',1),(57,'T0.sss_no','Sss No',1),(57,'T0.loan_type','Loan Type',1),(57,'T0.loan_type_id','Loan Type Id',1),(57,'T0.description','Description',1),(57,'T0.balance','Balance',1),(57,'T0.amount','Amount',1),(57,'T0.loan_principal','Loan Principal',1),(57,'T0.hdmf_no','Hdmf No',1),(57,'T0.category','Category',1),(57,'T0.loan','Loan',1),(57,'T0.year','Year',1),(57,'T0.month','Month',1),(31,'T0.user_id','User Id',1),(31,'T0.id_number','Id Number',1),(31,'T0.full_name','Full Name',1),(31,'T0.company','Company',1),(31,'T0.company_id','Company Id',1),(31,'T0.co_sss','Co Sss',1),(31,'T0.co_phic','Co Phic',1),(31,'T0.co_hdmf','Co Hdmf',1),(31,'T0.co_address','Co Address',1),(31,'T0.contact_no','Contact No',1),(31,'T0.department_id','Department Id',1),(31,'T0.department','Department',1),(31,'T0.payroll_date','Payroll Date',1),(31,'T0.birth_date','Birth Date',1),(31,'T0.sss_no','Sss No',1),(31,'T0.phic_no','Phic No',1),(31,'T0.hdmf_no','Hdmf No',1),(31,'T0.phic_emp','Phic Emp',1),(31,'T0.phic_com','Phic Com',1),(31,'T0.year','Year',1),(31,'T0.month','Month',1),(32,'T0.user_id','User Id',1),(32,'T0.id_number','Id Number',1),(32,'T0.lastname','Lastname',1),(32,'T0.firstname','Firstname',1),(32,'T0.middlename','Middlename',1),(32,'T0.suffix','Suffix',1),(32,'T0.full_name','Full Name',1),(32,'T0.company','Company',1),(32,'T0.company_id','Company Id',1),(32,'T0.co_sss','Co Sss',1),(32,'T0.co_phic','Co Phic',1),(32,'T0.co_hdmf','Co Hdmf',1),(32,'T0.co_address','Co Address',1),(32,'T0.zipcode','Zipcode',1),(32,'T0.contact_no','Contact No',1),(32,'T0.department_id','Department Id',1),(32,'T0.department','Department',1),(32,'T0.payroll_date','Payroll Date',1),(32,'T0.birth_date','Birth Date',1),(32,'T0.sss_no','Sss No',1),(32,'T0.phic_no','Phic No',1),(32,'T0.hdmf_no','Hdmf No',1),(32,'T0.phic_emp','Phic Emp',1),(32,'T0.phic_com','Phic Com',1),(32,'T0.tin','Tin',1),(32,'T0.year','Year',1),(32,'T0.month','Month',1),(30,'T0.user_id','User Id',1),(30,'T0.id_number','Id Number',1),(30,'T0.lastname','Lastname',1),(30,'T0.firstname','Firstname',1),(30,'T0.middlename','Middlename',1),(30,'T0.suffix','Suffix',1),(30,'T0.full_name','Full Name',1),(30,'T0.company','Company',1),(30,'T0.company_id','Company Id',1),(30,'T0.co_hdmf','Co Hdmf',1),(30,'T0.co_sss','Co Sss',1),(30,'T0.co_phic','Co Phic',1),(30,'T0.co_address','Co Address',1),(30,'T0.contact_no','Contact No',1),(30,'T0.department_id','Department Id',1),(30,'T0.department','Department',1),(30,'T0.payroll_date','Payroll Date',1),(30,'T0.birth_date','Birth Date',1),(30,'T0.hdmf_no','Hdmf No',1),(30,'T0.hdmf_emp','Hdmf Emp',1),(30,'T0.hdmf_com','Hdmf Com',1),(30,'T0.zipcode','Zipcode',1),(30,'T0.tin','Tin',1),(30,'T0.year','Year',1),(30,'T0.month','Month',1),(28,'T0.user_id','User Id',1),(28,'T0.id_number','Id Number',1),(28,'T0.full_name','Full Name',1),(28,'T0.company','Company',1),(28,'T0.company_id','Company Id',1),(28,'T0.co_sss','Co Sss',1),(28,'T0.co_phic','Co Phic',1),(28,'T0.co_hdmf','Co Hdmf',1),(28,'T0.co_address','Co Address',1),(28,'T0.contact_no','Contact No',1),(28,'T0.department_id','Department Id',1),(28,'T0.department','Department',1),(28,'T0.payroll_date','Payroll Date',1),(28,'T0.birth_date','Birth Date',1),(28,'T0.sss_no','Sss No',1),(28,'T0.phic_no','Phic No',1),(28,'T0.hdmf_no','Hdmf No',1),(28,'T0.hdmf_emp','Hdmf Emp',1),(28,'T0.hdmf_com','Hdmf Com',1),(28,'T0.lastname','Lastname',1),(28,'T0.firstname','Firstname',1),(28,'T0.middlename','Middlename',1),(28,'T0.suffix','Suffix',1),(28,'T0.year','Year',1),(28,'T0.month','Month',1),(59,'T0.user_id','User Id',1),(59,'T0.id_number','Id Number',1),(59,'T0.full_name','Full Name',1),(59,'T0.company_id','Company Id',1),(59,'T0.company','Company',1),(59,'T0.salary','Salary',1),(59,'T0.sss_no','Sss No',1),(59,'T0.resigned_date','Resigned Date',1),(59,'T0.email','Email',1),(59,'T0.effectivity_date','Effectivity Date',1),(59,'T0.sss','Co Sss',1),(59,'T0.tin','Co Tin',1),(59,'T0.address','Co Address',1),(59,'T0.birth_date','Birth Date',1),(59,'T0.position_id','Position Id',1),(59,'T0.position','Position',1),(59,'T0.year','Year',1),(59,'T0.month','Month',1),(42,'T0.id_number','Id_Number',1),(42,'T0.account_name','Account_Name',1),(42,'T0.account_number','Account_Number',1),(42,'T0.amount','Amount',1),(61,'T0.company_id','Company Id',1),(61,'T0.company','Company',1),(61,'T0.co_sss','Co Sss',1),(61,'T0.co_address','Co Address',1),(61,'T0.co_address','Co Address',1),(61,'T0.zipcode','Zipcode',1),(61,'T0.contact_no','Contact No',1),(61,'T0.year','Year',1),(61,'T0.month','Month',1),(61,'T0.sss_emp','Sss Emp',1),(61,'T0.sss_com','Sss Com',1),(61,'T0.sss_ecc','Sss Ecc',1),(60,'T0.user_id','User Id',1),(60,'T0.full_name','Full Name',1),(60,'T0.phic_no','Phic No',1),(60,'T0.salary','Salary',1),(60,'T0.position','Position',1),(60,'T0.effectivity_date','Effectivity Date',1),(60,'T0.company_id','Company Id',1),(60,'T0.company','Company',1),(60,'T0.address','Co Address',1),(60,'T0.phic','Co Phic',1),(60,'T0.year','Year',1),(60,'T0.month','Month',1),(17,'T0.company','Company',1),(17,'T0.payroll_date','Payroll Date',1),(17,'T0.date_from','Date From',1),(17,'T0.date_to','Date To',1),(17,'T0.address','Address',1),(17,'T0.credit','Credit',1),(17,'T0.debit','Debit',1),(17,'T0.description','Description',1),(17,'T0.account_name','Account Name',1),(17,'T0.arrangement','Arrangement',1),(17,'T0.department_id','Department Id',1),(17,'T0.department','Department',1),(27,'T0.user_id','User Id',1),(27,'T0.id_number','Id Number',1),(27,'T0.full_name','Full Name',1),(27,'T0.company','Company',1),(27,'T0.company_id','Company Id',1),(27,'T0.co_sss','Co Sss',1),(27,'T0.co_phic','Co Phic',1),(27,'T0.co_hdmf','Co Hdmf',1),(27,'T0.co_address','Co Address',1),(27,'T0.contact_no','Contact No',1),(27,'T0.department_id','Department Id',1),(27,'T0.department','Department',1),(27,'T0.birth_date','Birth Date',1),(27,'T0.sss_no','Sss No',1),(27,'T0.phic_no','Phic No',1),(27,'T0.period_month','Period Month',1),(27,'T0.hdmf_e1','Hdmf E1',1),(27,'T0.hdmf_e2','Hdmf E2',1),(27,'T0.hdmf_e3','Hdmf E3',1),(27,'T0.hdmf_c1','Hdmf C1',1),(27,'T0.hdmf_c2','Hdmf C2',1),(27,'T0.hdmf_c3','Hdmf C3',1),(27,'T0.year','Year',1),(25,'T0.user_id','User Id',1),(25,'T0.company_id','Company Id',1),(25,'T0.company','Company',1),(25,'T0.co_sss','Co Sss',1),(25,'T0.year','Year',1),(25,'T0.month','Month',1),(25,'T0.contribution','Contribution',1),(25,'T0.ec','Ec',1),(25,'T0.record','Record',1),(40,'T0.department_id','Department Id',1),(40,'T0.department','Department',1),(40,'T0.employee_code','Employee Code',1),(40,'T0.employee_name','Employee Name',1),(40,'T0.basic','Basic',1),(40,'T0.aut','Aut',1),(40,'T0.ot','Ot',1),(40,'T0.nd','Nd',1),(40,'T0.holiday','Holiday',1),(40,'T0.other_earnings','Other Earnings',1),(40,'T0.gross','Gross',1),(40,'T0.sss','Sss',1),(40,'T0.phic','Phic',1),(40,'T0.hdmf','Hdmf',1),(40,'T0.tax','Tax',1),(40,'T0.loan','Loan',1),(40,'T0.employee_ledger','Employee Ledger',1),(40,'T0.other_deduction','Other Deduction',1),(40,'T0.deduction','Deduction',1),(40,'T0.net_amount','Net Amount',1),(40,'T0.date_from','Date From',1),(40,'T0.date_to','Date To',1),(40,'T0.company','Company',1),(40,'T0.company_id','Company Id',1),(41,'T0.department_id','Department Id',1),(41,'T0.department','Department',1),(41,'T0.employee_code','Employee Code',1),(41,'T0.employee_name','Employee Name',1),(41,'T0.basic','Basic',1),(41,'T0.aut','Aut',1),(41,'T0.ot','Ot',1),(41,'T0.nd','Nd',1),(41,'T0.holiday','Holiday',1),(41,'T0.other_earnings','Other Earnings',1),(41,'T0.gross','Gross',1),(41,'T0.sss','Sss',1),(41,'T0.phic','Phic',1),(41,'T0.hdmf','Hdmf',1),(41,'T0.tax','Tax',1),(41,'T0.loan','Loan',1),(41,'T0.employee_ledger','Employee Ledger',1),(41,'T0.other_deduction','Other Deduction',1),(41,'T0.deduction','Deduction',1),(41,'T0.net_amount','Net Amount',1),(41,'T0.payroll_date','Payroll Date',1),(41,'T0.date_from','Date From',1),(41,'T0.date_to','Date To',1),(41,'T0.company_id','Company Id',1),(41,'T0.company','Company',1),(39,'T0.company_id','Company Id',1),(39,'T0.company','Company',1),(39,'T0.department_id','Department Id',1),(39,'T0.department','Department',1),(39,'T0.payroll_date','Payroll Date',1),(39,'T0.location_id','Location Id',1),(39,'T0.date_from','Date From',1),(39,'T0.date_to','Date To',1),(39,'T0.basic','Basic',1),(39,'T0.aut','Aut',1),(39,'T0.ot','Ot',1),(39,'T0.nd','Nd',1),(39,'T0.holiday','Holiday',1),(39,'T0.other_earnings','Other Earnings',1),(39,'T0.gross','Gross',1),(39,'T0.phic','Phic',1),(39,'T0.hdmf','Hdmf',1),(39,'T0.tax','Tax',1),(39,'T0.loan','Loan',1),(39,'T0.employee_ledger','Employee Ledger',1),(39,'T0.other_deduction','Other Deduction',1),(39,'T0.deduction','Deduction',1),(39,'T0.net_amount','Net Amount',1),(50,'T0.payroll_date','Payroll Date',1),(50,'T0.account_number','Account Number',1),(50,'T0.account_title','Account Title',1),(50,'T0.Dr','Dr',1),(50,'T0.Cr','Cr',1),(24,'T0.user_id','User Id',1),(24,'T0.id_number','Id Number',1),(24,'T0.full_name','Full Name',1),(24,'T0.company','Company',1),(24,'T0.company_id','Company Id',1),(24,'T0.co_sss','Co Sss',1),(24,'T0.co_phic','Co Phic',1),(24,'T0.co_hdmf','Co Hdmf',1),(24,'T0.co_address','Co Address',1),(24,'T0.contact_no','Contact No',1),(24,'T0.department_id','Department Id',1),(24,'T0.department','Department',1),(24,'T0.birth_date','Birth Date',1),(24,'T0.sss_no','Sss No',1),(24,'T0.phic_no','Phic No',1),(24,'T0.hdmf_no','Hdmf No',1),(24,'T0.year','Year',1),(24,'T0.period_month','Period Month',1),(24,'T0.sss_1','Sss 1',1),(24,'T0.sss_2','Sss 2',1),(24,'T0.sss_3','Sss 3',1),(24,'T0.ec_1','Ec 1',1),(24,'T0.ec_2','Ec 2',1),(24,'T0.ec_3','Ec 3',1),(64,'T0.company_id','Company Id',1),(64,'T0.company','Company',1),(64,'T0.payroll_date','Payroll Date',1),(64,'T0.batchid','Batchid',1),(64,'T0.btchentry','Btchentry',1),(64,'T0.srceledger','Srceledger',1),(64,'T0.srcetype','Srcetype',1),(64,'T0.fscsperd','Fscsperd',1),(64,'T0.jrnldesc','Jrnldesc',1),(64,'T0.dateentry','Dateentry',1),(64,'T0.fscsyr','Fscsyr',1),(46,'T0.company','Company',1),(46,'T0.bank_account_no','Bank Account No',1),(46,'T0.bank_name','Bank Name',1),(46,'T0.date_from','Date From',1),(46,'T0.date_to','Date To',1),(46,'T0.amount','Amount',1),(46,'T0.city','City',1),(46,'T0.payroll_date','Payroll Date',1),(46,'T0.company_id','Company Id',1),(46,'T0.branch_officer','Branch Officer',1),(46,'T0.branch_position','Branch Position',1),(46,'T0.signatory_1','Signatory 1',1),(46,'T0.signatory_2','Signatory 2',1),(46,'T0.account_name','Account Name',1),(46,'T0.address1','Address1',1),(46,'T0.address2','Address2',1),(29,'T0.user_id','User Id',1),(29,'T0.id_number','Id Number',1),(29,'T0.full_name','Full Name',1),(29,'T0.company','Company',1),(29,'T0.company_id','Company Id',1),(29,'T0.co_sss','Co Sss',1),(29,'T0.co_phic','Co Phic',1),(29,'T0.co_hdmf','Co Hdmf',1),(29,'T0.co_address','Co Address',1),(29,'T0.contact_no','Contact No',1),(29,'T0.department_id','Department Id',1),(29,'T0.department','Department',1),(29,'T0.birth_date','Birth Date',1),(29,'T0.sss_no','Sss No',1),(29,'T0.phic_no','Phic No',1),(29,'T0.hdmf_no','Hdmf No',1),(29,'T0.hdmf_emp','Hdmf Emp',1),(29,'T0.hdmf_com','Hdmf Com',1),(29,'T0.year','Year',1),(29,'T0.month','Month',1),(29,'T0.payroll_date','Payroll Date',1),(29,'T0.tin','Tin',1),(29,'T0.zipcode','Zipcode',1),(26,'T0.user_id','User Id',1),(26,'T0.id_number','Id Number',1),(26,'T0.full_name','Full Name',1),(26,'T0.company','Company',1),(26,'T0.company_id','Company Id',1),(26,'T0.co_sss','Co Sss',1),(26,'T0.co_phic','Co Phic',1),(26,'T0.co_hdmf','Co Hdmf',1),(26,'T0.co_address','Co Address',1),(26,'T0.contact_no','Contact No',1),(26,'T0.department_id','Department Id',1),(26,'T0.department','Department',1),(26,'T0.payroll_date','Payroll Date',1),(26,'T0.birth_date','Birth Date',1),(26,'T0.sss_no','Sss No',1),(26,'T0.phic_no','Phic No',1),(26,'T0.hdmf_no','Hdmf No',1),(26,'T0.sss_emp','Sss Emp',1),(26,'T0.sss_com','Sss Com',1),(26,'T0.hdmf_emp','Hdmf Emp',1),(26,'T0.hdmf_com','Hdmf Com',1),(26,'T0.phic_emp','Phic Emp',1),(26,'T0.phic_com','Phic Com',1),(26,'T0.sbr_no_hdmf','Sbr No Hdmf',1),(26,'T0.sbr_date_hdmf','Sbr Date Hdmf',1),(68,'T0.company_id','Company ID',1),(68,'T0.company','Company',1),(68,'T0.department_id','Department ID',1),(68,'T0.department','Department',1),(68,'T0.id_number','Employee ID',1),(68,'T0.lastname','Last Name',1),(68,'T0.firstname','First Name',1),(68,'T0.middlename','Middle Name',1),(68,'T0.position_id','Position ID',1),(68,'T0.position','Position',1),(66,'T0.id_number','Employee ID',1),(66,'T0.lastname','Last Name',1),(66,'T0.firstname','First Name',1),(66,'T0.year','Year',1),(66,'T0.month_id','Month ID',1),(66,'T0.month','Month',1),(66,'T0.company_id','Company ID',1),(66,'T0.company','Company',1),(66,'T0.department_id','Department ID',1),(66,'T0.department','Department',1),(7,'T0.payroll_date','Payroll Date',1),(7,'T0.company','Company',1),(7,'T0.full_name','Full Name',1),(7,'T0.id_number','ID Number',1),(7,'T0.date','Date',1),(7,'T0.shift','Shift',1),(7,'T0.time_from','Time From',1),(7,'T0.time_to','Time To',1),(7,'T0.late','Late',1),(7,'T0.undertime','Undertime',1),(7,'T0.month','Month',1),(67,'T0.employee_code','Employee Code',1),(67,'T0.lastname','Lastname',1),(67,'T0.firstname','Firstname',1),(67,'T0.middlename','Middlename',1),(67,'T0.company','Company',1),(67,'T0.department','Department',1),(67,'T0.date','Date',1),(67,'T0.time_in','Time In',1),(67,'T0.date','Date',1),(67,'T0.time_out','Time Out',1),(67,'T0.hrs_work','Total Hours',1),(67,'T0.nd','ND',1),(67,'T0.total_ot','Total OT',1),(67,'T0.status','Status',1),(67,'T0.ht','HT',1),(67,'T0.shift','Schedule',1),(67,'T0.employee','Employee',1),(69,'T0.form_status','Form Status',1),(69,'T0.form_code','Form Code',1),(69,'T0.user_id','User Id',1),(69,'T0.full_name','Full Name',1),(69,'T0.day','Day',1),(69,'T0.date_from','Date From',1),(69,'T0.date_to','Date To',1),(69,'T0.reason','Reason',1),(69,'T0.id_number','Id Number',1),(69,'T0.company_id','Company Id',1),(69,'T0.company','Company',1),(56,'T0.user_id','User Id',1),(56,'T0.firstname','Firstname',1),(56,'T0.lastname','Lastname',1),(56,'T0.date','Date',1),(56,'T0.shift','Shift',1),(56,'T0.time_in','Time In',1),(56,'T0.time_out','Time Out',1),(56,'T0.hours_work','Hours Work',1),(56,'T0.late','Late',1),(56,'T0.ut','Ut',1),(56,'T0.ot','Ot',1),(56,'T0.remarks','Remarks',1),(56,'T0.company_id','Company',1),(56,'T0.department','Department',1),(56,'T0.id_number','Id Number',1),(38,'T0.poc','POC',1),(38,'T0.status','Status',1),(38,'T0.no_of_headcount_required','No of Headcount Required',1),(38,'T0.prf','PRF',1),(38,'T0.date_opened','Date Opened',1),(38,'T0.date_closed','Date Closed',1),(38,'T0.headcount_type','Headcount Type',1),(38,'T0.position_title','Position Title',1),(38,'T0.hiring_manage','Hiring Manage',1),(38,'T0.department','Department',1),(38,'T0.cat_employee_type','Cat./Employee Type',1),(38,'T0.sourcing_tool','Sourcing Tool',1),(38,'T0.candidates_name','Candidate\'s Name',1),(65,'T0.user_id','User Id',1),(65,'T0.id_number','Id Number',1),(65,'T0.lastname','Lastname',1),(65,'T0.firstname','Firstname',1),(65,'T0.middlename','Middlename',1),(65,'T0.suffix','Suffix',1),(65,'T0.full_name','Full Name',1),(65,'T0.company','Company',1),(65,'T0.company_id','Company Id',1),(65,'T0.tin','Tin',1),(65,'T0.co_sss','Co Sss',1),(65,'T0.co_phic','Co Phic',1),(65,'T0.co_hdmf','Co Hdmf',1),(65,'T0.co_address','Co Address',1),(65,'T0.zipcode','Zipcode',1),(65,'T0.contact_no','Contact No',1),(65,'T0.department_id','Department Id',1),(65,'T0.department','Department',1),(65,'T0.year','Year',1),(65,'T0.month','Month',1),(65,'T0.payroll_date','Payroll Date',1),(65,'T0.birth_date','Birth Date',1),(65,'T0.sss_no','Sss No',1),(65,'T0.phic_no','Phic No',1),(65,'T0.hdmf_no','Hdmf No',1),(65,'T0.hired_date','Hired Date',1),(65,'T0.resigned_date','Resigned Date',1),(65,'T0.govt_status','Govt Status',1),(65,'T0.sss_emp','Sss Emp',1),(65,'T0.sss_com','Sss Com',1),(65,'T0.sss_ecc','Sss Ecc',1),(65,'T0.hdmf_emp','Hdmf Emp',1),(65,'T0.hdmf_com','Hdmf Com',1),(65,'T0.phic_emp','Phic Emp',1),(65,'T0.phic_com','Phic Com',1),(65,'T0.sbr_no_hdmf','Sbr No Hdmf',1),(65,'T0.sbr_no_phic','Sbr No Phic',1),(65,'T0.sbr_no_sss','Sbr No Sss',1),(65,'T0.sbr_date_hdmf','Sbr Date Hdmf',1),(65,'T0.sbr_date_phic','Sbr Date Phic',1),(65,'T0.sbr_date_sss','Sbr Date Sss',1),(23,'T0.user_id','User Id',1),(23,'T0.id_number','Id Number',1),(23,'T0.full_name','Full Name',1),(23,'T0.company','Company',1),(23,'T0.company_id','Company Id',1),(23,'T0.co_sss','Co Sss',1),(23,'T0.co_phic','Co Phic',1),(23,'T0.co_hdmf','Co Hdmf',1),(23,'T0.co_address','Co Address',1),(23,'T0.contact_no','Contact No',1),(23,'T0.department_id','Department Id',1),(23,'T0.department','Department',1),(23,'T0.payroll_date','Payroll Date',1),(23,'T0.birth_date','Birth Date',1),(23,'T0.sss_no','Sss No',1),(23,'T0.phic_no','Phic No',1),(23,'T0.hdmf_no','Hdmf No',1),(23,'T0.sss_emp','Sss Emp',1),(23,'T0.sss_com','Sss Com',1),(23,'T0.sss_ecc','Sss Ecc',1),(23,'T0.sbr_no_sss','Sbr No Sss',1),(23,'T0.sbr_date_sss','Sbr Date Sss',1),(71,'T0.company','Company',1),(71,'T0.company_id','Company Id',1),(71,'T0.project','Project',1),(71,'T0.project_id','Project Id',1),(71,'T0.payroll_date','Payroll Date',1),(71,'T0.payroll_rate_type','Payroll Rate Type',1),(71,'T0.payroll_rate_type_id','Payroll Rate Type Id',1),(71,'T0.late','Late',1),(71,'T0.absent','Absent',1),(71,'T0.is_leave','Is Leave',1),(71,'T0.shift','Shift',1),(71,'T0.full_name','Full Name',1),(71,'T0.date','Date',1),(71,'T0.time_in','Time In',1),(71,'T0.time_out','Time Out',1),(71,'T0.payroll_date_from','Payroll Date From',1),(71,'T0.payroll_date_to','Payroll Date To',1),(72,'T0.company','Company',1),(72,'T0.project','Project',1),(72,'T0.full_name','Full Name',1),(72,'T0.late','Late',1),(73,'T0.project_code','Project Code',1),(73,'T0.project','Project',1),(73,'T0.full_name','Full Name',1),(73,'T0.date','Date',1),(73,'T0.late','Late',1),(73,'T0.project_title','Project Title',1),(75,'T0.company_id','Company Id',1),(75,'T0.company','Company',1),(75,'T0.project_id','Project Id',1),(75,'T0.project','Project',1),(75,'T0.department_id','Department Id',1),(75,'T0.full_name','Full Name',1),(75,'T0.user_id','User Id',1),(75,'T0.end_date','End Date',1),(75,'T0.position','Position',1),(76,'T0.company_id','Company Id',1),(76,'T0.company','Company',1),(76,'T0.project_id','Project Id',1),(76,'T0.project','Project',1),(76,'T0.department_id','Department Id',1),(76,'T0.full_name','Full Name',1),(76,'T0.user_id','User Id',1),(76,'T0.end_date','End Date',1),(76,'T0.position','Position',1),(78,'T0.company_id','Company Id',1),(78,'T0.company','Company',1),(78,'T0.project_id','Project Id',1),(78,'T0.project','Project',1),(78,'T0.department_id','Department Id',1),(78,'T0.department','Department',1),(78,'T0.user_id','User Id',1),(78,'T0.full_name','Full Name',1),(78,'T0.form_id','Form Id',1),(78,'T0.form_code','Form Code',1),(78,'T0.effectivity_date','Effectivity Date',1),(78,'T0.end_date','End Date',1),(78,'T0.date_used','Date Used',1),(78,'T0.day','Day',1),(78,'T0.current','Current',1),(78,'T0.reason','Reason',1),(21,'T0.id_number','ID NO',1),(21,'T0.lastname','LNAME',1),(21,'T0.firstname','FNAME',1),(21,'T0.middlename','MNAME',1),(21,'T0.position','POSITION',1),(21,'T0.date_hired','DHIRED',1),(21,'T0.salary','RATE',1),(21,'T0.project','PROJECT',1),(21,'T0.project_code','PRN',1),(21,'T0.end_date','CON EXP',1),(21,'T0.address1','ADDRESS',1),(21,'T0.birthdate','BDATE',1),(21,'T0.age','AGE',1),(21,'T0.birth_place','BPLACE',1),(21,'T0.sss_no','SSNO',1),(21,'T0.hdmf_no','HDMF #',1),(21,'T0.tin','TIN#',1),(21,'T0.phic_no','PHILHEALTH',1),(21,'T0.gender','GENDER',1),(21,'T0.civil_status','C_STATUS',1),(49,'T0.company','Company',1),(49,'T0.payroll_date','Payroll Date',1),(49,'T0.date_from','Date From',1),(49,'T0.date_to','Date To',1),(49,'T0.company_id','Company Id',1),(49,'T0.account_number','Account Number',1),(49,'T0.account_title','Account Title',1),(49,'T0.Dept','Dept',1),(49,'T0.Particulars','Particulars',1),(49,'T0.Dr','Dr',1),(49,'T0.Cr','Cr',1),(80,'T0.user_id','User Id',1),(80,'T0.lastname','Lastname',1),(80,'T0.firstname','Firstname',1),(80,'T0.middlename','Middlename',1),(80,'T0.suffix','Suffix',1),(80,'T0.project','Project',1),(80,'T0.department','Department',1),(80,'T0.company','Company',1),(80,'T0.birth_date','Birth Date',2),(80,'T0.resigned_date','Resigned Date',2),(80,'T0.location','Location',1),(80,'T0.effectivity_date','Effectivity Date',2),(80,'T0.project_name','Project Name',1),(80,'T0.position_display','Position Display',1),(80,'T0.position','Position',1),(80,'T0.employee_name','Employee Name',1),(80,'T0.birth_place','Birth Place',1),(80,'T0.civil_status','Civil Status',1),(77,'T0.company_id','Company Id',1),(77,'T0.company','Company',1),(77,'T0.project_id','Project Id',1),(77,'T0.project','Project',1),(77,'T0.department_id','Department Id',1),(77,'T0.department','Department',1),(77,'T0.user_id','User Id',1),(77,'T0.full_name','Full Name',1),(77,'T0.position','Position',1),(77,'T0.end_date','End Date',1),(22,'T0.user_id','User Id',1),(22,'T0.id_number','Id Number',1),(22,'T0.full_name','Full Name',1),(22,'T0.company','Company',1),(22,'T0.company_id','Company Id',1),(22,'T0.co_sss','Co Sss',1),(22,'T0.co_hdmf','Co Hdmf',1),(22,'T0.co_address','Co Address',1),(22,'T0.contact_no','Contact No',1),(22,'T0.department_id','Department Id',1),(22,'T0.department','Department',1),(22,'T0.payroll_date','Payroll Date',1),(22,'T0.birth_date','Birth Date',1),(22,'T0.sss_no','Sss No',1),(22,'T0.sss_emp','Sss Emp',1),(22,'T0.sss_com','Sss Com',1),(22,'T0.sss_ecc','Sss Ecc',1),(22,'T0.year','Year',1),(22,'T0.month','Month',1),(22,'T0.lastname','Lastname',1),(22,'T0.firstname','Firstname',1),(22,'T0.middlename','Middlename',1),(22,'T0.govt_status','Govt Status',1),(22,'T0.hired_date','Hired Date',1),(82,'T0.company','Company',1),(82,'T0.sss','Sss',1),(82,'T0.sss_no','Sss No',1),(82,'T0.year','Year',1),(82,'T0.month','Month',1),(82,'T0.employee_name','Employee Name',1),(82,'T0.loan_code','Loan Code',1),(82,'T0.release_date','Release Date',1),(82,'T0.loan_principal','Loan Principal',1),(82,'T0.current','Current',1),(82,'T0.overdue','Overdue',1),(82,'T0.due','Due',1),(82,'T0.remarks','Remarks',1),(82,'T0.resigned_date','Resigned Date',1),(82,'T0.loan_type_id','Loan Type Id',1),(79,'T0.firstname','Firstname',1),(9,'T0.id_number','Id Number',1),(9,'T0.full_name','Full Name',1),(9,'T0.transaction_label','Transaction Label',1),(9,'T0.transaction_id','Transaction Id',1),(9,'T0.amount','Amount',1),(9,'T0.company','Company',1),(9,'T0.project','Project',1),(9,'T0.project_id','Project Id',1),(9,'T0.department','Department',1),(9,'T0.department_id','Department Id',1),(9,'T0.date_from','Date From',1),(9,'T0.date_to','Date To',1),(9,'T0.payroll_date','Payroll Date',1),(9,'T0.payroll_rate_type','Payroll Rate Type',1),(9,'T0.payroll_rate_type_id','Payroll Rate Type Id',1),(83,'T0.user_id','User Id',1),(83,'T0.id_number','Id Number',1),(83,'T0.company','Company',1),(83,'T0.company_id','Company Id',1),(83,'T0.transaction_label','Transaction Label',1),(83,'T0.transaction_id','Transaction Id',1),(83,'T0.start_date','Start Date',1),(83,'T0.payroll_date','Payroll Date',1),(83,'T0.amount','Amount',1),(83,'T0.project_id','Project Id',1),(83,'T0.project','Project',1),(83,'T0.payroll_rate_type','Payroll Rate Type',1),(83,'T0.payroll_rate_type_id','Payroll Rate Type Id',1),(83,'T0.lastname','Lastname',1),(83,'T0.firstname','Firstname',1),(83,'T0.date_from','Date From',1),(83,'T0.date_to','Date To',1),(83,'T0.project_code','Project Code',1),(85,'T0.fullname','Fullname',1),(70,'T0.company','Company',1),(70,'T0.company_id','Company Id',1),(70,'T0.full_name','NAME',1),(70,'T0.position','Position',1),(70,'T0.date_hired','Date Hired',1),(70,'T0.id_number','Id Number',1),(70,'T0.month','MONTH',1),(70,'T0.form_code','TYPE',1),(70,'T0.1','1',1),(70,'T0.2','2',1),(70,'T0.3','3',1),(70,'T0.4','4',1),(70,'T0.5','5',1),(70,'T0.6','6',1),(70,'T0.7','7',1),(70,'T0.8','8',1),(70,'T0.9','9',1),(70,'T0.10','10',1),(70,'T0.11','11',1),(70,'T0.12','12',1),(70,'T0.13','13',1),(70,'T0.14','14',1),(70,'T0.15','15',1),(70,'T0.16','16',1),(70,'T0.17','17',1),(70,'T0.18','18',1),(70,'T0.19','19',1),(70,'T0.20','20',1),(70,'T0.21','21',1),(70,'T0.22','22',1),(70,'T0.23','23',1),(70,'T0.24','24',1),(70,'T0.25','25',1),(70,'T0.26','26',1),(70,'T0.27','27',1),(70,'T0.28','28',1),(70,'T0.29','29',1),(70,'T0.30','30',1),(70,'T0.31','31',1),(70,'T0.running_balance','Running Balance',1),(70,'T0.monthly_earning','Monthly Earning',1),(70,'T0.used','Used',1),(70,'T0.total_bal','Total Balance',1),(70,'T0.department_id','Department Id',1),(70,'T0.year','Year',1),(70,'T0.project_id','Project Id',1),(70,'T0.user_id','User Id',1),(70,'T0.current','Current',1),(70,'T0.department','Department',1),(70,'T0.project','Project',1),(81,'T0.active','Active',1),(81,'T0.status_id','Status Id',1),(81,'T0.status','Status',1),(81,'T0.position','Position',1),(81,'T0.company_id','Company Id',1),(81,'T0.company','Company',1),(81,'T0.department_id','Department Id',1),(81,'T0.department','Department',1),(81,'T0.payroll_rate_type','Payroll Rate Type',1),(81,'T0.count','Count',1),(81,'T0.employed','Employed',1),(81,'T0.resigned','Resigned',1),(86,'T0.payroll_date','Payroll Date',1),(86,'T0.date_from','Date From',1),(86,'T0.date_to','Date To',1),(86,'T0.company_id','Company Id',1),(86,'T0.company','Company',1),(86,'T0.project_id','Project Id',1),(86,'T0.project_code','Project Code',1),(86,'T0.project','Project',1),(86,'T0.position','Position',1),(86,'T0.payroll_rate_type_id','Payroll Rate Type Id',1),(86,'T0.payroll_rate_type','Payroll Rate Type',1),(86,'T0.basic','Basic',1),(86,'T0.misc','Misc',1),(86,'T0.ot','Ot',1),(86,'T0.nd','Nd',1),(86,'T0.holiday','Holiday',1),(86,'T0.other_earnings','Other Earnings',1),(86,'T0.gross','Gross',1),(86,'T0.sss_ee','Sss Ee',1),(86,'T0.phic_ee','Phic Ee',1),(86,'T0.hdmf_ee','Hdmf Ee',1),(86,'T0.tax','Tax',1),(86,'T0.loan','Loan',1),(86,'T0.employee_ledger','Employee Ledger',1),(86,'T0.other_deduction','Other Deduction',1),(86,'T0.deduction','Deduction',1),(86,'T0.net_amount','Net Amount',1),(86,'T0.other_nontax','Other Nontax',1),(86,'T0.ot_percent','Ot Percent',1),(86,'T0.other_tax','Other Tax',1),(86,'T0.adjustment','Adjustment',1),(87,'T0.payroll_date','Payroll Date',1),(87,'T0.date_from','Date From',1),(87,'T0.date_to','Date To',1),(87,'T0.company_id','Company Id',1),(87,'T0.company','Company',1),(87,'T0.project_id','Project Id',1),(87,'T0.project_code','Project Code',1),(87,'T0.project','Project',1),(87,'T0.position','Position',1),(87,'T0.payroll_rate_type_id','Payroll Rate Type Id',1),(87,'T0.payroll_rate_type','Payroll Rate Type',1),(87,'T0.basic','Basic',1),(87,'T0.misc','Misc',1),(87,'T0.ot','Ot',1),(87,'T0.nd','Nd',1),(87,'T0.holiday','Holiday',1),(87,'T0.other_earnings','Other Earnings',1),(87,'T0.sss_ee','Sss Ee',1),(87,'T0.phic_ee','Phic Ee',1),(87,'T0.hdmf_ee','Hdmf Ee',1),(87,'T0.tax','Tax',1),(87,'T0.loan','Loan',1),(87,'T0.employee_ledger','Employee Ledger',1),(87,'T0.other_deduction','Other Deduction',1),(87,'T0.deduction','Deduction',1),(87,'T0.net_amount','Net Amount',1),(87,'T0.ot_percent','Ot Percent',1),(87,'T0.other_tax','Other Tax',1),(87,'T0.adjustment','Adjustment',1),(88,'T0.employee','Employee',1),(88,'T0.id_number','Id Number',1),(88,'T0.full_name','Full Name',1),(88,'T0.company','Company',1),(88,'T0.company_id','Company Id',1),(88,'T0.project_code','Project Code',1),(88,'T0.project_id','Project Id',1),(88,'T0.project','Project',1),(88,'T0.payroll_rate_type_id','Payroll Rate Type Id',1),(88,'T0.payroll_rate_type','Payroll Rate Type',1),(88,'T0.payroll_date','Payroll Date',1),(88,'T0.cost_center','Cost Center',1),(88,'T0.total_basic','Total Basic',1),(88,'T0.misc','Misc',1),(88,'T0.overtime','Overtime',1),(88,'T0.other_tax','Other Tax',1),(88,'T0.adjustment','Adjustment',1),(88,'T0.gross','Gross',1),(88,'T0.tax','Tax',1),(88,'T0.sss_ee','Sss Ee',1),(88,'T0.sss_er','Sss Er',1),(88,'T0.phic_er','Phic Er',1),(88,'T0.hdmf_er','Hdmf Er',1),(88,'T0.meal','Meal',1),(88,'T0.transpo','Transpo',1),(88,'T0.hardship','Hardship',1),(88,'T0.loan','Loan',1),(88,'T0.deduction','Deduction',1),(88,'T0.net_amount','Net Amount',1),(88,'T0.net_orig','Net Orig',1),(88,'T0.percent_allocation','Percent Allocation',1),(88,'T0.other_nontax','Other Nontax',1),(47,'T0.company_id','Company Id',1),(47,'T0.company','Company',1),(47,'T0.user_id','User Id',1),(47,'T0.id_number','Id Number',1),(47,'T0.full_name','Full Name',1),(47,'T0.department_id','Department Id',1),(47,'T0.department_code','Department Code',1),(47,'T0.tin','Tin',1),(47,'T0.transaction_label','Transaction Label',1),(47,'T0.transaction_class_code','Transaction Class Code',1),(47,'T0.qty','Qty',1),(47,'T0.amount','Amount',1),(47,'T0.transaction_type_id','Transaction Type Id',1),(47,'T0.group','Group',1),(47,'T0.type','Type',1),(47,'T0.record_id','Record Id',1),(47,'T0.beginning_balance','Beginning Balance',1),(47,'T0.running_balance','Running Balance',1),(47,'T0.payroll_date','Payroll Date',1),(47,'T0.date_from','Date From',1),(47,'T0.date_to','Date To',1),(47,'T0.address','Address',1),(47,'T0.city','City',1),(47,'T0.taxcode','Taxcode',1),(47,'T0.employee','Employee',1),(47,'T0.project_id','Project Id',1),(47,'T0.project_code','Project Code',1),(47,'T0.project','Project',1),(47,'T0.payroll_rate_type_id','Payroll Rate Type Id',1),(47,'T0.payroll_rate_type','Payroll Rate Type',1),(47,'T0.adjustment','Adjustment',1),(47,'T0.other_taxable','Other Taxable',1),(47,'T0.absent_tardy','Absent Tardy',1),(47,'T0.sss','Sss',1),(47,'T0.philhealth','Philhealth',1),(47,'T0.pag_ibig','Pag Ibig',1),(47,'T0.nontax_income','Nontax Income',1),(47,'T0.nd','Nd',1),(47,'T0.reg','Reg',1),(47,'T0.rest','Rest',1),(47,'T0.rest_x8','Rest X8',1),(47,'T0.sp','Sp',1),(47,'T0.sp_x8','Sp X8',1),(47,'T0.rest_sp','Rest Sp',1),(47,'T0.rest_sp_x8','Rest Sp X8',1),(47,'T0.legal','Legal',1),(47,'T0.legal_x8','Legal X8',1),(47,'T0.rest_legal','Rest Legal',1),(47,'T0.rest_leg_x8','Rest Leg X8',1),(47,'T0.sss_sal','Sss Sal',1),(47,'T0.sss_cal','Sss Cal',1),(47,'T0.hdmf_sal','Hdmf Sal',1),(47,'T0.hdmf_cal','Hdmf Cal',1),(47,'T0.company_loan','Company Loan',1),(47,'T0.health_card','Health Card',1),(47,'T0.other_deduction_one','Other Deduction One',1),(47,'T0.other_deduction_two','Other Deduction Two',1),(47,'T0.other_deduction_three','Other Deduction Three',1),(47,'T0.sss_sal_loan','Sss Sal Loan',1),(47,'T0.sss_cal_loan','Sss Cal Loan',1),(47,'T0.hdmf_sal_loan','Hdmf Sal Loan',1),(47,'T0.hdmf_cal_loan','Hdmf Cal Loan',1),(47,'T0.company_loan_final','Company Loan Final',1),(47,'T0.tax_status','Tax Status',1),(89,'T0.company_id','Company Id',1),(89,'T0.company','Company',1),(89,'T0.user_id','User Id',1),(89,'T0.id_number','Id Number',1),(89,'T0.full_name','Full Name',1),(89,'T0.department_id','Department Id',1),(89,'T0.department_code','Department Code',1),(89,'T0.tin','Tin',1),(89,'T0.transaction_label','Transaction Label',1),(89,'T0.transaction_class_code','Transaction Class Code',1),(89,'T0.qty','Qty',1),(89,'T0.amount','Amount',1),(89,'T0.transaction_type_id','Transaction Type Id',1),(89,'T0.group','Group',1),(89,'T0.type','Type',1),(89,'T0.record_id','Record Id',1),(89,'T0.beginning_balance','Beginning Balance',1),(89,'T0.running_balance','Running Balance',1),(89,'T0.payroll_date','Payroll Date',1),(89,'T0.date_from','Date From',1),(89,'T0.date_to','Date To',1),(89,'T0.address','Address',1),(89,'T0.city','City',1),(89,'T0.taxcode','Taxcode',1),(89,'T0.employee','Employee',1),(89,'T0.project_id','Project Id',1),(89,'T0.project_code','Project Code',1),(89,'T0.project','Project',1),(89,'T0.payroll_rate_type_id','Payroll Rate Type Id',1),(89,'T0.payroll_rate_type','Payroll Rate Type',1),(89,'T0.adjustment','Adjustment',1),(89,'T0.other_taxable','Other Taxable',1),(89,'T0.absent_tardy','Absent Tardy',1),(89,'T0.sss','Sss',1),(89,'T0.philhealth','Philhealth',1),(89,'T0.pag_ibig','Pag Ibig',1),(89,'T0.nontax_income','Nontax Income',1),(89,'T0.nd','Nd',1),(89,'T0.reg','Reg',1),(89,'T0.rest','Rest',1),(89,'T0.rest_x8','Rest X8',1),(89,'T0.sp','Sp',1),(89,'T0.sp_x8','Sp X8',1),(89,'T0.rest_sp','Rest Sp',1),(89,'T0.rest_sp_x8','Rest Sp X8',1),(89,'T0.legal','Legal',1),(89,'T0.legal_x8','Legal X8',1),(89,'T0.rest_legal','Rest Legal',1),(89,'T0.rest_leg_x8','Rest Leg X8',1),(89,'T0.health_card','Health Card',1),(89,'T0.other_deduction_one','Other Deduction One',1),(89,'T0.other_deduction_two','Other Deduction Two',1),(89,'T0.other_deduction_three','Other Deduction Three',1),(89,'T0.tax_status','Tax Status',1),(89,'T0.nd_otnd','Nd Otnd',1),(89,'T0.reg_otnd','Reg Otnd',1),(89,'T0.rest_otnd','Rest Otnd',1),(89,'T0.rest_x8_otnd','Rest X8 Otnd',1),(89,'T0.sp_otnd','Sp Otnd',1),(89,'T0.sp_x8_otnd','Sp X8 Otnd',1),(89,'T0.rest_sp_otnd','Rest Sp Otnd',1),(89,'T0.rest_sp_x8_otnd','Rest Sp X8 Otnd',1),(89,'T0.legal_otnd','Legal Otnd',1),(89,'T0.legal_x8_otnd','Legal X8 Otnd',1),(89,'T0.rest_legal_otnd','Rest Legal Otnd',1),(89,'T0.rest_leg_x8_otnd','Rest Leg X8 Otnd',1),(89,'T0.rest_legal_otnd','Rest Legal Otnd',1),(89,'T0.rest_leg_x8_otnd','Rest Leg X8 Otnd',1),(89,'T0.nd_hrs','Nd Hrs',1),(89,'T0.reg_hrs','Reg Hrs',1),(89,'T0.rest_hrs','Rest Hrs',1),(89,'T0.rest_x8_hrs','Rest X8 Hrs',1),(89,'T0.sp_hrs','Sp Hrs',1),(89,'T0.sp_x8_hrs','Sp X8 Hrs',1),(89,'T0.rest_sp_hrs','Rest Sp Hrs',1),(89,'T0.rest_sp_x8_hrs','Rest Sp X8 Hrs',1),(89,'T0.legal_hrs','Legal Hrs',1),(89,'T0.legal_x8_hrs','Legal X8 Hrs',1),(89,'T0.rest_legal_hrs','Rest Legal Hrs',1),(89,'T0.rest_leg_x8_hrs','Rest Leg X8 Hrs',1),(89,'T0.sss_sal_loan_payments','Sss Sal Loan Payments',1),(89,'T0.sss_cal_loan_payments','Sss Cal Loan Payments',1),(89,'T0.hdmf_sal_loan_payments','Hdmf Sal Loan Payments',1),(89,'T0.hdmf_cal_loan_payments','Hdmf Cal Loan Payments',1),(89,'T0.company_loan_payments','Company Loan Payments',1),(89,'T0.sss_sal_loan_balance','Sss Sal Loan Balance',1),(89,'T0.sss_cal_loan_balance','Sss Cal Loan Balance',1),(89,'T0.hdmf_sal_loan_balance','Hdmf Sal Loan Balance',1),(89,'T0.hdmf_cal_loan_balance','Hdmf Cal Loan Balance',1),(89,'T0.ytd_sss','Ytd Sss',1),(89,'T0.ytd_philhealth','Ytd Philhealth',1),(89,'T0.ytd_pag_ibig','Ytd Pag Ibig',1),(91,'T0.user_id','User Id',1),(91,'T0.full_name','Full Name',1),(91,'T0.id_number','Id Number',1),(91,'T0.company_id','Company Id',1),(91,'T0.company','Company',1),(91,'T0.project_id','Project Id',1),(91,'T0.project_code','Project Code',1),(91,'T0.project','Project',1),(91,'T0.effectivity_date','Effectivity Date',1),(91,'T0.regularization_date','Regularization Date',1),(91,'T0.resigned_date','Resigned Date',1),(91,'T0.payroll_rate_type_id','Payroll Rate Type Id',1),(91,'T0.payroll_rate_type','Payroll Rate Type',1),(91,'T0.payroll_date','Payroll Date',1),(91,'T0.gross','Gross',1),(91,'T0.tax','Tax',1),(91,'T0.sss_ee','Sss Ee',1),(91,'T0.sss_er','Sss Er',1),(91,'T0.sss_ec','Sss Ec',1),(91,'T0.hdmf_ee','Hdmf Ee',1),(91,'T0.hdmf_er','Hdmf Er',1),(91,'T0.phic_ee','Phic Ee',1),(91,'T0.phic_er','Phic Er',1),(91,'T0.remarks','Remarks',1),(91,'T0.year','Year',1),(84,'T0.employee','Employee',1),(84,'T0.id_number','Id Number',1),(84,'T0.full_name','Full Name',1),(84,'T0.position','Position',1),(84,'T0.company','Company',1),(84,'T0.company_id','Company Id',1),(84,'T0.project','Project',1),(84,'T0.project_id','Project Id',1),(84,'T0.payroll_rate_type_id','Payroll Rate Type Id',1),(84,'T0.payroll_rate_type','Payroll Rate Type',1),(84,'T0.total_basic','Total Basic',1),(84,'T0.overtime','Overtime',1),(84,'T0.other_nontax','Other Nontax',1),(84,'T0.sss_er','Sss Er',1),(84,'T0.sss_ec','Sss Ec',1),(84,'T0.hdmf_er','Hdmf Er',1),(84,'T0.phic_er','Phic Er',1),(84,'T0.payroll_date','Payroll Date',1),(84,'T0.project_code','Project Code',1),(84,'T0.cost_center','Cost Center',1),(84,'T0.classification_id','Classification Id',1),(84,'T0.classification','Classification',1),(90,'T0.employee','Employee',1),(90,'T0.id_number','Id Number',1),(90,'T0.full_name','Full Name',1),(90,'T0.company','Company',1),(90,'T0.company_id','Company Id',1),(90,'T0.project_code','Project Code',1),(90,'T0.project','Project',1),(90,'T0.project_id','Project Id',1),(90,'T0.payroll_rate_type_id','Payroll Rate Type Id',1),(90,'T0.payroll_rate_type','Payroll Rate Type',1),(90,'T0.payroll_date','Payroll Date',1),(90,'T0.P14007','P14007',1),(90,'T0.P15024','P15024',1),(90,'T0.P16000','P16000',1),(90,'T0.P16003','P16003',1),(90,'T0.P16004','P16004',1),(90,'T0.P16010','P16010',1),(90,'T0.P16014','P16014',1),(90,'T0.P16015','P16015',1),(90,'T0.P16016','P16016',1),(90,'T0.date_to','Date To',1),(90,'T0.date_from','Date From',1),(90,'T0.classification_id','Classification Id',1),(62,'T0.company_id','Company Id',1),(62,'T0.company','Company',1),(62,'T0.year','Year',1),(62,'T0.month','Month',1),(62,'T0.address','Address',1),(62,'T0.tin','Tin',1),(62,'T0.rdo','Rdo',1),(62,'T0.contact_no','Contact No',1),(62,'T0.zipcode','Zipcode',1),(62,'T0.total_compensation','Total Compensation',1),(62,'T0.statutory_minimum','Statutory Minimum',1),(62,'T0.overtime','Overtime',1),(62,'T0.other_nontax_compensation','Other Nontax Compensation',1),(62,'T0.wtax','Wtax',1),(63,'T0.company_id','Company Id',1),(63,'T0.company','Company',1),(63,'T0.comp_tin','Comp Tin',1),(63,'T0.comp_address','Comp Address',1),(63,'T0.comp_zipcode','Comp Zipcode',1),(63,'T0.year','Year',1),(63,'T0.month_from','Month From',1),(63,'T0.month_to','Month To',1),(63,'T0.user_id','User Id',1),(63,'T0.full_name','Full Name',1),(63,'T0.emp_tin','Emp Tin',1),(63,'T0.emp_address','Emp Address',1),(63,'T0.emp_zipcode','Emp Zipcode',1),(63,'T0.birth_date','Birth Date',1),(63,'T0.civil_status_id','Civil Status Id',1),(63,'T0.minwageflag','Minwageflag',1),(63,'T0.item21','Item21',1),(63,'T0.item22','Item22',1),(63,'T0.item23','Item23',1),(63,'T0.item24','Item24',1),(63,'T0.item25','Item25',1),(63,'T0.item26','Item26',1),(63,'T0.item28','Item28',1),(63,'T0.item29','Item29',1),(63,'T0.item30A','Item30A',1),(63,'T0.item30B','Item30B',1),(63,'T0.item31','Item31',1),(63,'T0.item32','Item32',1),(63,'T0.item33','Item33',1),(63,'T0.item34','Item34',1),(63,'T0.item35','Item35',1),(63,'T0.item37','Item37',1),(63,'T0.item38','Item38',1),(63,'T0.item39','Item39',1),(63,'T0.item41','Item41',1),(63,'T0.item42','Item42',1),(63,'T0.item51','Item51',1),(63,'T0.item53','Item53',1),(63,'T0.item55','Item55',1),(3,'T0.company','company',1),(3,'T0.full_name','full_name',1),(3,'T0.id_number','id_number',1),(3,'T0.date','date',1),(3,'T0.time_from','time_from',1),(3,'T0.time_to','time_to',1),(3,'T0.REGOT','REGOT',1),(3,'T0.REGOT_ND','REGOT ND',1),(3,'T0.REGND','REGND',1),(3,'T0.RDOT','RDOT',1),(3,'T0.RDOT_ND','RDOT ND',1),(3,'T0.RDOT_EXCESS','RDOT EXCESS',1),(3,'T0.RDOT_ND_EXCESS','RDOT ND EXCESS',1),(3,'T0.LEGOT','LEGOT',1),(3,'T0.LEGOT_ND','LEGOT ND',1),(3,'T0.LEGOT_EXCESS','LEGOT EXCESS',1),(3,'T0.LEGOT_ND_EXCESS','LEGOT ND EXCESS',1),(3,'T0.SPEOT','SPEOT',1),(3,'T0.SPEOT_ND','SPEOT ND',1),(3,'T0.SPEOT_EXCESS','SPEOT EXCESS',1),(3,'T0.SPEOT_ND_EXCESS','SPEOT ND EXCESS',1),(3,'T0.DOBOT','DOBOT',1),(3,'T0.DOBOT_ND','DOBOT ND',1),(3,'T0.DOBOT_EXCESS','DOBOT EXCESS',1),(3,'T0.DOBOT_ND_EXCESS','DOBOT ND EXCESS',1),(3,'T0.LEGRDOT','LEGRDOT',1),(3,'T0.LEGRDOT_ND','LEGRDOT ND',1),(3,'T0.LEGRDOT_EXCESS','LEGRDOT EXCESS',1),(3,'T0.LEGRDOT_ND_EXCESS','LEGRDOT ND EXCESS',1),(3,'T0.SPERDOT','SPERDOT',1),(3,'T0.SPERDOT_ND','SPERDOT ND',1),(3,'T0.SPERDOT_EXCESS','SPERDOT EXCESS',1),(3,'T0.SPERDOT_ND_EXCESS','SPERDOT ND EXCESS',1),(3,'T0.DOBRDOT','DOBRDOT',1),(3,'T0.DOBRDOT_ND','DOBRDOT ND',1),(3,'T0.DOBRDOT_EXCESS','DOBRDOT EXCESS',1),(3,'T0.DOBRDOT_ND_EXCESS','DOBRDOT ND EXCESS',1),(3,'T0.day','Day',1);

/*Data for the table `ww_report_generator_filter_operators` */

insert  into `ww_report_generator_filter_operators`(`operator_id`,`operator`,`label`,`created_by`,`created_on`,`modified_by`,`modified_on`,`deleted`) values (1,'=','equals to',NULL,'2014-09-03 02:49:52',NULL,NULL,0),(2,'!=','not equals to',NULL,'2014-09-03 02:49:55',NULL,NULL,0),(3,'<','less than',NULL,'2014-09-03 02:49:57',NULL,NULL,0),(4,'<=','less than equal',NULL,'2014-09-03 02:50:00',NULL,NULL,0),(5,'>','greater than',NULL,'2014-09-03 02:50:05',NULL,NULL,0),(6,'>=','greater than equal',NULL,'2014-09-03 02:50:09',NULL,NULL,0),(7,'IN','in',NULL,'2014-09-03 02:50:20',NULL,NULL,0),(8,'NOT IN','not in',NULL,'2014-09-03 02:50:34',NULL,NULL,1),(9,'IS ','is',NULL,'2014-09-03 02:50:37',NULL,NULL,0),(10,'IS NULL','is null',NULL,'2014-09-03 02:50:47',NULL,NULL,0),(11,'LIKE','contains',NULL,'2014-09-03 02:52:28',NULL,NULL,0),(12,'NOT LIKE','does not contain',NULL,'2014-09-03 02:53:43',NULL,NULL,0),(13,'BETWEEN','between',NULL,'2016-02-17 10:39:08',NULL,NULL,0);

/*Data for the table `ww_report_generator_filter_uitype` */

insert  into `ww_report_generator_filter_uitype`(`uitype_id`,`uitype`,`deleted`) values (1,'Dropdown',0),(2,'Boolean',0),(3,'Date',0),(4,'Date and Time',0),(5,'Time',0),(6,'Text',0),(7,'Date Range',0),(8,'Number Range',1),(10,'Multi-Select Dropdown',0);

/*Data for the table `ww_report_generator_filters` */

insert  into `ww_report_generator_filters`(`filter_id`,`report_id`,`column`,`operator`,`filter`,`type`,`logical_operator`,`bracket`,`required`,`uitype_id`,`table`,`value_column`,`label_column`) values (123,1,'T0.publish_from','>=','1970-01-01',2,'AND',1,0,3,'','',''),(124,1,'T0.publish_to','<=','1970-01-01',2,'',1,0,3,'','',''),(246,19,'T0.company_id','=','1',2,'AND',1,0,1,'users_company','company_id','company'),(247,19,'T0.payroll_date','=','1970-01-01',2,'',1,0,3,'','',''),(298,0,'T0.status_id','<','7',1,'',1,0,6,'','',''),(492,13,'T0.company_id','=','1',2,'AND',1,0,1,'users_company','company_id','company'),(493,13,'T0.payroll_date','=','1970-01-01',2,'AND',1,0,3,'','',''),(494,13,'T0.department_id','IN','',2,'',1,0,9,'users_department','department_id','department'),(501,18,'T0.company_id','=','1',2,'AND',1,0,1,'users_company','company_id','company'),(502,18,'T0.payroll_date','=','1970-01-01',2,'AND',1,0,3,'','',''),(503,18,'T0.department_id','IN','',2,'',1,0,9,'users_department','department_id','department'),(620,34,'T0.company_id','=','1',2,'AND',1,0,1,'users_company','company_id','company'),(621,34,'T0.division_id','=','3',2,'',1,0,1,'users_division','division_id','division'),(626,35,'T0.company_id','=','1',2,'AND',1,0,1,'users_company','company_id','company'),(627,35,'T0.division_id','=','3',2,'',1,0,1,'users_division','division_id','division'),(642,37,'T0.company_id','=','1',2,'AND',1,0,1,'users_company','company_id','company'),(643,37,'T0.payroll_date','=','1970-01-01',2,'AND',1,0,3,'','',''),(644,37,'T0.department_id','IN','',2,'',1,0,9,'users_department','department_id','department'),(645,36,'T0.company_id','=','1',2,'AND',1,0,1,'users_company','company_id','company'),(646,36,'T0.division_id','=','3',2,'',1,0,1,'users_division','division_id','division'),(758,20,'T0.meal','>','0',1,'OR',1,0,6,'','',''),(759,20,'T0.transpo','>','0',1,'',1,0,6,'','',''),(760,20,'T0.company_id','=','1',2,'AND',1,0,1,'users_company','company_id','company'),(761,20,'T0.payroll_date','=','1970-01-01',2,'',1,0,3,'','',''),(782,43,'T0.meal','>','0',1,'OR',1,0,6,'','',''),(783,43,'T0.transpo','>','0',1,'',1,0,6,'','',''),(784,43,'T0.company_id','=','1',2,'AND',1,0,1,'users_company','company_id','company'),(785,43,'T0.date','>=','1970-01-01',2,'AND',1,0,3,'','',''),(786,43,'T0.date','<=','1970-01-01',2,'',1,0,3,'','',''),(791,45,'T0.company_id','=','29',2,'AND',1,0,1,'users_company','company_id','company'),(792,45,'T0.payroll_date','=','1970-01-01',2,'',1,0,3,'','',''),(899,52,'T0.company_id','=','21',2,'AND',1,0,1,'users_company','company_id','company'),(900,52,'T0.department_id','IN','',2,'',1,0,9,'users_department','department_id','department'),(1077,5,'T0.payroll_date','=','1970-01-01',2,'AND',1,0,3,'','',''),(1078,5,'T0.company_id','=','1',2,'',1,0,1,'users_company','company_id','company_code'),(1079,6,'T0.company_id','=','1',2,'AND',1,0,1,'users_company','company_id','company'),(1080,6,'T0.payroll_date','=','1970-01-01',2,'AND',1,0,3,'','',''),(1081,6,'T0.department_id','IN','',2,'',1,0,9,'users_department','department_id','department'),(1082,8,'T0.company_id','=','1',2,'AND',1,0,1,'users_company','company_id','company'),(1083,8,'T0.payroll_date','=','1970-01-01',2,'AND',1,0,3,'','',''),(1084,8,'T0.department_id','IN','',2,'',1,0,9,'users_department','department_id','department'),(1088,10,'T0.company_id','=','1',2,'AND',1,0,1,'users_company','company_id','company'),(1089,10,'T0.payroll_date','=','1970-01-01',2,'AND',1,0,3,'','',''),(1090,10,'T0.department_id','IN','',2,'',1,0,9,'users_department','department_id','department'),(1091,11,'T0.company_id','=','1',2,'AND',1,0,1,'users_company','company_id','company'),(1092,11,'T0.payroll_date','=','1970-01-01',2,'AND',1,0,3,'','',''),(1093,11,'T0.department_id','IN','',2,'',1,0,9,'users_department','department_id','department'),(1094,12,'T0.company_id','=','1',2,'AND',1,0,1,'users_company','company_id','company'),(1095,12,'T0.payroll_date','=','1970-01-01',2,'AND',1,0,3,'','',''),(1096,12,'T0.department_id','IN','',2,'',1,0,9,'users_department','department_id','department'),(1097,14,'T0.company_id','=','1',2,'AND',1,0,1,'users_company','company_id','company'),(1098,14,'T0.payroll_date','=','1970-01-01',2,'AND',1,0,3,'','',''),(1099,14,'T0.department_id','IN','',2,'',1,0,9,'users_department','department_id','department'),(1100,15,'T0.company_id','=','1',2,'AND',1,0,1,'users_company','company_id','company'),(1101,15,'T0.payroll_date','=','1970-01-01',2,'AND',1,0,3,'','',''),(1102,15,'T0.department_id','IN','',2,'',1,0,9,'users_department','department_id','department'),(1103,16,'T0.company_id','=','1',2,'AND',1,0,1,'users_company','company_id','company'),(1104,16,'T0.payroll_date','=','1970-01-01',2,'OR',1,0,3,'','',''),(1105,16,'T0.posting_date','=','1970-01-01',2,'',1,0,3,'','',''),(1172,33,'T0.company_id','=','1',2,'AND',1,0,1,'users_company','company_id','company'),(1173,33,'T0.payroll_date','=','1970-01-01',2,'AND',1,0,3,'','',''),(1174,33,'T0.department_id','IN','',2,'AND',1,0,9,'users_department','department_id','department'),(1175,33,'T0.type_id','IN','Adjustment',2,'',1,0,9,'time_record_process_type','time_record_process_type_id','time_record_process_type'),(1191,48,'T0.company_id','=','21',2,'AND',1,0,1,'users_company','company_id','company'),(1192,48,'T0.year','=','2016',2,'AND',1,0,9,'payroll_year','payroll_year','payroll_year'),(1193,48,'T0.month','=','4',2,'',1,0,9,'month','month_id','month'),(1204,58,'T0.company_id','=','21',2,'AND',1,0,9,'users_company','company_id','company'),(1205,58,'T0.department_id','IN','',2,'AND',1,0,9,'users_department','department_id','department'),(1206,58,'T0.year','=','2016',2,'AND',1,0,9,'payroll_year','payroll_year','payroll_year'),(1207,58,'T0.month','=','4',2,'',1,0,9,'month','month_id','month'),(1253,57,'T0.company_id','IN','21',2,'AND',1,0,9,'users_company','company_id','company'),(1254,57,'T0.year','IN','2016',2,'AND',1,0,9,'payroll_year','payroll_year','payroll_year'),(1255,57,'T0.month','IN','4',2,'AND',1,0,9,'month','month_id','month'),(1256,57,'T0.loan','IN',NULL,2,'',1,0,9,'payroll_loan','loan_id','loan'),(1272,31,'T0.company_id','=','21',2,'AND',1,0,1,'users_company','company_id','company'),(1273,31,'T0.year','=','11',2,'AND',1,0,9,'payroll_year','payroll_year','payroll_year'),(1274,31,'T0.month','=','38',2,'',1,0,9,'month','month_id','month'),(1275,31,'T0.department_id','IN','',2,'AND',2,0,9,'users_department','department_id','department'),(1276,31,'T0.user_id','=',NULL,2,'',2,0,1,'users','user_id','full_name'),(1277,32,'T0.company_id','=','21',2,'AND',1,0,1,'users_company','company_id','company'),(1278,32,'T0.year','=','11',2,'AND',1,0,9,'payroll_year','payroll_year','payroll_year'),(1279,32,'T0.month','=','38',2,'',1,0,9,'month','month_id','month'),(1280,32,'T0.department_id','IN','',2,'AND',2,0,9,'users_department','department_id','department'),(1281,32,'T0.user_id','=',NULL,2,'',2,0,1,'users','user_id','full_name'),(1282,30,'T0.company_id','=','21',2,'AND',1,0,1,'users_company','company_id','company'),(1283,30,'T0.year','=','11',2,'AND',1,0,9,'payroll_year','payroll_year','payroll_year'),(1284,30,'T0.month','in','38',2,'',1,0,9,'month','month_id','month'),(1285,30,'T0.department_id','IN','',2,'AND',2,0,9,'users_department','department_id','department'),(1286,30,'T0.user_id','in',NULL,2,'',2,0,9,'users','user_id','full_name'),(1287,28,'T0.company_id','=','21',2,'AND',1,0,1,'users_company','company_id','company'),(1288,28,'T0.year','=','11',2,'AND',1,0,9,'payroll_year','payroll_year','payroll_year'),(1289,28,'T0.month','=','38',2,'',1,0,9,'month','month_id','month'),(1290,28,'T0.department_id','IN','',2,'AND',2,0,9,'users_department','department_id','department'),(1291,28,'T0.user_id','=',NULL,2,'',2,0,1,'users','user_id','full_name'),(1292,59,'T0.company_id','=','21',2,'AND',1,0,1,'users_company','company_id','company'),(1293,59,'T0.year','=','',2,'AND',1,0,9,'payroll_year','payroll_year','payroll_year'),(1294,59,'T0.month','=','',2,'AND',1,0,9,'month','month_id','month'),(1295,59,'T0.user_id','=','1',2,'',1,0,1,'users','user_id','full_name'),(1300,42,'T0.company_id','=','21',2,'AND',1,0,1,'users_company','company_id','company'),(1301,42,'T0.payroll_date','=','1970-01-01',2,'',1,0,3,'','',''),(1307,61,'T0.company_id','IN','21',2,'AND',1,0,9,'users_company','company_id','company'),(1308,61,'T0.month','IN','4',2,'AND',1,0,9,'month','month_id','month'),(1309,61,'T0.year','IN','2016',2,'',1,0,9,'payroll_year','payroll_year','payroll_year'),(1318,60,'T0.company_id','IN','21',2,'AND',1,0,9,'users_company','company_id','company'),(1319,60,'T0.year','IN','1',2,'AND',1,0,9,'payroll_year','payroll_year','payroll_year'),(1320,60,'T0.month','IN',NULL,2,'AND',1,0,9,'month','month_id','month'),(1321,60,'T0.user_id','=',NULL,2,'',1,0,1,'users','user_id','full_name'),(1322,17,'T0.company_id','=','1',2,'AND',1,0,1,'users_company','company_id','company'),(1323,17,'T0.payroll_date','=','1970-01-01',2,'AND',1,0,3,'','',''),(1324,17,'T0.department_id','IN','',2,'',1,0,9,'users_department','department_id','department'),(1330,27,'T0.company_id','=','21',2,'AND',1,0,1,'users_company','company_id','company'),(1331,27,'T0.year','=','11',2,'AND',1,0,9,'payroll_year','payroll_year','payroll_year'),(1332,27,'T0.period_month','IN','1',2,'',1,0,9,'quarters','quarters_id','quarters'),(1333,27,'T0.department_id','IN','',2,'AND',2,0,9,'users_department','department_id','department'),(1334,27,'T0.user_id','IN',NULL,2,'',2,0,9,'users','user_id','full_name'),(1340,25,'T0.company_id','=','21',2,'AND',1,0,1,'users_company','company_id','company'),(1341,25,'T0.year','=','2016',2,'AND',1,0,1,'payroll_year','payroll_year','payroll_year'),(1342,25,'T0.month','=','4',2,'AND',1,0,1,'month','month_id','month'),(1343,25,'T0.department_id','IN','',2,'AND',2,0,9,'users_department','department_id','department'),(1344,25,'T0.user_id','IN','38',2,'',2,0,9,'users','user_id','full_name'),(1348,40,'T0.company_id','=','1',2,'AND',1,0,1,'users_company','company_id','company'),(1349,40,'T0.department_id','IN','',2,'AND',1,0,9,'users_department','department_id','department'),(1350,40,'T0.payroll_date','=','1970-01-01',2,'',1,0,3,'','',''),(1351,41,'T0.company_id','=','21',2,'AND',1,0,1,'users_company','company_id','company'),(1352,41,'T0.department_id','IN','',2,'AND',1,0,9,'users_department','department_id','department'),(1353,41,'T0.payroll_date','=','1970-01-01',2,'',1,0,3,'','',''),(1357,39,'T0.company_id','=','21',2,'AND',1,0,1,'users_company','company_id','company'),(1358,39,'T0.department_id','IN','',2,'AND',1,0,9,'users_department','department_id','department'),(1359,39,'T0.payroll_date','=','1970-01-01',2,'',1,0,3,'','',''),(1365,50,'T0.company_id','=','1',2,'AND',1,0,1,'users_company','company_id','company'),(1366,50,'T0.payroll_date','=','1970-01-01',2,'AND',1,0,3,'','',''),(1367,24,'T0.company_id','=','21',2,'AND',1,0,1,'users_company','company_id','company'),(1368,24,'T0.department_id','IN','',2,'AND',2,0,9,'users_department','department_id','department'),(1369,24,'T0.user_id','=','38',2,'',2,0,1,'users','user_id','full_name'),(1370,24,'T0.year','IN','2016',2,'AND',1,0,9,'payroll_year','payroll_year','payroll_year'),(1371,24,'T0.period_month','IN','1',2,'AND',1,0,9,'quarters','quarters_id','quarters'),(1387,64,'T0.company_id','=','',2,'AND',1,0,1,'users_company','company_id','company'),(1388,64,'T0.payroll_date','=','1970-01-01',2,'',1,0,3,'','',''),(1389,46,'T0.payroll_date','=','1970-01-01',2,'AND',1,0,3,'','',''),(1390,46,'T0.company_id','=','21',2,'',1,0,1,'users_company','company_id','company'),(1411,29,'T0.company_id','=','21',2,'AND',1,0,1,'users_company','company_id','company'),(1412,29,'T0.year','=',NULL,2,'AND',1,0,9,'payroll_year','payroll_year','payroll_year'),(1413,29,'T0.month','=',NULL,2,'',1,0,9,'month','month_id','month'),(1414,29,'T0.department_id','IN',NULL,2,'AND',2,0,9,'users_department','department_id','department'),(1415,29,'T0.user_id','=',NULL,2,'',2,0,9,'users','user_id','full_name'),(1421,26,'T0.company_id','=','21',2,'AND',1,0,1,'users_company','company_id','company'),(1422,26,'T0.payroll_date','>=','1970-01-01',2,'AND',1,0,3,'','',''),(1423,26,'T0.payroll_date','<=','1970-01-01',2,'',1,0,3,'','',''),(1424,26,'T0.department_id','IN','38',2,'AND',2,0,9,'users_department','department_id','department'),(1425,26,'T0.user_id','=',NULL,2,'',2,0,1,'users','user_id','full_name'),(1506,68,'T0.company_id','=','2',2,'',1,0,1,'ww_users_company','company_id','company'),(1511,66,'T0.company_id','=','2',2,'',1,0,1,'ww_users_company','company_id','company'),(1512,66,'T0.department_id','=','1',2,'',1,0,1,'ww_users_department','department_id','department'),(1513,66,'T0.year','=','2016',2,'',1,0,1,'ww_payroll_year','payroll_year','payroll_year'),(1514,66,'T0.month_id','=','4',2,'',1,0,1,'month','month_id','month'),(1515,7,'T0.company_id','=','2',2,'AND',1,0,1,'users_company','company_id','company'),(1516,7,'T0.month','=','4',2,'',1,0,1,'month','month_id','month'),(1517,67,'T0.company_id','=','2',2,'AND',1,0,1,'users_company','company_id','company'),(1518,67,'T0.department_id','=','1',2,'AND',1,0,1,'users_department','department_id','department'),(1519,67,'T0.employee','=','0',2,'AND',1,0,1,'partners','user_id','alias'),(1520,67,'T0.date','>=','1970-01-01',2,'AND',1,0,3,'partners','user_id','alias'),(1521,67,'T0.date','<=','1970-01-01',2,'',1,0,3,'partners','user_id','alias'),(1522,69,'T0.company_id','=','2',2,'',1,0,1,'users_company','company_id','company'),(1523,56,'T0.company_id','=','1',2,'AND',1,0,1,'users_company','company_id','company'),(1524,56,'T0.department_id','IN','1970-01-01',2,'AND',1,0,9,'users_department','department_id','department'),(1525,56,'T0.date','>=','1970-01-01',2,'AND',1,0,3,'','',''),(1526,56,'T0.date','<=','1970-01-01',2,'',1,0,3,'','',''),(1527,65,'T0.company_id','=','2',2,'AND',1,0,1,'users_company','company_id','company'),(1528,65,'T0.payroll_date','>=','1970-01-01',2,'AND',1,0,3,'users_company','company_id','company'),(1529,65,'T0.payroll_date','<=','1970-01-01',2,'',1,0,3,'users_company','company_id','company'),(1530,65,'T0.department_id','=','11',2,'AND',2,0,1,'users_department','department_id','department'),(1531,65,'T0.user_id','=','1',2,'',2,0,1,'users','user_id','full_name'),(1532,23,'T0.company_id','=','2',2,'AND',1,0,1,'users_company','company_id','company'),(1533,23,'T0.payroll_date','>=','1970-01-01',2,'AND',1,0,3,'','',''),(1534,23,'T0.payroll_date','<=','1970-01-01',2,'',1,0,3,'','',''),(1535,23,'T0.department_id','IN','1',2,'AND',2,0,9,'users_department','department_id','department'),(1536,23,'T0.user_id','=','1',2,'',2,0,1,'users','user_id','full_name'),(1593,71,'T0.company_id','=','1',2,'',1,0,1,'ww_users_company','company_id','company'),(1594,71,'T0.payroll_date','=','1970-01-01',2,'',1,0,3,'ww_users_company','company_id','company'),(1595,71,'T0.project_id','=','5',2,'',1,0,1,'ww_users_project','project_id','project'),(1596,71,'T0.payroll_rate_type_id','=','4',2,'',1,0,1,'ww_payroll_rate_type','payroll_rate_type_id','payroll_rate_type'),(1613,72,'T0.company_id','=','1',2,'',1,0,1,'users_company','company_id','company'),(1614,72,'T0.payroll_date','=','1970-01-01',2,'',1,0,3,'users_company','company_id','company'),(1615,72,'T0.project_id','=','5',2,'',1,0,1,'users_project','project_id','project'),(1616,72,'T0.payroll_rate_type_id','=','4',2,'',1,0,1,'payroll_rate_type','payroll_rate_type_id','payroll_rate_type'),(1626,73,'T0.company_id','=','1',2,'',1,0,1,'users_company','company_id','company'),(1627,73,'T0.payroll_date','=','1970-01-01',2,'',1,0,3,'users_company','company_id','company'),(1628,73,'T0.project_id','=','5',2,'',1,0,1,'users_project','project_id','project'),(1629,73,'T0.project_id','=','4',2,'',1,0,1,'payroll_rate_type','payroll_rate_type_id','payroll_rate_type'),(1844,78,'T0.company_id','=','1',2,'AND',1,0,1,'ww_users_company','company_id','company'),(1845,78,'T0.project_id','=','5',2,'AND',1,0,1,'ww_users_project','project_id','project'),(1846,78,'T0.department_id','=','3',2,'AND',1,0,1,'ww_users_department','department_id','department'),(1847,78,'T0.date_used','>=','1970-01-01',2,'AND',1,0,3,'ww_users_department','department_id','department'),(1848,78,'T0.date_used','<=','1970-01-01',2,'AND',1,0,3,'ww_users_department','department_id','department'),(1849,78,'T0.user_id','=','1',2,'AND',1,0,1,'users','user_id','full_name'),(1850,78,'T0.form_id','=','4',2,'AND',1,0,1,'time_form','form_id','form'),(1855,21,'T0.active','=','1',1,'AND',1,0,6,'','',''),(1856,21,'T0.company_id','=','1',2,'',1,0,1,'users_company','company_id','company'),(1857,21,'T0.project_id','=','5',2,'',1,0,1,'users_project','project_id','project'),(1858,21,'T0.department_id','=','3',2,'',1,0,1,'users_department','department_id','department'),(1868,49,'T0.company_id','=','2',2,'AND',1,0,1,'users_company','company_id','company'),(1869,49,'T0.payroll_date','=','1970-01-01',2,'',1,0,3,'','',''),(1899,80,'T0.company_id','=','1',2,'AND',1,0,1,'users_company','company_id','company'),(1900,80,'T0.project_name','IN',NULL,2,'AND',1,0,9,'users_project','project_id','project'),(1901,80,'T0.position','IN',NULL,2,'AND',1,0,9,'users_position','position_id','position'),(1902,80,'T0.employee_name','IN',NULL,2,'',1,0,9,'users','user_id','full_name'),(2063,77,'T0.company_id','=','1',2,'AND',1,0,1,'ww_users_company','company_id','company'),(2064,77,'T0.project_id','=','5',2,'AND',1,0,1,'ww_users_project','project_id','project'),(2065,77,'T0.department_id','=','3',2,'AND',1,0,1,'ww_users_department','department_id','department'),(2066,77,'T0.user_id','IN',NULL,2,'',1,0,9,'users','user_id','full_name'),(2067,81,'T0.company_id','=','1',2,'',1,0,1,'users_company','company_id','company'),(2073,22,'T0.company_id','=','2',2,'AND',1,0,1,'users_company','company_id','company'),(2074,22,'T0.year','=','2',2,'AND',1,0,9,'payroll_year','payroll_year','payroll_year'),(2075,22,'T0.month','=',NULL,2,'',1,0,9,'month','month_id','month'),(2076,22,'T0.department_id','IN',NULL,2,'AND',2,0,9,'users_department','department_id','department'),(2077,22,'T0.user_id','=',NULL,2,'',2,0,1,'users','user_id','full_name'),(2078,82,'T0.company_id','=','2',2,'AND',1,0,1,'users_company','company_id','company'),(2079,82,'T0.loan_type_id','IN','',2,'AND',1,0,9,'payroll_loan_type','loan_type_id','loan_type'),(2080,82,'T0.year','=','',2,'AND',1,0,1,'payroll_year','payroll_year','payroll_year'),(2081,82,'T0.month_id','=','',2,'',1,0,1,'month','month_id','month'),(2083,79,'T1.recruit_id','=','10',2,'',1,0,1,'recruitment','recruit_id','fullname'),(2092,9,'T0.company_id','=','1',2,'AND',1,0,1,'users_company','company_id','company'),(2093,9,'T0.project_id','=','10',2,'AND',1,0,1,'users_project','project_id','project'),(2094,9,'T0.transaction_id','IN','213',2,'AND',1,0,9,'payroll_transaction','transaction_id','transaction_label'),(2095,9,'T0.payroll_rate_type_id','=','4',2,'AND',1,0,1,'payroll_rate_type','payroll_rate_type_id','payroll_rate_type'),(2096,9,'T0.payroll_date','=','1970-01-01',2,'',1,0,3,'payroll_rate_type','payroll_rate_type_id','payroll_rate_type'),(2124,83,'T0.company_id','=','1',2,'AND',1,0,1,'users_company','company_id','company'),(2125,83,'T0.project_id','=','10',2,'AND',1,0,1,'users_project','project_id','project'),(2126,83,'T0.transaction_id','IN','213',2,'AND',1,0,9,'payroll_transaction','transaction_id','transaction_label'),(2127,83,'T0.payroll_rate_type_id','=','4',2,'AND',1,0,1,'payroll_rate_type','payroll_rate_type_id','payroll_rate_type'),(2128,83,'T0.payroll_date','=','1970-01-01',2,'',1,0,3,'payroll_rate_type','payroll_rate_type_id','payroll_rate_type'),(2145,85,'T0.recruit_id','=','10',2,'',1,0,1,'ww_recruitment','recruit_id','fullname'),(2155,70,'T0.company_id','=','1',2,'AND',1,0,1,'users_company','company_id','company'),(2156,70,'T0.project_id','=','5',2,'AND',1,0,1,'users_project','project_id','project'),(2157,70,'T0.department_id','=','3',2,'AND',1,0,1,'users_department','department_id','department'),(2158,70,'T0.user_id','=','2',2,'AND',1,0,1,'partners','user_id','alias'),(2159,70,'T0.year','=','2016',2,'AND',1,0,1,'payroll_year','payroll_year','payroll_year'),(2177,86,'T0.company_id','=','1',2,'AND',1,0,1,'users_company','company_id','company'),(2178,86,'T0.project_id','=','10',2,'AND',1,0,1,'users_project','project_id','project'),(2179,86,'T0.payroll_rate_type_id','=','4',2,'AND',1,0,1,'payroll_rate_type','payroll_rate_type_id','payroll_rate_type'),(2180,86,'T0.payroll_date','=','1970-01-01',2,'',1,0,3,'payroll_rate_type','payroll_rate_type_id','payroll_rate_type'),(2181,87,'T0.company_id','=','1',2,'AND',1,0,1,'users_company','company_id','company'),(2182,87,'T0.project_id','=','10',2,'AND',1,0,1,'users_project','project_id','project'),(2183,87,'T0.payroll_rate_type_id','=','4',2,'AND',1,0,1,'payroll_rate_type','payroll_rate_type_id','payroll_rate_type'),(2184,87,'T0.payroll_date','=','1970-01-01',2,'',1,0,3,'payroll_rate_type','payroll_rate_type_id','payroll_rate_type'),(2193,88,'T0.company_id','=','1',2,'AND',1,0,1,'users_company','company_id','company'),(2194,88,'T0.project_id','=','10',2,'AND',1,0,1,'users_project','project_id','project'),(2195,88,'T0.payroll_rate_type_id','=','4',2,'AND',1,0,1,'payroll_rate_type','payroll_rate_type_id','payroll_rate_type'),(2196,88,'T0.payroll_date','=','1970-01-01',2,'',1,0,3,'payroll_rate_type','payroll_rate_type_id','payroll_rate_type'),(2207,47,'T0.company_id','=','1',2,'AND',1,0,1,'users_company','company_id','company'),(2208,47,'T0.project_id','=','4',2,'AND',1,0,1,'users_project','project_id','project'),(2209,47,'T0.payroll_rate_type_id','=','4',2,'AND',1,0,1,'payroll_rate_type','payroll_rate_type_id','payroll_rate_type'),(2210,47,'T0.payroll_date','=','1970-01-01',2,'AND',1,0,3,'','',''),(2211,47,'T0.employee','IN','10',2,'',1,0,9,'users','user_id','full_name'),(2216,89,'T0.company_id','=','1',2,'AND',1,0,1,'users_company','company_id','company'),(2217,89,'T0.project_id','=','4',2,'AND',1,0,1,'users_project','project_id','project'),(2218,89,'T0.payroll_date','=','1970-01-01',2,'AND',1,0,3,'','',''),(2219,89,'T0.employee','IN','10',2,'',1,0,9,'users','user_id','full_name'),(2233,91,'T0.company_id','=','1',2,'AND',1,0,1,'users_company','company_id','company'),(2234,91,'T0.project_id','=','10',2,'AND',1,0,1,'users_project','project_id','project'),(2235,91,'T0.payroll_rate_type_id','=','4',2,'AND',1,0,1,'payroll_rate_type','payroll_rate_type_id','payroll_rate_type'),(2236,91,'T0.year','=','2016',2,'AND',1,0,1,'payroll_year','payroll_year','payroll_year'),(2237,91,'T0.user_id','=','2',2,'AND',1,0,1,'users','user_id','full_name'),(2254,84,'T0.company_id','=','1',2,'AND',1,0,1,'users_company','company_id','company'),(2255,84,'T0.project_id','=','10',2,'AND',1,0,1,'users_project','project_id','project'),(2256,84,'T0.payroll_rate_type_id','=','4',2,'AND',1,0,1,'payroll_rate_type','payroll_rate_type_id','payroll_rate_type'),(2257,84,'T0.payroll_date','=','1970-01-01',2,'',1,0,3,'','',''),(2258,84,'T0.classification_id','=','1',2,'AND',1,0,1,'partners_classification','classification_id','classification'),(2264,90,'T0.company_id','=','1',2,'AND',1,0,1,'users_company','company_id','company'),(2265,90,'T0.project_id','=','10',2,'AND',1,0,1,'users_project','project_id','project'),(2266,90,'T0.payroll_rate_type_id','=','4',2,'AND',1,0,1,'payroll_rate_type','payroll_rate_type_id','payroll_rate_type'),(2267,90,'T0.payroll_date','=','1970-01-01',2,'',1,0,3,'','',''),(2268,90,'T0.classification_id','=','1',2,'AND',1,0,1,'partners_classification','classification_id','classification'),(2269,62,'T0.company_id','=','1',2,'AND',1,0,1,'users_company','company_id','company'),(2270,62,'T0.year','=','2016',2,'AND',1,0,1,'payroll_year','payroll_year','payroll_year'),(2271,62,'T0.month','=','4',2,'',1,0,1,'month','month_id','month'),(2272,63,'T0.company_id','=','1',2,'AND',1,0,1,'users_company','company_id','company'),(2273,63,'T0.year','=','2016',2,'AND',1,0,1,'payroll_year','payroll_year','payroll_year'),(2274,63,'T0.user_id','=','1',2,'',1,0,1,'users','user_id','full_name'),(2275,3,'T0.actual','>','0',1,'',1,0,6,'','',''),(2276,3,'T0.company_id','=','1',2,'',1,0,1,'users_company','company_id','company_code'),(2277,3,'T0.payroll_date','=','1970-01-01',2,'AND',1,1,3,'','','');

/*Data for the table `ww_report_generator_grouping` */

insert  into `ww_report_generator_grouping`(`report_id`,`column`) values (1,'T0.apply_to_id'),(72,'T0.project_id');

/*Data for the table `ww_report_generator_letterhead` */

insert  into `ww_report_generator_letterhead`(`report_id`,`template`,`place_in`) values (1,'',1),(1,'',2),(19,'',1),(19,'',2),(0,'',1),(0,'',2),(13,'',1),(13,'',2),(18,'',1),(18,'',2),(34,'Phil-Data Business Systems, Inc.',1),(34,'',2),(35,'PHIL-DATA ATTRITION REPORT',1),(35,'',2),(37,'',1),(37,'',2),(36,'',1),(36,'',2),(20,'',1),(20,'',2),(43,'',1),(43,'',2),(44,'',1),(44,'',2),(45,'BDO Bank Remittance',1),(45,'',2),(52,'13th Month Basis',1),(52,'',2),(5,'',1),(5,'',2),(6,'',1),(6,'',2),(8,'',1),(8,'',2),(10,'',1),(10,'',2),(11,'',1),(11,'',2),(12,'',1),(12,'',2),(14,'ATM Register',1),(14,'',2),(15,'',1),(15,'',2),(16,'BDO Bank Remittance',1),(16,'',2),(33,'',1),(33,'',2),(48,'',1),(48,'',2),(51,'',1),(51,'',2),(58,'',1),(58,'',2),(57,'',1),(57,'',2),(31,'',1),(31,'',2),(32,'',1),(32,'',2),(30,'',1),(30,'',2),(28,'',1),(28,'',2),(59,'',1),(59,'',2),(42,'',1),(42,'',2),(61,'',1),(61,'',2),(60,'',1),(60,'',2),(17,'',1),(17,'',2),(27,'',1),(27,'',2),(25,'',1),(25,'',2),(40,'',1),(40,'',2),(41,'',1),(41,'',2),(39,'',1),(39,'',2),(50,'',1),(50,'',2),(24,'',1),(24,'',2),(64,'',1),(64,'',2),(46,'',1),(46,'',2),(29,'',1),(29,'',2),(26,'',1),(26,'',2),(68,'',1),(68,'',2),(66,'',1),(66,'',2),(7,'',1),(7,'',2),(67,'',1),(67,'',2),(69,'',1),(69,'',2),(56,'',1),(56,'',2),(38,'',1),(38,'',2),(65,'',1),(65,'',2),(23,'',1),(23,'',2),(71,'',1),(71,'',2),(72,'',1),(72,'',2),(73,'',1),(73,'',2),(75,'',1),(75,'',2),(76,'',1),(76,'',2),(78,'',1),(78,'',2),(21,'',1),(21,'',2),(49,'',1),(49,'',2),(80,'',1),(80,'',2),(77,'',1),(77,'<table>\r\n    	<tr>\r\n    		<td class=\"text-bold\">ERNESTO M. NONAN</td>\r\n    	</tr>\r\n    	<tr>\r\n    		<td>Assistant Vice President</td>\r\n    	</tr>\r\n    	<tr>\r\n    		<td>Tirso Garcia</td>\r\n    	</tr>\r\n    	<tr>\r\n    		<td>_______________________</td>\r\n    	',2),(22,'',1),(22,'',2),(82,'',1),(82,'',2),(79,'',1),(79,'',2),(9,'',1),(9,'',2),(83,'',1),(83,'',2),(85,'',1),(85,'',2),(70,'',1),(70,'',2),(81,'',1),(81,'',2),(86,'',1),(86,'',2),(87,'',1),(87,'',2),(88,'',1),(88,'',2),(47,'',1),(47,'',2),(89,'',1),(89,'',2),(91,'',1),(91,'',2),(84,'',1),(84,'',2),(90,'',1),(90,'',2),(62,'',1),(62,'',2),(63,'',1),(63,'',2),(3,'',1),(3,'',2);

/*Data for the table `ww_report_generator_role` */

insert  into `ww_report_generator_role`(`report_id`,`role_id`) values (0,1),(0,3),(0,4),(0,5),(0,7),(13,1),(13,8),(18,1),(18,8),(34,1),(35,1),(37,1),(37,8),(36,1),(20,1),(20,6),(20,8),(43,1),(43,8),(43,9),(44,2),(44,8),(44,9),(45,1),(45,8),(45,9),(52,1),(52,8),(52,9),(5,1),(5,2),(5,6),(5,8),(5,20),(5,22),(6,1),(6,8),(6,9),(6,20),(8,1),(8,8),(8,20),(10,1),(10,8),(10,20),(11,1),(11,8),(11,20),(12,1),(12,8),(12,20),(14,1),(14,8),(14,20),(15,1),(15,8),(15,20),(16,1),(16,8),(16,9),(16,20),(33,1),(33,6),(33,8),(33,20),(48,1),(48,8),(48,9),(48,20),(51,1),(51,8),(51,9),(51,20),(58,1),(58,8),(58,20),(57,1),(57,8),(57,20),(31,1),(31,8),(31,20),(32,1),(32,8),(32,20),(30,1),(30,8),(30,20),(28,1),(28,8),(28,20),(59,1),(59,8),(42,1),(42,8),(42,9),(42,20),(61,1),(61,8),(60,1),(60,8),(27,1),(27,8),(27,20),(25,1),(25,8),(25,20),(40,1),(40,8),(40,9),(40,20),(41,1),(41,8),(41,9),(41,20),(39,1),(39,8),(39,9),(39,20),(50,1),(50,8),(50,9),(50,20),(24,1),(24,8),(24,20),(64,1),(64,8),(46,1),(46,8),(46,9),(46,20),(29,1),(29,8),(29,20),(26,1),(26,8),(26,20),(68,1),(68,2),(68,3),(68,4),(68,5),(68,6),(68,7),(68,8),(68,9),(66,1),(66,2),(66,3),(66,4),(66,5),(66,6),(66,7),(66,8),(66,9),(7,1),(7,2),(7,3),(7,6),(7,22),(67,1),(67,2),(67,3),(67,6),(67,8),(67,20),(67,22),(69,1),(69,2),(69,3),(69,6),(69,8),(69,22),(38,1),(65,1),(65,2),(65,8),(23,1),(23,8),(71,1),(71,2),(71,8),(72,1),(72,2),(73,1),(73,2),(78,1),(78,2),(78,8),(21,1),(21,2),(21,3),(21,4),(21,6),(21,8),(49,1),(49,8),(49,9),(80,1),(80,2),(80,3),(77,1),(77,2),(77,3),(77,4),(77,6),(77,8),(22,1),(22,8),(82,1),(82,2),(82,8),(82,9),(79,1),(79,2),(79,3),(79,4),(79,5),(79,6),(79,7),(79,8),(79,9),(79,10),(79,11),(79,12),(79,21),(9,1),(9,8),(83,1),(83,8),(85,1),(85,2),(85,3),(85,4),(85,5),(85,6),(85,7),(85,8),(85,9),(85,10),(85,11),(85,12),(85,21),(70,1),(70,2),(70,8),(81,8),(81,6),(81,4),(81,3),(81,2),(81,1),(86,1),(86,8),(87,1),(87,8),(88,1),(88,8),(47,1),(47,8),(89,1),(89,8),(91,1),(91,8),(84,1),(84,8),(90,1),(90,8),(62,1),(62,8),(63,1),(63,2),(63,8),(3,1),(3,2),(3,8),(3,22);

/*Data for the table `ww_report_generator_sorting` */

insert  into `ww_report_generator_sorting`(`report_id`,`column`,`sorting`) values (1,'T0.memo_title','ASC'),(19,'T0.company','ASC'),(19,'T0.full_name','ASC'),(19,'T0.date','ASC'),(0,'T1.company','ASC'),(0,'T2.full_name','ASC'),(0,'T0.effectivity_date','ASC'),(13,'T0.transaction_label','ASC'),(13,'T0.full_name','ASC'),(20,'T0.company','ASC'),(20,'T0.full_name','ASC'),(20,'T0.date','ASC'),(43,'T0.company','ASC'),(43,'T0.full_name','ASC'),(43,'T0.date','ASC'),(5,'T0.company','ASC'),(5,'T0.full_name','ASC'),(5,'T0.date','ASC'),(6,'T0.full_name','ASC'),(10,'T0.full_name','ASC'),(14,'T0.full_name','ASC'),(15,'T0.department','ASC'),(15,'T0.full_name','ASC'),(16,'T0.full_name','ASC'),(17,'T0.arrangement','ASC'),(40,'T0.department','ASC'),(41,'T0.department','ASC'),(39,'T0.department','ASC'),(50,'T0.arrangement','ASC'),(50,'T0.account_title','ASC'),(50,'T0.transaction_type_id','ASC'),(50,'T0.particulars','ASC'),(50,'T0.dept','ASC'),(66,'T0.month','ASC'),(7,'T0.company_id','ASC'),(7,'T0.full_name','ASC'),(7,'T0.date','ASC'),(72,'T0.date','ASC'),(49,'T0.arrangement','ASC'),(49,'T0.account_title','ASC'),(49,'T0.transaction_type_id','ASC'),(49,'T0.particulars','ASC'),(49,'T0.dept','ASC'),(82,'T0.employee_name','ASC'),(3,'T0.company','ASC'),(3,'T0.full_name','ASC'),(3,'T0.date','ASC');

/*Data for the table `ww_report_generator_tables` */

insert  into `ww_report_generator_tables`(`report_table_id`,`report_id`,`table`,`primary`,`alias`,`join_type`,`join_from_column`,`on_operator`,`join_to_column`) values (89,1,'ww_memo',1,'T0','','','',''),(90,1,'ww_memo_recipient',0,'T1','LEFT JOIN','T1.memo_id','=','T0.memo_id'),(147,19,'report_time_compliance',1,'T0','','','',''),(168,0,'partners',1,'T0','','','',''),(169,0,'ww_users_profile',0,'T1','LEFT JOIN','T1.user_id','=','T0.user_id'),(170,0,'ww_users',0,'T2','LEFT JOIN','T2.user_id','=','T0.user_id'),(171,0,'ww_users_position',0,'T3','LEFT JOIN','T3.position_id','=','T1.position_id'),(253,13,'payroll_deduction_schedule_dtl',1,'T0','','','',''),(256,18,'payroll_payslip',1,'T0','','','',''),(331,34,'manpower_movement_report',1,'T0','','','',''),(334,35,'attrition_report',1,'T0','','','',''),(340,37,'payroll_payslip',1,'T0','','','',''),(355,36,'new_hires_report',1,'T0','','','',''),(395,20,'report_time_overtime',1,'T0','','','',''),(400,43,'report_time_overtime',1,'T0','','','',''),(401,44,'payroll_bank_details_report',1,'T0','','','',''),(404,45,'payroll_atm_register',1,'T0','','','',''),(460,52,'payroll_bonus_basis',1,'T0','','','',''),(529,5,'report_time_iar',1,'T0','','','',''),(530,6,'payroll_preliminary_report',1,'T0','','','',''),(531,8,'payroll_preliminary_earnings',1,'T0','','','',''),(533,10,'payroll_register_report',1,'T0','','','',''),(534,11,'payroll_register_earnings',1,'T0','','','',''),(535,12,'payroll_register_deduction',1,'T0','','','',''),(536,14,'payroll_atm_register',1,'T0','','','',''),(537,15,'payroll_non_atm_register',1,'T0','','','',''),(538,16,'payroll_atm_register',1,'T0','','','',''),(553,33,'payroll_attendance_adjustment',1,'T0','','','',''),(561,48,'payroll_tax',1,'T0','','','',''),(564,51,'payroll_account_report',1,'T0','','','',''),(566,58,'payroll_partners_loan_hdmf',1,'T0','','','',''),(592,57,'payroll_partners_loan',1,'T0','','','',''),(596,31,'payroll_partners_contribution',1,'T0','','','',''),(597,32,'payroll_partners_contribution',1,'T0','','','',''),(598,30,'payroll_partners_contribution',1,'T0','','','',''),(599,28,'payroll_partners_contribution',1,'T0','','','',''),(600,59,'partners_report',1,'T0','','','',''),(602,42,'payroll_bank_details_report',1,'T0','','','',''),(604,61,'payroll_sssr5_report',1,'T0','','','',''),(607,60,'partners_report',1,'T0','','','',''),(608,17,'payroll_journal_voucher',1,'T0','','','',''),(610,27,'payroll_partners_contribution_quarterly',1,'T0','','','',''),(612,25,'payroll_sss_to_disk_report',1,'T0','','','',''),(614,40,'payroll_register_current_report',1,'T0','','','',''),(615,41,'payroll_register_closed_report',1,'T0','','','',''),(617,39,'payroll_register_cost_center',1,'T0','','','',''),(620,50,'payroll_journal_voucher_extended',1,'T0','','','',''),(621,24,'payroll_partners_contribution_quarterly',1,'T0','','','',''),(629,64,'payroll_journal_headers',1,'T0','','','',''),(630,46,'payroll_authority_debit',1,'T0','','','',''),(635,29,'payroll_partners_contribution',1,'T0','','','',''),(637,26,'payroll_partners_contribution',1,'T0','','','',''),(672,68,'report_partners_manpower',1,'T0','','','',''),(674,66,'report_time_perfect_attendance',1,'T0','','','',''),(675,7,'report_time_tardiness',1,'T0','','','',''),(676,67,'report_time_daily_time_record_optimum',1,'T0','','','',''),(677,69,'report_leave_summary',1,'T0','','','',''),(678,56,'report_time_daily_time_record',1,'T0','','','',''),(679,38,'report_recruitment_funnel',1,'T0','','','',''),(680,65,'payroll_partners_contribution',1,'T0','','','',''),(681,23,'payroll_partners_contribution',1,'T0','','','',''),(697,71,'time_forms_logs_monitoring',1,'T0','','','',''),(702,72,'report_late_monitoring',1,'T0','','','',''),(705,73,'report_late_monitoring',1,'T0','','','',''),(706,75,'partners_termination_letter_view',1,'T0','','','',''),(707,76,'partners_termination_letter_view',1,'T0','','','',''),(881,78,'time_forms_leave_monitoring',1,'T0','','','',''),(883,21,'partners_details',1,'T0','','','',''),(895,49,'payroll_journal_voucher_extended',1,'T0','','','',''),(912,80,'report_resume_bidding',1,'T0','','','',''),(955,77,'partners_termination_letter_view',1,'T0','','','',''),(956,81,'partner_manpower_status_report',1,'T0','','','',''),(958,22,'payroll_partners_contribution',1,'T0','','','',''),(959,82,'payroll_sss_loan',1,'T0','','','',''),(962,79,'applicant_details',1,'T0','','','',''),(963,79,'ww_recruitment',0,'T1','LEFT JOIN','T1.recruit_id','=','T0.recruit_id'),(966,9,'payroll_preliminary_deduction',1,'T0','','','',''),(974,83,'payroll_deduction',1,'T0','','','',''),(981,85,'applicant_details',1,'T0','','','',''),(982,85,'ww_recruitment',0,'T1','LEFT JOIN','T1.recruit_id','=','T0.recruit_id'),(985,70,'time_forms_sl_vl_detail',1,'T0','','','',''),(990,86,'payroll_register_position_current_report',1,'T0','','','',''),(991,87,'payroll_register_position_closed_report',1,'T0','','','',''),(994,88,'payroll_manpower_charging_summary',1,'T0','','','',''),(997,47,'payroll_payslip_riofil',1,'T0','','','',''),(999,89,'payroll_payslip_riofil',1,'T0','','','',''),(1005,91,'payroll_exit_clearance_report',1,'T0','','','',''),(1010,84,'payroll_salary_distribution',1,'T0','','','',''),(1012,90,'payroll_manpower_charging_detail',1,'T0','','','',''),(1013,62,'payroll_1601c',1,'T0','','','',''),(1014,63,'payroll_bir',1,'T0','','','',''),(1015,3,'report_time_overtime',1,'T0','','','','');

/*Data for the table `ww_report_result_filters` */

insert  into `ww_report_result_filters`(`result_id`,`column`,`operator`,`filter`) values (8,'T0.publish_from','>=','January 01, 2014'),(8,'T0.publish_from','<=','September 10, 2014'),(9,'T0.publish_from','>=','January 01, 2014'),(9,'T0.publish_from','<=','September 10, 2014'),(10,'T0.publish_from','>=','January 01, 2014'),(10,'T0.publish_from','<=','September 10, 2014'),(11,'T0.publish_from','>=','January 01, 2014'),(11,'T0.publish_from','<=','September 10, 2014'),(12,'T0.publish_from','>=','January 01, 2014'),(12,'T0.publish_to','<=','September 12, 2014'),(13,'T0.publish_from','>=','January 01, 2014'),(13,'T0.publish_to','<=','September 12, 2014'),(14,'T0.publish_from','>=','January 01, 2014'),(14,'T0.publish_to','<=','September 17, 2014'),(19,'T0.payroll_date','=','July 30, 2014'),(19,'T0.company_id','=','4'),(20,'T0.payroll_date','=','July 30, 2014'),(20,'T0.company_id','=','5'),(21,'T0.company_id','=','5'),(21,'T0.payroll_date','=','August 15, 2014'),(22,'T0.company_id','=','5'),(22,'T0.payroll_date','=','August 15, 2014'),(23,'T0.company_id','=','5'),(23,'T0.payroll_date','=','August 15, 2014'),(24,'T0.company_id','=','5'),(24,'T0.payroll_date','=','August 15, 2014'),(25,'T0.company_id','=','5'),(25,'T0.payroll_date','=','August 15, 2014'),(26,'T0.company_id','=','5'),(26,'T0.payroll_date','=','July 15, 2014'),(27,'T0.company_id','=','5'),(27,'T0.payroll_date','=','September 15, 2014'),(28,'T0.company_id','=','5'),(28,'T0.payroll_date','=','September 15, 2014'),(29,'T0.company_id','=','5'),(29,'T0.payroll_date','=','September 15, 2014'),(30,'T0.company_id','=','5'),(30,'T0.payroll_date','=','September 15, 2014'),(31,'T0.payroll_date','=','July 30, 2014'),(31,'T0.company_id','=','5'),(32,'T0.company_id','=','5'),(32,'T0.payroll_date','=','September 15, 2014'),(33,'T0.company_id','=','5'),(33,'T0.payroll_date','=','September 15, 2014'),(34,'T0.payroll_date','=','July 30, 2014'),(34,'T0.company_id','=','5'),(35,'T0.payroll_date','=','July 30, 2014'),(35,'T0.company_id','=','5'),(36,'T0.payroll_date','=','July 30, 2014'),(36,'T0.company_id','=','5'),(37,'T0.payroll_date','=','July 30, 2014'),(37,'T0.company_id','=','5'),(38,'T0.company_id','=','5'),(38,'T0.payroll_date','=','September 15, 2014'),(39,'T0.payroll_date','=','July 30, 2014'),(39,'T0.company_id','=','5'),(40,'T0.company_id','=','5'),(40,'T0.payroll_date','=','July 15, 2014'),(41,'T0.company_id','=','5'),(41,'T0.payroll_date','=','July 15, 2014'),(42,'T0.payroll_date','=','July 30, 2014'),(42,'T0.company_id','=','5'),(43,'T0.payroll_date','=','July 30, 2014'),(43,'T0.company_id','=','5'),(44,'T0.payroll_date','=','July 15, 2014'),(44,'T0.company_id','=','5'),(45,'T0.payroll_date','=','July 30, 2014'),(45,'T0.company_id','=','all'),(46,'T0.payroll_date','=','July 30, 2014'),(46,'T0.company_id','=','all'),(47,'T0.company_id','=','5'),(47,'T0.payroll_date','=','July 15, 2014'),(48,'T0.company_id','=','5'),(48,'T0.payroll_date','=','July 15, 2014'),(49,'T0.company_id','=','5'),(49,'T0.payroll_date','=','July 15, 2014'),(50,'T0.company_id','=','5'),(50,'T0.payroll_date','=','July 15, 2014'),(51,'T0.company_id','=','5'),(51,'T0.payroll_date','=','July 15, 2014'),(52,'T0.company_id','=','5'),(52,'T0.payroll_date','=','July 15, 2014'),(53,'T0.payroll_date','=','July 30, 2014'),(53,'T0.company_id','=','all'),(54,'T0.payroll_date','=','July 30, 2014'),(54,'T0.company_id','=','all'),(55,'T0.payroll_date','=','July 30, 2014'),(55,'T0.company_id','=','all'),(56,'T0.payroll_date','=','July 30, 2014'),(56,'T0.company_id','=','all'),(57,'T0.payroll_date','=','July 30, 2014'),(57,'T0.company_id','=','all'),(58,'T0.payroll_date','=','July 30, 2014'),(58,'T0.company_id','=','all'),(59,'T0.payroll_date','=','July 30, 2014'),(59,'T0.company_id','=','all'),(60,'T0.payroll_date','=','July 30, 2014'),(60,'T0.company_id','=','all'),(61,'T0.payroll_date','=','July 30, 2014'),(61,'T0.company_id','=','all'),(62,'T0.payroll_date','=','July 30, 2014'),(62,'T0.company_id','=','all'),(63,'T0.payroll_date','=','July 30, 2014'),(63,'T0.company_id','=','5'),(64,'T0.payroll_date','=','July 30, 2014'),(64,'T0.company_id','=','all'),(65,'T0.payroll_date','=','July 30, 2014'),(65,'T0.company_id','=','all'),(66,'T0.payroll_date','=','July 30, 2014'),(66,'T0.company_id','=','5'),(67,'T0.payroll_date','=','July 30, 2014'),(67,'T0.company_id','=','5'),(68,'T0.payroll_date','=','July 30, 2014'),(68,'T0.company_id','=','all'),(69,'T0.payroll_date','=','July 30, 2014'),(69,'T0.company_id','=','all'),(70,'T0.payroll_date','=','July 30, 2014'),(70,'T0.company_id','=','all'),(71,'T0.payroll_date','=','July 30, 2014'),(71,'T0.company_id','=','all'),(72,'T0.payroll_date','=','July 30, 2014'),(72,'T0.company_id','=','all'),(73,'T0.payroll_date','=','July 30, 2014'),(73,'T0.company_id','=','all'),(74,'T0.payroll_date','=','July 30, 2014'),(74,'T0.company_id','=','all'),(75,'T0.payroll_date','=','July 30, 2014'),(75,'T0.company_id','=','all'),(76,'T0.payroll_date','=','July 30, 2014'),(76,'T0.company_id','=','all'),(77,'T0.payroll_date','=','July 30, 2014'),(77,'T0.company_id','=','all'),(78,'T0.payroll_date','=','July 30, 2014'),(78,'T0.company_id','=','all'),(79,'T0.payroll_date','=','July 30, 2014'),(79,'T0.company_id','=','all'),(80,'T0.payroll_date','=','July 30, 2014'),(80,'T0.company_id','=','5'),(81,'T0.payroll_date','=','July 30, 2014'),(81,'T0.company_id','=','5'),(82,'T0.payroll_date','=','July 30, 2014'),(82,'T0.company_id','=','5'),(83,'T0.payroll_date','=','July 30, 2014'),(83,'T0.company_id','=','5'),(84,'T0.payroll_date','=','July 30, 2014'),(84,'T0.company_id','=','5'),(85,'T0.payroll_date','=','July 30, 2014'),(85,'T0.company_id','=','5'),(86,'T0.payroll_date','=','July 30, 2014'),(86,'T0.company_id','=','5'),(87,'T0.payroll_date','=','July 30, 2014'),(87,'T0.company_id','=','5'),(88,'T0.payroll_date','=','July 30, 2014'),(88,'T0.company_id','=','5'),(89,'T0.payroll_date','=','July 30, 2014'),(89,'T0.company_id','=','5'),(90,'T0.payroll_date','=','July 30, 2014'),(90,'T0.company_id','=','5'),(91,'T0.payroll_date','=','July 30, 2014'),(91,'T0.company_id','=','5'),(92,'T0.payroll_date','=','July 30, 2014'),(92,'T0.company_id','=','5'),(93,'T0.payroll_date','=','July 30, 2014'),(93,'T0.company_id','=','5'),(94,'T0.payroll_date','=','July 30, 2014'),(94,'T0.company_id','=','all'),(95,'T0.payroll_date','=','July 30, 2014'),(95,'T0.company_id','=','all'),(96,'T0.payroll_date','=','July 30, 2014'),(96,'T0.company_id','=','5'),(97,'T0.payroll_date','=','July 30, 2014'),(97,'T0.company_id','=','5'),(98,'T0.payroll_date','=','July 30, 2014'),(98,'T0.company_id','=','5'),(99,'T0.payroll_date','=','July 30, 2014'),(99,'T0.company_id','=','5'),(100,'T0.payroll_date','=','July 30, 2014'),(100,'T0.company_id','=','5'),(101,'T0.payroll_date','=','July 30, 2014'),(101,'T0.company_id','=','5'),(102,'T0.payroll_date','=','July 30, 2014'),(102,'T0.company_id','=','all'),(103,'T0.payroll_date','=','July 30, 2014'),(103,'T0.company_id','=','all'),(104,'T0.payroll_date','=','July 30, 2014'),(104,'T0.company_id','=','all'),(105,'T0.payroll_date','=','July 30, 2014'),(105,'T0.company_id','=','all'),(106,'T0.payroll_date','=','July 30, 2014'),(106,'T0.company_id','=','5'),(107,'T0.payroll_date','=','July 30, 2014'),(107,'T0.company_id','=','5'),(108,'T0.payroll_date','=','July 30, 2014'),(108,'T0.company_id','=','5'),(109,'T0.payroll_date','=','July 30, 2014'),(109,'T0.company_id','=','5'),(110,'T0.payroll_date','=','July 30, 2014'),(110,'T0.company_id','=','5'),(111,'T0.payroll_date','=','July 30, 2014'),(111,'T0.company_id','=','5'),(112,'T0.payroll_date','=','July 30, 2014'),(112,'T0.company_id','=','5'),(113,'T0.payroll_date','=','July 30, 2014'),(113,'T0.company_id','=','all'),(114,'T0.payroll_date','=','July 30, 2014'),(114,'T0.company_id','=','all'),(115,'T0.payroll_date','=','July 30, 2014'),(115,'T0.company_id','=','all'),(116,'T0.payroll_date','=','July 30, 2014'),(116,'T0.company_id','=','all'),(117,'T0.payroll_date','=','July 30, 2014'),(117,'T0.company_id','=','all'),(118,'T0.payroll_date','=','July 30, 2014'),(118,'T0.company_id','=','5'),(119,'T0.payroll_date','=','July 30, 2014'),(119,'T0.company_id','=','5'),(120,'T0.payroll_date','=','July 30, 2014'),(120,'T0.company_id','=','5'),(121,'T0.payroll_date','=','July 30, 2014'),(121,'T0.company_id','=','5'),(122,'T0.payroll_date','=','July 30, 2014'),(122,'T0.company_id','=','5'),(123,'T0.payroll_date','=','July 30, 2014'),(123,'T0.company_id','=','5'),(124,'T0.payroll_date','=','July 30, 2014'),(124,'T0.company_id','=','5'),(125,'T0.payroll_date','=','July 30, 2014'),(125,'T0.company_id','=','all'),(126,'T0.payroll_date','=','July 30, 2014'),(126,'T0.company_id','=','all'),(127,'T0.payroll_date','=','July 30, 2014'),(127,'T0.company_id','=','all'),(128,'T0.payroll_date','=','July 30, 2014'),(128,'T0.company_id','=','all'),(129,'T0.payroll_date','=','July 30, 2014'),(129,'T0.company_id','=','all'),(130,'T0.payroll_date','=','July 30, 2014'),(130,'T0.company_id','=','all'),(131,'T0.company_id','=','5'),(131,'T0.payroll_date','=','July 15, 2014'),(132,'T0.company_id','=','5'),(132,'T0.payroll_date','=','July 15, 2014'),(133,'T0.payroll_date','=','July 30, 2014'),(133,'T0.company_id','=','5'),(134,'T0.payroll_date','=','July 30, 2014'),(134,'T0.company_id','=','5'),(135,'T0.payroll_date','=','July 30, 2014'),(135,'T0.company_id','=','5'),(136,'T0.payroll_date','=','July 30, 2014'),(136,'T0.company_id','=','5'),(137,'T0.payroll_date','=','July 30, 2014'),(137,'T0.company_id','=','5'),(138,'T0.payroll_date','=','July 30, 2014'),(138,'T0.company_id','=','all'),(139,'T0.company_id','=','5'),(139,'T0.payroll_date','=','July 15, 2014'),(140,'T0.company_id','=','5'),(140,'T0.payroll_date','=','July 15, 2014'),(141,'T0.company_id','=','5'),(141,'T0.payroll_date','=','July 15, 2014'),(142,'T0.company_id','=','5'),(142,'T0.payroll_date','=','July 15, 2014'),(143,'T0.payroll_date','=','July 30, 2014'),(143,'T0.company_id','=','5'),(144,'T0.payroll_date','=','July 30, 2014'),(144,'T0.company_id','=','5'),(145,'T0.payroll_date','=','July 30, 2014'),(145,'T0.company_id','=','5'),(146,'T0.payroll_date','=','July 30, 2014'),(146,'T0.company_id','=','5'),(147,'T0.payroll_date','=','July 30, 2014'),(147,'T0.company_id','=','all'),(148,'T0.payroll_date','=','July 30, 2014'),(148,'T0.company_id','=','5'),(149,'T0.payroll_date','=','July 30, 2014'),(149,'T0.company_id','=','5'),(150,'T0.payroll_date','=','July 30, 2014'),(150,'T0.company_id','=','5'),(151,'T0.payroll_date','=','July 30, 2014'),(151,'T0.company_id','=','5'),(152,'T0.payroll_date','=','July 30, 2014'),(152,'T0.company_id','=','5'),(153,'T0.payroll_date','=','July 30, 2014'),(153,'T0.company_id','=','5'),(154,'T0.payroll_date','=','July 30, 2014'),(154,'T0.company_id','=','5'),(155,'T0.payroll_date','=','July 30, 2014'),(155,'T0.company_id','=','5'),(156,'T0.payroll_date','=','July 30, 2014'),(156,'T0.company_id','=','5'),(157,'T0.payroll_date','=','July 30, 2014'),(157,'T0.company_id','=','5'),(158,'T0.payroll_date','=','July 30, 2014'),(158,'T0.company_id','=','5'),(159,'T0.payroll_date','=','July 30, 2014'),(159,'T0.company_id','=','5'),(160,'T0.payroll_date','=','July 30, 2014'),(160,'T0.company_id','=','all'),(161,'T0.payroll_date','=','July 30, 2014'),(161,'T0.company_id','=','all'),(162,'T0.payroll_date','=','July 30, 2014'),(162,'T0.company_id','=','5'),(163,'T0.payroll_date','=','July 30, 2014'),(163,'T0.company_id','=','5'),(164,'T0.payroll_date','=','July 30, 2014'),(164,'T0.company_id','=','5'),(165,'T0.payroll_date','=','July 30, 2014'),(165,'T0.company_id','=','5'),(166,'T0.payroll_date','=','July 30, 2014'),(166,'T0.company_id','=','5'),(167,'T0.payroll_date','=','July 30, 2014'),(167,'T0.company_id','=','5'),(168,'T0.payroll_date','=','July 30, 2014'),(168,'T0.company_id','=','5'),(169,'T0.payroll_date','=','July 30, 2014'),(169,'T0.company_id','=','5'),(170,'T0.payroll_date','=','July 30, 2014'),(170,'T0.company_id','=','5'),(171,'T0.payroll_date','=','July 30, 2014'),(171,'T0.company_id','=','5'),(172,'T0.payroll_date','=','July 30, 2014'),(172,'T0.company_id','=','5'),(173,'T0.payroll_date','=','July 30, 2014'),(173,'T0.company_id','=','5'),(174,'T0.payroll_date','=','July 30, 2014'),(174,'T0.company_id','=','5'),(175,'T0.payroll_date','=','July 30, 2014'),(175,'T0.company_id','=','5'),(176,'T0.payroll_date','=','July 30, 2014'),(176,'T0.company_id','=','5'),(177,'T0.payroll_date','=','July 30, 2014'),(177,'T0.company_id','=','5'),(178,'T0.payroll_date','=','July 30, 2014'),(178,'T0.company_id','=','5'),(179,'T0.payroll_date','=','July 30, 2014'),(179,'T0.company_id','=','5'),(180,'T0.payroll_date','=','July 30, 2014'),(180,'T0.company_id','=','5'),(181,'T0.payroll_date','=','July 30, 2014'),(181,'T0.company_id','=','all'),(182,'T0.company_id','=','5'),(182,'T0.payroll_date','=','July 30, 2014'),(183,'T0.company_id','=','5'),(183,'T0.payroll_date','=','August 15, 2014'),(184,'T0.company_id','=','5'),(184,'T0.payroll_date','=','July 30, 2014'),(185,'T0.company_id','=','5'),(185,'T0.payroll_date','=','July 30, 2014'),(186,'T0.company_id','=','5'),(186,'T0.payroll_date','=','July 30, 2014'),(187,'T0.company_id','=','5'),(187,'T0.payroll_date','=','July 30, 2014'),(9,'T0.payroll_date','=','October 15, 2014'),(9,'T0.company_id','=','all'),(10,'T0.payroll_date','=','October 15, 2014'),(10,'T0.company_id','=','5'),(11,'T0.payroll_date','=','October 15, 2014'),(11,'T0.company_id','=','5'),(12,'T0.payroll_date','=','September 30, 2014'),(12,'T0.company_id','=','5'),(13,'T0.payroll_date','=','October 15, 2014'),(13,'T0.company_id','=','5'),(14,'T0.payroll_date','=','October 15, 2014'),(14,'T0.company_id','=','5'),(15,'T0.payroll_date','=','October 15, 2014'),(15,'T0.company_id','=','5'),(16,'T0.payroll_date','=','October 15, 2014'),(16,'T0.company_id','=','all'),(17,'T0.payroll_date','=','October 15, 2014'),(17,'T0.company_id','=','all'),(18,'T0.payroll_date','=','August 15, 2014'),(18,'T0.company_id','=','all'),(19,'T0.payroll_date','=','September 15, 2014'),(19,'T0.company_id','=','all'),(20,'T0.payroll_date','=','September 30, 2014'),(20,'T0.company_id','=','all'),(21,'T0.payroll_date','=','October 15, 2014'),(21,'T0.company_id','=','all'),(22,'T0.payroll_date','=','October 15, 2014'),(22,'T0.company_id','=','all'),(25,'T0.payroll_date','=','September 15, 2014'),(25,'T0.company_id','=','all'),(26,'T0.payroll_date','=','September 30, 2014'),(26,'T0.company_id','=','all'),(27,'T0.payroll_date','=','September 30, 2014'),(27,'T0.company_id','=','all'),(28,'T0.payroll_date','=','September 30, 2014'),(28,'T0.company_id','=','all'),(29,'T0.payroll_date','=','September 30, 2014'),(29,'T0.company_id','=','5'),(30,'T0.payroll_date','=','September 30, 2014'),(30,'T0.company_id','=','all'),(31,'T0.payroll_date','=','October 15, 2014'),(31,'T0.company_id','=','all'),(32,'T0.payroll_date','=','October 31, 2014'),(32,'T0.company_id','=','all'),(33,'T0.payroll_date','=','October 31, 2014'),(33,'T0.company_id','=','2'),(34,'T0.payroll_date','=','October 31, 2014'),(34,'T0.company_id','=','2'),(35,'T0.payroll_date','=','October 31, 2014'),(35,'T0.company_id','=','4'),(36,'T0.payroll_date','=','October 15, 2014'),(36,'T0.company_id','=','5'),(37,'T0.payroll_date','=','October 31, 2014'),(37,'T0.company_id','=','all'),(38,'T0.payroll_date','=','October 31, 2014'),(38,'T0.company_id','=','all'),(39,'T0.payroll_date','=','October 15, 2014'),(39,'T0.company_id','=','5'),(40,'T0.payroll_date','=','October 15, 2014'),(40,'T0.company_id','=','5'),(41,'T0.payroll_date','=','October 15, 2014'),(41,'T0.company_id','=','5'),(42,'T0.payroll_date','=','October 31, 2014'),(42,'T0.company_id','=','5'),(43,'T0.payroll_date','=','October 31, 2014'),(43,'T0.company_id','=','5'),(44,'T0.payroll_date','=','October 31, 2014'),(44,'T0.company_id','=','5'),(45,'T0.payroll_date','=','October 31, 2014'),(45,'T0.company_id','=','all'),(46,'T0.payroll_date','=','October 31, 2014'),(46,'T0.company_id','=','5'),(48,'T0.payroll_date','=','October 15, 2014'),(48,'T0.company_id','=','5'),(49,'T0.payroll_date','=','October 15, 2014'),(49,'T0.company_id','=','5'),(50,'T0.payroll_date','=','October 31, 2014'),(50,'T0.company_id','=','5'),(51,'T0.payroll_date','=','August 15, 2014'),(51,'T0.company_id','=','5'),(52,'T0.payroll_date','=','September 15, 2014'),(52,'T0.company_id','=','5'),(53,'T0.payroll_date','=','September 30, 2014'),(53,'T0.company_id','=','5'),(54,'T0.payroll_date','=','October 15, 2014'),(54,'T0.company_id','=','all'),(55,'T0.payroll_date','=','October 31, 2014'),(55,'T0.company_id','=','all'),(56,'T0.payroll_date','=','October 15, 2014'),(56,'T0.company_id','=','all'),(57,'T0.payroll_date','=','October 31, 2014'),(57,'T0.company_id','=','all'),(58,'T0.payroll_date','=','November 15, 2014'),(58,'T0.company_id','=','all'),(59,'T0.payroll_date','=','November 15, 2014'),(59,'T0.company_id','=','all'),(60,'T0.payroll_date','=','November 15, 2014'),(60,'T0.company_id','=','2'),(61,'T0.payroll_date','=','November 15, 2014'),(61,'T0.company_id','=','4'),(62,'T0.payroll_date','=','November 15, 2014'),(62,'T0.company_id','=','2'),(63,'T0.payroll_date','=','November 15, 2014'),(63,'T0.company_id','=','all'),(64,'T0.payroll_date','=','November 30, 2014'),(64,'T0.company_id','=','all'),(66,'T0.payroll_date','=','October 31, 2014'),(66,'T0.company_id','=','all'),(67,'T0.payroll_date','=','November 15, 2014'),(67,'T0.company_id','=','all'),(68,'T0.payroll_date','=','November 15, 2014'),(68,'T0.company_id','=','all'),(69,'T0.payroll_date','=','November 30, 2014'),(69,'T0.company_id','=','all'),(70,'T0.payroll_date','=','November 15, 2014'),(70,'T0.company_id','=','all'),(71,'T0.payroll_date','=','November 30, 2014'),(71,'T0.company_id','=','all'),(72,'T0.payroll_date','=','November 30, 2014'),(72,'T0.company_id','=','all'),(73,'T0.payroll_date','=','November 30, 2014'),(73,'T0.company_id','=','all'),(74,'T0.payroll_date','=','November 30, 2014'),(74,'T0.company_id','=','all'),(75,'T0.payroll_date','=','November 30, 2014'),(75,'T0.company_id','=','all'),(77,'T0.payroll_date','=','November 30, 2014'),(77,'T0.company_id','=','2'),(79,'T0.payroll_date','=','November 30, 2014'),(79,'T0.company_id','=','5'),(80,'T0.company_id','=','all'),(80,'T0.payroll_date','=','December 15, 2014'),(81,'T0.company_id','=','all'),(81,'T0.payroll_date','=','December 15, 2014'),(82,'T0.company_id','=','all'),(82,'T0.payroll_date','=','December 15, 2014'),(83,'T0.company_id','=','all'),(83,'T0.payroll_date','=','December 15, 2014'),(84,'T0.payroll_date','=','November 15, 2014'),(84,'T0.company_id','=','all'),(85,'T0.payroll_date','=','November 30, 2014'),(85,'T0.company_id','=','all'),(86,'T0.company_id','=','all'),(86,'T0.payroll_date','=','December 15, 2014'),(87,'T0.payroll_date','=','December 15, 2014'),(87,'T0.company_id','=','all'),(88,'T0.payroll_date','=','December 15, 2014'),(88,'T0.company_id','=','2'),(89,'T0.payroll_date','=','December 15, 2014'),(89,'T0.company_id','=','4'),(90,'T0.payroll_date','=','December 15, 2014'),(90,'T0.company_id','=','2'),(91,'T0.payroll_date','=','December 15, 2014'),(91,'T0.company_id','=','4'),(92,'T0.payroll_date','=','December 15, 2014'),(92,'T0.company_id','=','4'),(93,'T0.payroll_date','=','December 15, 2014'),(93,'T0.company_id','=','all'),(96,'T0.company_id','=','all'),(96,'T0.payroll_date','=','December 15, 2014'),(97,'T0.payroll_date','=','December 15, 2014'),(97,'T0.company_id','=','all'),(98,'T0.payroll_date','=','December 31, 2014'),(98,'T0.company_id','=','all'),(99,'T0.payroll_date','=','November 30, 2014'),(99,'T0.company_id','=','2'),(100,'T0.payroll_date','=','December 15, 2014'),(100,'T0.company_id','=','2'),(101,'T0.payroll_date','=','December 31, 2014'),(101,'T0.company_id','=','2'),(102,'T0.payroll_date','=','December 31, 2014'),(102,'T0.company_id','=','4'),(103,'T0.payroll_date','=','December 31, 2014'),(103,'T0.company_id','=','4'),(104,'T0.payroll_date','=','December 31, 2014'),(104,'T0.company_id','=','all'),(105,'T0.payroll_date','=','December 31, 2014'),(105,'T0.company_id','=','all'),(107,'T0.payroll_date','=','December 15, 2014'),(107,'T0.company_id','=','all'),(108,'T0.payroll_date','=','December 31, 2014'),(108,'T0.company_id','=','all'),(109,'T0.payroll_date','=','January 15, 2015'),(109,'T0.company_id','=','all'),(115,'T0.payroll_date','=','January 15, 2015'),(115,'T0.company_id','=','2'),(116,'T0.payroll_date','=','January 15, 2015'),(116,'T0.company_id','=','4'),(117,'T0.payroll_date','=','January 15, 2015'),(117,'T0.company_id','=','all'),(118,'T0.payroll_date','=','November 30, 2014'),(118,'T0.company_id','=','2'),(119,'T0.payroll_date','=','December 15, 2014'),(119,'T0.company_id','=','2'),(120,'T0.payroll_date','=','December 15, 2014'),(120,'T0.company_id','=','2'),(121,'T0.payroll_date','=','November 30, 2014'),(121,'T0.company_id','=','2'),(122,'T0.payroll_date','=','December 15, 2014'),(122,'T0.company_id','=','4'),(123,'T0.payroll_date','=','December 31, 2014'),(123,'T0.company_id','=','2'),(124,'T0.payroll_date','=','December 31, 2014'),(124,'T0.company_id','=','4'),(125,'T0.payroll_date','=','January 15, 2015'),(125,'T0.company_id','=','2'),(126,'T0.payroll_date','=','January 15, 2015'),(126,'T0.company_id','=','2'),(127,'T0.payroll_date','=','January 31, 2015'),(127,'T0.company_id','=','2'),(128,'T0.payroll_date','=','December 31, 2014'),(128,'T0.company_id','=','4'),(129,'T0.payroll_date','=','January 15, 2015'),(129,'T0.company_id','=','all'),(130,'T0.payroll_date','=','January 15, 2015'),(130,'T0.company_id','=','4'),(131,'T0.payroll_date','=','January 31, 2015'),(131,'T0.company_id','=','4'),(132,'T0.payroll_date','=','February 15, 2015'),(132,'T0.company_id','=','4'),(133,'T0.payroll_date','=','December 15, 2014'),(133,'T0.company_id','=','2'),(134,'T0.payroll_date','=','December 31, 2014'),(134,'T0.company_id','=','2'),(135,'T0.payroll_date','=','December 15, 2014'),(135,'T0.company_id','=','2'),(136,'T0.payroll_date','=','December 31, 2014'),(136,'T0.company_id','=','2'),(137,'T0.payroll_date','=','December 31, 2014'),(137,'T0.company_id','=','2'),(138,'T0.payroll_date','=','December 31, 2014'),(138,'T0.company_id','=','2'),(139,'T0.payroll_date','=','January 15, 2015'),(139,'T0.company_id','=','2'),(140,'T0.payroll_date','=','December 31, 2014'),(140,'T0.company_id','=','all'),(141,'T0.payroll_date','=','January 31, 2015'),(141,'T0.company_id','=','2'),(142,'T0.payroll_date','=','January 31, 2015'),(142,'T0.company_id','=','4'),(143,'T0.payroll_date','=','January 31, 2015'),(143,'T0.company_id','=','4'),(144,'T0.payroll_date','=','December 31, 2014'),(144,'T0.company_id','=','5'),(145,'T0.payroll_date','=','December 31, 2014'),(145,'T0.company_id','=','6'),(146,'T0.payroll_date','=','January 15, 2015'),(146,'T0.company_id','=','all'),(147,'T0.payroll_date','=','January 31, 2015'),(147,'T0.company_id','=','all'),(148,'T0.payroll_date','=','January 15, 2015'),(148,'T0.company_id','=','4'),(149,'T0.payroll_date','=','January 31, 2015'),(149,'T0.company_id','=','4'),(150,'T0.payroll_date','=','January 31, 2015'),(150,'T0.company_id','=','all'),(151,'T0.payroll_date','=','January 31, 2015'),(151,'T0.company_id','=','all'),(152,'T0.payroll_date','=','January 15, 2015'),(152,'T0.company_id','=','all'),(153,'T0.payroll_date','=','January 31, 2015'),(153,'T0.company_id','=','all'),(154,'T0.payroll_date','=','February 15, 2015'),(154,'T0.company_id','=','all'),(155,'T0.payroll_date','=','February 15, 2015'),(155,'T0.company_id','=','2'),(156,'T0.payroll_date','=','February 15, 2015'),(156,'T0.company_id','=','4'),(157,'T0.payroll_date','=','February 15, 2015'),(157,'T0.company_id','=','5'),(158,'T0.payroll_date','=','February 15, 2015'),(158,'T0.company_id','=','all'),(159,'T0.payroll_date','=','January 31, 2015'),(159,'T0.company_id','=','2'),(160,'T0.payroll_date','=','January 31, 2015'),(160,'T0.company_id','=','4'),(161,'T0.payroll_date','=','February 15, 2015'),(161,'T0.company_id','=','2'),(162,'T0.payroll_date','=','January 15, 2015'),(162,'T0.company_id','=','2'),(163,'T0.payroll_date','=','January 15, 2015'),(163,'T0.company_id','=','2'),(164,'T0.payroll_date','=','January 31, 2015'),(164,'T0.company_id','=','2'),(165,'T0.payroll_date','=','February 28, 2015'),(165,'T0.company_id','=','2'),(166,'T0.payroll_date','=','January 31, 2015'),(166,'T0.company_id','=','4'),(167,'T0.payroll_date','=','February 15, 2015'),(167,'T0.company_id','=','4'),(168,'T0.payroll_date','=','February 28, 2015'),(168,'T0.company_id','=','4'),(169,'T0.payroll_date','=','January 31, 2015'),(169,'T0.company_id','=','all'),(170,'T0.payroll_date','=','February 15, 2015'),(170,'T0.company_id','=','all'),(171,'T0.payroll_date','=','February 28, 2015'),(171,'T0.company_id','=','all'),(172,'T0.payroll_date','=','February 28, 2015'),(172,'T0.company_id','=','all'),(173,'T0.payroll_date','=','February 28, 2015'),(173,'T0.company_id','=','all'),(175,'T0.payroll_date','=','February 15, 2015'),(175,'T0.company_id','=','all'),(176,'T0.payroll_date','=','February 28, 2015'),(176,'T0.company_id','=','all'),(177,'T0.payroll_date','=','March 15, 2015'),(177,'T0.company_id','=','all'),(178,'T0.payroll_date','=','March 15, 2015'),(178,'T0.company_id','=','all'),(179,'T0.payroll_date','=','March 15, 2015'),(179,'T0.company_id','=','all'),(180,'T0.payroll_date','=','March 15, 2015'),(180,'T0.company_id','=','5'),(181,'T0.payroll_date','=','March 15, 2015'),(181,'T0.company_id','=','5'),(182,'T0.payroll_date','=','March 15, 2015'),(182,'T0.company_id','=','all'),(183,'T0.payroll_date','=','March 15, 2015'),(183,'T0.company_id','=','2'),(184,'T0.payroll_date','=','March 15, 2015'),(184,'T0.company_id','=','4'),(185,'T0.payroll_date','=','February 28, 2015'),(185,'T0.company_id','=','5'),(186,'T0.payroll_date','=','March 15, 2015'),(186,'T0.company_id','=','5'),(187,'T0.payroll_date','=','March 15, 2015'),(187,'T0.company_id','=','5'),(188,'T0.payroll_date','=','March 15, 2015'),(188,'T0.company_id','=','5'),(189,'T0.payroll_date','=','March 15, 2015'),(189,'T0.company_id','=','all'),(190,'T0.payroll_date','=','February 28, 2015'),(190,'T0.company_id','=','3'),(191,'T0.payroll_date','=','February 28, 2015'),(191,'T0.company_id','=','5'),(192,'T0.payroll_date','=','March 15, 2015'),(192,'T0.company_id','=','5'),(193,'T0.payroll_date','=','March 15, 2015'),(193,'T0.company_id','=','5'),(194,'T0.payroll_date','=','March 15, 2015'),(194,'T0.company_id','=','5'),(195,'T0.payroll_date','=','March 15, 2015'),(195,'T0.company_id','=','4'),(196,'T0.payroll_date','=','February 28, 2015'),(196,'T0.company_id','=','4'),(197,'T0.payroll_date','=','March 15, 2015'),(197,'T0.company_id','=','4'),(198,'T0.payroll_date','=','March 31, 2015'),(198,'T0.company_id','=','4'),(199,'T0.payroll_date','=','February 28, 2015'),(199,'T0.company_id','=','2'),(200,'T0.payroll_date','=','March 15, 2015'),(200,'T0.company_id','=','2'),(201,'T0.payroll_date','=','March 31, 2015'),(201,'T0.company_id','=','2'),(202,'T0.payroll_date','=','February 28, 2015'),(202,'T0.company_id','=','2'),(203,'T0.payroll_date','=','March 15, 2015'),(203,'T0.company_id','=','2'),(204,'T0.payroll_date','=','March 31, 2015'),(204,'T0.company_id','=','2'),(205,'T0.payroll_date','=','April 15, 2015'),(205,'T0.company_id','=','2'),(206,'T0.payroll_date','=','March 31, 2015'),(206,'T0.company_id','=','2'),(207,'T0.payroll_date','=','March 31, 2015'),(207,'T0.company_id','=','2'),(208,'T0.payroll_date','=','March 31, 2015'),(208,'T0.company_id','=','4'),(209,'T0.payroll_date','=','March 15, 2015'),(209,'T0.company_id','=','all'),(210,'T0.payroll_date','=','February 28, 2015'),(210,'T0.company_id','=','all'),(211,'T0.payroll_date','=','March 31, 2015'),(211,'T0.company_id','=','all'),(212,'T0.payroll_date','=','March 31, 2015'),(212,'T0.company_id','=','all'),(213,'T0.payroll_date','=','March 31, 2015'),(213,'T0.company_id','=','all'),(214,'T0.payroll_date','=','March 31, 2015'),(214,'T0.company_id','=','all'),(215,'T0.payroll_date','=','March 15, 2015'),(215,'T0.company_id','=','all'),(216,'T0.payroll_date','=','March 31, 2015'),(216,'T0.company_id','=','all'),(217,'T0.payroll_date','=','April 15, 2015'),(217,'T0.company_id','=','all'),(218,'T0.payroll_date','=','March 15, 2015'),(218,'T0.company_id','=','5'),(219,'T0.payroll_date','=','April 15, 2015'),(219,'T0.company_id','=','all'),(220,'T0.payroll_date','=','March 15, 2015'),(220,'T0.company_id','=','5'),(221,'T0.payroll_date','=','March 31, 2015'),(221,'T0.company_id','=','5'),(222,'T0.payroll_date','=','April 15, 2015'),(222,'T0.company_id','=','5'),(224,'T0.payroll_date','=','March 31, 2015'),(224,'T0.company_id','=','5'),(225,'T0.payroll_date','=','March 31, 2015'),(225,'T0.company_id','=','5'),(226,'T0.payroll_date','=','March 31, 2015'),(226,'T0.company_id','=','5'),(227,'T0.payroll_date','=','April 30, 2015'),(227,'T0.company_id','=','all'),(228,'T0.payroll_date','=','April 30, 2015'),(228,'T0.company_id','=','all'),(229,'T0.payroll_date','=','April 30, 2015'),(229,'T0.company_id','=','all'),(230,'T0.payroll_date','=','March 31, 2015'),(230,'T0.company_id','=','all'),(231,'T0.payroll_date','=','April 15, 2015'),(231,'T0.company_id','=','all'),(232,'T0.payroll_date','=','April 30, 2015'),(232,'T0.company_id','=','all'),(233,'T0.payroll_date','=','April 30, 2015'),(233,'T0.company_id','=','all'),(235,'T0.payroll_date','=','April 15, 2015'),(235,'T0.company_id','=','all'),(236,'T0.payroll_date','=','April 30, 2015'),(236,'T0.company_id','=','all'),(237,'T0.payroll_date','=','May 15, 2015'),(237,'T0.company_id','=','all'),(238,'T0.payroll_date','=','May 15, 2015'),(238,'T0.company_id','=','all'),(239,'T0.payroll_date','=','May 15, 2015'),(239,'T0.company_id','=','all'),(240,'T0.payroll_date','=','April 15, 2015'),(240,'T0.company_id','=','5'),(241,'T0.payroll_date','=','April 15, 2015'),(241,'T0.company_id','=','5'),(242,'T0.payroll_date','=','April 15, 2015'),(242,'T0.company_id','=','5'),(243,'T0.payroll_date','=','April 30, 2015'),(243,'T0.company_id','=','5'),(244,'T0.payroll_date','=','May 15, 2015'),(244,'T0.company_id','=','5'),(245,'T0.payroll_date','=','May 15, 2015'),(245,'T0.company_id','=','all'),(246,'T0.payroll_date','=','May 31, 2015'),(246,'T0.company_id','=','all'),(247,'T0.payroll_date','=','May 31, 2015'),(247,'T0.company_id','=','all'),(248,'T0.payroll_date','=','May 31, 2015'),(248,'T0.company_id','=','3'),(249,'T0.payroll_date','=','June 15, 2015'),(249,'T0.company_id','=','3'),(250,'T0.payroll_date','=','May 31, 2015'),(250,'T0.company_id','=','all'),(251,'T0.payroll_date','=','May 31, 2015'),(251,'T0.company_id','=','all'),(254,'T0.payroll_date','=','May 15, 2015'),(254,'T0.company_id','=','all'),(255,'T0.payroll_date','=','May 31, 2015'),(255,'T0.company_id','=','all'),(256,'T0.payroll_date','=','June 15, 2015'),(256,'T0.company_id','=','all'),(258,'T0.payroll_date','=','June 15, 2015'),(258,'T0.company_id','=','all'),(261,'T0.company_id','=','5'),(261,'T0.payroll_date','=','June 15, 2015'),(262,'T0.company_id','=','all'),(262,'T0.payroll_date','=','June 15, 2015'),(263,'T0.company_id','=','5'),(263,'T0.payroll_date','=','May 31, 2015'),(264,'T0.company_id','=','5'),(264,'T0.payroll_date','=','June 15, 2015'),(265,'T0.company_id','=','5'),(265,'T0.payroll_date','=','June 15, 2015'),(266,'T0.company_id','=','5'),(266,'T0.payroll_date','=','June 15, 2015'),(267,'T0.company_id','=','5'),(267,'T0.payroll_date','=','June 15, 2015'),(268,'T0.company_id','=','5'),(268,'T0.payroll_date','=','June 15, 2015'),(269,'T0.company_id','=','5'),(269,'T0.payroll_date','=','June 15, 2015'),(270,'T0.company_id','=','5'),(270,'T0.payroll_date','=','June 15, 2015'),(271,'T0.company_id','=','5'),(271,'T0.payroll_date','=','June 15, 2015'),(272,'T0.company_id','=','5'),(272,'T0.payroll_date','=','June 15, 2015'),(274,'T0.payroll_date','=','June 15, 2015'),(274,'T0.company_id','=','all'),(275,'T0.payroll_date','=','June 30, 2015'),(275,'T0.company_id','=','all'),(276,'T0.payroll_date','=','June 30, 2015'),(276,'T0.company_id','=','2'),(277,'T0.payroll_date','=','June 15, 2015'),(277,'T0.company_id','=','4'),(278,'T0.payroll_date','=','June 30, 2015'),(278,'T0.company_id','=','4'),(279,'T0.payroll_date','=','June 30, 2015'),(279,'T0.company_id','=','all'),(280,'T0.company_id','=','5'),(280,'T0.payroll_date','=','June 15, 2015'),(281,'T0.company_id','=','5'),(281,'T0.payroll_date','=','June 15, 2015'),(282,'T0.company_id','=','5'),(282,'T0.payroll_date','=','June 15, 2015'),(283,'T0.company_id','=','5'),(283,'T0.payroll_date','=','June 15, 2015'),(284,'T0.company_id','=','5'),(284,'T0.payroll_date','=','June 15, 2015'),(285,'T0.company_id','=','5'),(285,'T0.payroll_date','=','June 15, 2015'),(286,'T0.company_id','=','5'),(286,'T0.payroll_date','=','June 15, 2015'),(287,'T0.company_id','=','5'),(287,'T0.payroll_date','=','June 15, 2015'),(288,'T0.company_id','=','5'),(288,'T0.payroll_date','=','June 15, 2015'),(289,'T0.company_id','=','5'),(289,'T0.payroll_date','=','June 30, 2015'),(290,'T0.company_id','=','all'),(290,'T0.payroll_date','=','May 15, 2015'),(291,'T0.company_id','=','5'),(291,'T0.payroll_date','=','June 30, 2015'),(292,'T0.company_id','=','5'),(292,'T0.payroll_date','=','June 30, 2015'),(293,'T0.company_id','=','5'),(293,'T0.payroll_date','=','June 30, 2015'),(294,'T0.company_id','=','5'),(294,'T0.payroll_date','=','June 30, 2015'),(295,'T0.company_id','=','5'),(295,'T0.payroll_date','=','June 30, 2015'),(296,'T0.company_id','=','5'),(296,'T0.payroll_date','=','June 30, 2015'),(297,'T0.payroll_date','=','June 15, 2015'),(297,'T0.company_id','=','5'),(298,'T0.company_id','=','5'),(298,'T0.payroll_date','=','June 30, 2015'),(299,'T0.company_id','=','5'),(299,'T0.payroll_date','=','June 30, 2015'),(300,'T0.company_id','=','5'),(300,'T0.payroll_date','=','June 30, 2015'),(301,'T0.company_id','=','5'),(301,'T0.payroll_date','=','June 30, 2015'),(302,'T0.company_id','=','5'),(302,'T0.payroll_date','=','June 30, 2015'),(303,'T0.company_id','=','all'),(303,'T0.payroll_date','=','May 15, 2015'),(304,'T0.payroll_date','=','June 15, 2015'),(304,'T0.company_id','=','5'),(305,'T0.payroll_date','=','May 15, 2015'),(305,'T0.company_id','=','5'),(306,'T0.company_id','=','all'),(306,'T0.payroll_date','=','May 31, 2015'),(307,'T0.company_id','=','6'),(307,'T0.payroll_date','=','April 30, 2015'),(308,'T0.company_id','=','6'),(308,'T0.payroll_date','=','May 15, 2015'),(309,'T0.company_id','=','6'),(309,'T0.payroll_date','=','April 30, 2015'),(310,'T0.company_id','=','all'),(310,'T0.payroll_date','=','June 15, 2015'),(311,'T0.company_id','=','all'),(311,'T0.payroll_date','=','June 15, 2015'),(312,'T0.company_id','=','all'),(312,'T0.payroll_date','=','June 30, 2015'),(313,'T0.payroll_date','=','April 15, 2015'),(313,'T0.company_id','=','5'),(314,'T0.payroll_date','=','April 30, 2015'),(314,'T0.company_id','=','5'),(315,'T0.payroll_date','=','May 15, 2015'),(315,'T0.company_id','=','all'),(316,'T0.payroll_date','=','May 15, 2015'),(316,'T0.company_id','=','all'),(317,'T0.company_id','=','5'),(317,'T0.payroll_date','=','May 15, 2015'),(318,'T0.payroll_date','=','May 15, 2015'),(318,'T0.company_id','=','5'),(319,'T0.payroll_date','=','May 31, 2015'),(319,'T0.company_id','=','5'),(320,'T0.payroll_date','=','June 15, 2015'),(320,'T0.company_id','=','5'),(321,'T0.payroll_date','=','June 30, 2015'),(321,'T0.company_id','=','5'),(322,'T0.payroll_date','=','May 15, 2015'),(322,'T0.company_id','=','5'),(323,'T0.payroll_date','=','May 31, 2015'),(323,'T0.company_id','=','5'),(324,'T0.payroll_date','=','May 31, 2015'),(324,'T0.company_id','=','5'),(325,'T0.payroll_date','=','June 15, 2015'),(325,'T0.company_id','=','5'),(326,'T0.payroll_date','=','July 15, 2015'),(326,'T0.company_id','=','6'),(327,'T0.payroll_date','=','May 31, 2015'),(327,'T0.company_id','=','5'),(328,'T0.payroll_date','=','June 15, 2015'),(328,'T0.company_id','=','5'),(329,'T0.payroll_date','=','June 15, 2015'),(329,'T0.company_id','=','5'),(330,'T0.payroll_date','=','June 30, 2015'),(330,'T0.company_id','=','5'),(331,'T0.payroll_date','=','July 15, 2015'),(331,'T0.company_id','=','5'),(332,'T0.payroll_date','=','June 15, 2015'),(332,'T0.company_id','=','all'),(333,'T0.payroll_date','=','June 30, 2015'),(333,'T0.company_id','=','all'),(334,'T0.payroll_date','=','July 15, 2015'),(334,'T0.company_id','=','all'),(335,'T0.payroll_date','=','June 30, 2015'),(335,'T0.company_id','=','1'),(336,'T0.payroll_date','=','June 30, 2015'),(336,'T0.company_id','=','2'),(337,'T0.payroll_date','=','July 15, 2015'),(337,'T0.company_id','=','2'),(338,'T0.payroll_date','=','June 30, 2015'),(338,'T0.company_id','=','2'),(339,'T0.company_id','=','5'),(339,'T0.payroll_date','=','June 30, 2015'),(340,'T0.company_id','=','5'),(340,'T0.payroll_date','=','June 30, 2015'),(341,'T0.payroll_date','=','July 15, 2015'),(341,'T0.company_id','=','5'),(342,'T0.payroll_date','=','July 15, 2015'),(342,'T0.company_id','=','all'),(343,'T0.payroll_date','=','July 15, 2015'),(343,'T0.company_id','=','5'),(344,'T0.payroll_date','=','July 15, 2015'),(344,'T0.company_id','=','2'),(345,'T0.company_id','=','2'),(345,'T0.payroll_date','=','July 15, 2015'),(346,'T0.company_id','=','2'),(346,'T0.payroll_date','=','July 15, 2015'),(347,'T0.company_id','=','all'),(347,'T0.payroll_date','=','July 15, 2015'),(348,'T0.company_id','=','all'),(348,'T0.payroll_date','=','July 15, 2015'),(349,'T0.company_id','=','all'),(349,'T0.payroll_date','=','July 15, 2015'),(350,'T0.company_id','=','2'),(350,'T0.payroll_date','=','July 15, 2015'),(351,'T0.company_id','=','2'),(351,'T0.payroll_date','=','July 15, 2015'),(352,'T0.company_id','=','2'),(352,'T0.payroll_date','=','July 15, 2015'),(353,'T0.company_id','=','2'),(353,'T0.payroll_date','=','July 15, 2015'),(354,'T0.company_id','=','2'),(354,'T0.payroll_date','=','July 15, 2015'),(355,'T0.company_id','=','2'),(355,'T0.payroll_date','=','July 15, 2015'),(356,'T0.company_id','=','2'),(356,'T0.payroll_date','=','July 15, 2015'),(357,'T0.company_id','=','2'),(357,'T0.payroll_date','=','July 15, 2015'),(358,'T0.company_id','=','2'),(358,'T0.payroll_date','=','July 15, 2015'),(359,'T0.company_id','=','2'),(359,'T0.payroll_date','=','July 15, 2015'),(360,'T0.company_id','=','2'),(360,'T0.payroll_date','=','July 15, 2015'),(361,'T0.company_id','=','2'),(361,'T0.payroll_date','=','July 15, 2015'),(362,'T0.company_id','=','2'),(362,'T0.payroll_date','=','July 15, 2015'),(363,'T0.company_id','=','5'),(363,'T0.payroll_date','=','July 15, 2015'),(364,'T0.company_id','=','5'),(364,'T0.payroll_date','=','July 15, 2015'),(365,'T0.company_id','=','5'),(365,'T0.payroll_date','=','July 15, 2015'),(366,'T0.company_id','=','5'),(366,'T0.payroll_date','=','July 15, 2015'),(367,'T0.company_id','=','5'),(367,'T0.payroll_date','=','July 15, 2015'),(368,'T0.company_id','=','5'),(368,'T0.payroll_date','=','July 15, 2015'),(369,'T0.company_id','=','5'),(369,'T0.payroll_date','=','July 15, 2015'),(370,'T0.company_id','=','5'),(370,'T0.payroll_date','=','July 15, 2015'),(371,'T0.company_id','=','5'),(371,'T0.payroll_date','=','July 15, 2015'),(372,'T0.company_id','=','2'),(372,'T0.payroll_date','=','July 15, 2015'),(373,'T0.payroll_date','=','July 15, 2015'),(373,'T0.company_id','=','2'),(374,'T0.company_id','=','5'),(374,'T0.payroll_date','=','July 31, 2015'),(374,'T0.department_id','=','2'),(375,'T0.company_id','=','5'),(375,'T0.payroll_date','=','July 31, 2015'),(375,'T0.department_id','=','2'),(376,'T0.company_id','=','5'),(376,'T0.payroll_date','=','July 31, 2015'),(376,'T0.department_id','=','1'),(377,'T0.company_id','=','5'),(377,'T0.payroll_date','=','July 31, 2015'),(377,'T0.department_id','=','1'),(378,'T0.company_id','=','5'),(378,'T0.payroll_date','=','July 31, 2015'),(378,'T0.department_id','=','1'),(379,'T0.company_id','=','5'),(379,'T0.payroll_date','=','July 31, 2015'),(379,'T0.department_id','=','1'),(380,'T0.company_id','=','5'),(380,'T0.payroll_date','=','July 31, 2015'),(380,'T0.department_id','=','1'),(381,'T0.company_id','=','5'),(381,'T0.payroll_date','=','July 31, 2015'),(381,'T0.department_id','=','1'),(382,'T0.company_id','=','5'),(382,'T0.payroll_date','=','July 31, 2015'),(382,'T0.department_id','=','1'),(383,'T0.company_id','=','5'),(383,'T0.payroll_date','=','July 31, 2015'),(383,'T0.department_id','=','1'),(384,'T0.company_id','=','5'),(384,'T0.payroll_date','=','July 31, 2015'),(384,'T0.department_id','=','all'),(385,'T0.company_id','=','5'),(385,'T0.payroll_date','=','July 31, 2015'),(385,'T0.department_id','=','all'),(386,'T0.company_id','=','5'),(386,'T0.payroll_date','=','July 31, 2015'),(386,'T0.department_id','=','all'),(387,'T0.company_id','=','5'),(387,'T0.payroll_date','=','July 31, 2015'),(387,'T0.department_id','=','all'),(388,'T0.company_id','=','5'),(388,'T0.payroll_date','=','July 31, 2015'),(388,'T0.department_id','=','all'),(389,'T0.company_id','=','5'),(389,'T0.payroll_date','=','July 31, 2015'),(389,'T0.department_id','=','all'),(390,'T0.company_id','=','5'),(390,'T0.payroll_date','=','July 31, 2015'),(390,'T0.department_id','=','all'),(391,'T0.company_id','=','5'),(391,'T0.payroll_date','=','July 31, 2015'),(391,'T0.department_id','=','all'),(392,'T0.company_id','=','5'),(392,'T0.payroll_date','=','July 31, 2015'),(392,'T0.department_id','=','all'),(393,'T0.company_id','=','5'),(393,'T0.payroll_date','=','July 31, 2015'),(393,'T0.department_id','=','all'),(394,'T0.company_id','=','5'),(394,'T0.payroll_date','=','July 31, 2015'),(394,'T0.department_id','=','all'),(395,'T0.company_id','=','5'),(395,'T0.payroll_date','=','July 31, 2015'),(395,'T0.department_id','=','all'),(396,'T0.company_id','=','5'),(396,'T0.payroll_date','=','July 31, 2015'),(396,'T0.department_id','=','all'),(397,'T0.company_id','=','5'),(397,'T0.payroll_date','=','July 31, 2015'),(397,'T0.department_id','=','all'),(398,'T0.company_id','=','5'),(398,'T0.payroll_date','=','July 31, 2015'),(398,'T0.department_id','=','all'),(399,'T0.company_id','=','5'),(399,'T0.payroll_date','=','July 31, 2015'),(399,'T0.department_id','=','all'),(400,'T0.company_id','=','5'),(400,'T0.payroll_date','=','July 31, 2015'),(400,'T0.department_id','=','all'),(401,'T0.company_id','=','5'),(401,'T0.payroll_date','=','July 31, 2015'),(401,'T0.department_id','=','all'),(402,'T0.company_id','=','5'),(402,'T0.payroll_date','=','July 31, 2015'),(402,'T0.department_id','=','1'),(403,'T0.company_id','=','5'),(403,'T0.payroll_date','=','July 31, 2015'),(403,'T0.department_id','=','all'),(404,'T0.company_id','=','5'),(404,'T0.payroll_date','=','July 31, 2015'),(404,'T0.department_id','=','all'),(405,'T0.company_id','=','5'),(405,'T0.payroll_date','=','July 31, 2015'),(405,'T0.department_id','=','all'),(406,'T0.company_id','=','5'),(406,'T0.payroll_date','=','July 31, 2015'),(406,'T0.department_id','=','all'),(407,'T0.company_id','=','5'),(407,'T0.payroll_date','=','July 31, 2015'),(407,'T0.department_id','=','all'),(408,'T0.company_id','=','5'),(408,'T0.payroll_date','=','July 31, 2015'),(408,'T0.department_id','=','all'),(409,'T0.company_id','=','5'),(409,'T0.payroll_date','=','July 31, 2015'),(409,'T0.department_id','=','all'),(410,'T0.company_id','=','5'),(410,'T0.payroll_date','=','July 31, 2015'),(410,'T0.department_id','=','all'),(411,'T0.company_id','=','5'),(411,'T0.payroll_date','=','July 31, 2015'),(411,'T0.department_id','=','all'),(412,'T0.company_id','=','5'),(412,'T0.payroll_date','=','July 31, 2015'),(412,'T0.department_id','=','all'),(413,'T0.company_id','=','5'),(413,'T0.payroll_date','=','July 31, 2015'),(413,'T0.department_id','=','all'),(414,'T0.company_id','=','5'),(414,'T0.payroll_date','=','July 31, 2015'),(414,'T0.department_id','=','all'),(415,'T0.company_id','=','5'),(415,'T0.payroll_date','=','July 31, 2015'),(415,'T0.department_id','=','all'),(416,'T0.company_id','=','5'),(416,'T0.payroll_date','=','July 31, 2015'),(416,'T0.department_id','=','all'),(417,'T0.company_id','=','5'),(417,'T0.payroll_date','=','July 31, 2015'),(417,'T0.department_id','=','all'),(418,'T0.company_id','=','5'),(418,'T0.payroll_date','=','July 31, 2015'),(418,'T0.department_id','=','all'),(419,NULL,NULL,'5'),(419,NULL,NULL,'July 31, 2015'),(419,NULL,NULL,'all'),(420,NULL,NULL,'5'),(420,NULL,NULL,'July 31, 2015'),(420,NULL,NULL,'all'),(421,'T0.company_id','=','5'),(421,'T0.payroll_date','=','July 31, 2015'),(421,'T0.department_id','=','all'),(422,'T0.company_id','=','5'),(422,'T0.payroll_date','=','July 31, 2015'),(422,'T0.department_id','=','all'),(423,'T0.company_id','=','5'),(423,'T0.payroll_date','=','July 31, 2015'),(423,'T0.department_id','=','all'),(424,'T0.company_id','=','5'),(424,'T0.payroll_date','=','July 31, 2015'),(424,'T0.department_id','=','all'),(425,'T0.company_id','=','5'),(425,'T0.payroll_date','=','July 31, 2015'),(425,'T0.department_id','=','all'),(426,'T0.company_id','=','5'),(426,'T0.payroll_date','=','July 31, 2015'),(426,'T0.department_id','=','all'),(427,'T0.company_id','=','5'),(427,'T0.payroll_date','=','July 31, 2015'),(427,'T0.department_id','=','32'),(428,'T0.company_id','=','5'),(428,'T0.payroll_date','=','July 31, 2015'),(428,'T0.department_id','=','1'),(429,'T0.company_id','=','5'),(429,'T0.payroll_date','=','July 31, 2015'),(429,'T0.department_id','=','2'),(430,'T0.company_id','=','5'),(430,'T0.payroll_date','=','July 31, 2015'),(430,'T0.department_id','=','3'),(431,'T0.company_id','=','5'),(431,'T0.payroll_date','=','July 31, 2015'),(431,'T0.department_id','=','32'),(432,'T0.company_id','=','5'),(432,'T0.payroll_date','=','July 31, 2015'),(432,'T0.department_id','=','33'),(433,'T0.company_id','=','5'),(433,'T0.payroll_date','=','July 31, 2015'),(433,'T0.department_id','=','15'),(434,'T0.company_id','=','5'),(434,'T0.payroll_date','=','July 31, 2015'),(434,'T0.department_id','=','1'),(435,'T0.company_id','=','5'),(435,'T0.payroll_date','=','July 31, 2015'),(435,'T0.department_id','=','1'),(436,'T0.company_id','=','5'),(436,'T0.payroll_date','=','July 31, 2015'),(436,'T0.department_id','=','all'),(437,'T0.company_id','=','5'),(437,'T0.payroll_date','=','July 31, 2015'),(437,'T0.department_id','=','all'),(438,'T0.company_id','=','5'),(438,'T0.payroll_date','=','July 31, 2015'),(438,'T0.department_id','=','all'),(439,'T0.company_id','=','5'),(439,'T0.payroll_date','=','July 31, 2015'),(439,'T0.department_id','=','1'),(440,'T0.company_id','=','5'),(440,'T0.payroll_date','=','July 31, 2015'),(440,'T0.department_id','=','2'),(441,'T0.company_id','=','5'),(441,'T0.payroll_date','=','July 31, 2015'),(441,'T0.department_id','=','3'),(442,'T0.company_id','=','5'),(442,'T0.payroll_date','=','July 31, 2015'),(442,'T0.department_id','=','1'),(443,'T0.company_id','=','5'),(443,'T0.payroll_date','=','July 31, 2015'),(443,'T0.department_id','=','1'),(444,'T0.company_id','=','5'),(444,'T0.payroll_date','=','July 31, 2015'),(444,'T0.department_id','=','1'),(445,'T0.company_id','=','5'),(445,'T0.payroll_date','=','July 31, 2015'),(445,'T0.department_id','=','1'),(446,'T0.company_id','=','5'),(446,'T0.payroll_date','=','July 31, 2015'),(446,'T0.department_id','=','1'),(447,'T0.company_id','=','5'),(447,'T0.payroll_date','=','July 31, 2015'),(447,'T0.department_id','=','all'),(448,'T0.company_id','=','5'),(448,'T0.payroll_date','=','July 31, 2015'),(448,'T0.department_id','=','all'),(449,'T0.company_id','=','2'),(449,'T0.payroll_date','=','July 31, 2015'),(449,'T0.department_id','=','all'),(450,'T0.company_id','=','5'),(450,'T0.payroll_date','=','July 15, 2015'),(450,'T0.department_id','=','all'),(451,'T0.company_id','=','5'),(451,'T0.payroll_date','=','July 15, 2015'),(451,'T0.department_id','=','all'),(452,'T0.company_id','=','5'),(452,'T0.payroll_date','=','July 15, 2015'),(452,'T0.department_id','=','all'),(453,'T0.company_id','=','5'),(453,'T0.payroll_date','=','July 15, 2015'),(453,'T0.department_id','=','all'),(454,'T0.company_id','=','5'),(454,'T0.payroll_date','=','July 15, 2015'),(454,'T0.department_id','=','all'),(455,'T0.company_id','=','5'),(455,'T0.payroll_date','=','July 15, 2015'),(455,'T0.department_id','=','all'),(456,'T0.company_id','=','5'),(456,'T0.payroll_date','=','July 15, 2015'),(456,'T0.department_id','=','all'),(457,'T0.company_id','=','5'),(457,'T0.payroll_date','=','July 15, 2015'),(457,'T0.department_id','=','all'),(458,'T0.company_id','=','5'),(458,'T0.payroll_date','=','July 15, 2015'),(458,'T0.department_id','=','all'),(459,'T0.company_id','=','5'),(459,'T0.payroll_date','=','July 15, 2015'),(459,'T0.department_id','=','all'),(460,'T0.company_id','=','5'),(460,'T0.payroll_date','=','July 15, 2015'),(460,'T0.department_id','=','all'),(461,'T0.company_id','=','5'),(461,'T0.payroll_date','=','July 15, 2015'),(461,'T0.department_id','=','all'),(462,'T0.company_id','=','5'),(462,'T0.payroll_date','=','July 15, 2015'),(462,'T0.department_id','=','all'),(463,'T0.company_id','=','5'),(463,'T0.payroll_date','=','July 15, 2015'),(463,'T0.department_id','=','all'),(464,'T0.company_id','=','5'),(464,'T0.payroll_date','=','July 15, 2015'),(464,'T0.department_id','=','all'),(465,'T0.company_id','=','5'),(465,'T0.payroll_date','=','July 15, 2015'),(465,'T0.department_id','=','all'),(466,'T0.company_id','=','5'),(466,'T0.payroll_date','=','July 15, 2015'),(466,'T0.department_id','=','all'),(467,'T0.company_id','=','5'),(467,'T0.payroll_date','=','July 15, 2015'),(467,'T0.department_id','=','all'),(468,'T0.company_id','=','5'),(468,'T0.payroll_date','=','July 15, 2015'),(468,'T0.department_id','=','all'),(469,'T0.company_id','=','5'),(469,'T0.payroll_date','=','July 15, 2015'),(469,'T0.department_id','=','all'),(470,'T0.company_id','=','5'),(470,'T0.payroll_date','=','July 15, 2015'),(470,'T0.department_id','=','all'),(471,'T0.payroll_date','=','May 15, 2015'),(471,'T0.company_id','=','all'),(472,'T0.payroll_date','=','May 15, 2015'),(472,'T0.company_id','=','all'),(473,'T0.payroll_date','=','May 15, 2015'),(473,'T0.company_id','=','all'),(474,'T0.payroll_date','=','May 15, 2015'),(474,'T0.company_id','=','all'),(475,'T0.payroll_date','=','July 31, 2015'),(475,'T0.company_id','=','all'),(476,'T0.payroll_date','=','July 31, 2015'),(476,'T0.company_id','=','all'),(477,'T0.payroll_date','=','July 31, 2015'),(477,'T0.company_id','=','all'),(478,'T0.company_id','=','5'),(478,'T0.payroll_date','=','July 31, 2015'),(478,'T0.department_id','=','all'),(479,'T0.company_id','=','5'),(479,'T0.payroll_date','=','July 31, 2015'),(479,'T0.department_id','=','all'),(480,'T0.company_id','=','5'),(480,'T0.payroll_date','=','July 31, 2015'),(480,'T0.department_id','=','all'),(481,'T0.company_id','=','5'),(481,'T0.payroll_date','=','July 31, 2015'),(481,'T0.department_id','=','all'),(482,'T0.company_id','=','5'),(482,'T0.payroll_date','=','July 31, 2015'),(482,'T0.department_id','=','all'),(483,'T0.company_id','=','5'),(483,'T0.payroll_date','=','July 31, 2015'),(483,'T0.department_id','=','all'),(484,'T0.company_id','=','5'),(484,'T0.payroll_date','=','July 31, 2015'),(484,'T0.department_id','=','all'),(485,'T0.company_id','=','5'),(485,'T0.payroll_date','=','July 31, 2015'),(485,'T0.department_id','=','all'),(486,'T0.company_id','=','5'),(486,'T0.payroll_date','=','July 31, 2015'),(486,'T0.department_id','=','all'),(487,'T0.company_id','=','5'),(487,'T0.payroll_date','=','July 31, 2015'),(487,'T0.department_id','=','all'),(488,'T0.company_id','=','5'),(488,'T0.payroll_date','=','July 31, 2015'),(488,'T0.department_id','=','all'),(489,'T0.company_id','=','5'),(489,'T0.payroll_date','=','July 31, 2015'),(489,'T0.department_id','=','all'),(490,'T0.company_id','=','5'),(490,'T0.payroll_date','=','July 31, 2015'),(490,'T0.department_id','=','all'),(491,'T0.company_id','=','5'),(491,'T0.payroll_date','=','July 31, 2015'),(491,'T0.department_id','=','all'),(492,'T0.company_id','=','5'),(492,'T0.payroll_date','=','July 31, 2015'),(492,'T0.department_id','=','all'),(493,'T0.company_id','=','5'),(493,'T0.payroll_date','=','July 31, 2015'),(493,'T0.department_id','=','all'),(494,'T0.company_id','=','5'),(494,'T0.payroll_date','=','July 31, 2015'),(494,'T0.department_id','=','all'),(495,'T0.company_id','=','5'),(495,'T0.payroll_date','=','July 31, 2015'),(495,'T0.department_id','=','all'),(496,'T0.company_id','=','5'),(496,'T0.payroll_date','=','July 31, 2015'),(496,'T0.department_id','=','all'),(388,'T0.company_id','=','5'),(388,'T0.payroll_date','=','July 15, 2015'),(388,'T0.department_id','=','all'),(389,'T0.company_id','=','2'),(389,'T0.payroll_date','=','July 15, 2015'),(389,'T0.department_id','=','all'),(390,'T0.company_id','=','2'),(390,'T0.payroll_date','=','July 15, 2015'),(390,'T0.department_id','=','all'),(391,'T0.company_id','=','2'),(391,'T0.payroll_date','=','July 15, 2015'),(391,'T0.department_id','=','all'),(392,'T0.company_id','=','2'),(392,'T0.payroll_date','=','July 15, 2015'),(392,'T0.department_id','=','all'),(393,'T0.company_id','=','2'),(393,'T0.payroll_date','=','July 31, 2015'),(393,'T0.department_id','=','all'),(394,'T0.company_id','=','2'),(394,'T0.payroll_date','=','July 31, 2015'),(394,'T0.department_id','=','all'),(395,'T0.company_id','=','2'),(395,'T0.payroll_date','=','July 31, 2015'),(395,'T0.department_id','=','all'),(396,'T0.company_id','=','2'),(396,'T0.payroll_date','=','July 31, 2015'),(396,'T0.department_id','=','all'),(397,'T0.company_id','=','2'),(397,'T0.payroll_date','=','July 31, 2015'),(397,'T0.department_id','=','all'),(398,'T0.company_id','=','2'),(398,'T0.payroll_date','=','July 31, 2015'),(398,'T0.department_id','=','all'),(399,'T0.company_id','=','2'),(399,'T0.payroll_date','=','July 31, 2015'),(399,'T0.department_id','=','all'),(400,'T0.company_id','=','2'),(400,'T0.payroll_date','=','July 31, 2015'),(400,'T0.department_id','=','all'),(401,'T0.company_id','=','2'),(401,'T0.payroll_date','=','July 31, 2015'),(401,'T0.department_id','=','all'),(402,'T0.company_id','=','2'),(402,'T0.payroll_date','=','July 31, 2015'),(402,'T0.department_id','=','all'),(403,'T0.company_id','=','2'),(403,'T0.payroll_date','=','July 31, 2015'),(403,'T0.department_id','=','all'),(404,'T0.company_id','=','2'),(404,'T0.payroll_date','=','July 31, 2015'),(404,'T0.department_id','=','all'),(405,'T0.company_id','=','2'),(405,'T0.payroll_date','=','July 31, 2015'),(405,'T0.department_id','=','all'),(406,'T0.company_id','=','5'),(406,'T0.payroll_date','=','July 31, 2015'),(406,'T0.department_id','=','all'),(407,'T0.company_id','=','5'),(407,'T0.payroll_date','=','July 31, 2015'),(407,'T0.department_id','=','all'),(408,'T0.company_id','=','5'),(408,'T0.payroll_date','=','July 31, 2015'),(408,'T0.department_id','=','all'),(409,'T0.company_id','=','5'),(409,'T0.payroll_date','=','July 31, 2015'),(409,'T0.department_id','=','all'),(410,'T0.company_id','=','all'),(410,'T0.payroll_date','=','July 31, 2015'),(410,'T0.department_id','=','all'),(411,'T0.company_id','=','5'),(411,'T0.payroll_date','=','July 31, 2015'),(411,'T0.department_id','=','all'),(412,'T0.company_id','=','5'),(412,'T0.payroll_date','=','July 31, 2015'),(412,'T0.department_id','=','all'),(413,'T0.company_id','=','5'),(413,'T0.payroll_date','=','July 31, 2015'),(413,'T0.department_id','=','2'),(414,'T0.company_id','=','5'),(414,'T0.payroll_date','=','July 31, 2015'),(414,'T0.department_id','=','all'),(415,'T0.company_id','=','5'),(415,'T0.payroll_date','=','July 31, 2015'),(415,'T0.department_id','=','all'),(416,'T0.company_id','=','5'),(416,'T0.payroll_date','=','July 31, 2015'),(416,'T0.department_id','=','all'),(417,'T0.company_id','=','5'),(417,'T0.payroll_date','=','July 31, 2015'),(417,'T0.department_id','=','all'),(418,'T0.payroll_date','=','July 31, 2015'),(418,'T0.company_id','=','2'),(419,'T0.payroll_date','=','July 31, 2015'),(419,'T0.company_id','=','5'),(420,'T0.payroll_date','=','July 31, 2015'),(420,'T0.company_id','=','5'),(421,'T0.payroll_date','=','July 31, 2015'),(421,'T0.company_id','=','5'),(422,'T0.payroll_date','=','July 31, 2015'),(422,'T0.company_id','=','5'),(423,'T0.payroll_date','=','July 31, 2015'),(423,'T0.company_id','=','5'),(424,'T0.payroll_date','=','July 15, 2015'),(424,'T0.company_id','=','all'),(425,'T0.payroll_date','=','July 31, 2015'),(425,'T0.company_id','=','all'),(426,'T0.payroll_date','=','August 15, 2015'),(426,'T0.company_id','=','all'),(427,'T0.company_id','=','2'),(427,'T0.payroll_date','=','July 31, 2015'),(427,'T0.department_id','=','all'),(428,'T0.company_id','=','2'),(428,'T0.payroll_date','=','July 31, 2015'),(428,'T0.department_id','=','all'),(429,'T0.company_id','=','2'),(429,'T0.payroll_date','=','July 15, 2015'),(429,'T0.department_id','=','all'),(430,'T0.payroll_date','=','August 15, 2015'),(430,'T0.company_id','=','all'),(431,'T0.payroll_date','=','August 15, 2015'),(431,'T0.company_id','=','all'),(432,'T0.payroll_date','=','August 15, 2015'),(432,'T0.company_id','=','4'),(434,'T0.payroll_date','=','July 15, 2015'),(434,'T0.company_id','=','5'),(435,'T0.payroll_date','=','July 31, 2015'),(435,'T0.company_id','=','5'),(436,'T0.payroll_date','=','August 15, 2015'),(436,'T0.company_id','=','5'),(437,'T0.payroll_date','=','July 15, 2015'),(437,'T0.company_id','=','2'),(438,'T0.payroll_date','=','July 15, 2015'),(438,'T0.company_id','=','2'),(439,'T0.payroll_date','=','July 31, 2015'),(439,'T0.company_id','=','2'),(440,'T0.payroll_date','=','August 15, 2015'),(440,'T0.company_id','=','2'),(441,'T0.company_id','=','5'),(441,'T0.payroll_date','=','August 15, 2015'),(441,'T0.department_id','=','all'),(442,'T0.company_id','=','5'),(442,'T0.payroll_date','=','August 15, 2015'),(442,'T0.department_id','=','all'),(443,'T0.company_id','=','5'),(443,'T0.payroll_date','=','August 15, 2015'),(443,'T0.department_id','=','all'),(444,'T0.company_id','=','5'),(444,'T0.payroll_date','=','August 15, 2015'),(444,'T0.department_id','=','all'),(445,'T0.company_id','=','2'),(445,'T0.payroll_date','=','August 15, 2015'),(445,'T0.department_id','=','all'),(446,'T0.company_id','=','5'),(446,'T0.payroll_date','=','August 15, 2015'),(446,'T0.department_id','=','all'),(447,'T0.company_id','=','5'),(447,'T0.payroll_date','=','August 15, 2015'),(447,'T0.department_id','=','all'),(448,'T0.company_id','=','5'),(448,'T0.payroll_date','=','August 15, 2015'),(448,'T0.department_id','=','all'),(449,'T0.company_id','=','2'),(449,'T0.payroll_date','=','August 15, 2015'),(449,'T0.department_id','=','all'),(450,'T0.company_id','=','2'),(450,'T0.payroll_date','=','August 15, 2015'),(450,'T0.department_id','=','all'),(451,'T0.company_id','=','2'),(451,'T0.payroll_date','=','August 15, 2015'),(451,'T0.department_id','=','all'),(452,'T0.company_id','=','2'),(452,'T0.payroll_date','=','August 15, 2015'),(452,'T0.department_id','=','all'),(453,'T0.company_id','=','2'),(453,'T0.payroll_date','=','August 15, 2015'),(453,'T0.department_id','=','all'),(454,'T0.company_id','=','2'),(454,'T0.payroll_date','=','August 15, 2015'),(454,'T0.department_id','=','all'),(455,'T0.company_id','=','2'),(455,'T0.payroll_date','=','August 15, 2015'),(455,'T0.department_id','=','all'),(456,'T0.company_id','=','5'),(456,'T0.payroll_date','=','August 15, 2015'),(456,'T0.department_id','=','all'),(457,'T0.company_id','=','2'),(457,'T0.payroll_date','=','August 15, 2015'),(457,'T0.department_id','=','all'),(458,'T0.company_id','=','2'),(458,'T0.payroll_date','=','August 15, 2015'),(458,'T0.department_id','=','all'),(459,'T0.company_id','=','5'),(459,'T0.payroll_date','=','August 15, 2015'),(459,'T0.department_id','=','all'),(460,'T0.company_id','=','5'),(460,'T0.payroll_date','=','August 15, 2015'),(460,'T0.department_id','=','all'),(461,'T0.company_id','=','5'),(461,'T0.payroll_date','=','August 15, 2015'),(461,'T0.department_id','=','all'),(462,'T0.company_id','=','5'),(462,'T0.payroll_date','=','August 15, 2015'),(462,'T0.department_id','=','all'),(463,'T0.company_id','=','5'),(463,'T0.payroll_date','=','August 15, 2015'),(463,'T0.department_id','=','all'),(464,'T0.company_id','=','5'),(464,'T0.payroll_date','=','August 15, 2015'),(464,'T0.department_id','=','all'),(465,'T0.company_id','=','5'),(465,'T0.payroll_date','=','August 15, 2015'),(465,'T0.department_id','=','all'),(466,'T0.company_id','=','5'),(466,'T0.payroll_date','=','August 15, 2015'),(466,'T0.department_id','=','all'),(467,'T0.company_id','=','5'),(467,'T0.payroll_date','=','August 15, 2015'),(467,'T0.department_id','=','all'),(468,'T0.company_id','=','5'),(468,'T0.payroll_date','=','August 15, 2015'),(468,'T0.department_id','=','all'),(469,'T0.company_id','=','2'),(469,'T0.payroll_date','=','August 15, 2015'),(469,'T0.department_id','=','all'),(470,'T0.company_id','=','2'),(470,'T0.payroll_date','=','August 15, 2015'),(470,'T0.department_id','=','all'),(471,'T0.company_id','=','2'),(471,'T0.payroll_date','=','August 15, 2015'),(471,'T0.department_id','=','all'),(472,'T0.company_id','=','2'),(472,'T0.payroll_date','=','August 15, 2015'),(472,'T0.department_id','=','all'),(473,'T0.company_id','=','2'),(473,'T0.payroll_date','=','August 15, 2015'),(473,'T0.department_id','=','all'),(474,'T0.company_id','=','2'),(474,'T0.payroll_date','=','August 15, 2015'),(474,'T0.department_id','=','all'),(475,'T0.company_id','=','2'),(475,'T0.payroll_date','=','August 15, 2015'),(475,'T0.department_id','=','all'),(476,'T0.company_id','=','2'),(476,'T0.payroll_date','=','August 15, 2015'),(476,'T0.department_id','=','all'),(477,'T0.company_id','=','5'),(477,'T0.payroll_date','=','August 15, 2015'),(477,'T0.department_id','=','all'),(478,'T0.payroll_date','=','August 31, 2015'),(478,'T0.company_id','=','all'),(479,'T0.payroll_date','=','August 15, 2015'),(479,'T0.company_id','=','all'),(480,'T0.payroll_date','=','August 31, 2015'),(480,'T0.company_id','=','all'),(481,'T0.payroll_date','=','August 31, 2015'),(481,'T0.company_id','=','4'),(483,'T0.company_id','=','5'),(483,'T0.payroll_date','=','August 31, 2015'),(483,'T0.department_id','=','all'),(484,'T0.company_id','=','5'),(484,'T0.payroll_date','=','August 31, 2015'),(484,'T0.department_id','=','all'),(485,'T0.company_id','=','5'),(485,'T0.payroll_date','=','August 31, 2015'),(485,'T0.department_id','=','all'),(486,'T0.company_id','=','5'),(486,'T0.payroll_date','=','August 31, 2015'),(486,'T0.department_id','=','all'),(487,'T0.company_id','=','2'),(487,'T0.payroll_date','=','August 31, 2015'),(487,'T0.department_id','=','all'),(488,'T0.company_id','=','2'),(488,'T0.payroll_date','=','August 31, 2015'),(488,'T0.department_id','=','all'),(489,'T0.company_id','=','2'),(489,'T0.payroll_date','=','August 31, 2015'),(489,'T0.department_id','=','35'),(490,'T0.company_id','=','2'),(490,'T0.payroll_date','=','August 31, 2015'),(490,'T0.department_id','=','8'),(491,'T0.company_id','=','2'),(491,'T0.payroll_date','=','August 31, 2015'),(491,'T0.department_id','=','10'),(492,'T0.company_id','=','2'),(492,'T0.payroll_date','=','August 31, 2015'),(492,'T0.department_id','=','7'),(493,'T0.company_id','=','2'),(493,'T0.payroll_date','=','August 31, 2015'),(493,'T0.department_id','=','9'),(494,'T0.company_id','=','2'),(494,'T0.payroll_date','=','August 31, 2015'),(494,'T0.department_id','=','40'),(495,'T0.company_id','=','2'),(495,'T0.payroll_date','=','August 31, 2015'),(495,'T0.department_id','=','35'),(496,'T0.company_id','=','2'),(496,'T0.payroll_date','=','August 31, 2015'),(496,'T0.department_id','=','8'),(497,'T0.company_id','=','2'),(497,'T0.payroll_date','=','August 31, 2015'),(497,'T0.department_id','=','10'),(498,'T0.company_id','=','2'),(498,'T0.payroll_date','=','August 31, 2015'),(498,'T0.department_id','=','7'),(499,'T0.company_id','=','2'),(499,'T0.payroll_date','=','August 31, 2015'),(499,'T0.department_id','=','9'),(500,'T0.company_id','=','2'),(500,'T0.payroll_date','=','August 31, 2015'),(500,'T0.department_id','=','40'),(501,'T0.company_id','=','2'),(501,'T0.payroll_date','=','August 31, 2015'),(501,'T0.department_id','=','all'),(502,'T0.company_id','=','all'),(502,'T0.payroll_date','=','August 31, 2015'),(502,'T0.department_id','=','all'),(503,'T0.company_id','=','2'),(503,'T0.payroll_date','=','August 31, 2015'),(503,'T0.department_id','=','all'),(504,'T0.company_id','=','2'),(504,'T0.payroll_date','=','August 31, 2015'),(504,'T0.department_id','=','all'),(505,'T0.company_id','=','2'),(505,'T0.payroll_date','=','August 31, 2015'),(505,'T0.department_id','=','all'),(506,'T0.company_id','=','5'),(506,'T0.payroll_date','=','August 31, 2015'),(506,'T0.department_id','=','all'),(507,'T0.company_id','=','2'),(507,'T0.payroll_date','=','August 31, 2015'),(507,'T0.department_id','=','all'),(508,'T0.company_id','=','5'),(508,'T0.payroll_date','=','August 31, 2015'),(508,'T0.department_id','=','all'),(509,'T0.company_id','=','5'),(509,'T0.payroll_date','=','August 31, 2015'),(509,'T0.department_id','=','all'),(510,'T0.company_id','=','5'),(510,'T0.payroll_date','=','August 31, 2015'),(510,'T0.department_id','=','all'),(511,'T0.company_id','=','5'),(511,'T0.payroll_date','=','August 31, 2015'),(511,'T0.department_id','=','all'),(512,'T0.company_id','=','5'),(512,'T0.payroll_date','=','August 31, 2015'),(512,'T0.department_id','=','all'),(513,'T0.company_id','=','5'),(513,'T0.payroll_date','=','August 31, 2015'),(513,'T0.department_id','=','all'),(514,'T0.company_id','=','5'),(514,'T0.payroll_date','=','August 31, 2015'),(514,'T0.department_id','=','all'),(515,'T0.company_id','=','5'),(515,'T0.payroll_date','=','August 31, 2015'),(515,'T0.department_id','=','all'),(516,'T0.company_id','=','5'),(516,'T0.payroll_date','=','August 31, 2015'),(516,'T0.department_id','=','all'),(517,'T0.company_id','=','5'),(517,'T0.payroll_date','=','August 31, 2015'),(517,'T0.department_id','=','all'),(518,'T0.company_id','=','5'),(518,'T0.payroll_date','=','August 31, 2015'),(518,'T0.department_id','=','all'),(519,'T0.payroll_date','=','August 15, 2015'),(519,'T0.company_id','=','all'),(520,'T0.payroll_date','=','August 31, 2015'),(520,'T0.company_id','=','all'),(521,'T0.payroll_date','=','September 15, 2015'),(521,'T0.company_id','=','all'),(522,'T0.payroll_date','=','August 15, 2015'),(522,'T0.company_id','=','3'),(523,'T0.payroll_date','=','August 15, 2015'),(523,'T0.company_id','=','3'),(524,'T0.payroll_date','=','September 15, 2015'),(524,'T0.company_id','=','all'),(525,'T0.company_id','=','2'),(525,'T0.payroll_date','=','September 15, 2015'),(525,'T0.department_id','=','all'),(526,'T0.company_id','=','2'),(526,'T0.payroll_date','=','September 15, 2015'),(526,'T0.department_id','=','all'),(527,'T0.company_id','=','2'),(527,'T0.payroll_date','=','September 15, 2015'),(527,'T0.department_id','=','all'),(528,'T0.company_id','=','2'),(528,'T0.payroll_date','=','September 15, 2015'),(528,'T0.department_id','=','all'),(529,'T0.company_id','=','2'),(529,'T0.payroll_date','=','September 15, 2015'),(529,'T0.department_id','=','all'),(530,'T0.company_id','=','2'),(530,'T0.payroll_date','=','September 15, 2015'),(530,'T0.department_id','=','all'),(531,'T0.company_id','=','2'),(531,'T0.payroll_date','=','September 15, 2015'),(531,'T0.department_id','=','all'),(532,'T0.company_id','=','2'),(532,'T0.payroll_date','=','September 15, 2015'),(532,'T0.department_id','=','all'),(533,'T0.company_id','=','2'),(533,'T0.payroll_date','=','September 15, 2015'),(533,'T0.department_id','=','all'),(534,'T0.company_id','=','2'),(534,'T0.payroll_date','=','September 15, 2015'),(534,'T0.department_id','=','all'),(535,'T0.company_id','=','2'),(535,'T0.payroll_date','=','September 15, 2015'),(535,'T0.department_id','=','all'),(536,'T0.company_id','=','2'),(536,'T0.payroll_date','=','September 15, 2015'),(536,'T0.department_id','=','all'),(537,'T0.company_id','=','2'),(537,'T0.payroll_date','=','September 15, 2015'),(537,'T0.department_id','=','all'),(538,'T0.company_id','=','2'),(538,'T0.payroll_date','=','September 15, 2015'),(538,'T0.department_id','=','all'),(539,'T0.company_id','=','2'),(539,'T0.payroll_date','=','September 15, 2015'),(539,'T0.department_id','=','all'),(540,'T0.company_id','=','2'),(540,'T0.payroll_date','=','August 31, 2015'),(540,'T0.department_id','=','all'),(541,'T0.company_id','=','all'),(541,'T0.payroll_date','=','September 15, 2015'),(541,'T0.department_id','=','all'),(542,'T0.company_id','=','2'),(542,'T0.payroll_date','=','September 15, 2015'),(542,'T0.department_id','=','all'),(543,'T0.company_id','=','2'),(543,'T0.payroll_date','=','September 15, 2015'),(543,'T0.department_id','=','all'),(544,'T0.company_id','=','2'),(544,'T0.payroll_date','=','September 15, 2015'),(544,'T0.department_id','=','all'),(545,'T0.company_id','=','2'),(545,'T0.payroll_date','=','September 15, 2015'),(545,'T0.department_id','=','all'),(546,'T0.company_id','=','2'),(546,'T0.payroll_date','=','September 15, 2015'),(546,'T0.department_id','=','all'),(547,'T0.company_id','=','2'),(547,'T0.payroll_date','=','September 15, 2015'),(547,'T0.department_id','=','all'),(548,'T0.company_id','=','2'),(548,'T0.payroll_date','=','September 15, 2015'),(548,'T0.department_id','=','all'),(549,'T0.company_id','=','2'),(549,'T0.payroll_date','=','September 15, 2015'),(549,'T0.department_id','=','all'),(550,'T0.company_id','=','5'),(550,'T0.payroll_date','=','September 15, 2015'),(550,'T0.department_id','=','all'),(551,'T0.company_id','=','5'),(551,'T0.payroll_date','=','September 15, 2015'),(551,'T0.department_id','=','all'),(552,'T0.company_id','=','5'),(552,'T0.payroll_date','=','September 15, 2015'),(552,'T0.department_id','=','39'),(553,'T0.company_id','=','5'),(553,'T0.payroll_date','=','September 15, 2015'),(553,'T0.department_id','=','39'),(554,'T0.company_id','=','5'),(554,'T0.payroll_date','=','September 15, 2015'),(554,'T0.department_id','=','all'),(555,'T0.company_id','=','5'),(555,'T0.payroll_date','=','September 15, 2015'),(555,'T0.department_id','=','all'),(556,'T0.company_id','=','5'),(556,'T0.payroll_date','=','September 15, 2015'),(556,'T0.department_id','=','all'),(557,'T0.company_id','=','5'),(557,'T0.payroll_date','=','September 15, 2015'),(557,'T0.department_id','=','all'),(558,'T0.company_id','=','5'),(558,'T0.payroll_date','=','September 15, 2015'),(558,'T0.department_id','=','all'),(559,'T0.company_id','=','5'),(559,'T0.payroll_date','=','September 15, 2015'),(559,'T0.department_id','=','all'),(560,'T0.company_id','=','5'),(560,'T0.payroll_date','=','September 15, 2015'),(560,'T0.department_id','=','all'),(561,'T0.company_id','=','5'),(561,'T0.payroll_date','=','September 15, 2015'),(561,'T0.department_id','=','39'),(562,'T0.company_id','=','5'),(562,'T0.payroll_date','=','September 15, 2015'),(562,'T0.department_id','=','39'),(563,'T0.company_id','=','5'),(563,'T0.payroll_date','=','September 15, 2015'),(563,'T0.department_id','=','all'),(564,'T0.company_id','=','5'),(564,'T0.payroll_date','=','September 15, 2015'),(564,'T0.department_id','=','all'),(565,'T0.company_id','=','5'),(565,'T0.payroll_date','=','September 15, 2015'),(565,'T0.department_id','=','all'),(566,'T0.company_id','=','all'),(566,'T0.payroll_date','=','August 15, 2015'),(567,'T0.company_id','=','all'),(567,'T0.payroll_date','=','August 31, 2015'),(568,'T0.company_id','=','6'),(568,'T0.payroll_date','=','September 15, 2015'),(569,'T0.company_id','=','2'),(569,'T0.payroll_date','=','September 15, 2015'),(569,'T0.department_id','=','all'),(570,'T0.company_id','=','2'),(570,'T0.payroll_date','=','September 15, 2015'),(570,'T0.department_id','=','all'),(571,'T0.company_id','=','5'),(571,'T0.payroll_date','=','July 15, 2015'),(571,'T0.department_id','=','all'),(572,'T0.company_id','=','5'),(572,'T0.payroll_date','=','July 15, 2015'),(572,'T0.department_id','=','all'),(573,'T0.company_id','=','5'),(573,'T0.payroll_date','=','July 15, 2015'),(573,'T0.department_id','=','all'),(574,'T0.company_id','=','2'),(574,'T0.payroll_date','=','July 15, 2015'),(574,'T0.department_id','=','all'),(575,'T0.payroll_date','=','August 31, 2015'),(575,'T0.company_id','=','all'),(576,'T0.payroll_date','=','September 15, 2015'),(576,'T0.company_id','=','all'),(577,'T0.payroll_date','=','September 30, 2015'),(577,'T0.company_id','=','all'),(578,'T0.payroll_date','=','September 30, 2015'),(578,'T0.company_id','=','all'),(579,'T0.company_id','=','5'),(579,'T0.payroll_date','=','September 30, 2015'),(579,'T0.department_id','=','all'),(580,'T0.company_id','=','8'),(580,'T0.payroll_date','=','September 30, 2015'),(580,'T0.department_id','=','all'),(581,'T0.company_id','=','8'),(581,'T0.payroll_date','=','September 30, 2015'),(581,'T0.department_id','=','all'),(582,'T0.company_id','=','8'),(582,'T0.payroll_date','=','September 30, 2015'),(582,'T0.department_id','=','all'),(583,'T0.company_id','=','5'),(583,'T0.payroll_date','=','September 30, 2015'),(583,'T0.department_id','=','all'),(584,'T0.company_id','=','5'),(584,'T0.payroll_date','=','September 30, 2015'),(584,'T0.department_id','=','all'),(585,'T0.company_id','=','5'),(585,'T0.payroll_date','=','September 30, 2015'),(585,'T0.department_id','=','all'),(586,'T0.company_id','=','2'),(586,'T0.payroll_date','=','September 30, 2015'),(586,'T0.department_id','=','all'),(588,'T0.company_id','=','2'),(588,'T0.payroll_date','=','September 30, 2015'),(588,'T0.department_id','=','all'),(589,'T0.company_id','=','2'),(589,'T0.payroll_date','=','September 30, 2015'),(589,'T0.department_id','=','all'),(590,'T0.company_id','=','2'),(590,'T0.payroll_date','=','September 30, 2015'),(590,'T0.department_id','=','all'),(591,'T0.company_id','=','2'),(591,'T0.payroll_date','=','September 30, 2015'),(591,'T0.department_id','=','all'),(592,'T0.company_id','=','2'),(592,'T0.payroll_date','=','September 30, 2015'),(592,'T0.department_id','=','all'),(593,'T0.company_id','=','2'),(593,'T0.payroll_date','=','September 30, 2015'),(593,'T0.department_id','=','all'),(594,'T0.company_id','=','2'),(594,'T0.payroll_date','=','September 30, 2015'),(594,'T0.department_id','=','all'),(595,'T0.company_id','=','2'),(595,'T0.payroll_date','=','September 30, 2015'),(595,'T0.department_id','=','all'),(596,'T0.company_id','=','2'),(596,'T0.payroll_date','=','September 30, 2015'),(596,'T0.department_id','=','35'),(597,'T0.company_id','=','2'),(597,'T0.payroll_date','=','September 30, 2015'),(597,'T0.department_id','=','8'),(598,'T0.company_id','=','2'),(598,'T0.payroll_date','=','September 30, 2015'),(598,'T0.department_id','=','40'),(599,'T0.company_id','=','2'),(599,'T0.payroll_date','=','September 30, 2015'),(599,'T0.department_id','=','10'),(600,'T0.company_id','=','2'),(600,'T0.payroll_date','=','September 30, 2015'),(600,'T0.department_id','=','7'),(601,'T0.company_id','=','2'),(601,'T0.payroll_date','=','September 30, 2015'),(601,'T0.department_id','=','9'),(602,'T0.company_id','=','2'),(602,'T0.payroll_date','=','September 30, 2015'),(602,'T0.department_id','=','40'),(603,'T0.company_id','=','2'),(603,'T0.payroll_date','=','September 30, 2015'),(603,'T0.department_id','=','35'),(604,'T0.company_id','=','2'),(604,'T0.payroll_date','=','September 30, 2015'),(604,'T0.department_id','=','8'),(605,'T0.company_id','=','2'),(605,'T0.payroll_date','=','September 30, 2015'),(605,'T0.department_id','=','40'),(606,'T0.company_id','=','2'),(606,'T0.payroll_date','=','September 30, 2015'),(606,'T0.department_id','=','10'),(607,'T0.company_id','=','2'),(607,'T0.payroll_date','=','September 30, 2015'),(607,'T0.department_id','=','7'),(608,'T0.company_id','=','2'),(608,'T0.payroll_date','=','September 30, 2015'),(608,'T0.department_id','=','9'),(609,'T0.company_id','=','2'),(609,'T0.payroll_date','=','September 30, 2015'),(609,'T0.department_id','=','all'),(610,'T0.company_id','=','2'),(610,'T0.payroll_date','=','September 30, 2015'),(610,'T0.department_id','=','all'),(611,'T0.company_id','=','2'),(611,'T0.payroll_date','=','September 30, 2015'),(611,'T0.department_id','=','all'),(612,'T0.company_id','=','2'),(612,'T0.payroll_date','=','September 30, 2015'),(612,'T0.department_id','=','all'),(613,'T0.company_id','=','2'),(613,'T0.payroll_date','=','September 30, 2015'),(613,'T0.department_id','=','all'),(614,'T0.company_id','=','2'),(614,'T0.payroll_date','=','September 30, 2015'),(614,'T0.department_id','=','all'),(615,'T0.company_id','=','5'),(615,'T0.payroll_date','=','September 30, 2015'),(615,'T0.department_id','=','all'),(616,'T0.company_id','=','5'),(616,'T0.payroll_date','=','September 30, 2015'),(616,'T0.department_id','=','all'),(617,'T0.company_id','=','5'),(617,'T0.payroll_date','=','September 30, 2015'),(617,'T0.department_id','=','all'),(618,'T0.company_id','=','5'),(618,'T0.payroll_date','=','September 30, 2015'),(618,'T0.department_id','=','all'),(619,'T0.company_id','=','8'),(619,'T0.payroll_date','=','September 30, 2015'),(619,'T0.department_id','=','all'),(620,'T0.company_id','=','8'),(620,'T0.payroll_date','=','September 30, 2015'),(620,'T0.department_id','=','all'),(621,'T0.company_id','=','8'),(621,'T0.payroll_date','=','September 30, 2015'),(621,'T0.department_id','=','all'),(622,'T0.company_id','=','8'),(622,'T0.payroll_date','=','September 30, 2015'),(622,'T0.department_id','=','all'),(623,'T0.company_id','=','8'),(623,'T0.payroll_date','=','September 30, 2015'),(623,'T0.department_id','=','all'),(624,'T0.company_id','=','8'),(624,'T0.payroll_date','=','September 30, 2015'),(624,'T0.department_id','=','all'),(625,'T0.company_id','=','8'),(625,'T0.payroll_date','=','September 30, 2015'),(625,'T0.department_id','=','all'),(626,'T0.company_id','=','8'),(626,'T0.payroll_date','=','September 30, 2015'),(626,'T0.department_id','=','all'),(627,'T0.company_id','=','5'),(627,'T0.payroll_date','=','September 30, 2015'),(627,'T0.department_id','=','all'),(628,'T0.company_id','=','5'),(628,'T0.payroll_date','=','September 30, 2015'),(628,'T0.department_id','=','all'),(629,'T0.company_id','=','5'),(629,'T0.payroll_date','=','September 30, 2015'),(629,'T0.department_id','=','all'),(630,'T0.company_id','=','2'),(630,'T0.payroll_date','>=','August 15, 2015'),(630,'T0.payroll_date','<=','September 15, 2015'),(630,'T0.department_id','=','all'),(630,'T0.user_id','=','all'),(631,'T0.company_id','=','5'),(631,'T0.payroll_date','>=','August 15, 2015'),(631,'T0.payroll_date','<=','September 15, 2015'),(631,'T0.department_id','=','all'),(631,'T0.user_id','=','all'),(632,'T0.company_id','=','5'),(632,'T0.payroll_date','=','September 15, 2015'),(632,'T0.department_id','=','all'),(633,'T0.company_id','=','5'),(633,'T0.payroll_date','=','September 30, 2015'),(633,'T0.department_id','=','all'),(634,'T0.company_id','=','5'),(634,'T0.payroll_date','=','September 30, 2015'),(634,'T0.department_id','=','all'),(635,'T0.payroll_date','=','September 15, 2015'),(635,'T0.company_id','=','all'),(636,'T0.payroll_date','=','September 30, 2015'),(636,'T0.company_id','=','all'),(637,'T0.payroll_date','=','October 15, 2015'),(637,'T0.company_id','=','all'),(639,'T0.payroll_date','=','October 15, 2015'),(639,'T0.company_id','=','all'),(640,'T0.company_id','=','8'),(640,'T0.payroll_date','=','October 15, 2015'),(640,'T0.department_id','=','all'),(641,'T0.company_id','=','8'),(641,'T0.payroll_date','=','October 15, 2015'),(641,'T0.department_id','=','all'),(642,'T0.company_id','=','8'),(642,'T0.payroll_date','=','October 15, 2015'),(642,'T0.department_id','=','all'),(643,'T0.company_id','=','8'),(643,'T0.payroll_date','=','October 15, 2015'),(643,'T0.department_id','=','all'),(644,'T0.company_id','=','8'),(644,'T0.payroll_date','=','October 15, 2015'),(644,'T0.department_id','=','all'),(645,'T0.company_id','=','8'),(645,'T0.payroll_date','=','October 15, 2015'),(645,'T0.department_id','=','all'),(646,'T0.company_id','=','8'),(646,'T0.payroll_date','=','October 15, 2015'),(646,'T0.department_id','=','all'),(647,'T0.company_id','=','8'),(647,'T0.payroll_date','=','October 15, 2015'),(647,'T0.department_id','=','all'),(648,'T0.company_id','=','4'),(648,'T0.payroll_date','=','October 15, 2015'),(648,'T0.department_id','=','all'),(649,'T0.company_id','=','4'),(649,'T0.payroll_date','=','October 15, 2015'),(649,'T0.department_id','=','all'),(650,'T0.company_id','=','4'),(650,'T0.payroll_date','=','October 15, 2015'),(650,'T0.department_id','=','all'),(651,'T0.company_id','=','8'),(651,'T0.payroll_date','=','October 15, 2015'),(651,'T0.department_id','=','all'),(652,'T0.company_id','=','2'),(652,'T0.payroll_date','=','October 15, 2015'),(652,'T0.department_id','=','all'),(653,'T0.company_id','=','4'),(653,'T0.payroll_date','=','October 15, 2015'),(653,'T0.department_id','=','all'),(654,'T0.company_id','=','8'),(654,'T0.payroll_date','=','October 15, 2015'),(654,'T0.department_id','=','all'),(655,'T0.company_id','=','4'),(655,'T0.payroll_date','=','October 15, 2015'),(655,'T0.department_id','=','all'),(656,'T0.company_id','=','4'),(656,'T0.payroll_date','=','October 15, 2015'),(656,'T0.department_id','=','all'),(657,'T0.company_id','=','4'),(657,'T0.payroll_date','=','October 15, 2015'),(657,'T0.department_id','=','all'),(658,'T0.company_id','=','all'),(658,'T0.payroll_date','=','October 15, 2015'),(658,'T0.department_id','=','all'),(659,'T0.company_id','=','4'),(659,'T0.payroll_date','=','October 15, 2015'),(659,'T0.department_id','=','all'),(660,'T0.company_id','=','8'),(660,'T0.payroll_date','=','October 15, 2015'),(660,'T0.department_id','=','all'),(661,'T0.company_id','=','8'),(661,'T0.payroll_date','=','October 15, 2015'),(661,'T0.department_id','=','all'),(662,'T0.company_id','=','8'),(662,'T0.payroll_date','=','October 15, 2015'),(662,'T0.department_id','=','all'),(663,'T0.company_id','=','2'),(663,'T0.payroll_date','=','October 15, 2015'),(663,'T0.department_id','=','35'),(664,'T0.company_id','=','2'),(664,'T0.payroll_date','=','October 15, 2015'),(664,'T0.department_id','=','8'),(665,'T0.company_id','=','2'),(665,'T0.payroll_date','=','October 15, 2015'),(665,'T0.department_id','=','40'),(666,'T0.company_id','=','2'),(666,'T0.payroll_date','=','October 15, 2015'),(666,'T0.department_id','=','10'),(667,'T0.company_id','=','2'),(667,'T0.payroll_date','=','October 15, 2015'),(667,'T0.department_id','=','7'),(668,'T0.company_id','=','2'),(668,'T0.payroll_date','=','October 15, 2015'),(668,'T0.department_id','=','7'),(669,'T0.company_id','=','2'),(669,'T0.payroll_date','=','October 15, 2015'),(669,'T0.department_id','=','9'),(670,'T0.company_id','=','2'),(670,'T0.payroll_date','=','October 15, 2015'),(670,'T0.department_id','=','all'),(671,'T0.company_id','=','2'),(671,'T0.payroll_date','=','October 15, 2015'),(671,'T0.department_id','=','all'),(672,'T0.company_id','=','2'),(672,'T0.payroll_date','=','October 15, 2015'),(672,'T0.department_id','=','all'),(673,'T0.company_id','=','2'),(673,'T0.payroll_date','=','October 15, 2015'),(673,'T0.department_id','=','7'),(674,'T0.company_id','=','2'),(674,'T0.payroll_date','=','October 15, 2015'),(674,'T0.department_id','=','all'),(675,'T0.company_id','=','2'),(675,'T0.payroll_date','=','October 15, 2015'),(675,'T0.department_id','=','40'),(676,'T0.company_id','=','2'),(676,'T0.payroll_date','=','October 15, 2015'),(676,'T0.department_id','=','10'),(677,'T0.company_id','=','2'),(677,'T0.payroll_date','=','October 15, 2015'),(677,'T0.department_id','=','7'),(678,'T0.company_id','=','2'),(678,'T0.payroll_date','=','October 15, 2015'),(678,'T0.department_id','=','35'),(679,'T0.company_id','=','2'),(679,'T0.payroll_date','=','October 15, 2015'),(679,'T0.department_id','=','8'),(680,'T0.company_id','=','2'),(680,'T0.payroll_date','=','October 15, 2015'),(680,'T0.department_id','=','8'),(681,'T0.company_id','=','2'),(681,'T0.payroll_date','=','October 15, 2015'),(681,'T0.department_id','=','40'),(682,'T0.company_id','=','2'),(682,'T0.payroll_date','=','October 15, 2015'),(682,'T0.department_id','=','10'),(683,'T0.company_id','=','2'),(683,'T0.payroll_date','=','October 15, 2015'),(683,'T0.department_id','=','7'),(684,'T0.company_id','=','2'),(684,'T0.payroll_date','=','October 15, 2015'),(684,'T0.department_id','=','9'),(685,'T0.company_id','=','2'),(685,'T0.payroll_date','=','October 15, 2015'),(685,'T0.department_id','=','9'),(686,'T0.company_id','=','2'),(686,'T0.payroll_date','=','October 15, 2015'),(686,'T0.department_id','=','7'),(687,'T0.company_id','=','2'),(687,'T0.payroll_date','=','October 15, 2015'),(687,'T0.department_id','=','all'),(688,'T0.company_id','=','2'),(688,'T0.payroll_date','=','October 15, 2015'),(688,'T0.department_id','=','all'),(689,'T0.company_id','=','2'),(689,'T0.payroll_date','=','October 15, 2015'),(689,'T0.department_id','=','all'),(690,'T0.company_id','=','2'),(690,'T0.payroll_date','=','October 15, 2015'),(690,'T0.department_id','=','all'),(691,'T0.company_id','=','2'),(691,'T0.payroll_date','=','October 15, 2015'),(691,'T0.department_id','=','all'),(692,'T0.company_id','=','2'),(692,'T0.payroll_date','=','October 15, 2015'),(692,'T0.department_id','=','8'),(693,'T0.company_id','=','2'),(693,'T0.payroll_date','=','October 15, 2015'),(693,'T0.department_id','=','8'),(694,'T0.company_id','=','4'),(694,'T0.payroll_date','=','October 15, 2015'),(694,'T0.department_id','=','all'),(695,'T0.company_id','=','2'),(695,'T0.payroll_date','=','October 15, 2015'),(695,'T0.department_id','=','all'),(696,'T0.company_id','=','4'),(696,'T0.payroll_date','=','October 15, 2015'),(696,'T0.department_id','=','all'),(697,'T0.company_id','=','4'),(697,'T0.payroll_date','=','October 15, 2015'),(697,'T0.department_id','=','all'),(698,'T0.company_id','=','4'),(698,'T0.payroll_date','=','October 15, 2015'),(698,'T0.department_id','=','all'),(699,'T0.company_id','=','4'),(699,'T0.payroll_date','=','October 15, 2015'),(699,'T0.department_id','=','23'),(700,'T0.company_id','=','4'),(700,'T0.payroll_date','=','October 15, 2015'),(700,'T0.department_id','=','2'),(701,'T0.company_id','=','4'),(701,'T0.payroll_date','=','October 15, 2015'),(701,'T0.department_id','=','11'),(702,'T0.company_id','=','4'),(702,'T0.payroll_date','=','October 15, 2015'),(702,'T0.department_id','=','all'),(703,'T0.company_id','=','4'),(703,'T0.payroll_date','=','October 15, 2015'),(703,'T0.department_id','=','all'),(704,'T0.company_id','=','4'),(704,'T0.payroll_date','=','October 15, 2015'),(704,'T0.department_id','=','all'),(705,'T0.company_id','=','8'),(705,'T0.payroll_date','=','October 15, 2015'),(705,'T0.department_id','IN',',33,1'),(706,'T0.company_id','=','4'),(706,'T0.payroll_date','=','October 15, 2015'),(706,'T0.department_id','IN',',11'),(707,'T0.company_id','=','4'),(707,'T0.payroll_date','=','October 15, 2015'),(707,'T0.department_id','IN',',1'),(708,'T0.company_id','=','4'),(708,'T0.payroll_date','=','October 15, 2015'),(708,'T0.department_id','IN',',1,2'),(709,'T0.company_id','=','4'),(709,'T0.payroll_date','=','October 15, 2015'),(709,'T0.department_id','IN',',16,23'),(710,'T0.company_id','=','4'),(710,'T0.payroll_date','=','October 15, 2015'),(710,'T0.department_id','IN',',14'),(711,'T0.company_id','=','4'),(711,'T0.payroll_date','=','October 15, 2015'),(711,'T0.department_id','IN',',1,2'),(712,'T0.company_id','=','4'),(712,'T0.payroll_date','=','October 15, 2015'),(712,'T0.department_id','IN',',4,36,6,5'),(713,'T0.company_id','=','4'),(713,'T0.payroll_date','=','October 15, 2015'),(713,'T0.department_id','=','14'),(714,'T0.company_id','=','4'),(714,'T0.payroll_date','=','October 15, 2015'),(714,'T0.department_id','=','11'),(715,'T0.company_id','=','4'),(715,'T0.payroll_date','=','October 15, 2015'),(715,'T0.department_id','=','all'),(716,'T0.company_id','=','4'),(716,'T0.payroll_date','=','October 15, 2015'),(716,'T0.department_id','=','2'),(717,'T0.company_id','=','4'),(717,'T0.payroll_date','=','October 15, 2015'),(717,'T0.department_id','IN',',4,36,6,5'),(718,'T0.company_id','=','4'),(718,'T0.payroll_date','=','October 15, 2015'),(718,'T0.department_id','IN',',1,2'),(719,'T0.company_id','=','4'),(719,'T0.payroll_date','=','October 15, 2015'),(719,'T0.department_id','=','all'),(720,'T0.company_id','=','8'),(720,'T0.payroll_date','=','October 15, 2015'),(720,'T0.department_id','IN',',11'),(721,'T0.company_id','=','8'),(721,'T0.payroll_date','=','October 15, 2015'),(721,'T0.department_id','IN',',35,11'),(722,'T0.company_id','=','8'),(722,'T0.payroll_date','=','October 15, 2015'),(722,'T0.department_id','IN',',35,11,10'),(723,'T0.company_id','=','8'),(723,'T0.payroll_date','=','October 15, 2015'),(723,'T0.department_id','IN',',35,11,10,24'),(724,'T0.company_id','=','8'),(724,'T0.payroll_date','=','October 15, 2015'),(724,'T0.department_id','IN',',35,11,10,24'),(725,'T0.company_id','=','8'),(725,'T0.payroll_date','=','October 15, 2015'),(725,'T0.department_id','IN',',33,1'),(726,'T0.company_id','=','8'),(726,'T0.payroll_date','=','October 15, 2015'),(726,'T0.department_id','IN',',33,1'),(727,'T0.company_id','=','8'),(727,'T0.payroll_date','=','October 15, 2015'),(727,'T0.department_id','IN',',35,11,10,24'),(728,'T0.company_id','=','8'),(728,'T0.payroll_date','=','October 15, 2015'),(728,'T0.department_id','=','all'),(729,'T0.company_id','=','8'),(729,'T0.payroll_date','=','October 15, 2015'),(729,'T0.department_id','=','all'),(730,'T0.company_id','=','8'),(730,'T0.payroll_date','=','October 15, 2015'),(730,'T0.department_id','IN',',35,11,10,24'),(731,'T0.company_id','=','8'),(731,'T0.payroll_date','=','October 15, 2015'),(731,'T0.department_id','IN',',33,1'),(732,'T0.company_id','=','8'),(732,'T0.payroll_date','=','October 15, 2015'),(732,'T0.department_id','=','all'),(733,'T0.company_id','=','5'),(733,'T0.payroll_date','=','October 15, 2015'),(733,'T0.department_id','IN',',32,33,15,3,1,2'),(734,'T0.company_id','=','5'),(734,'T0.payroll_date','=','October 15, 2015'),(734,'T0.department_id','IN',',32,33,15,3,1,2'),(735,'T0.company_id','=','5'),(735,'T0.payroll_date','=','October 15, 2015'),(735,'T0.department_id','=','all'),(736,'T0.company_id','=','5'),(736,'T0.payroll_date','=','October 15, 2015'),(736,'T0.department_id','IN',',32,33,15,3,1,2'),(737,'T0.company_id','=','5'),(737,'T0.payroll_date','=','October 15, 2015'),(737,'T0.department_id','=','all'),(738,'T0.company_id','=','5'),(738,'T0.payroll_date','=','October 15, 2015'),(738,'T0.department_id','=','all'),(739,'T0.company_id','=','5'),(739,'T0.payroll_date','=','October 15, 2015'),(739,'T0.department_id','IN',',32,33,15,3,1,2'),(740,'T0.company_id','=','5'),(740,'T0.payroll_date','=','October 15, 2015'),(740,'T0.department_id','=','all'),(741,'T0.company_id','=','5'),(741,'T0.payroll_date','=','October 15, 2015'),(741,'T0.department_id','IN',',32,33,15,3,1,2'),(742,'T0.company_id','=','4'),(742,'T0.payroll_date','=','October 15, 2015'),(742,'T0.department_id','=','36'),(743,'T0.company_id','=','8'),(743,'T0.payroll_date','=','October 15, 2015'),(743,'T0.department_id','=','all'),(745,'T0.payroll_date','=','October 15, 2015'),(745,'T0.company_id','=','all'),(746,'T0.payroll_date','=','October 31, 2015'),(746,'T0.company_id','=','all'),(747,'T0.payroll_date','=','October 31, 2015'),(747,'T0.company_id','=','all'),(748,'T0.company_id','=','5'),(748,'T0.payroll_date','=','October 31, 2015'),(748,'T0.department_id','IN',',33'),(749,'T0.company_id','=','5'),(749,'T0.payroll_date','=','October 31, 2015'),(749,'T0.department_id','IN',',1'),(750,'T0.company_id','=','5'),(750,'T0.payroll_date','=','October 31, 2015'),(750,'T0.department_id','IN',',32,1'),(751,'T0.company_id','=','5'),(751,'T0.payroll_date','=','October 31, 2015'),(751,'T0.department_id','IN',',32'),(752,'T0.company_id','=','8'),(752,'T0.payroll_date','=','October 31, 2015'),(752,'T0.department_id','IN',',1'),(753,'T0.company_id','=','8'),(753,'T0.payroll_date','=','October 31, 2015'),(753,'T0.department_id','IN',',10,1'),(754,'T0.company_id','=','8'),(754,'T0.payroll_date','=','October 31, 2015'),(754,'T0.department_id','IN',',35,11,33,10,24,1'),(755,'T0.company_id','=','5'),(755,'T0.payroll_date','=','October 31, 2015'),(755,'T0.department_id','IN',',32,33,15,3,1,2'),(756,'T0.company_id','=','2'),(756,'T0.payroll_date','=','October 31, 2015'),(756,'T0.department_id','IN',',35,8,7,40,10,9'),(757,'T0.company_id','=','4'),(757,'T0.payroll_date','=','October 31, 2015'),(757,'T0.department_id','IN',',4,16,11,23,14,36,6,5,1,2'),(758,'T0.company_id','=','8'),(758,'T0.payroll_date','=','October 31, 2015'),(758,'T0.department_id','IN',',35,11,33,10,24,1'),(759,'T0.company_id','=','2'),(759,'T0.payroll_date','=','October 31, 2015'),(759,'T0.department_id','IN',',35'),(760,'T0.company_id','=','2'),(760,'T0.payroll_date','=','October 31, 2015'),(760,'T0.department_id','IN',',8'),(761,'T0.company_id','=','2'),(761,'T0.payroll_date','=','October 31, 2015'),(761,'T0.department_id','IN',',40'),(762,'T0.company_id','=','2'),(762,'T0.payroll_date','=','October 31, 2015'),(762,'T0.department_id','IN',',10'),(763,'T0.company_id','=','2'),(763,'T0.payroll_date','=','October 31, 2015'),(763,'T0.department_id','IN',',7'),(764,'T0.company_id','=','2'),(764,'T0.payroll_date','=','October 31, 2015'),(764,'T0.department_id','IN',',9'),(765,'T0.company_id','=','2'),(765,'T0.payroll_date','=','October 31, 2015'),(765,'T0.department_id','IN',',35'),(766,'T0.company_id','=','2'),(766,'T0.payroll_date','=','October 31, 2015'),(766,'T0.department_id','IN',',8'),(767,'T0.company_id','=','2'),(767,'T0.payroll_date','=','October 31, 2015'),(767,'T0.department_id','IN',',40'),(768,'T0.company_id','=','2'),(768,'T0.payroll_date','=','October 31, 2015'),(768,'T0.department_id','IN',',10'),(769,'T0.company_id','=','2'),(769,'T0.payroll_date','=','October 31, 2015'),(769,'T0.department_id','IN',',7'),(770,'T0.company_id','=','2'),(770,'T0.payroll_date','=','October 31, 2015'),(770,'T0.department_id','IN',',9'),(771,'T0.company_id','=','2'),(771,'T0.payroll_date','=','October 31, 2015'),(771,'T0.department_id','IN',',7'),(772,'T0.company_id','=','2'),(772,'T0.payroll_date','=','October 31, 2015'),(772,'T0.department_id','IN',',7'),(773,'T0.company_id','=','2'),(773,'T0.payroll_date','=','October 31, 2015'),(773,'T0.department_id','IN',',9'),(774,'T0.company_id','=','2'),(774,'T0.payroll_date','=','October 31, 2015'),(774,'T0.department_id','=','all'),(775,'T0.company_id','=','2'),(775,'T0.payroll_date','=','October 31, 2015'),(775,'T0.department_id','IN',',35,8,7,40,10,9'),(776,'T0.company_id','=','4'),(776,'T0.payroll_date','=','October 31, 2015'),(776,'T0.department_id','IN',',14'),(777,'T0.company_id','=','4'),(777,'T0.payroll_date','=','October 31, 2015'),(777,'T0.department_id','IN',',16,23'),(778,'T0.company_id','=','4'),(778,'T0.payroll_date','=','October 31, 2015'),(778,'T0.department_id','IN',',11'),(779,'T0.company_id','=','4'),(779,'T0.payroll_date','=','October 31, 2015'),(779,'T0.department_id','IN',',1,2'),(780,'T0.company_id','=','4'),(780,'T0.payroll_date','=','October 31, 2015'),(780,'T0.department_id','IN',',4,36,6,5'),(781,'T0.company_id','=','4'),(781,'T0.payroll_date','=','October 31, 2015'),(781,'T0.department_id','IN',',14'),(782,'T0.company_id','=','4'),(782,'T0.payroll_date','=','October 31, 2015'),(782,'T0.department_id','IN',',1,2'),(783,'T0.company_id','=','4'),(783,'T0.payroll_date','=','October 31, 2015'),(783,'T0.department_id','IN',',16,23'),(784,'T0.company_id','=','4'),(784,'T0.payroll_date','=','October 31, 2015'),(784,'T0.department_id','IN',',11'),(785,'T0.company_id','=','4'),(785,'T0.payroll_date','=','October 31, 2015'),(785,'T0.department_id','IN',',4,36,6,5'),(786,'T0.company_id','=','4'),(786,'T0.payroll_date','=','October 31, 2015'),(786,'T0.department_id','IN',',4,36,6,5'),(787,'T0.company_id','=','4'),(787,'T0.payroll_date','=','October 31, 2015'),(787,'T0.department_id','IN',',4,36,6,5'),(788,'T0.company_id','=','4'),(788,'T0.payroll_date','=','October 31, 2015'),(788,'T0.department_id','IN',',4,36,6,5'),(789,'T0.company_id','=','4'),(789,'T0.payroll_date','=','October 31, 2015'),(789,'T0.department_id','IN',',4,36,6,5'),(790,'T0.company_id','=','4'),(790,'T0.payroll_date','=','October 31, 2015'),(790,'T0.department_id','IN',',14'),(791,'T0.company_id','=','4'),(791,'T0.payroll_date','=','October 31, 2015'),(791,'T0.department_id','IN',',16,23'),(792,'T0.company_id','=','4'),(792,'T0.payroll_date','=','October 31, 2015'),(792,'T0.department_id','IN',',11'),(793,'T0.company_id','=','4'),(793,'T0.payroll_date','=','October 31, 2015'),(793,'T0.department_id','IN',',1,2'),(794,'T0.company_id','=','4'),(794,'T0.payroll_date','=','October 31, 2015'),(794,'T0.department_id','IN',',16,23'),(795,'T0.company_id','=','4'),(795,'T0.payroll_date','=','October 31, 2015'),(795,'T0.department_id','IN',',16,23'),(796,'T0.company_id','=','4'),(796,'T0.payroll_date','=','October 31, 2015'),(796,'T0.department_id','IN',',16,23'),(797,'T0.company_id','=','4'),(797,'T0.payroll_date','=','October 31, 2015'),(797,'T0.department_id','IN',',4,36,6,5'),(798,'T0.company_id','=','4'),(798,'T0.payroll_date','=','October 31, 2015'),(798,'T0.department_id','IN',',4,36,6,5'),(799,'T0.company_id','=','4'),(799,'T0.payroll_date','=','October 31, 2015'),(799,'T0.department_id','=','all'),(800,'T0.company_id','=','4'),(800,'T0.payroll_date','=','October 31, 2015'),(800,'T0.department_id','=','all'),(801,'T0.company_id','=','2'),(801,'T0.payroll_date','=','October 31, 2015'),(801,'T0.department_id','=','all'),(802,'T0.company_id','=','5'),(802,'T0.payroll_date','=','October 31, 2015'),(802,'T0.department_id','IN',',32,33,15,3,1,2'),(803,'T0.company_id','=','5'),(803,'T0.payroll_date','=','October 31, 2015'),(803,'T0.department_id','IN',',32,33,15,3,1,2'),(804,'T0.company_id','=','5'),(804,'T0.payroll_date','=','October 31, 2015'),(804,'T0.department_id','IN',',32,33,15,3,1,2'),(805,'T0.company_id','=','5'),(805,'T0.payroll_date','=','October 31, 2015'),(805,'T0.department_id','=','all'),(806,'T0.company_id','=','5'),(806,'T0.payroll_date','=','October 31, 2015'),(806,'T0.department_id','=','all'),(807,'T0.company_id','=','5'),(807,'T0.payroll_date','=','October 31, 2015'),(807,'T0.department_id','IN',',32,33,15,3,1,2'),(808,'T0.company_id','=','4'),(808,'T0.payroll_date','=','October 31, 2015'),(808,'T0.department_id','IN',',1,2'),(809,'T0.company_id','=','4'),(809,'T0.payroll_date','=','October 31, 2015'),(809,'T0.department_id','IN',',1,2'),(810,'T0.company_id','=','4'),(810,'T0.payroll_date','=','October 31, 2015'),(810,'T0.department_id','=','all'),(811,'T0.company_id','=','8'),(811,'T0.payroll_date','=','October 31, 2015'),(811,'T0.department_id','IN',',33,1'),(812,'T0.company_id','=','8'),(812,'T0.payroll_date','=','October 31, 2015'),(812,'T0.department_id','IN',',35,11,10,24'),(813,'T0.company_id','=','8'),(813,'T0.payroll_date','=','October 31, 2015'),(813,'T0.department_id','IN',',35,11,10,24'),(814,'T0.company_id','=','8'),(814,'T0.payroll_date','=','October 31, 2015'),(814,'T0.department_id','IN',',35,11,10,24'),(815,'T0.company_id','=','5'),(815,'T0.payroll_date','=','October 31, 2015'),(815,'T0.department_id','IN',',33,15'),(816,'T0.company_id','=','8'),(816,'T0.payroll_date','=','October 31, 2015'),(816,'T0.department_id','IN',',1'),(817,'T0.company_id','=','8'),(817,'T0.payroll_date','=','October 31, 2015'),(817,'T0.department_id','IN',',33,1'),(818,'T0.company_id','=','8'),(818,'T0.payroll_date','=','October 31, 2015'),(818,'T0.department_id','IN',',35,11,10,24'),(819,'T0.company_id','=','8'),(819,'T0.payroll_date','=','October 31, 2015'),(819,'T0.department_id','IN',',35,11,10,24'),(820,'T0.company_id','=','8'),(820,'T0.payroll_date','=','October 31, 2015'),(820,'T0.department_id','IN',',35,11,33,10,24,1'),(821,'T0.company_id','=','8'),(821,'T0.payroll_date','=','October 31, 2015'),(821,'T0.department_id','IN',',35,11,10,24'),(822,'T0.company_id','=','8'),(822,'T0.payroll_date','=','October 31, 2015'),(822,'T0.department_id','IN',',33,1'),(823,'T0.company_id','=','8'),(823,'T0.payroll_date','=','October 31, 2015'),(823,'T0.department_id','=','all'),(824,'T0.company_id','=','8'),(824,'T0.payroll_date','=','October 31, 2015'),(824,'T0.department_id','IN',',35,11,10,24'),(825,'T0.payroll_date','=','October 31, 2015'),(825,'T0.company_id','=','8'),(826,'T0.payroll_date','=','October 15, 2015'),(826,'T0.company_id','=','8'),(828,'T0.payroll_date','=','October 15, 2015'),(828,'T0.company_id','=','all'),(829,'T0.payroll_date','=','October 31, 2015'),(829,'T0.company_id','=','all'),(830,'T0.payroll_date','=','November 15, 2015'),(830,'T0.company_id','=','all'),(831,'T0.payroll_date','=','November 15, 2015'),(831,'T0.company_id','=','all'),(832,'T0.payroll_date','=','October 31, 2015'),(832,'T0.company_id','=','4'),(833,'T0.payroll_date','=','October 31, 2015'),(833,'T0.company_id','=','4'),(834,'T0.payroll_date','=','October 15, 2015'),(834,'T0.company_id','=','8'),(835,'T0.payroll_date','=','October 31, 2015'),(835,'T0.company_id','=','8'),(836,'T0.payroll_date','=','October 15, 2015'),(836,'T0.company_id','=','4'),(837,'T0.company_id','=','5'),(837,'T0.payroll_date','=','October 15, 2015'),(837,'T0.department_id','=','all'),(840,'T0.company_id','=','3'),(840,'T0.payroll_date','=','November 15, 2015'),(840,'T0.department_id','IN',',13,37,38'),(841,'T0.company_id','=','3'),(841,'T0.payroll_date','=','November 15, 2015'),(841,'T0.department_id','IN',',13,37,38'),(842,'T0.company_id','=','3'),(842,'T0.payroll_date','=','November 15, 2015'),(842,'T0.department_id','=','all'),(843,'T0.company_id','=','7'),(843,'T0.payroll_date','=','November 15, 2015'),(843,'T0.department_id','IN',',11,17,10'),(844,'T0.company_id','=','7'),(844,'T0.payroll_date','=','November 15, 2015'),(844,'T0.department_id','IN',',11,17,10'),(845,'T0.company_id','=','7'),(845,'T0.payroll_date','=','November 15, 2015'),(845,'T0.department_id','IN',',11,17,10'),(846,'T0.company_id','=','3'),(846,'T0.payroll_date','=','November 15, 2015'),(846,'T0.department_id','IN',',13,37,38'),(847,'T0.company_id','=','8'),(847,'T0.payroll_date','=','November 15, 2015'),(847,'T0.department_id','IN',',35,11,10,24'),(848,'T0.company_id','=','8'),(848,'T0.payroll_date','=','November 15, 2015'),(848,'T0.department_id','IN',',35,11,10,24'),(851,'T0.company_id','=','5'),(851,'T0.payroll_date','=','November 15, 2015'),(851,'T0.department_id','=','all'),(851,'T0.type','=','Overtime'),(852,'T0.company_id','=','8'),(852,'T0.payroll_date','=','October 15, 2015'),(852,'T0.department_id','=','all'),(852,'T0.type','=','all'),(853,'T0.company_id','=','8'),(853,'T0.payroll_date','=','October 31, 2015'),(853,'T0.department_id','=','all'),(853,'T0.type','=','all'),(854,'T0.company_id','=','2'),(854,'T0.payroll_date','=','November 15, 2015'),(854,'T0.department_id','IN',',35'),(855,'T0.company_id','=','2'),(855,'T0.payroll_date','=','November 15, 2015'),(855,'T0.department_id','IN',',8'),(856,'T0.company_id','=','2'),(856,'T0.payroll_date','=','November 15, 2015'),(856,'T0.department_id','IN',',40'),(857,'T0.company_id','=','2'),(857,'T0.payroll_date','=','November 15, 2015'),(857,'T0.department_id','IN',',10'),(858,'T0.company_id','=','2'),(858,'T0.payroll_date','=','November 15, 2015'),(858,'T0.department_id','IN',',7'),(859,'T0.company_id','=','2'),(859,'T0.payroll_date','=','November 15, 2015'),(859,'T0.department_id','IN',',9'),(860,'T0.company_id','=','2'),(860,'T0.payroll_date','=','November 15, 2015'),(860,'T0.department_id','=','7'),(860,'T0.type','=','Deduction'),(861,'T0.company_id','=','2'),(861,'T0.payroll_date','=','November 15, 2015'),(861,'T0.department_id','IN',',35'),(862,'T0.company_id','=','2'),(862,'T0.payroll_date','=','November 15, 2015'),(862,'T0.department_id','IN',',8'),(863,'T0.company_id','=','2'),(863,'T0.payroll_date','=','November 15, 2015'),(863,'T0.department_id','IN',',40'),(864,'T0.company_id','=','2'),(864,'T0.payroll_date','=','November 15, 2015'),(864,'T0.department_id','IN',',7'),(865,'T0.company_id','=','2'),(865,'T0.payroll_date','=','November 15, 2015'),(865,'T0.department_id','IN',',35'),(866,'T0.company_id','=','2'),(866,'T0.payroll_date','=','November 15, 2015'),(866,'T0.department_id','IN',',8'),(867,'T0.company_id','=','2'),(867,'T0.payroll_date','=','November 15, 2015'),(867,'T0.department_id','IN',',40'),(868,'T0.company_id','=','2'),(868,'T0.payroll_date','=','November 15, 2015'),(868,'T0.department_id','IN',',10'),(869,'T0.company_id','=','2'),(869,'T0.payroll_date','=','November 15, 2015'),(869,'T0.department_id','IN',',7'),(870,'T0.company_id','=','2'),(870,'T0.payroll_date','=','November 15, 2015'),(870,'T0.department_id','IN',',9'),(871,'T0.company_id','=','2'),(871,'T0.payroll_date','=','November 15, 2015'),(871,'T0.department_id','IN',',10'),(872,'T0.company_id','=','2'),(872,'T0.payroll_date','=','November 15, 2015'),(872,'T0.department_id','IN',',10'),(873,'T0.company_id','=','2'),(873,'T0.payroll_date','=','November 15, 2015'),(873,'T0.department_id','IN',',10'),(874,'T0.company_id','=','2'),(874,'T0.payroll_date','=','November 15, 2015'),(874,'T0.department_id','IN',',10'),(875,'T0.company_id','=','2'),(875,'T0.payroll_date','=','November 15, 2015'),(875,'T0.department_id','IN',',10'),(876,'T0.company_id','=','2'),(876,'T0.payroll_date','=','November 15, 2015'),(876,'T0.department_id','IN',',35'),(877,'T0.company_id','=','2'),(877,'T0.payroll_date','=','November 15, 2015'),(877,'T0.department_id','IN',',8'),(878,'T0.company_id','=','2'),(878,'T0.payroll_date','=','November 15, 2015'),(878,'T0.department_id','IN',',40'),(879,'T0.company_id','=','2'),(879,'T0.payroll_date','=','November 15, 2015'),(879,'T0.department_id','IN',',7'),(880,'T0.company_id','=','2'),(880,'T0.payroll_date','=','November 15, 2015'),(880,'T0.department_id','IN',',9'),(881,'T0.company_id','=','2'),(881,'T0.payroll_date','=','November 15, 2015'),(881,'T0.department_id','IN',',7'),(882,'T0.company_id','=','2'),(882,'T0.payroll_date','=','November 15, 2015'),(882,'T0.department_id','IN',',40'),(883,'T0.company_id','=','2'),(883,'T0.payroll_date','=','November 15, 2015'),(883,'T0.department_id','IN',',8,40'),(884,'T0.company_id','=','2'),(884,'T0.payroll_date','=','November 15, 2015'),(884,'T0.department_id','IN',',8'),(885,'T0.company_id','=','2'),(885,'T0.payroll_date','=','November 15, 2015'),(885,'T0.department_id','IN',',35'),(886,'T0.company_id','=','2'),(886,'T0.payroll_date','=','November 15, 2015'),(886,'T0.department_id','IN',',35'),(887,'T0.company_id','=','2'),(887,'T0.payroll_date','=','November 15, 2015'),(887,'T0.department_id','IN',',8'),(888,'T0.company_id','=','2'),(888,'T0.payroll_date','=','November 15, 2015'),(888,'T0.department_id','IN',',40'),(889,'T0.company_id','=','2'),(889,'T0.payroll_date','=','November 15, 2015'),(889,'T0.department_id','IN',',7'),(890,'T0.company_id','=','2'),(890,'T0.payroll_date','=','November 15, 2015'),(890,'T0.department_id','IN',',9'),(891,'T0.company_id','=','2'),(891,'T0.payroll_date','=','November 15, 2015'),(891,'T0.department_id','IN',',35,8,7,40,9'),(892,'T0.company_id','=','2'),(892,'T0.payroll_date','=','November 15, 2015'),(892,'T0.department_id','=','all'),(892,'T0.type','=','all'),(893,'T0.company_id','=','2'),(893,'T0.payroll_date','=','November 15, 2015'),(893,'T0.department_id','=','all'),(893,'T0.type','=','Adjustment'),(894,'T0.company_id','=','2'),(894,'T0.payroll_date','=','November 15, 2015'),(894,'T0.department_id','=','all'),(894,'T0.type','=','Deduction'),(895,'T0.company_id','=','2'),(895,'T0.payroll_date','=','November 15, 2015'),(895,'T0.department_id','=','all'),(895,'T0.type','=','Leaves'),(896,'T0.company_id','=','2'),(896,'T0.payroll_date','=','November 15, 2015'),(896,'T0.department_id','=','all'),(896,'T0.type','=','Overtime'),(897,'T0.company_id','=','4'),(897,'T0.payroll_date','=','November 15, 2015'),(897,'T0.department_id','IN',',4,36,6,5'),(898,'T0.company_id','=','4'),(898,'T0.payroll_date','=','November 15, 2015'),(898,'T0.department_id','IN',',4,36,6,5'),(899,'T0.company_id','=','4'),(899,'T0.payroll_date','=','November 15, 2015'),(899,'T0.department_id','IN',',16,23'),(900,'T0.company_id','=','4'),(900,'T0.payroll_date','=','November 15, 2015'),(900,'T0.department_id','IN',',11'),(901,'T0.company_id','=','4'),(901,'T0.payroll_date','=','November 15, 2015'),(901,'T0.department_id','IN',',11'),(902,'T0.company_id','=','4'),(902,'T0.payroll_date','=','November 15, 2015'),(902,'T0.department_id','IN',',14'),(903,'T0.company_id','=','4'),(903,'T0.payroll_date','=','November 15, 2015'),(903,'T0.department_id','IN',',1,2'),(904,'T0.company_id','=','4'),(904,'T0.payroll_date','=','November 15, 2015'),(904,'T0.department_id','IN',',4,36,6,5'),(905,'T0.company_id','=','4'),(905,'T0.payroll_date','=','November 15, 2015'),(905,'T0.department_id','IN',',16,23'),(906,'T0.company_id','=','4'),(906,'T0.payroll_date','=','November 15, 2015'),(906,'T0.department_id','IN',',11'),(907,'T0.company_id','=','4'),(907,'T0.payroll_date','=','November 15, 2015'),(907,'T0.department_id','IN',',14'),(908,'T0.company_id','=','4'),(908,'T0.payroll_date','=','November 15, 2015'),(908,'T0.department_id','IN',',1,2'),(909,'T0.company_id','=','4'),(909,'T0.payroll_date','=','November 15, 2015'),(909,'T0.department_id','=','all'),(909,'T0.type','=','all'),(910,'T0.company_id','=','4'),(910,'T0.payroll_date','=','November 15, 2015'),(910,'T0.department_id','=','all'),(911,'T0.company_id','=','4'),(911,'T0.payroll_date','=','November 15, 2015'),(911,'T0.department_id','IN',',4,36,6,5'),(912,'T0.company_id','=','2'),(912,'T0.payroll_date','=','November 15, 2015'),(912,'T0.department_id','=','all'),(913,'T0.company_id','=','5'),(913,'T0.payroll_date','=','November 15, 2015'),(913,'T0.department_id','IN',',32,33,15,3,1,2'),(914,'T0.company_id','=','5'),(914,'T0.payroll_date','=','November 15, 2015'),(914,'T0.department_id','IN',',32,33,15,3,1,2'),(915,'T0.company_id','=','5'),(915,'T0.payroll_date','=','November 15, 2015'),(915,'T0.department_id','IN',',32,33,15,3,1,2'),(916,'T0.company_id','=','5'),(916,'T0.payroll_date','=','November 15, 2015'),(916,'T0.department_id','IN',',32,33,15,3,1,2'),(917,'T0.company_id','=','5'),(917,'T0.payroll_date','=','November 15, 2015'),(917,'T0.department_id','=','all'),(918,'T0.company_id','=','5'),(918,'T0.payroll_date','=','November 15, 2015'),(918,'T0.department_id','=','all'),(918,'T0.type','=','all'),(919,'T0.company_id','=','5'),(919,'T0.payroll_date','=','November 15, 2015'),(919,'T0.department_id','IN',',32,33,15,3,1,2'),(920,'T0.company_id','=','8'),(920,'T0.payroll_date','=','November 15, 2015'),(920,'T0.department_id','IN',',33,1'),(921,'T0.company_id','=','8'),(921,'T0.payroll_date','=','November 15, 2015'),(921,'T0.department_id','IN',',33,1'),(922,'T0.company_id','=','8'),(922,'T0.payroll_date','=','November 15, 2015'),(922,'T0.department_id','IN',',35,11,10,24'),(923,'T0.company_id','=','8'),(923,'T0.payroll_date','=','November 15, 2015'),(923,'T0.department_id','IN',',35,11,10,24'),(924,'T0.company_id','=','8'),(924,'T0.payroll_date','=','November 15, 2015'),(924,'T0.department_id','=','all'),(925,'T0.company_id','=','8'),(925,'T0.payroll_date','=','November 15, 2015'),(925,'T0.department_id','=','all'),(925,'T0.type','=','all'),(926,'T0.company_id','=','8'),(926,'T0.payroll_date','=','November 15, 2015'),(926,'T0.department_id','IN',',35,11,10,24'),(927,'T0.company_id','=','3'),(927,'T0.payroll_date','=','November 15, 2015'),(927,'T0.department_id','IN',',13,37,38'),(928,'T0.company_id','=','3'),(928,'T0.payroll_date','=','November 15, 2015'),(928,'T0.department_id','IN',',13,37,38'),(929,'T0.company_id','=','3'),(929,'T0.payroll_date','=','November 15, 2015'),(929,'T0.department_id','=','all'),(929,'T0.type','=','all'),(930,'T0.company_id','=','7'),(930,'T0.payroll_date','=','November 15, 2015'),(930,'T0.department_id','=','all'),(930,'T0.type','=','all'),(931,'T0.company_id','=','5'),(931,'T0.payroll_date','=','November 15, 2015'),(931,'T0.department_id','IN',',32,33,15,3,1,2'),(932,'T0.company_id','=','5'),(932,'T0.payroll_date','=','November 15, 2015'),(932,'T0.department_id','=','all'),(933,'T0.company_id','=','5'),(933,'T0.payroll_date','=','November 15, 2015'),(933,'T0.department_id','=','all'),(934,'T0.company_id','=','5'),(934,'T0.payroll_date','=','November 15, 2015'),(934,'T0.department_id','=','all'),(935,'T0.company_id','=','5'),(935,'T0.payroll_date','=','November 15, 2015'),(935,'T0.department_id','=','all'),(6,'T0.company_id','=','all'),(6,'T0.payroll_date','>=','January 01, 2015'),(6,'T0.payroll_date','<=','December 31, 2015'),(6,'T0.department_id','=','all'),(6,'T0.user_id','=','all'),(7,'T0.payroll_date','=','August 15, 2015'),(7,'T0.company_id','=','all'),(8,'T0.payroll_date','=','November 15, 2015'),(8,'T0.company_id','=','5'),(9,'T0.payroll_date','=','November 15, 2015'),(9,'T0.company_id','=','5'),(10,'T0.payroll_date','=','November 15, 2015'),(10,'T0.company_id','=','5'),(12,'T0.payroll_date','=','December 15, 2015'),(12,'T0.company_id','=','5'),(13,'T0.payroll_date','=','December 15, 2015'),(13,'T0.company_id','=','5'),(20,'T0.company_id','=','all'),(20,'T0.payroll_date','>=','January 01, 2015'),(20,'T0.payroll_date','<=','December 31, 2015'),(20,'T0.department_id','=','all'),(20,'T0.user_id','=','all'),(22,'T0.company_id','=','all'),(22,'T0.payroll_date','>=','January 01, 2015'),(22,'T0.payroll_date','<=','December 31, 2015'),(22,'T0.department_id','=','all'),(22,'T0.user_id','=','all'),(25,'T0.display_name','=','all'),(28,'T0.division','=','Information Technology'),(29,'T0.division','=','Information Technology'),(30,'T0.division_id','=','1'),(31,'T0.division_id','=','all'),(32,'T0.division_id','=','1'),(33,'T0.division_id','=','Information Technology'),(34,'T0.division_id','=','1'),(35,'T0.division_id','=','1'),(36,'T0.division_id','=','1'),(37,'T0.company_id','=','5'),(37,'T0.division_id','=','all'),(38,'T0.company_id','=','5'),(38,'T0.division_id','=','1'),(39,'T0.company_id','=','3'),(39,'T0.division_id','=','all'),(40,'T0.company_id','=','3'),(40,'T0.division_id','=','all'),(42,'T0.company_id','=','5'),(43,'T0.company_id','=','5'),(44,'T0.company_id','=','5'),(45,'T0.company_id','=','5'),(46,'T0.company_id','=','5'),(46,'T0.division_id','=','1'),(47,'T0.company_id','=','5'),(47,'T0.division_id','=','all'),(48,'T0.company_id','=','5'),(48,'T0.division_id','=','1'),(49,'T0.company_id','=','3'),(49,'T0.division_id','=','all'),(50,'T0.company_id','=','3'),(50,'T0.division_id','=','all'),(51,'T0.company_id','=','5'),(51,'T0.payroll_date','>=','December 01, 2015'),(51,'T0.payroll_date','<=','December 31, 2015'),(51,'T0.department_id','=','all'),(51,'T0.user_id','=','all'),(52,'T0.company_id','=','all'),(52,'T0.division_id','=','all'),(53,'T0.company_id','=','all'),(53,'T0.division_id','=','all'),(54,'T0.company_id','=','all'),(54,'T0.division_id','=','all'),(55,'T0.payroll_date','=','October 15, 2015'),(55,'T0.company_id','=','all'),(56,'T0.payroll_date','=','October 15, 2015'),(56,'T0.company_id','=','all'),(57,'T0.payroll_date','=','October 15, 2015'),(57,'T0.company_id','=','all'),(58,'T0.company_id','=','all'),(58,'T0.division_id','=','all'),(59,'T0.company_id','=','all'),(59,'T0.division_id','=','all'),(60,'T0.company_id','=','all'),(60,'T0.division_id','=','all'),(61,'T0.company_id','=','all'),(61,'T0.division_id','=','all'),(62,'T0.company_id','=','all'),(62,'T0.division_id','=','all'),(63,'T0.company_id','=','all'),(63,'T0.division_id','=','all'),(64,'T0.company_id','=','all'),(64,'T0.division_id','=','all'),(65,'T0.company_id','=','all'),(65,'T0.division_id','=','all'),(66,'T0.company_id','=','all'),(66,'T0.division_id','=','all'),(67,'T0.company_id','=','all'),(67,'T0.division_id','=','all'),(68,'T0.company_id','=','all'),(68,'T0.division_id','=','all'),(69,'T0.company_id','=','all'),(69,'T0.division_id','=','all'),(70,'T0.company_id','=','all'),(70,'T0.division_id','=','all'),(71,'T0.company_id','=','all'),(71,'T0.division_id','=','all'),(72,'T0.company_id','=','all'),(72,'T0.division_id','=','all'),(73,'T0.company_id','=','all'),(73,'T0.division_id','=','all'),(74,'T0.company_id','=','all'),(74,'T0.division_id','=','all'),(75,'T0.company_id','=','all'),(75,'T0.division_id','=','all'),(76,'T0.company_id','=','all'),(76,'T0.division_id','=','all'),(77,'T0.company_id','=','all'),(77,'T0.division_id','=','all'),(78,'T0.company_id','=','all'),(78,'T0.division_id','=','all'),(79,'T0.company_id','=','all'),(79,'T0.division_id','=','all'),(80,'T0.company_id','=','all'),(80,'T0.division_id','=','all'),(81,'T0.company_id','=','all'),(81,'T0.division_id','=','all'),(82,'T0.company_id','=','all'),(82,'T0.division_id','=','all'),(83,'T0.company_id','=','all'),(83,'T0.division_id','=','all'),(84,'T0.company_id','=','all'),(84,'T0.division_id','=','all'),(85,'T0.company_id','=','all'),(85,'T0.division_id','=','all'),(86,'T0.company_id','=','all'),(86,'T0.division_id','=','all'),(87,'T0.company_id','=','all'),(87,'T0.division_id','=','all'),(88,'T0.company_id','=','all'),(88,'T0.division_id','=','all'),(89,'T0.company_id','=','all'),(89,'T0.division_id','=','all'),(90,'T0.company_id','=','all'),(90,'T0.division_id','=','all'),(91,'T0.company_id','=','all'),(91,'T0.division_id','=','all'),(92,'T0.company_id','=','all'),(92,'T0.division_id','=','all'),(93,'T0.company_id','=','all'),(93,'T0.division_id','=','all'),(94,'T0.company_id','=','all'),(94,'T0.division_id','=','all'),(95,'T0.company_id','=','all'),(95,'T0.division_id','=','all'),(96,'T0.company_id','=','all'),(96,'T0.division_id','=','all'),(97,'T0.company_id','=','all'),(97,'T0.division_id','=','all'),(98,'T0.company_id','=','all'),(98,'T0.division_id','=','all'),(99,'T0.company_id','=','all'),(99,'T0.division_id','=','all'),(100,'T0.company_id','=','all'),(100,'T0.division_id','=','all'),(101,'T0.company_id','=','all'),(101,'T0.division_id','=','all'),(102,'T0.payroll_date','=','November 30, 2015'),(102,'T0.company_id','=','all'),(103,'T0.payroll_date','=','November 30, 2015'),(103,'T0.company_id','=','all'),(104,'T0.company_id','=','all'),(104,'T0.division_id','=','all'),(105,'T0.company_id','=','all'),(105,'T0.division_id','=','all'),(106,'T0.company_id','=','all'),(106,'T0.division_id','=','all'),(107,'T0.company_id','=','all'),(107,'T0.division_id','=','all'),(108,'T0.company_id','=','all'),(108,'T0.division_id','=','all'),(109,'T0.company_id','=','all'),(109,'T0.division_id','=','all'),(113,'T0.company_id','=','all'),(113,'T0.division_id','=','all'),(117,'T0.company_id','=','5'),(117,'T0.division_id','=','all'),(118,'T0.company_id','=','3'),(118,'T0.division_id','=','2'),(119,'T0.company_id','=','3'),(119,'T0.division_id','=','2'),(120,'T0.company_id','=','all'),(120,'T0.division_id','=','all'),(121,'T0.company_id','=','all'),(121,'T0.division_id','=','all'),(122,'T0.company_id','=','all'),(122,'T0.division_id','=','all'),(123,'T0.company_id','=','all'),(123,'T0.division_id','=','all'),(124,'T0.company_id','=','all'),(124,'T0.division_id','=','all'),(125,'T0.company_id','=','5'),(125,'T0.division_id','=','1'),(126,'T0.company_id','=','5'),(126,'T0.division_id','=','1'),(127,'T0.company_id','=','5'),(127,'T0.division_id','=','1'),(128,'T0.company_id','=','5'),(128,'T0.division_id','=','1'),(129,'T0.company_id','=','5'),(129,'T0.division_id','=','1'),(130,'T0.company_id','=','5'),(130,'T0.division_id','=','1'),(131,'T0.company_id','=','5'),(131,'T0.division_id','=','1'),(132,'T0.company_id','=','all'),(132,'T0.division_id','=','all'),(133,'T0.company_id','=','5'),(133,'T0.division_id','=','1'),(134,'T0.company_id','=','5'),(134,'T0.division_id','=','1'),(135,'T0.company_id','=','5'),(135,'T0.division_id','=','1'),(136,'T0.company_id','=','5'),(136,'T0.division_id','=','1'),(137,'T0.company_id','=','all'),(137,'T0.division_id','=','all'),(138,'T0.company_id','=','all'),(138,'T0.division_id','=','all'),(139,'T0.company_id','=','5'),(139,'T0.division_id','=','1'),(140,'T0.company_id','=','2'),(140,'T0.division_id','=','8'),(141,'T0.company_id','=','3'),(141,'T0.division_id','=','2'),(142,'T0.company_id','=','5'),(142,'T0.division_id','=','1'),(143,'T0.payroll_date','=','November 30, 2015'),(143,'T0.company_id','=','all'),(144,'T0.payroll_date','=','November 30, 2015'),(144,'T0.company_id','=','5'),(145,'T0.payroll_date','=','October 31, 2015'),(145,'T0.company_id','=','5'),(146,'T0.company_id','=','all'),(146,'T0.payroll_date','=','December 15, 2015'),(146,'T0.department_id','IN','1'),(147,'T0.company_id','=','5'),(147,'T0.payroll_date','=','December 15, 2015'),(147,'T0.department_id','IN',',1'),(148,'T0.company_id','=','5'),(148,'T0.payroll_date','=','December 15, 2015'),(148,'T0.department_id','IN',',1'),(149,'T0.company_id','=','5'),(149,'T0.payroll_date','=','December 15, 2015'),(149,'T0.department_id','IN',',1'),(150,'T0.company_id','=','5'),(150,'T0.payroll_date','=','December 15, 2015'),(150,'T0.department_id','IN',',1'),(151,'T0.company_id','=','5'),(151,'T0.payroll_date','=','December 15, 2015'),(151,'T0.department_id','IN',',1'),(152,'T0.company_id','=','5'),(152,'T0.payroll_date','=','December 15, 2015'),(152,'T0.department_id','IN',',1'),(153,'T0.company_id','=','5'),(153,'T0.payroll_date','=','December 15, 2015'),(153,'T0.department_id','IN',',1'),(154,'T0.company_id','=','5'),(154,'T0.payroll_date','=','December 15, 2015'),(154,'T0.department_id','IN',',1'),(155,'T0.company_id','=','5'),(155,'T0.payroll_date','=','December 15, 2015'),(155,'T0.department_id','IN',',1'),(156,'T0.company_id','=','5'),(156,'T0.payroll_date','=','December 15, 2015'),(156,'T0.department_id','IN',',1'),(157,'T0.company_id','=','5'),(157,'T0.payroll_date','=','December 15, 2015'),(157,'T0.department_id','IN',',1'),(158,'T0.company_id','=','5'),(158,'T0.payroll_date','=','December 15, 2015'),(158,'T0.department_id','IN',',1'),(159,'T0.company_id','=','5'),(159,'T0.payroll_date','=','December 15, 2015'),(159,'T0.department_id','IN',',1'),(160,'T0.company_id','=','5'),(160,'T0.payroll_date','=','December 15, 2015'),(160,'T0.department_id','IN',',1'),(161,'T0.company_id','=','5'),(161,'T0.payroll_date','=','December 15, 2015'),(161,'T0.department_id','IN',',1'),(162,'T0.company_id','=','5'),(162,'T0.payroll_date','=','December 15, 2015'),(162,'T0.department_id','IN',',1'),(163,'T0.company_id','=','5'),(163,'T0.payroll_date','=','December 15, 2015'),(163,'T0.department_id','IN',',1'),(164,'T0.company_id','=','5'),(164,'T0.payroll_date','=','December 15, 2015'),(164,'T0.department_id','IN',',1'),(165,'T0.company_id','=','5'),(165,'T0.payroll_date','=','December 15, 2015'),(165,'T0.department_id','IN',',1'),(166,'T0.company_id','=','5'),(166,'T0.payroll_date','=','December 15, 2015'),(166,'T0.department_id','=','1'),(167,'T0.company_id','=','5'),(167,'T0.payroll_date','=','December 15, 2015'),(167,'T0.department_id','=','1'),(168,'T0.company_id','=','5'),(168,'T0.payroll_date','=','November 30, 2015'),(168,'T0.department_id','=','1'),(169,'T0.company_id','=','5'),(169,'T0.payroll_date','=','November 30, 2015'),(169,'T0.department_id','IN',',1'),(178,'T0.company_id','=','5'),(178,'T0.payroll_date','=','March 15, 2015'),(178,'T0.department_id','IN',',1'),(179,'T0.company_id','=','all'),(179,'T0.division_id','=','all'),(180,'T0.company_id','=','all'),(180,'T0.division_id','=','all'),(181,'T0.company_id','=','all'),(181,'T0.division_id','=','all'),(1,'T0.company_id','=','1'),(1,'T0.department_id','=','all'),(1,'T0.payroll_date','=','February 15, 2016'),(2,'T0.company_id','=','all'),(2,'T0.department_id','=','all'),(2,'T0.payroll_date','=','February 15, 2016'),(3,'T0.company_id','=','all'),(3,'T0.department_id','=','all'),(3,'T0.payroll_date','=','February 15, 2016'),(4,'T0.company_id','=','all'),(4,'T0.department_id','=','all'),(4,'T0.payroll_date','=','February 15, 2016'),(5,'T0.company_id','=','all'),(5,'T0.department_id','=','all'),(5,'T0.payroll_date','=','February 15, 2016'),(6,'T0.company_id','=','all'),(6,'T0.department_id','=','all'),(6,'T0.payroll_date','=','February 15, 2016'),(7,'T0.company_id','=','all'),(7,'T0.department_id','=','all'),(7,'T0.payroll_date','=','February 15, 2016'),(8,'T0.company_id','=','all'),(8,'T0.department_id','=','all'),(8,'T0.payroll_date','=','February 15, 2016'),(9,'T0.company_id','=','all'),(9,'T0.department_id','=','all'),(9,'T0.payroll_date','=','February 15, 2016'),(10,'T0.company_id','=','all'),(10,'T0.department_id','=','all'),(10,'T0.payroll_date','=','February 15, 2016'),(11,'T0.company_id','=','all'),(11,'T0.department_id','=','all'),(11,'T0.payroll_date','=','February 15, 2016'),(12,'T0.company_id','=','all'),(12,'T0.department_id','=','all'),(12,'T0.payroll_date','=','February 15, 2016'),(13,'T0.company_id','=','all'),(13,'T0.department_id','=','all'),(13,'T0.payroll_date','=','February 15, 2016'),(14,'T0.company_id','=','all'),(14,'T0.department_id','=','all'),(14,'T0.payroll_date','=','February 15, 2016'),(15,'T0.company_id','=','all'),(15,'T0.department_id','=','all'),(15,'T0.payroll_date','=','February 15, 2016'),(16,'T0.company_id','=','all'),(16,'T0.department_id','=','all'),(16,'T0.payroll_date','=','February 15, 2016'),(17,'T0.company_id','=','all'),(17,'T0.department_id','=','all'),(17,'T0.payroll_date','=','February 15, 2016'),(18,'T0.company_id','=','all'),(18,'T0.department_id','=','all'),(18,'T0.payroll_date','=','February 15, 2016'),(19,'T0.company_id','=','all'),(19,'T0.department_id','=','all'),(19,'T0.payroll_date','=','February 15, 2016'),(20,'T0.company_id','=','all'),(20,'T0.department_id','=','all'),(20,'T0.payroll_date','=','February 15, 2016'),(21,'T0.company_id','=','all'),(21,'T0.department_id','=','all'),(21,'T0.payroll_date','=','February 15, 2016'),(22,'T0.company_id','=','1'),(22,'T0.department_id','=','all'),(22,'T0.payroll_date','=','February 15, 2016'),(23,'T0.company_id','=','1'),(23,'T0.department_id','=','all'),(23,'T0.payroll_date','=','February 15, 2016'),(24,'T0.company_id','=','1'),(24,'T0.department_id','=','all'),(24,'T0.payroll_date','=','February 15, 2016'),(25,'T0.company_id','=','all'),(25,'T0.department_id','=','all'),(25,'T0.payroll_date','=','February 15, 2016'),(26,'T0.company_id','=','all'),(26,'T0.department_id','=','all'),(26,'T0.payroll_date','=','February 15, 2016'),(27,'T0.company_id','=','all'),(27,'T0.department_id','=','all'),(27,'T0.payroll_date','=','February 15, 2016'),(28,'T0.company_id','=','all'),(28,'T0.department_id','=','all'),(28,'T0.payroll_date','=','February 15, 2016'),(29,'T0.company_id','=','all'),(29,'T0.department_id','=','all'),(29,'T0.payroll_date','=','February 15, 2016'),(30,'T0.company_id','=','all'),(30,'T0.department_id','=','all'),(30,'T0.payroll_date','=','February 15, 2016'),(31,'T0.company_id','=','all'),(31,'T0.department_id','=','all'),(31,'T0.payroll_date','=','February 15, 2016'),(32,'T0.company_id','=','all'),(32,'T0.payroll_date','=','February 15, 2016'),(32,'T0.department_id','IN','1,2,3,4,5,6,7,8,9,10'),(33,'T0.department_id','=','all'),(33,'T0.payroll_date','=','February 15, 2016'),(34,'T0.department_id','=','all'),(34,'T0.payroll_date','=','February 15, 2016'),(35,'T0.department_id','=','all'),(35,'T0.payroll_date','=','February 15, 2016'),(36,'T0.department_id','=','all'),(36,'T0.payroll_date','=','February 15, 2016'),(37,'T0.department_id','=','all'),(37,'T0.payroll_date','=','February 15, 2016'),(38,'T0.department_id','=','all'),(38,'T0.payroll_date','=','February 15, 2016'),(39,'T0.department_id','=','all'),(39,'T0.payroll_date','=','February 15, 2016'),(40,'T0.department_id','=','all'),(40,'T0.payroll_date','=','February 15, 2016'),(41,'T0.department_id','=','all'),(41,'T0.payroll_date','=','February 15, 2016'),(42,'T0.department_id','=','all'),(42,'T0.payroll_date','=','February 15, 2016'),(43,'T0.department_id','=','all'),(43,'T0.payroll_date','=','February 15, 2016'),(44,'T0.department_id','=','all'),(44,'T0.payroll_date','=','February 15, 2016'),(45,'T0.department_id','=','all'),(45,'T0.payroll_date','=','February 15, 2016'),(46,'T0.department_id','=','all'),(46,'T0.payroll_date','=','February 15, 2016'),(47,'T0.department_id','=','all'),(47,'T0.payroll_date','=','February 15, 2016'),(48,'T0.department_id','=','all'),(48,'T0.payroll_date','=','February 15, 2016'),(49,'T0.department_id','=','all'),(49,'T0.payroll_date','=','February 15, 2016'),(50,'T0.department_id','=','all'),(50,'T0.payroll_date','=','February 15, 2016'),(51,'T0.department_id','=','all'),(51,'T0.payroll_date','=','February 15, 2016'),(52,'T0.department_id','=','all'),(52,'T0.payroll_date','=','February 15, 2016'),(53,'T0.department_id','=','all'),(53,'T0.payroll_date','=','February 15, 2016'),(54,'T0.department_id','=','all'),(54,'T0.payroll_date','=','February 15, 2016'),(55,'T0.department_id','=','all'),(55,'T0.payroll_date','=','February 15, 2016'),(56,'T0.department_id','=','all'),(56,'T0.payroll_date','=','February 15, 2016'),(57,'T0.department_id','=','4'),(57,'T0.payroll_date','=','February 15, 2016'),(58,'T0.department_id','=','all'),(58,'T0.payroll_date','=','February 15, 2016'),(59,'T0.department_id','=','all'),(59,'T0.payroll_date','=','February 15, 2016'),(60,'T0.company_id','=','all'),(60,'T0.division_id','=','all'),(61,'T0.company_id','=','all'),(61,'T0.division_id','=','all'),(62,'T0.company_id','=','all'),(62,'T0.division_id','=','all'),(71,'T0.department_id','=','all'),(71,'T0.payroll_date','=','February 15, 2016'),(94,'T0.department_id','=','all'),(94,'T0.payroll_date','=','February 15, 2016'),(107,'T0.department_id','=','all'),(107,'T0.payroll_date','=','February 15, 2016'),(108,'T0.department_id','=','all'),(108,'T0.payroll_date','=','February 15, 2016'),(153,'T0.company_id','=','all'),(153,'T0.payroll_date','=','February 15, 2016'),(153,'T0.department_id','=','all'),(154,'T0.company_id','=','all'),(154,'T0.payroll_date','=','February 15, 2016'),(154,'T0.department_id','=','all'),(155,'T0.company_id','=','all'),(155,'T0.payroll_date','=','February 15, 2016'),(155,'T0.department_id','=','all'),(156,'T0.company_id','=','all'),(156,'T0.payroll_date','=','February 15, 2016'),(156,'T0.department_id','=','all'),(157,'T0.company_id','=','all'),(157,'T0.payroll_date','=','February 15, 2016'),(157,'T0.department_id','=','all'),(158,'T0.company_id','=','all'),(158,'T0.payroll_date','=','February 15, 2016'),(158,'T0.department_id','=','all'),(159,'T0.company_id','=','all'),(159,'T0.payroll_date','=','February 15, 2016'),(159,'T0.department_id','=','all'),(160,'T0.company_id','=','all'),(160,'T0.payroll_date','=','February 15, 2016'),(160,'T0.department_id','=','all'),(161,'T0.company_id','=','all'),(161,'T0.payroll_date','=','February 15, 2016'),(161,'T0.department_id','=','all'),(162,'T0.company_id','=','all'),(162,'T0.payroll_date','=','February 15, 2016'),(162,'T0.department_id','=','all'),(163,'T0.company_id','=','all'),(163,'T0.payroll_date','=','February 15, 2016'),(163,'T0.department_id','=','all'),(164,'T0.company_id','=','all'),(164,'T0.payroll_date','=','February 15, 2016'),(164,'T0.department_id','=','all'),(165,'T0.company_id','=','all'),(165,'T0.payroll_date','=','February 15, 2016'),(165,'T0.department_id','=','all'),(166,'T0.company_id','=','all'),(166,'T0.payroll_date','=','February 15, 2016'),(166,'T0.department_id','=','all'),(167,'T0.company_id','=','all'),(167,'T0.payroll_date','=','February 15, 2016'),(167,'T0.department_id','=','all'),(168,'T0.company_id','=','all'),(168,'T0.payroll_date','=','February 15, 2016'),(168,'T0.department_id','=','all'),(169,'T0.company_id','=','all'),(169,'T0.payroll_date','=','February 15, 2016'),(169,'T0.department_id','=','all'),(170,'T0.company_id','=','all'),(170,'T0.payroll_date','=','February 15, 2016'),(170,'T0.department_id','=','all'),(171,'T0.company_id','=','all'),(171,'T0.payroll_date','=','February 15, 2016'),(171,'T0.department_id','=','all'),(172,'T0.company_id','=','all'),(172,'T0.payroll_date','=','February 15, 2016'),(172,'T0.department_id','=','all'),(173,'T0.company_id','=','all'),(173,'T0.payroll_date','=','February 15, 2016'),(173,'T0.department_id','=','all'),(174,'T0.company_id','=','all'),(174,'T0.payroll_date','=','February 15, 2016'),(174,'T0.department_id','=','all'),(175,'T0.company_id','=','all'),(175,'T0.payroll_date','=','February 15, 2016'),(175,'T0.department_id','=','all'),(176,'T0.company_id','=','all'),(176,'T0.payroll_date','=','February 15, 2016'),(176,'T0.department_id','=','all'),(177,'T0.company_id','=','all'),(177,'T0.payroll_date','=','February 15, 2016'),(177,'T0.department_id','=','all'),(178,'T0.company_id','=','all'),(178,'T0.payroll_date','=','February 15, 2016'),(178,'T0.department_id','=','all'),(179,'T0.company_id','=','all'),(179,'T0.payroll_date','=','February 15, 2016'),(179,'T0.department_id','=','all'),(180,'T0.company_id','=','all'),(180,'T0.payroll_date','=','February 15, 2016'),(180,'T0.department_id','=','all'),(181,'T0.company_id','=','all'),(181,'T0.payroll_date','=','February 15, 2016'),(181,'T0.department_id','=','all'),(182,'T0.company_id','=','all'),(182,'T0.payroll_date','=','February 15, 2016'),(182,'T0.department_id','=','all'),(183,'T0.company_id','=','all'),(183,'T0.payroll_date','=','February 15, 2016'),(183,'T0.department_id','=','all'),(184,'T0.company_id','=','all'),(184,'T0.payroll_date','=','February 15, 2016'),(184,'T0.department_id','=','all'),(185,'T0.company_id','=','all'),(185,'T0.payroll_date','=','February 15, 2016'),(185,'T0.department_id','=','all'),(186,'T0.company_id','=','all'),(186,'T0.payroll_date','=','February 15, 2016'),(186,'T0.department_id','=','all'),(187,'T0.company_id','=','all'),(187,'T0.payroll_date','=','February 15, 2016'),(187,'T0.department_id','=','all'),(188,'T0.company_id','=','all'),(188,'T0.payroll_date','=','February 15, 2016'),(188,'T0.department_id','=','all'),(189,'T0.company_id','=','all'),(189,'T0.payroll_date','=','February 15, 2016'),(189,'T0.department_id','=','all'),(190,'T0.company_id','=','all'),(190,'T0.payroll_date','=','February 15, 2016'),(190,'T0.department_id','=','all'),(191,'T0.company_id','=','all'),(191,'T0.payroll_date','=','February 15, 2016'),(191,'T0.department_id','=','all'),(192,'T0.company_id','=','all'),(192,'T0.payroll_date','=','February 15, 2016'),(192,'T0.department_id','=','all'),(193,'T0.company_id','=','all'),(193,'T0.payroll_date','=','February 15, 2016'),(193,'T0.department_id','=','all'),(194,'T0.company_id','=','all'),(194,'T0.payroll_date','=','February 15, 2016'),(194,'T0.department_id','=','all'),(195,'T0.company_id','=','all'),(195,'T0.payroll_date','=','February 15, 2016'),(195,'T0.department_id','=','all'),(196,'T0.company_id','=','all'),(196,'T0.payroll_date','=','February 15, 2016'),(196,'T0.department_id','=','all'),(197,'T0.company_id','=','all'),(197,'T0.payroll_date','=','February 15, 2016'),(197,'T0.department_id','=','all'),(198,'T0.company_id','=','all'),(198,'T0.payroll_date','=','February 15, 2016'),(198,'T0.department_id','=','all'),(199,'T0.company_id','=','all'),(199,'T0.payroll_date','=','February 15, 2016'),(199,'T0.department_id','=','all'),(200,'T0.company_id','=','all'),(200,'T0.payroll_date','=','February 15, 2016'),(200,'T0.department_id','=','all'),(201,'T0.company_id','=','all'),(201,'T0.payroll_date','=','February 15, 2016'),(201,'T0.department_id','=','all'),(202,'T0.company_id','=','all'),(202,'T0.payroll_date','=','February 15, 2016'),(202,'T0.department_id','=','all'),(203,'T0.company_id','=','all'),(203,'T0.payroll_date','=','February 15, 2016'),(203,'T0.department_id','=','all'),(204,'T0.company_id','=','all'),(204,'T0.payroll_date','=','February 15, 2016'),(204,'T0.department_id','=','all'),(205,'T0.company_id','=','all'),(205,'T0.payroll_date','=','February 15, 2016'),(205,'T0.department_id','=','all'),(206,'T0.company_id','=','all'),(206,'T0.payroll_date','=','February 15, 2016'),(206,'T0.department_id','=','all'),(207,'T0.company_id','=','all'),(207,'T0.payroll_date','=','February 15, 2016'),(207,'T0.department_id','=','all'),(208,'T0.company_id','=','all'),(208,'T0.payroll_date','=','February 15, 2016'),(208,'T0.department_id','=','all'),(209,'T0.company_id','=','all'),(209,'T0.payroll_date','=','February 15, 2016'),(209,'T0.department_id','=','all'),(210,'T0.company_id','=','all'),(210,'T0.payroll_date','=','February 15, 2016'),(210,'T0.department_id','=','all'),(211,'T0.company_id','=','all'),(211,'T0.payroll_date','=','February 15, 2016'),(211,'T0.department_id','=','all'),(212,'T0.company_id','=','all'),(212,'T0.payroll_date','=','February 15, 2016'),(212,'T0.department_id','=','all'),(213,'T0.company_id','=','all'),(213,'T0.payroll_date','=','February 15, 2016'),(213,'T0.department_id','=','all'),(214,'T0.company_id','=','all'),(214,'T0.payroll_date','=','February 15, 2016'),(214,'T0.department_id','=','all'),(215,'T0.company_id','=','all'),(215,'T0.payroll_date','=','February 15, 2016'),(215,'T0.department_id','=','all'),(216,'T0.company_id','=','all'),(216,'T0.payroll_date','=','February 15, 2016'),(216,'T0.department_id','=','all'),(217,'T0.company_id','=','all'),(217,'T0.payroll_date','=','February 15, 2016'),(217,'T0.department_id','=','all'),(218,'T0.company_id','=','all'),(218,'T0.payroll_date','=','February 15, 2016'),(218,'T0.department_id','=','all'),(219,'T0.company_id','=','all'),(219,'T0.payroll_date','=','February 15, 2016'),(219,'T0.department_id','=','all'),(220,'T0.company_id','=','all'),(220,'T0.payroll_date','=','February 15, 2016'),(220,'T0.department_id','=','all'),(221,'T0.company_id','=','all'),(222,'T0.company_id','=','all'),(223,'T0.company_id','=','all'),(224,'T0.company_id','=','all'),(225,'T0.company_id','=','all'),(226,'T0.company_id','=','all'),(227,'T0.company_id','=','all'),(228,'T0.company_id','=','all'),(229,'T0.company_id','=','all'),(230,'T0.company_id','=','all'),(231,'T0.company_id','=','all'),(231,'T0.payroll_date','=','February 15, 2016'),(231,'T0.department_id','=','all'),(232,'T0.company_id','=','all'),(233,'T0.company_id','=','all'),(233,'T0.payroll_date','=','February 15, 2016'),(233,'T0.department_id','=','all'),(234,'T0.company_id','=','all'),(234,'T0.payroll_date','=','February 15, 2016'),(234,'T0.department_id','=','all'),(235,'T0.company','=','all'),(235,'T0.payroll_date','=','February 15, 2016'),(235,'T0.department_id','=','all'),(236,'T0.company','=','all'),(236,'T0.payroll_date','=','February 15, 2016'),(236,'T0.department_id','=','all'),(237,'T0.company','=','all'),(237,'T0.payroll_date','=','February 15, 2016'),(237,'T0.department_id','=','all'),(238,'T0.company','=','all'),(238,'T0.payroll_date','=','February 15, 2016'),(238,'T0.department_id','=','all'),(239,'T0.company','=','all'),(239,'T0.payroll_date','=','February 15, 2016'),(239,'T0.department_id','=','all'),(240,'T0.company','=','all'),(240,'T0.payroll_date','=','February 15, 2016'),(240,'T0.department_id','=','all'),(241,'T0.company','=','all'),(241,'T0.payroll_date','=','February 15, 2016'),(241,'T0.department_id','=','all'),(242,'T0.company','=','all'),(242,'T0.payroll_date','=','February 15, 2016'),(242,'T0.department_id','=','all'),(243,'T0.company','=','all'),(243,'T0.payroll_date','=','February 15, 2016'),(243,'T0.department_id','=','all'),(244,'T0.company','=','all'),(244,'T0.payroll_date','=','February 15, 2016'),(244,'T0.department_id','=','all'),(245,'T0.company','=','all'),(245,'T0.payroll_date','=','February 15, 2016'),(245,'T0.department_id','=','all'),(246,'T0.company','=','all'),(246,'T0.payroll_date','=','February 15, 2016'),(246,'T0.department_id','=','all'),(247,'T0.company','=','all'),(247,'T0.payroll_date','=','February 15, 2016'),(247,'T0.department_id','=','all'),(248,'T0.company','=','all'),(248,'T0.payroll_date','=','February 15, 2016'),(248,'T0.department_id','=','all'),(249,'T0.company','=','all'),(249,'T0.payroll_date','=','February 15, 2016'),(249,'T0.department_id','=','all'),(250,'T0.company','=','all'),(250,'T0.payroll_date','=','February 15, 2016'),(250,'T0.department_id','=','all'),(251,'T0.company','=','all'),(251,'T0.payroll_date','=','February 15, 2016'),(251,'T0.department_id','=','all'),(252,'T0.company','=','all'),(252,'T0.payroll_date','=','February 15, 2016'),(252,'T0.department_id','=','all'),(253,'T0.company','=','all'),(253,'T0.payroll_date','=','February 15, 2016'),(253,'T0.department_id','=','all'),(254,'T0.company','=','all'),(254,'T0.payroll_date','=','February 15, 2016'),(254,'T0.department_id','=','all'),(255,'T0.company','=','all'),(255,'T0.payroll_date','=','February 15, 2016'),(255,'T0.department_id','=','all'),(256,'T0.company_id','=','all'),(257,'T0.company_id','=','all'),(258,'T0.company_id','=','all'),(258,'T0.payroll_date','=','February 15, 2016'),(258,'T0.department_id','=','all'),(259,'T0.company_id','=','all'),(259,'T0.payroll_date','=','February 15, 2016'),(259,'T0.department_id','=','all'),(260,'T0.company_id','=','all'),(260,'T0.payroll_date','=','February 15, 2016'),(260,'T0.department_id','=','all'),(261,'T0.company_id','=','all'),(261,'T0.payroll_date','=','February 15, 2016'),(261,'T0.department_id','=','all'),(262,'T0.company_id','=','all'),(262,'T0.payroll_date','=','February 15, 2016'),(262,'T0.department_id','=','all'),(263,'T0.company_id','=','all'),(263,'T0.payroll_date','=','February 15, 2016'),(263,'T0.department_id','=','all'),(264,'T0.company_id','=','all'),(264,'T0.payroll_date','=','February 15, 2016'),(264,'T0.department_id','=','all'),(265,'T0.company_id','=','all'),(265,'T0.payroll_date','=','February 15, 2016'),(265,'T0.department_id','=','all'),(266,'T0.company_id','=','all'),(266,'T0.payroll_date','=','February 15, 2016'),(266,'T0.department_id','=','all'),(267,'T0.company_id','=','all'),(267,'T0.payroll_date','=','February 15, 2016'),(267,'T0.department_id','=','all'),(268,'T0.company_id','=','all'),(268,'T0.payroll_date','=','February 15, 2016'),(268,'T0.department_id','=','all'),(269,'T0.company_id','=','all'),(269,'T0.payroll_date','=','February 15, 2016'),(269,'T0.department_id','=','all'),(272,'T0.company_id','=','all'),(272,'T0.payroll_date','=','February 15, 2016'),(272,'T0.department_id','=','all'),(273,'T0.payroll_date','=','February 15, 2016'),(273,'T0.company_id','=','all'),(275,'T0.department_id','=','all'),(275,'T0.payroll_date','=','February 15, 2016'),(277,'T0.department_id','=','all'),(277,'T0.payroll_date','=','February 15, 2016'),(280,'T0.department_id','=','all'),(280,'T0.payroll_date','=','February 15, 2016'),(281,'T0.department_id','=','all'),(281,'T0.payroll_date','=','February 15, 2016'),(283,'T0.company','=','all'),(283,'T0.payroll_date','=','February 15, 2016'),(283,'T0.department_id','=','all'),(285,'T0.company_id','=','all'),(285,'T0.payroll_date','=','February 15, 2016'),(285,'T0.department_id','=','all'),(286,'T0.company_id','=','all'),(286,'T0.payroll_date','=','February 15, 2016'),(286,'T0.department_id','=','all'),(287,'T0.company_id','=','all'),(287,'T0.payroll_date','=','February 15, 2016'),(287,'T0.department_id','=','all'),(288,'T0.company_id','=','all'),(288,'T0.payroll_date','=','February 15, 2016'),(288,'T0.department_id','=','all'),(289,'T0.company_id','=','all'),(289,'T0.payroll_date','=','February 15, 2016'),(289,'T0.department_id','=','all'),(290,'T0.company_id','=','all'),(290,'T0.payroll_date','=','February 15, 2016'),(290,'T0.department_id','=','all'),(291,'T0.company_id','=','all'),(291,'T0.payroll_date','=','February 15, 2016'),(291,'T0.department_id','=','all'),(292,'T0.company_id','=','all'),(292,'T0.payroll_date','=','February 15, 2016'),(292,'T0.department_id','=','all'),(293,'T0.company_id','=','all'),(293,'T0.payroll_date','=','February 15, 2016'),(293,'T0.department_id','=','all'),(294,'T0.department_id','=','all'),(294,'T0.payroll_date','=','February 15, 2016'),(295,'T0.company_id','=','all'),(295,'T0.payroll_date','=','February 15, 2016'),(295,'T0.department_id','=','all'),(296,'T0.company','=','all'),(296,'T0.payroll_date','=','February 15, 2016'),(296,'T0.department_id','=','all'),(297,'T0.company','=','all'),(297,'T0.payroll_date','=','February 15, 2016'),(297,'T0.department_id','=','all'),(298,'T0.company_id','=','all'),(298,'T0.payroll_date','=','February 15, 2016'),(298,'T0.department_id','=','all'),(302,'T0.company_id','=','all'),(303,'T0.department_id','=','all'),(303,'T0.payroll_date','=','February 15, 2016'),(304,'T0.department_id','=','all'),(304,'T0.payroll_date','=','February 15, 2016'),(305,'T0.department_id','=','all'),(305,'T0.payroll_date','=','February 15, 2016'),(306,'T0.department_id','=','all'),(306,'T0.payroll_date','=','February 15, 2016'),(307,'T0.department_id','=','all'),(307,'T0.payroll_date','=','February 15, 2016'),(308,'T0.department_id','=','all'),(308,'T0.payroll_date','=','February 15, 2016'),(309,'T0.department_id','=','all'),(309,'T0.payroll_date','=','February 15, 2016'),(310,'T0.department_id','=','all'),(310,'T0.payroll_date','=','February 15, 2016'),(311,'T0.department_id','=','all'),(311,'T0.payroll_date','=','February 15, 2016'),(312,'T0.department_id','=','all'),(312,'T0.payroll_date','=','February 15, 2016'),(313,'T0.department_id','=','all'),(313,'T0.payroll_date','=','February 15, 2016'),(314,'T0.department_id','=','all'),(314,'T0.payroll_date','=','February 15, 2016'),(315,'T0.department_id','=','all'),(315,'T0.payroll_date','=','February 15, 2016'),(316,'T0.department_id','=','all'),(316,'T0.payroll_date','=','February 15, 2016'),(317,'T0.department_id','=','all'),(317,'T0.payroll_date','=','February 15, 2016'),(318,'T0.department_id','=','all'),(318,'T0.payroll_date','=','February 15, 2016'),(319,'T0.department_id','=','all'),(319,'T0.payroll_date','=','February 15, 2016'),(320,'T0.department_id','=','all'),(320,'T0.payroll_date','=','February 15, 2016'),(321,'T0.department_id','=','all'),(321,'T0.payroll_date','=','February 15, 2016'),(322,'T0.department_id','=','all'),(322,'T0.payroll_date','=','February 15, 2016'),(323,'T0.department_id','=','all'),(323,'T0.payroll_date','=','February 15, 2016'),(324,'T0.department_id','=','all'),(324,'T0.payroll_date','=','February 15, 2016'),(325,'T0.department_id','=','all'),(325,'T0.payroll_date','=','February 15, 2016'),(326,'T0.department_id','=','all'),(326,'T0.payroll_date','=','February 15, 2016'),(327,'T0.department_id','=','all'),(327,'T0.payroll_date','=','February 15, 2016'),(328,'T0.department_id','=','all'),(328,'T0.payroll_date','=','February 15, 2016'),(329,'T0.department_id','=','all'),(329,'T0.payroll_date','=','February 15, 2016'),(330,'T0.department_id','=','all'),(330,'T0.payroll_date','=','February 15, 2016'),(331,'T0.department_id','=','all'),(331,'T0.payroll_date','=','February 15, 2016'),(332,'T0.department_id','=','all'),(332,'T0.payroll_date','=','February 15, 2016'),(333,'T0.department_id','=','all'),(333,'T0.payroll_date','=','February 15, 2016'),(334,'T0.department_id','=','all'),(334,'T0.payroll_date','=','February 15, 2016'),(335,'T0.department_id','=','all'),(335,'T0.payroll_date','=','February 15, 2016'),(336,'T0.department_id','=','all'),(336,'T0.payroll_date','=','February 15, 2016'),(337,'T0.department_id','=','all'),(337,'T0.payroll_date','=','February 15, 2016'),(338,'T0.department_id','=','all'),(338,'T0.payroll_date','=','February 15, 2016'),(339,'T0.department_id','=','all'),(339,'T0.payroll_date','=','February 15, 2016'),(340,'T0.department_id','=','all'),(340,'T0.payroll_date','=','February 15, 2016'),(341,'T0.department_id','=','all'),(341,'T0.payroll_date','=','February 15, 2016'),(342,'T0.department_id','=','all'),(342,'T0.payroll_date','=','February 15, 2016'),(343,'T0.department_id','=','all'),(343,'T0.payroll_date','=','February 15, 2016'),(344,'T0.department_id','=','all'),(344,'T0.payroll_date','=','February 15, 2016'),(345,'T0.department_id','=','all'),(345,'T0.payroll_date','=','February 15, 2016'),(346,'T0.department_id','=','all'),(346,'T0.payroll_date','=','February 15, 2016'),(347,'T0.department_id','=','all'),(347,'T0.payroll_date','=','February 15, 2016'),(348,'T0.department_id','=','all'),(348,'T0.payroll_date','=','February 15, 2016'),(349,'T0.department_id','=','all'),(349,'T0.payroll_date','=','February 15, 2016'),(350,'T0.department_id','=','all'),(350,'T0.payroll_date','=','February 15, 2016'),(351,'T0.department_id','=','all'),(351,'T0.payroll_date','=','February 15, 2016'),(352,'T0.department_id','=','all'),(352,'T0.payroll_date','=','February 15, 2016'),(353,'T0.department_id','=','all'),(353,'T0.payroll_date','=','February 15, 2016'),(354,'T0.department_id','=','all'),(354,'T0.payroll_date','=','February 15, 2016'),(355,'T0.department_id','=','all'),(355,'T0.payroll_date','=','February 15, 2016'),(363,'T0.company','=','all'),(363,'T0.payroll_date','=','February 15, 2016'),(363,'T0.department_id','=','all'),(364,'T0.company','=','all'),(364,'T0.payroll_date','=','February 15, 2016'),(364,'T0.department_id','=','all'),(382,'T0.company_id','=','all'),(382,'T0.payroll_date','=','February 15, 2016'),(382,'T0.department_id','=','all'),(383,'T0.company_id','=','all'),(383,'T0.payroll_date','=','February 15, 2016'),(383,'T0.department_id','=','all'),(384,'T0.company_id','=','all'),(384,'T0.payroll_date','=','February 15, 2016'),(384,'T0.department_id','=','all'),(385,'T0.company_id','=','all'),(385,'T0.payroll_date','=','February 15, 2016'),(385,'T0.department_id','=','all'),(386,'T0.company_id','=','all'),(386,'T0.payroll_date','=','February 15, 2016'),(386,'T0.department_id','=','all'),(387,'T0.company_id','=','all'),(387,'T0.payroll_date','=','February 15, 2016'),(387,'T0.department_id','=','all'),(388,'T0.company_id','=','all'),(388,'T0.payroll_date','=','February 15, 2016'),(388,'T0.department_id','=','all'),(389,'T0.company_id','=','all'),(389,'T0.payroll_date','=','February 15, 2016'),(389,'T0.department_id','=','all'),(390,'T0.company_id','=','all'),(390,'T0.payroll_date','=','February 15, 2016'),(390,'T0.department_id','=','all'),(391,'T0.company_id','=','all'),(391,'T0.payroll_date','=','February 15, 2016'),(391,'T0.department_id','=','all'),(392,'T0.company_id','=','all'),(392,'T0.payroll_date','=','February 15, 2016'),(392,'T0.department_id','=','all'),(393,'T0.company_id','=','all'),(393,'T0.payroll_date','=','February 15, 2016'),(393,'T0.department_id','=','all'),(394,'T0.company_id','=','all'),(394,'T0.payroll_date','=','February 15, 2016'),(394,'T0.department_id','=','all'),(395,'T0.company_id','=','all'),(395,'T0.payroll_date','=','February 15, 2016'),(395,'T0.department_id','=','all'),(396,'T0.company_id','=','all'),(396,'T0.payroll_date','=','February 15, 2016'),(396,'T0.department_id','=','all'),(397,'T0.company_id','=','all'),(397,'T0.payroll_date','=','February 15, 2016'),(397,'T0.department_id','=','all'),(398,'T0.company_id','=','all'),(398,'T0.payroll_date','=','February 15, 2016'),(398,'T0.department_id','=','all'),(399,'T0.company_id','=','all'),(399,'T0.payroll_date','=','February 15, 2016'),(399,'T0.department_id','=','all'),(400,'T0.company_id','=','all'),(400,'T0.payroll_date','=','February 15, 2016'),(400,'T0.department_id','=','all'),(401,'T0.company_id','=','all'),(401,'T0.payroll_date','=','February 15, 2016'),(401,'T0.department_id','=','all'),(402,'T0.company_id','=','all'),(402,'T0.payroll_date','=','February 15, 2016'),(402,'T0.department_id','=','all'),(403,'T0.company_id','=','all'),(403,'T0.payroll_date','=','February 15, 2016'),(403,'T0.department_id','=','all'),(404,'T0.company_id','=','all'),(404,'T0.payroll_date','=','February 15, 2016'),(404,'T0.department_id','=','all'),(405,'T0.company_id','=','all'),(405,'T0.payroll_date','=','February 15, 2016'),(405,'T0.department_id','=','all'),(406,'T0.company_id','=','all'),(406,'T0.payroll_date','=','February 15, 2016'),(406,'T0.department_id','=','all'),(407,'T0.company_id','=','all'),(407,'T0.payroll_date','=','February 15, 2016'),(407,'T0.department_id','=','all'),(408,'T0.company_id','=','all'),(408,'T0.payroll_date','=','February 15, 2016'),(408,'T0.department_id','=','all'),(409,'T0.company_id','=','all'),(409,'T0.payroll_date','=','February 15, 2016'),(409,'T0.department_id','=','all'),(410,'T0.company_id','=','all'),(410,'T0.payroll_date','=','February 15, 2016'),(410,'T0.department_id','=','all'),(411,'T0.company_id','=','all'),(411,'T0.payroll_date','=','February 15, 2016'),(411,'T0.department_id','=','all'),(412,'T0.company_id','=','all'),(412,'T0.payroll_date','=','February 15, 2016'),(412,'T0.department_id','=','all'),(413,'T0.company_id','=','all'),(413,'T0.payroll_date','=','February 15, 2016'),(413,'T0.department_id','=','all'),(415,'T0.payroll_date','=','February 15, 2016'),(416,'T0.payroll_date','=','February 15, 2016'),(417,'T0.payroll_date','=','February 15, 2016'),(418,'T0.payroll_date','=','February 15, 2016'),(420,'T0.company_id','=','all'),(420,'T0.payroll_date','=','February 15, 2016'),(420,'T0.department_id','=','all'),(421,'T0.company_id','=','all'),(421,'T0.payroll_date','=','February 15, 2016'),(421,'T0.department_id','=','all'),(422,'T0.company_id','=','all'),(422,'T0.payroll_date','=','February 15, 2016'),(422,'T0.department_id','=','all'),(423,'T0.company_id','=','all'),(423,'T0.payroll_date','=','February 15, 2016'),(423,'T0.department_id','=','all'),(424,'T0.company_id','=','all'),(424,'T0.payroll_date','=','February 15, 2016'),(424,'T0.department_id','=','all'),(425,'T0.company_id','=','all'),(425,'T0.payroll_date','=','February 15, 2016'),(425,'T0.department_id','=','all'),(426,'T0.company_id','=','all'),(426,'T0.payroll_date','=','February 15, 2016'),(426,'T0.department_id','=','all'),(427,'T0.company_id','=','all'),(427,'T0.payroll_date','=','February 15, 2016'),(427,'T0.department_id','=','all'),(428,'T0.company_id','=','all'),(428,'T0.payroll_date','=','February 15, 2016'),(428,'T0.department_id','=','all'),(429,'T0.department_id','=','all'),(429,'T0.payroll_date','=','February 15, 2016'),(430,'T0.department_id','=','all'),(430,'T0.payroll_date','=','February 15, 2016'),(431,'T0.company_id','=','all'),(431,'T0.payroll_date','=','February 15, 2016'),(431,'T0.department_id','=','all'),(432,'T0.company_id','=','all'),(432,'T0.payroll_date','=','February 15, 2016'),(432,'T0.department_id','=','all'),(433,'T0.company_id','=','all'),(433,'T0.payroll_date','=','February 15, 2016'),(433,'T0.department_id','=','all'),(436,'T0.company_id','=','all'),(436,'T0.payroll_date','=','February 15, 2016'),(436,'T0.department_id','=','all'),(437,'T0.company','=','all'),(437,'T0.payroll_date','=','February 15, 2016'),(437,'T0.department_id','=','all'),(438,'T0.company','=','all'),(438,'T0.payroll_date','=','February 15, 2016'),(438,'T0.department_id','=','all'),(439,'T0.company','=','all'),(439,'T0.payroll_date','=','February 15, 2016'),(439,'T0.department_id','=','all'),(440,'T0.company','=','all'),(440,'T0.payroll_date','=','February 15, 2016'),(440,'T0.department_id','=','all'),(441,'T0.company','=','all'),(441,'T0.payroll_date','=','February 15, 2016'),(441,'T0.department_id','=','all'),(442,'T0.company','=','all'),(442,'T0.payroll_date','=','February 15, 2016'),(442,'T0.department_id','=','all'),(443,'T0.company','=','all'),(443,'T0.payroll_date','=','February 15, 2016'),(443,'T0.department_id','=','all'),(444,'T0.company','=','all'),(444,'T0.payroll_date','=','February 15, 2016'),(444,'T0.department_id','=','all'),(445,'T0.company','=','all'),(445,'T0.payroll_date','=','February 15, 2016'),(445,'T0.department_id','=','all'),(446,'T0.company','=','all'),(446,'T0.payroll_date','=','February 15, 2016'),(446,'T0.department_id','=','all'),(447,'T0.company','=','all'),(447,'T0.payroll_date','=','February 15, 2016'),(447,'T0.department_id','=','all'),(448,'T0.company','=','all'),(448,'T0.payroll_date','=','February 15, 2016'),(448,'T0.department_id','=','all'),(449,'T0.company','=','all'),(449,'T0.payroll_date','=','February 15, 2016'),(449,'T0.department_id','=','all'),(450,'T0.company','=','all'),(450,'T0.payroll_date','=','February 15, 2016'),(450,'T0.department_id','=','all'),(451,'T0.company_id','=','all'),(452,'T0.company_id','=','all'),(453,'T0.company_id','=','all'),(454,'T0.company_id','=','all'),(455,'T0.company_id','=','all'),(456,'T0.company_id','=','all'),(457,'T0.company_id','=','all'),(458,'T0.company_id','=','all'),(459,'T0.company_id','=','all'),(460,'T0.company_id','=','all'),(461,'T0.company_id','=','all'),(462,'T0.company_id','=','all'),(463,'T0.department_id','=','all'),(463,'T0.payroll_date','=','February 15, 2016'),(464,'T0.company_id','=','all'),(464,'T0.payroll_date','=','February 15, 2016'),(464,'T0.department_id','=','all'),(465,'T0.payroll_date','=','February 15, 2016'),(466,'T0.company_id','=','all'),(467,'T0.company_id','=','all'),(467,'T0.payroll_date','=','February 15, 2016'),(467,'T0.department_id','=','all'),(468,'T0.company_id','=','all'),(468,'T0.payroll_date','=','February 15, 2016'),(468,'T0.department_id','=','all'),(469,'T0.company_id','=','all'),(469,'T0.payroll_date','=','February 15, 2016'),(469,'T0.department_id','=','all'),(470,'T0.company_id','=','all'),(470,'T0.payroll_date','=','February 15, 2016'),(470,'T0.department_id','=','all'),(471,'T0.company_id','=','all'),(472,'T0.company_id','=','all'),(472,'T0.payroll_date','=','February 15, 2016'),(473,'T0.company_id','=','all'),(473,'T0.payroll_date','=','February 15, 2016'),(474,'T0.company_id','=','all'),(474,'T0.payroll_date','=','February 15, 2016'),(475,'T0.company_id','=','all'),(475,'T0.payroll_date','=','February 15, 2016'),(476,'T0.company_id','=','all'),(476,'T0.payroll_date','=','February 15, 2016'),(477,'T0.company_id','=','all'),(477,'T0.payroll_date','=','February 15, 2016'),(478,'T0.company_id','=','all'),(478,'T0.payroll_date','=','February 15, 2016'),(479,'T0.company_id','=','all'),(479,'T0.payroll_date','=','February 15, 2016'),(479,'T0.posting_date','=','February 13, 2016'),(480,'T0.department_id','=','all'),(480,'T0.payroll_date','=','February 15, 2016'),(481,'T0.department_id','=','all'),(481,'T0.payroll_date','=','February 15, 2016'),(482,'T0.department_id','=','all'),(482,'T0.payroll_date','=','February 15, 2016'),(483,'T0.department_id','=','all'),(483,'T0.payroll_date','=','March 15, 2016'),(484,'T0.department_id','=','all'),(484,'T0.payroll_date','=','February 15, 2016'),(485,'T0.company_id','=','all'),(485,'T0.payroll_date','=','February 15, 2016'),(485,'T0.posting_date','=','February 13, 2016'),(486,'T0.company_id','=','all'),(486,'T0.payroll_date','=','February 15, 2016'),(486,'T0.posting_date','=','February 13, 2016'),(487,'T0.company_id','=','all'),(487,'T0.payroll_date','=','February 15, 2016'),(487,'T0.posting_date','=','February 13, 2016'),(488,'T0.company_id','=','all'),(488,'T0.payroll_date','=','February 15, 2016'),(488,'T0.posting_date','=','February 13, 2016'),(489,'T0.company_id','=','all'),(489,'T0.payroll_date','=','February 15, 2016'),(489,'T0.posting_date','=','February 13, 2016'),(490,'T0.company_id','=','all'),(490,'T0.payroll_date','=','February 15, 2016'),(490,'T0.posting_date','=','February 13, 2016'),(491,'T0.company_id','=','all'),(491,'T0.payroll_date','=','February 15, 2016'),(491,'T0.posting_date','=','February 13, 2016'),(492,'T0.department_id','=','3'),(492,'T0.payroll_date','=','March 15, 2016'),(493,'T0.department_id','=','3'),(493,'T0.payroll_date','=','March 15, 2016'),(494,'T0.department_id','=','3'),(494,'T0.payroll_date','=','March 15, 2016'),(495,'T0.department_id','=','all'),(495,'T0.payroll_date','=','March 15, 2016'),(496,'T0.company_id','=','all'),(496,'T0.payroll_date','=','February 15, 2016'),(496,'T0.posting_date','=','February 13, 2016'),(497,'T0.company_id','=','all'),(497,'T0.payroll_date','=','February 15, 2016'),(497,'T0.posting_date','=','February 13, 2016'),(498,'T0.company_id','=','all'),(498,'T0.payroll_date','=','February 15, 2016'),(498,'T0.posting_date','=','February 13, 2016'),(499,'T0.company_id','=','all'),(499,'T0.payroll_date','=','February 15, 2016'),(499,'T0.posting_date','=','February 13, 2016'),(500,'T0.company_id','=','all'),(500,'T0.payroll_date','=','February 15, 2016'),(500,'T0.posting_date','=','February 13, 2016'),(501,'T0.company_id','=','all'),(501,'T0.payroll_date','=','February 15, 2016'),(501,'T0.posting_date','=','February 13, 2016'),(502,'T0.company_id','=','all'),(502,'T0.payroll_date','=','February 15, 2016'),(502,'T0.posting_date','=','February 13, 2016'),(503,'T0.company_id','=','all'),(503,'T0.payroll_date','=','February 15, 2016'),(503,'T0.posting_date','=','February 13, 2016'),(504,'T0.company_id','=','all'),(504,'T0.payroll_date','=','February 15, 2016'),(504,'T0.posting_date','=','February 13, 2016'),(52,'T0.department_id','=','all'),(52,'T0.payroll_date','=','February 26, 2016'),(53,'T0.department_id','=','all'),(53,'T0.payroll_date','=','February 26, 2016'),(54,'T0.department_id','=','all'),(54,'T0.payroll_date','=','March 15, 2016'),(55,'T0.payroll_date','=','March 15, 2016'),(56,'T0.company_id','=','1'),(57,'T0.company_id','=','all'),(57,'T0.payroll_date','=','March 15, 2016'),(57,'T0.department_id','=','all'),(58,'T0.department_id','=','all'),(58,'T0.payroll_date','=','March 15, 2016'),(59,'T0.company_id','=','1'),(59,'T0.payroll_date','=','March 15, 2016'),(59,'T0.department_id','=','11'),(60,'T0.payroll_date','=','March 15, 2016'),(61,'T0.company_id','=','all'),(61,'T0.payroll_date','=','March 15, 2016'),(61,'T0.department_id','=','all'),(62,'T0.company_id','=','all'),(63,'T0.department_id','=','all'),(63,'T0.payroll_date','=','March 15, 2016'),(64,'T0.department_id','=','all'),(64,'T0.payroll_date','=','March 15, 2016'),(65,'T0.department_id','=','all'),(65,'T0.payroll_date','=','March 15, 2016'),(68,'T0.company_id','=','19'),(68,'T0.division_id','=','all'),(91,'T0.payroll_date','=','March 30, 2016'),(91,'T0.company_id','=','all'),(92,'T0.payroll_date','=','March 30, 2016'),(92,'T0.company_id','=','1'),(93,'T0.payroll_date','=','March 30, 2016'),(93,'T0.company_id','=','all'),(95,'T0.payroll_date','=','March 30, 2016'),(95,'T0.company_id','=','all'),(96,'T0.payroll_date','=','March 30, 2016'),(96,'T0.company_id','=','all'),(97,'T0.payroll_date','=','March 30, 2016'),(97,'T0.company_id','=','all'),(98,'T0.payroll_date','=','March 30, 2016'),(98,'T0.company_id','=','all'),(106,'T0.payroll_date','=','March 30, 2016'),(106,'T0.company_id','=','1'),(108,'T0.payroll_date','=','March 30, 2016'),(108,'T0.company_id','=','all'),(109,'T0.payroll_date','=','March 30, 2016'),(109,'T0.company_id','=','all'),(110,'T0.payroll_date','=','March 30, 2016'),(110,'T0.company_id','=','all'),(111,'T0.payroll_date','=','March 30, 2016'),(111,'T0.company_id','=','all'),(112,'T0.payroll_date','=','March 30, 2016'),(112,'T0.company_id','=','all'),(119,'T0.payroll_date','=','March 30, 2016'),(119,'T0.company_id','=','all'),(120,'T0.payroll_date','=','March 30, 2016'),(120,'T0.company_id','=','all'),(121,'T0.payroll_date','=','March 30, 2016'),(121,'T0.company_id','=','1'),(122,'T0.payroll_date','=','March 30, 2016'),(122,'T0.company_id','=','all'),(123,'T0.payroll_date','=','March 30, 2016'),(123,'T0.company_id','=','all'),(124,'T0.payroll_date','=','April 15, 2016'),(124,'T0.company_id','=','all'),(125,'T0.payroll_date','=','April 15, 2016'),(125,'T0.company_id','=','all'),(126,'T0.payroll_date','=','April 15, 2016'),(126,'T0.company_id','=','all'),(127,'T0.payroll_date','=','April 15, 2016'),(127,'T0.company_id','=','all'),(128,'T0.payroll_date','=','April 15, 2016'),(128,'T0.company_id','=','all'),(129,'T0.payroll_date','=','April 15, 2016'),(129,'T0.company_id','=','all'),(130,'T0.payroll_date','=','April 15, 2016'),(130,'T0.company_id','=','all'),(131,'T0.payroll_date','=','April 15, 2016'),(131,'T0.company_id','=','all'),(134,'T0.payroll_date','=','April 15, 2016'),(134,'T0.company_id','=','all'),(135,'T0.payroll_date','=','April 15, 2016'),(135,'T0.company_id','=','all'),(136,'T0.payroll_date','=','April 15, 2016'),(136,'T0.company_id','=','all'),(140,'T0.payroll_date','=','April 15, 2016'),(140,'T0.company_id','=','all'),(141,'T0.payroll_date','=','April 15, 2016'),(141,'T0.company_id','=','all'),(142,'T0.payroll_date','=','April 15, 2016'),(142,'T0.company_id','=','all'),(143,'T0.company_id','=','1'),(143,'T0.payroll_date','=','April 15, 2016'),(143,'T0.department_id','=','all'),(147,'T0.company_id','=','all'),(147,'T0.payroll_date','=','April 15, 2016'),(147,'T0.department_id','=','all'),(148,'T0.company_id','=','all'),(148,'T0.payroll_date','=','April 15, 2016'),(148,'T0.department_id','=','all'),(149,'T0.payroll_date','=','April 15, 2016'),(149,'T0.company_id','=','all'),(150,'T0.payroll_date','=','April 15, 2016'),(150,'T0.company_id','=','all'),(151,'T0.payroll_date','=','April 15, 2016'),(151,'T0.company_id','=','all'),(152,'T0.payroll_date','=','April 15, 2016'),(152,'T0.company_id','=','all'),(153,'T0.company_id','=','all'),(153,'T0.payroll_date','=','April 15, 2016'),(153,'T0.department_id','IN','11,1,12,2,3,4,5'),(156,'T0.payroll_date','=','April 15, 2016'),(158,'T0.payroll_date','=','April 15, 2016'),(158,'T0.company_id','=','1'),(159,'T0.department_id','=','all'),(159,'T0.payroll_date','=','April 15, 2016'),(163,'T0.department_id','=','all'),(163,'T0.payroll_date','=','April 15, 2016'),(165,'T0.payroll_date','=','April 15, 2016'),(165,'T0.company_id','=','all'),(166,'T0.company_id','=','1'),(166,'T0.payroll_date','=','April 15, 2016'),(166,'T0.department_id','IN',''),(170,'T0.payroll_date','=','April 15, 2016'),(170,'T0.company_id','=','all'),(172,'T0.company_id','=','1'),(172,'T0.payroll_date','=','April 15, 2016'),(172,'T0.department_id','IN',''),(174,'T0.department_id','=','all'),(174,'T0.payroll_date','=','April 15, 2016'),(175,'T0.payroll_date','=','April 15, 2016'),(175,'T0.company_id','=','all'),(193,'T0.payroll_date','=','April 15, 2016'),(193,'T0.company_id','=','all'),(195,'T0.payroll_date','=','April 15, 2016'),(195,'T0.company_id','=','1'),(197,'T0.payroll_date','=','April 15, 2016'),(197,'T0.company_id','=','1'),(199,'T0.payroll_date','=','April 15, 2016'),(199,'T0.company_id','=','1'),(203,'T0.payroll_date','=','April 15, 2016'),(203,'T0.company_id','=','1'),(204,'T0.payroll_date','=','April 15, 2016'),(204,'T0.company_id','=','1'),(207,'T0.company_id','=','1'),(207,'T0.payroll_date','=','April 15, 2016'),(207,'T0.department_id','IN',''),(209,'T0.payroll_date','=','April 15, 2016'),(209,'T0.company_id','=','1'),(210,'T0.payroll_date','=','April 15, 2016'),(210,'T0.company_id','=','1'),(211,'T0.payroll_date','=','April 15, 2016'),(211,'T0.company_id','=','1'),(213,'T0.payroll_date','=','April 15, 2016'),(213,'T0.company_id','=','1'),(215,'T0.payroll_date','=','April 15, 2016'),(215,'T0.company_id','=','all'),(216,'T0.payroll_date','=','April 15, 2016'),(216,'T0.company_id','=','19'),(220,'T0.payroll_date','=','April 15, 2016'),(220,'T0.company_id','=','all'),(221,'T0.payroll_date','=','April 15, 2016'),(222,'T0.company_id','=','1'),(222,'T0.payroll_date','=','April 15, 2016'),(222,'T0.department_id','=','all'),(223,'T0.payroll_date','=','April 15, 2016'),(224,'T0.payroll_date','=','April 15, 2016'),(225,'T0.company_id','=','1'),(225,'T0.payroll_date','=','April 15, 2016'),(225,'T0.department_id','IN',''),(226,'T0.payroll_date','=','April 15, 2016'),(228,'T0.payroll_date','=','April 15, 2016'),(229,'T0.payroll_date','=','April 15, 2016'),(229,'T0.company_id','=','1'),(230,'T0.payroll_date','=','April 15, 2016'),(230,'T0.company_id','=','19'),(231,'T0.payroll_date','=','April 15, 2016'),(231,'T0.company_id','=','1'),(234,'T0.department_id','=','all'),(234,'T0.payroll_date','=','April 15, 2016'),(239,'T0.payroll_date','=','April 15, 2016'),(239,'T0.company_id','=','all'),(248,'T0.department_id','=','all'),(248,'T0.payroll_date','=','April 15, 2016'),(250,'T0.company_id','=','all'),(250,'T0.payroll_date','=','April 15, 2016'),(250,'T0.department_id','IN','11,1,12,2,3,4,5'),(252,'T0.payroll_date','=','April 15, 2016'),(252,'T0.company_id','=','all'),(254,'T0.company_id','=','all'),(254,'T0.payroll_date','=','April 15, 2016'),(254,'T0.department_id','=','all'),(255,'T0.company_id','=','all'),(255,'T0.payroll_date','=','April 15, 2016'),(256,'T0.company','=','all'),(256,'T0.payroll_date','=','April 15, 2016'),(256,'T0.department_id','=','all'),(257,'T0.company_id','=','all'),(257,'T0.payroll_date','=','April 15, 2016'),(257,'T0.department_id','=','all'),(260,'T0.department_id','=','all'),(260,'T0.payroll_date','=','April 15, 2016'),(261,'T0.payroll_date','=','April 15, 2016'),(261,'T0.company_id','=','1'),(262,'T0.department_id','=','all'),(262,'T0.payroll_date','=','April 15, 2016'),(263,'T0.payroll_date','=','April 15, 2016'),(263,'T0.company_id','=','19'),(264,'T0.company_id','=','all'),(264,'T0.department_id','=','all'),(264,'T0.payroll_date','=','April 15, 2016'),(265,'T0.company_id','=','all'),(265,'T0.department_id','=','all'),(265,'T0.payroll_date','=','April 15, 2016'),(266,'T0.company_id','=','all'),(266,'T0.department_id','=','all'),(266,'T0.payroll_date','=','April 15, 2016'),(267,'T0.company_id','=','all'),(267,'T0.payroll_date','=','April 15, 2016'),(268,'T0.company_id','=','all'),(268,'T0.payroll_date','=','April 15, 2016'),(271,'T0.company_id','=','all'),(272,'T0.payroll_date','=','April 15, 2016'),(272,'T0.company_id','=','all'),(274,'T0.payroll_date','=','April 15, 2016'),(274,'T0.company_id','=','all'),(276,'T0.payroll_date','=','April 15, 2016'),(276,'T0.company_id','=','all'),(277,'T0.payroll_date','=','April 15, 2016'),(277,'T0.company_id','=','19'),(278,'T0.payroll_date','=','April 15, 2016'),(278,'T0.company_id','=','1'),(280,'T0.payroll_date','=','April 15, 2016'),(280,'T0.company_id','=','19'),(281,'T0.department_id','=','all'),(281,'T0.payroll_date','=','April 15, 2016'),(288,'T0.department_id','=','all'),(288,'T0.payroll_date','=','April 15, 2016'),(289,'T0.department_id','=','all'),(289,'T0.payroll_date','=','April 15, 2016'),(290,'T0.company_id','=','1'),(290,'T0.payroll_date','=','April 15, 2016'),(290,'T0.department_id','IN',''),(291,'T0.company_id','=','19'),(291,'T0.payroll_date','=','April 15, 2016'),(291,'T0.department_id','IN',''),(292,'T0.payroll_date','=','April 15, 2016'),(292,'T0.company_id','=','all'),(293,'T0.payroll_date','=','April 15, 2016'),(293,'T0.company_id','=','all'),(294,'T0.payroll_date','=','April 15, 2016'),(294,'T0.company_id','=','19'),(295,'T0.payroll_date','=','April 15, 2016'),(295,'T0.company_id','=','all'),(296,'T0.payroll_date','=','April 15, 2016'),(296,'T0.company_id','=','1'),(297,'T0.company_id','=','all'),(297,'T0.payroll_date','=','April 15, 2016'),(297,'T0.posting_date','=','April 14, 2016'),(298,'T0.company_id','=','all'),(298,'T0.payroll_date','=','April 15, 2016'),(298,'T0.posting_date','=','April 14, 2016'),(299,'T0.company_id','=','1'),(299,'T0.payroll_date','=','April 15, 2016'),(299,'T0.posting_date','=','April 14, 2016'),(300,'T0.company_id','=','1'),(300,'T0.payroll_date','=','April 15, 2016'),(300,'T0.posting_date','=','April 14, 2016'),(301,'T0.company_id','=','1'),(301,'T0.payroll_date','=','April 15, 2016'),(301,'T0.posting_date','=','April 14, 2016'),(302,'T0.company_id','=','all'),(302,'T0.payroll_date','=','April 15, 2016'),(302,'T0.posting_date','=','April 14, 2016'),(303,'T0.company_id','=','all'),(303,'T0.payroll_date','=','April 15, 2016'),(303,'T0.posting_date','=','April 14, 2016'),(304,'T0.company_id','=','all'),(304,'T0.payroll_date','=','April 15, 2016'),(304,'T0.posting_date','=','April 14, 2016'),(305,'T0.company_id','=','all'),(305,'T0.payroll_date','=','April 15, 2016'),(305,'T0.posting_date','=','April 14, 2016'),(306,'T0.payroll_date','=','April 15, 2016'),(306,'T0.company_id','=','all'),(307,'T0.company_id','=','all'),(307,'T0.payroll_date','=','April 15, 2016'),(307,'T0.posting_date','=','April 14, 2016'),(308,'T0.payroll_date','=','April 15, 2016'),(308,'T0.company_id','=','all'),(309,'T0.company_id','=','1'),(309,'T0.payroll_date','=','April 15, 2016'),(309,'T0.posting_date','=','April 14, 2016'),(310,'T0.company_id','=','1'),(310,'T0.payroll_date','=','April 15, 2016'),(310,'T0.department_id','=','11'),(311,'T0.company_id','=','1'),(311,'T0.payroll_date','=','April 15, 2016'),(311,'T0.department_id','=','1'),(312,'T0.company_id','=','1'),(312,'T0.payroll_date','=','April 15, 2016'),(312,'T0.department_id','=','11'),(313,'T0.company_id','=','1'),(313,'T0.payroll_date','=','April 15, 2016'),(313,'T0.department_id','=','all'),(314,'T0.company_id','=','1'),(314,'T0.payroll_date','=','April 15, 2016'),(314,'T0.department_id','=','3'),(315,'T0.company_id','=','1'),(315,'T0.payroll_date','=','April 15, 2016'),(315,'T0.department_id','=','2'),(316,'T0.company_id','=','1'),(316,'T0.payroll_date','=','April 15, 2016'),(316,'T0.department_id','=','1'),(317,'T0.company_id','=','all'),(317,'T0.payroll_date','=','April 15, 2016'),(317,'T0.department_id','=','11'),(318,'T0.company_id','=','all'),(318,'T0.payroll_date','=','April 15, 2016'),(318,'T0.department_id','IN','11'),(319,'T0.company_id','=','all'),(319,'T0.payroll_date','=','April 15, 2016'),(319,'T0.department_id','IN','11,1,12,2,3,4,5'),(320,'T0.company_id','=','all'),(320,'T0.payroll_date','=','April 15, 2016'),(321,'T0.company_id','=','1'),(321,'T0.payroll_date','=','April 15, 2016'),(321,'T0.department_id','=','3'),(322,'T0.company_id','=','1'),(322,'T0.payroll_date','=','April 15, 2016'),(322,'T0.department_id','=','2'),(323,'T0.company_id','=','all'),(323,'T0.payroll_date','=','April 15, 2016'),(323,'T0.department_id','=','2'),(325,'T0.company_id','=','1'),(325,'T0.payroll_date','=','April 15, 2016'),(325,'T0.department_id','=','11'),(326,'T0.company_id','=','1'),(326,'T0.payroll_date','=','April 15, 2016'),(326,'T0.department_id','=','11'),(328,'T0.payroll_date','=','April 30, 2016'),(328,'T0.company_id','=','all'),(329,'T0.company_id','=','21'),(329,'T0.department_id','=','all'),(329,'T0.date','>=','March 01, 2016'),(329,'T0.date','<=','March 31, 2016'),(330,'T0.company_id','=','21'),(330,'T0.department_id','=','all'),(330,'T0.date','>=','March 01, 2016'),(330,'T0.date','<=','March 15, 2016'),(332,'T0.company_id','=','21'),(332,'T0.department_id','=','all'),(332,'T0.date','>=','April 01, 2016'),(332,'T0.date','<=','April 15, 2016'),(336,'T0.company_id','=','1'),(336,'T0.payroll_date','=','April 15, 2016'),(337,'T0.company_id','=','all'),(337,'T0.payroll_date','=','April 15, 2016'),(337,'T0.department_id','=','all'),(338,'T0.payroll_date','=','April 30, 2016'),(338,'T0.company_id','=','1'),(339,'T0.payroll_date','=','April 30, 2016'),(339,'T0.company_id','=','1'),(340,'T0.company_id','=','all'),(340,'T0.payroll_date','=','April 15, 2016'),(340,'T0.department_id','=','all'),(341,'T0.company','=','all'),(341,'T0.payroll_date','=','April 15, 2016'),(341,'T0.department_id','=','all'),(342,'T0.company','=','all'),(342,'T0.payroll_date','=','April 15, 2016'),(342,'T0.department_id','=','all'),(343,'T0.company_id','=','all'),(343,'T0.payroll_date','=','April 15, 2016'),(344,'T0.company','=','all'),(344,'T0.payroll_date','=','April 15, 2016'),(344,'T0.department_id','=','all'),(345,'T0.company','=','all'),(345,'T0.payroll_date','=','April 15, 2016'),(345,'T0.department_id','=','all'),(346,'T0.company','=','all'),(346,'T0.payroll_date','=','April 15, 2016'),(346,'T0.department_id','=','all'),(347,'T0.company','=','all'),(347,'T0.payroll_date','=','April 15, 2016'),(347,'T0.department_id','=','all'),(348,'T0.company_id','=','all'),(348,'T0.payroll_date','=','April 15, 2016'),(349,'T0.payroll_date','=','April 30, 2016'),(349,'T0.company_id','=','all'),(350,'T0.company_id','=','all'),(350,'T0.payroll_date','=','April 15, 2016'),(351,'T0.payroll_date','=','April 30, 2016'),(351,'T0.company_id','=','all'),(352,'T0.payroll_date','=','April 30, 2016'),(352,'T0.company_id','=','all'),(354,'T0.payroll_date','=','April 30, 2016'),(354,'T0.company_id','=','all'),(355,'T0.payroll_date','=','April 30, 2016'),(355,'T0.company_id','=','all'),(356,'T0.payroll_date','=','April 30, 2016'),(356,'T0.company_id','=','all'),(357,'T0.payroll_date','=','April 30, 2016'),(357,'T0.company_id','=','all'),(358,'T0.payroll_date','=','April 30, 2016'),(358,'T0.company_id','=','all'),(359,'T0.payroll_date','=','April 30, 2016'),(359,'T0.company_id','=','all'),(361,'T0.payroll_date','=','April 30, 2016'),(361,'T0.company_id','=','all'),(362,'T0.payroll_date','=','April 30, 2016'),(362,'T0.company_id','=','1'),(363,'T0.payroll_date','=','April 30, 2016'),(363,'T0.company_id','=','all'),(364,'T0.payroll_date','=','April 30, 2016'),(364,'T0.company_id','=','1'),(365,'T0.payroll_date','=','April 30, 2016'),(365,'T0.company_id','=','1'),(366,'T0.payroll_date','=','April 30, 2016'),(366,'T0.company_id','=','all'),(367,'T0.payroll_date','=','April 30, 2016'),(367,'T0.company_id','=','1'),(368,'T0.payroll_date','=','April 30, 2016'),(368,'T0.company_id','=','1'),(369,'T0.payroll_date','=','April 30, 2016'),(369,'T0.company_id','=','19'),(370,'T0.payroll_date','=','April 30, 2016'),(370,'T0.company_id','=','1'),(371,'T0.payroll_date','=','April 30, 2016'),(371,'T0.company_id','=','all'),(372,'T0.payroll_date','=','April 30, 2016'),(372,'T0.company_id','=','all'),(373,'T0.payroll_date','=','April 30, 2016'),(373,'T0.company_id','=','19'),(374,'T0.payroll_date','=','April 30, 2016'),(374,'T0.company_id','=','1'),(375,'T0.department_id','=','all'),(375,'T0.payroll_date','=','April 30, 2016'),(377,'T0.payroll_date','=','April 30, 2016'),(377,'T0.company_id','=','all'),(378,'T0.company_id','=','all'),(378,'T0.payroll_date','=','April 30, 2016'),(378,'T0.posting_date','=','April 29, 2016'),(379,'T0.payroll_date','=','April 30, 2016'),(379,'T0.company_id','=','all'),(380,'T0.department_id','=','all'),(380,'T0.payroll_date','=','April 30, 2016'),(381,'T0.company_id','=','19'),(381,'T0.payroll_date','=','April 30, 2016'),(381,'T0.posting_date','=','April 29, 2016'),(382,'T0.company_id','=','1'),(382,'T0.payroll_date','=','April 30, 2016'),(382,'T0.posting_date','=','April 29, 2016'),(385,'T0.company_id','=','all'),(385,'T0.payroll_date','=','April 30, 2016'),(385,'T0.department_id','=','all'),(387,'T0.company_id','=','19'),(387,'T0.payroll_date','=','April 30, 2016'),(387,'T0.posting_date','=','April 29, 2016'),(388,'T0.company_id','=','1'),(388,'T0.payroll_date','=','April 30, 2016'),(388,'T0.posting_date','=','April 29, 2016'),(389,'T0.company_id','=','all'),(389,'T0.payroll_date','=','April 30, 2016'),(389,'T0.posting_date','=','April 29, 2016'),(390,'T0.department_id','=','all'),(390,'T0.payroll_date','=','April 30, 2016'),(391,'T0.company_id','=','all'),(391,'T0.payroll_date','=','April 30, 2016'),(391,'T0.posting_date','=','April 29, 2016'),(392,'T0.company_id','=','all'),(392,'T0.payroll_date','=','April 30, 2016'),(392,'T0.department_id','=','all'),(400,'T0.department_id','=','all'),(400,'T0.payroll_date','=','April 30, 2016'),(401,'T0.company_id','=','all'),(401,'T0.payroll_date','=','April 30, 2016'),(401,'T0.posting_date','=','April 29, 2016'),(402,'T0.payroll_date','=','April 30, 2016'),(402,'T0.company_id','=','all'),(407,'T0.company_id','=','1'),(407,'T0.payroll_date','=','April 30, 2016'),(407,'T0.department_id','IN',''),(408,'T0.company_id','=','19'),(408,'T0.payroll_date','=','April 30, 2016'),(408,'T0.department_id','IN',''),(409,'T0.company_id','=','all'),(409,'T0.payroll_date','=','April 30, 2016'),(409,'T0.posting_date','=','April 29, 2016'),(410,'T0.company_id','=','all'),(410,'T0.payroll_date','=','April 30, 2016'),(410,'T0.posting_date','=','April 29, 2016'),(412,'T0.department_id','=','all'),(412,'T0.payroll_date','=','April 30, 2016'),(413,'T0.company_id','=','all'),(413,'T0.payroll_date','=','April 30, 2016'),(417,'T0.company_id','=','all'),(417,'T0.payroll_date','=','April 30, 2016'),(417,'T0.posting_date','=','April 29, 2016'),(419,'T0.company_id','=','19'),(419,'T0.payroll_date','=','April 30, 2016'),(419,'T0.posting_date','=','April 29, 2016'),(420,'T0.company_id','=','1'),(420,'T0.payroll_date','=','April 30, 2016'),(420,'T0.posting_date','=','April 29, 2016'),(421,'T0.payroll_date','=','April 30, 2016'),(421,'T0.company_id','=','all'),(422,'T0.company_id','=','all'),(422,'T0.payroll_date','=','April 30, 2016'),(422,'T0.posting_date','=','April 29, 2016'),(424,'T0.department_id','=','all'),(424,'T0.payroll_date','=','April 30, 2016'),(425,'T0.company_id','=','1'),(425,'T0.payroll_date','=','April 30, 2016'),(425,'T0.department_id','=','11'),(426,'T0.company_id','=','1'),(426,'T0.payroll_date','=','April 30, 2016'),(426,'T0.department_id','=','8'),(427,'T0.company_id','=','1'),(427,'T0.payroll_date','=','April 30, 2016'),(427,'T0.department_id','=','8'),(429,'T0.payroll_date','=','April 30, 2016'),(429,'T0.company_id','=','all'),(430,'T0.department_id','=','all'),(430,'T0.payroll_date','=','April 30, 2016'),(431,'T0.payroll_date','=','April 30, 2016'),(431,'T0.company_id','=','19'),(433,'T0.payroll_date','=','April 30, 2016'),(433,'T0.company_id','=','19'),(435,'T0.payroll_date','=','April 30, 2016'),(435,'T0.company_id','=','1'),(436,'T0.company_id','=','1'),(436,'T0.payroll_date','=','April 30, 2016'),(436,'T0.department_id','IN',''),(437,'T0.company_id','=','1'),(437,'T0.payroll_date','=','April 30, 2016'),(437,'T0.department_id','IN',''),(439,'T0.company_id','=','1'),(439,'T0.payroll_date','=','April 30, 2016'),(439,'T0.department_id','IN',''),(440,'T0.company_id','=','1'),(440,'T0.payroll_date','=','April 30, 2016'),(440,'T0.department_id','IN',''),(442,'T0.company_id','=','1'),(442,'T0.payroll_date','=','April 30, 2016'),(442,'T0.department_id','IN',''),(443,'T0.company_id','=','1'),(443,'T0.payroll_date','=','April 30, 2016'),(443,'T0.department_id','IN',''),(444,'T0.company_id','=','1'),(444,'T0.payroll_date','=','April 30, 2016'),(444,'T0.department_id','IN',''),(445,'T0.company_id','=','1'),(445,'T0.payroll_date','=','April 30, 2016'),(445,'T0.department_id','IN',''),(447,'T0.company_id','=','1'),(447,'T0.payroll_date','=','April 30, 2016'),(447,'T0.department_id','IN',''),(448,'T0.company_id','=','1'),(448,'T0.payroll_date','=','April 30, 2016'),(448,'T0.department_id','=','all'),(451,'T0.payroll_date','=','April 30, 2016'),(451,'T0.company_id','=','all'),(452,'T0.payroll_date','=','April 30, 2016'),(452,'T0.company_id','=','1'),(455,'T0.payroll_date','=','April 30, 2016'),(455,'T0.company_id','=','19'),(457,'T0.company_id','=','1'),(457,'T0.payroll_date','=','April 30, 2016'),(457,'T0.department_id','IN',''),(461,'T0.company_id','=','1'),(461,'T0.payroll_date','=','April 30, 2016'),(461,'T0.department_id','IN',''),(464,'T0.company_id','=','19'),(464,'T0.payroll_date','=','April 30, 2016'),(464,'T0.department_id','IN',''),(465,'T0.company_id','=','19'),(465,'T0.payroll_date','=','April 30, 2016'),(465,'T0.department_id','IN',''),(467,'T0.company_id','=','19'),(467,'T0.payroll_date','=','April 30, 2016'),(467,'T0.department_id','IN',''),(468,'T0.company_id','=','19'),(468,'T0.payroll_date','=','April 30, 2016'),(468,'T0.department_id','IN',''),(470,'T0.company_id','=','19'),(470,'T0.payroll_date','=','April 30, 2016'),(470,'T0.department_id','IN',''),(471,'T0.company_id','=','19'),(471,'T0.payroll_date','=','April 30, 2016'),(471,'T0.department_id','IN',''),(473,'T0.company_id','=','all'),(473,'T0.payroll_date','=','April 30, 2016'),(473,'T0.posting_date','=','April 29, 2016'),(475,'T0.company_id','=','19'),(475,'T0.payroll_date','=','April 30, 2016'),(475,'T0.department_id','IN',''),(477,'T0.department_id','=','all'),(477,'T0.payroll_date','=','April 30, 2016'),(478,'T0.company_id','=','19'),(478,'T0.payroll_date','=','April 30, 2016'),(478,'T0.department_id','IN',''),(479,'T0.payroll_date','=','April 30, 2016'),(479,'T0.company_id','=','19'),(489,'T0.department_id','=','all'),(489,'T0.payroll_date','=','April 30, 2016'),(491,'T0.company_id','=','all'),(491,'T0.payroll_date','=','April 30, 2016'),(491,'T0.posting_date','=','April 29, 2016'),(492,'T0.payroll_date','=','April 30, 2016'),(492,'T0.company_id','=','all'),(498,'T0.company_id','=','all'),(498,'T0.payroll_date','=','April 30, 2016'),(498,'T0.posting_date','=','April 29, 2016'),(499,'T0.payroll_date','=','April 30, 2016'),(499,'T0.company_id','=','all'),(500,'T0.payroll_date','=','April 30, 2016'),(500,'T0.company_id','=','1'),(501,'T0.payroll_date','=','April 30, 2016'),(501,'T0.company_id','=','19'),(503,'T0.department_id','=','all'),(503,'T0.payroll_date','=','April 30, 2016'),(504,'T0.payroll_date','=','April 30, 2016'),(504,'T0.company_id','=','all'),(511,'T0.department_id','=','all'),(511,'T0.payroll_date','=','April 30, 2016'),(512,'T0.department_id','=','all'),(512,'T0.payroll_date','=','April 15, 2016'),(513,'T0.company_id','=','19'),(513,'T0.division_id','=','1'),(514,'T0.company_id','=','19'),(514,'T0.division_id','=','1'),(518,'T0.payroll_date','=','April 15, 2016'),(518,'T0.company_id','=','1'),(519,'T0.company_id','=','1'),(519,'T0.payroll_date','=','April 30, 2016'),(519,'T0.department_id','=','3'),(520,'T0.company_id','=','1'),(520,'T0.payroll_date','=','April 30, 2016'),(520,'T0.department_id','=','3'),(521,'T0.department_id','=','all'),(521,'T0.payroll_date','=','April 30, 2016'),(522,'T0.department_id','=','all'),(522,'T0.payroll_date','=','April 15, 2016'),(523,'T0.company_id','=','all'),(523,'T0.payroll_date','=','April 30, 2016'),(523,'T0.department_id','IN','3'),(524,'T0.company_id','=','all'),(524,'T0.payroll_date','=','April 30, 2016'),(524,'T0.department_id','IN','3'),(525,'T0.company_id','=','1'),(525,'T0.payroll_date','=','April 30, 2016'),(525,'T0.department_id','IN',''),(526,'T0.company_id','=','1'),(526,'T0.payroll_date','=','April 30, 2016'),(526,'T0.department_id','IN',''),(542,'T0.company_id','=','all'),(544,'T0.company_id','=','19'),(545,'T0.company_id','=','all'),(565,'T0.company_id','=','1'),(566,'T0.company_id','=','21'),(566,'T0.department_id','=','4'),(566,'T0.date','>=','April 16, 2016'),(566,'T0.date','<=','April 30, 2016'),(571,'T0.department_id','=','all'),(571,'T0.payroll_date','=','April 30, 2016'),(572,'T0.company_id','=','all'),(573,'T0.company_id','=','all'),(573,'T0.payroll_date','=','April 30, 2016'),(573,'T0.department_id','=','all'),(574,'T0.company_id','=','19'),(574,'T0.payroll_date','=','April 30, 2016'),(574,'T0.department_id','=','all'),(575,'T0.company_id','=','19'),(575,'T0.payroll_date','=','April 30, 2016'),(575,'T0.department_id','=','all'),(576,'T0.company_id','=','1'),(576,'T0.year','=','2016'),(576,'T0.month','=','4'),(577,'T0.company_id','=','all'),(577,'T0.year','=','2016'),(577,'T0.month','=','4'),(596,'T0.company_id','=','all'),(596,'T0.payroll_date','=','April 30, 2016'),(596,'T0.posting_date','=','April 29, 2016'),(611,'T0.company_id','IN','all'),(611,'T0.department_id','IN','all'),(611,'T0.year','=','2016'),(611,'T0.month','=','4'),(611,'T0.loan_type_id','=','1'),(625,'T0.company_id','IN','all'),(625,'T0.department_id','IN','all'),(625,'T0.year','=','2016'),(625,'T0.month','=','4'),(626,'T0.company_id','IN','all'),(626,'T0.department_id','IN','all'),(626,'T0.year','=','2016'),(626,'T0.month','=','4'),(627,'T0.company_id','IN','all'),(627,'T0.department_id','IN','all'),(627,'T0.year','=','2016'),(627,'T0.month','=','4'),(628,'T0.company_id','IN','all'),(628,'T0.department_id','IN','all'),(628,'T0.year','=','2016'),(628,'T0.month','=','4'),(629,'T0.company_id','IN','all'),(629,'T0.department_id','IN','all'),(629,'T0.year','=','2016'),(629,'T0.month','=','4'),(630,'T0.company_id','IN','all'),(630,'T0.department_id','IN','all'),(630,'T0.year','=','2016'),(630,'T0.month','=','4'),(631,'T0.company_id','IN','all'),(631,'T0.department_id','IN','all'),(631,'T0.year','=','2016'),(631,'T0.month','=','4'),(632,'T0.company_id','IN','all'),(632,'T0.department_id','IN','all'),(632,'T0.year','=','2016'),(632,'T0.month','=','4'),(633,'T0.company_id','IN','all'),(633,'T0.department_id','IN','all'),(633,'T0.year','=','2016'),(633,'T0.month','=','4'),(707,'T0.company_id','=','21'),(707,'T0.department_id','=','4'),(707,'T0.date','>=','April 16, 2016'),(707,'T0.date','<=','April 30, 2016'),(708,'T0.payroll_date','=','May 15, 2016'),(708,'T0.company_id','=','19'),(710,'T0.payroll_date','=','May 15, 2016'),(710,'T0.company_id','=','all'),(711,'T0.payroll_date','=','May 15, 2016'),(711,'T0.company_id','=','1'),(712,'T0.company_id','=','1'),(712,'T0.payroll_date','=','April 30, 2016'),(712,'T0.department_id','=','all'),(713,'T0.payroll_date','=','May 15, 2016'),(713,'T0.company_id','=','1'),(714,'T0.payroll_date','=','May 15, 2016'),(714,'T0.company_id','=','1'),(715,'T0.payroll_date','=','May 15, 2016'),(715,'T0.company_id','=','1'),(716,'T0.payroll_date','=','May 15, 2016'),(716,'T0.company_id','=','1'),(717,'T0.payroll_date','=','May 15, 2016'),(717,'T0.company_id','=','1'),(718,'T0.payroll_date','=','May 15, 2016'),(718,'T0.company_id','=','1'),(719,'T0.company_id','=','all'),(719,'T0.payroll_date','=','April 30, 2016'),(719,'T0.department_id','=','all'),(720,'T0.company_id','=','19'),(720,'T0.payroll_date','=','April 15, 2016'),(721,'T0.company_id','=','1'),(721,'T0.payroll_date','=','April 15, 2016'),(721,'T0.department_id','=','all'),(722,'T0.company_id','=','1'),(722,'T0.payroll_date','=','April 30, 2016'),(722,'T0.department_id','=','all'),(726,'T0.payroll_date','=','May 15, 2016'),(726,'T0.company_id','=','1'),(727,'T0.payroll_date','=','May 15, 2016'),(727,'T0.company_id','=','all'),(728,'T0.payroll_date','=','May 15, 2016'),(728,'T0.company_id','=','1'),(729,'T0.payroll_date','=','May 15, 2016'),(729,'T0.company_id','=','1'),(730,'T0.payroll_date','=','May 15, 2016'),(730,'T0.company_id','=','1'),(731,'T0.payroll_date','=','May 15, 2016'),(731,'T0.company_id','=','all'),(732,'T0.payroll_date','=','May 15, 2016'),(732,'T0.company_id','=','1'),(734,'T0.payroll_date','=','May 15, 2016'),(734,'T0.company_id','=','1'),(735,'T0.company_id','=','1'),(735,'T0.department_id','=','3'),(735,'T0.date','>=','April 01, 2016'),(735,'T0.date','<=','April 30, 2016'),(738,'T0.payroll_date','=','May 15, 2016'),(738,'T0.company_id','=','1'),(739,'T0.payroll_date','=','May 15, 2016'),(739,'T0.company_id','=','1'),(740,'T0.payroll_date','=','May 15, 2016'),(740,'T0.company_id','=','1'),(741,'T0.payroll_date','=','May 15, 2016'),(741,'T0.company_id','=','1'),(742,'T0.payroll_date','=','May 15, 2016'),(742,'T0.company_id','=','all'),(743,'T0.payroll_date','=','May 15, 2016'),(743,'T0.company_id','=','1'),(744,'T0.company_id','=','1'),(744,'T0.payroll_date','=','April 15, 2016'),(744,'T0.department_id','IN',''),(745,'T0.company_id','=','1'),(745,'T0.payroll_date','=','April 15, 2016'),(745,'T0.department_id','IN',''),(746,'T0.company_id','=','1'),(746,'T0.payroll_date','=','April 15, 2016'),(746,'T0.department_id','IN',''),(747,'T0.company_id','=','19'),(747,'T0.payroll_date','=','April 15, 2016'),(747,'T0.department_id','IN',''),(748,'T0.payroll_date','=','May 15, 2016'),(748,'T0.company_id','=','1'),(749,'T0.company','=','all'),(749,'T0.payroll_date','=','April 30, 2016'),(749,'T0.department_id','=','all'),(750,'T0.company_id','=','all'),(750,'T0.payroll_date','=','April 30, 2016'),(750,'T0.department_id','=','all'),(751,'T0.company_id','=','all'),(751,'T0.payroll_date','=','April 30, 2016'),(751,'T0.posting_date','=','April 29, 2016'),(752,'T0.payroll_date','=','May 15, 2016'),(752,'T0.company_id','=','1'),(755,'T0.company_id','=','19'),(755,'T0.payroll_date','=','April 30, 2016'),(755,'T0.department_id','IN',''),(756,'T0.company_id','=','19'),(756,'T0.payroll_date','=','April 30, 2016'),(756,'T0.department_id','IN',''),(758,'T0.payroll_date','=','May 15, 2016'),(758,'T0.company_id','=','19'),(765,'T0.company','=','all'),(765,'T0.payroll_date','=','April 30, 2016'),(765,'T0.department_id','=','all'),(767,'T0.payroll_date','=','May 15, 2016'),(767,'T0.company_id','=','all'),(768,'T0.payroll_date','=','May 15, 2016'),(768,'T0.company_id','=','1'),(769,'T0.payroll_date','=','May 15, 2016'),(769,'T0.company_id','=','1'),(770,'T0.payroll_date','=','April 15, 2016'),(770,'T0.company_id','=','1'),(771,'T0.payroll_date','=','April 30, 2016'),(771,'T0.company_id','=','1'),(772,'T0.company_id','=','1'),(772,'T0.payroll_date','=','April 15, 2016'),(772,'T0.department_id','=','all'),(773,'T0.payroll_date','=','April 30, 2016'),(773,'T0.company_id','=','1'),(774,'T0.payroll_date','=','April 15, 2016'),(774,'T0.company_id','=','1'),(775,'T0.payroll_date','=','May 15, 2016'),(775,'T0.company_id','=','19'),(776,'T0.payroll_date','=','May 15, 2016'),(776,'T0.company_id','=','19'),(777,'T0.company_id','=','1'),(777,'T0.department_id','=','all'),(777,'T0.date','>=','May 01, 2016'),(777,'T0.date','<=','May 01, 2016'),(778,'T0.payroll_date','=','May 15, 2016'),(778,'T0.company_id','=','1'),(781,'T0.company_id','=','1'),(781,'T0.payroll_date','=','May 15, 2016'),(781,'T0.department_id','IN',''),(784,'T0.company_id','=','1'),(784,'T0.payroll_date','=','April 30, 2016'),(784,'T0.department_id','=','3'),(785,'T0.company_id','=','1'),(785,'T0.payroll_date','=','May 15, 2016'),(785,'T0.department_id','IN',''),(786,'T0.payroll_date','=','May 15, 2016'),(786,'T0.company_id','=','19'),(787,'T0.payroll_date','=','May 15, 2016'),(787,'T0.company_id','=','19'),(792,'T0.payroll_date','=','May 15, 2016'),(792,'T0.company_id','=','1'),(800,'T0.payroll_date','=','May 15, 2016'),(800,'T0.company_id','=','19'),(810,'T0.company_id','=','all'),(810,'T0.payroll_date','=','May 15, 2016'),(810,'T0.posting_date','=','May 12, 2016'),(811,'T0.company_id','=','all'),(811,'T0.payroll_date','=','May 15, 2016'),(811,'T0.posting_date','=','May 12, 2016'),(816,'T0.company_id','=','19'),(816,'T0.department_id','=','all'),(816,'T0.date','>=','May 02, 2016'),(816,'T0.date','<=','May 03, 2016'),(817,'T0.payroll_date','=','April 30, 2016'),(817,'T0.company_id','=','19'),(818,'T0.company_id','=','19'),(818,'T0.department_id','=','all'),(818,'T0.date','>=','April 15, 2016'),(818,'T0.date','<=','April 30, 2016'),(819,'T0.payroll_date','=','April 30, 2016'),(819,'T0.company_id','=','19'),(820,'T0.payroll_date','=','April 30, 2016'),(820,'T0.company_id','=','19'),(821,'T0.payroll_date','=','April 30, 2016'),(821,'T0.company_id','=','19'),(822,'T0.payroll_date','=','April 30, 2016'),(822,'T0.company_id','=','19'),(823,'T0.payroll_date','=','April 30, 2016'),(823,'T0.company_id','=','19'),(824,'T0.company_id','=','19'),(824,'T0.department_id','=','all'),(827,'T0.company_id','=','all'),(827,'T0.payroll_date','=','April 15, 2016'),(827,'T0.posting_date','=','April 14, 2016'),(828,'T0.company_id','=','all'),(828,'T0.payroll_date','=','April 15, 2016'),(828,'T0.posting_date','=','April 14, 2016'),(829,'T0.company_id','=','all'),(829,'T0.payroll_date','=','April 15, 2016'),(829,'T0.posting_date','=','April 14, 2016'),(830,'T0.company_id','=','19'),(830,'T0.payroll_date','=','April 30, 2016'),(830,'T0.department_id','IN',',11'),(831,'T0.company_id','=','all'),(831,'T0.payroll_date','=','April 15, 2016'),(831,'T0.posting_date','=','April 14, 2016'),(833,'T0.company_id','=','19'),(833,'T0.payroll_date','=','April 30, 2016'),(833,'T0.posting_date','=','April 29, 2016'),(834,'T0.company_id','=','19'),(834,'T0.payroll_date','=','April 30, 2016'),(834,'T0.department_id','=','all'),(835,'T0.company_id','=','19'),(835,'T0.payroll_date','=','April 30, 2016'),(836,'T0.company_id','=','all'),(836,'T0.payroll_date','=','May 15, 2016'),(838,'T0.company_id','=','19'),(838,'T0.payroll_date','=','April 30, 2016'),(838,'T0.department_id','=','all'),(839,'T0.company_id','=','19'),(839,'T0.payroll_date','=','April 30, 2016'),(839,'T0.department_id','=','all'),(841,'T0.company','=','all'),(841,'T0.payroll_date','=','April 30, 2016'),(841,'T0.department_id','=','all'),(845,'T0.payroll_date','=','April 30, 2016'),(845,'T0.company_id','=','1'),(849,'T0.company_id','=','all'),(849,'T0.payroll_date','=','April 15, 2016'),(849,'T0.posting_date','=','April 14, 2016'),(851,'T0.department_id','=','all'),(851,'T0.payroll_date','=','April 30, 2016'),(852,'T0.department_id','=','all'),(852,'T0.payroll_date','=','April 30, 2016'),(853,'T0.payroll_date','=','May 15, 2016'),(853,'T0.company_id','=','1'),(854,'T0.department_id','=','all'),(854,'T0.payroll_date','=','April 30, 2016'),(855,'T0.company_id','=','all'),(855,'T0.payroll_date','=','April 30, 2016'),(855,'T0.department_id','IN','1'),(856,'T0.company_id','=','19'),(856,'T0.payroll_date','=','April 15, 2016'),(856,'T0.posting_date','=','April 14, 2016'),(857,'T0.company_id','=','all'),(857,'T0.payroll_date','=','April 30, 2016'),(857,'T0.department_id','IN','1'),(858,'T0.company_id','=','19'),(858,'T0.payroll_date','=','April 15, 2016'),(858,'T0.posting_date','=','April 14, 2016'),(859,'T0.company_id','=','19'),(859,'T0.payroll_date','=','April 30, 2016'),(859,'T0.department_id','=','1'),(860,'T0.company_id','=','19'),(860,'T0.payroll_date','=','April 15, 2016'),(860,'T0.posting_date','=','April 14, 2016'),(861,'T0.company_id','=','19'),(861,'T0.payroll_date','=','April 15, 2016'),(861,'T0.posting_date','=','April 14, 2016'),(863,'T0.company_id','=','19'),(863,'T0.payroll_date','=','April 15, 2016'),(863,'T0.posting_date','=','April 14, 2016'),(865,'T0.company_id','=','all'),(865,'T0.payroll_date','=','May 15, 2016'),(865,'T0.posting_date','=','May 12, 2016'),(866,'T0.company_id','=','19'),(866,'T0.payroll_date','=','April 15, 2016'),(866,'T0.posting_date','=','April 14, 2016'),(867,'T0.company_id','=','19'),(867,'T0.payroll_date','=','April 15, 2016'),(867,'T0.posting_date','=','April 14, 2016'),(870,'T0.company_id','=','19'),(870,'T0.payroll_date','=','April 15, 2016'),(870,'T0.posting_date','=','April 14, 2016'),(871,'T0.company_id','=','19'),(871,'T0.payroll_date','=','April 15, 2016'),(871,'T0.posting_date','=','April 14, 2016'),(874,'T0.company_id','=','19'),(874,'T0.payroll_date','=','April 15, 2016'),(874,'T0.posting_date','=','April 14, 2016'),(875,'T0.company_id','=','19'),(875,'T0.payroll_date','=','April 15, 2016'),(875,'T0.posting_date','=','April 14, 2016'),(876,'T0.company_id','=','19'),(876,'T0.payroll_date','=','April 15, 2016'),(877,'T0.company_id','=','19'),(877,'T0.year','=','2016'),(877,'T0.month','=','4'),(876,'T0.posting_date','=','April 14, 2016'),(878,'T0.company_id','=','19'),(878,'T0.payroll_date','=','April 15, 2016'),(878,'T0.posting_date','=','April 14, 2016'),(879,'T0.company_id','=','19'),(879,'T0.payroll_date','=','April 15, 2016'),(879,'T0.posting_date','=','April 14, 2016'),(880,'T0.company_id','=','19'),(880,'T0.payroll_date','=','April 15, 2016'),(880,'T0.posting_date','=','April 14, 2016'),(881,'T0.company_id','=','19'),(881,'T0.payroll_date','=','April 15, 2016'),(881,'T0.posting_date','=','April 14, 2016'),(882,'T0.company_id','=','19'),(882,'T0.payroll_date','=','April 15, 2016'),(882,'T0.posting_date','=','April 14, 2016'),(883,'T0.company_id','=','19'),(883,'T0.payroll_date','=','April 15, 2016'),(883,'T0.posting_date','=','April 14, 2016'),(884,'T0.company_id','=','19'),(884,'T0.payroll_date','=','April 15, 2016'),(884,'T0.posting_date','=','April 14, 2016'),(885,'T0.company_id','=','19'),(885,'T0.payroll_date','=','April 15, 2016'),(885,'T0.posting_date','=','April 14, 2016'),(886,'T0.company_id','=','19'),(886,'T0.payroll_date','=','April 15, 2016'),(886,'T0.posting_date','=','April 14, 2016'),(887,'T0.company_id','=','19'),(887,'T0.payroll_date','=','April 15, 2016'),(887,'T0.posting_date','=','April 14, 2016'),(888,'T0.company_id','=','19'),(888,'T0.payroll_date','=','April 15, 2016'),(888,'T0.posting_date','=','April 14, 2016'),(889,'T0.company_id','=','19'),(889,'T0.payroll_date','=','April 15, 2016'),(889,'T0.posting_date','=','April 14, 2016'),(890,'T0.company_id','=','19'),(890,'T0.payroll_date','=','April 15, 2016'),(890,'T0.posting_date','=','April 14, 2016'),(891,'T0.company_id','=','19'),(891,'T0.payroll_date','=','April 15, 2016'),(891,'T0.posting_date','=','April 14, 2016'),(892,'T0.company_id','=','19'),(892,'T0.payroll_date','=','April 15, 2016'),(892,'T0.posting_date','=','April 14, 2016'),(893,'T0.company_id','=','19'),(893,'T0.payroll_date','=','April 15, 2016'),(893,'T0.posting_date','=','April 14, 2016'),(894,'T0.company_id','=','19'),(894,'T0.payroll_date','=','April 15, 2016'),(894,'T0.posting_date','=','April 14, 2016'),(895,'T0.company_id','=','19'),(895,'T0.payroll_date','=','April 15, 2016'),(895,'T0.posting_date','=','April 14, 2016'),(896,'T0.company_id','=','19'),(896,'T0.payroll_date','=','April 15, 2016'),(896,'T0.posting_date','=','April 14, 2016'),(897,'T0.company_id','=','19'),(897,'T0.payroll_date','=','April 15, 2016'),(897,'T0.posting_date','=','April 14, 2016'),(898,'T0.company_id','=','19'),(898,'T0.payroll_date','=','April 15, 2016'),(898,'T0.posting_date','=','April 14, 2016'),(899,'T0.company_id','=','19'),(899,'T0.payroll_date','=','April 15, 2016'),(899,'T0.posting_date','=','April 14, 2016'),(900,'T0.company_id','=','19'),(900,'T0.payroll_date','=','April 15, 2016'),(900,'T0.posting_date','=','April 14, 2016'),(901,'T0.company_id','=','19'),(901,'T0.payroll_date','=','April 15, 2016'),(901,'T0.posting_date','=','April 14, 2016'),(902,'T0.company_id','=','19'),(902,'T0.payroll_date','=','April 15, 2016'),(902,'T0.posting_date','=','April 14, 2016'),(903,'T0.company_id','=','19'),(903,'T0.payroll_date','=','April 15, 2016'),(903,'T0.posting_date','=','April 14, 2016'),(904,'T0.company_id','=','19'),(904,'T0.payroll_date','=','April 15, 2016'),(904,'T0.posting_date','=','April 14, 2016'),(905,'T0.company_id','=','19'),(905,'T0.payroll_date','=','April 15, 2016'),(905,'T0.posting_date','=','April 14, 2016'),(906,'T0.company_id','=','19'),(906,'T0.payroll_date','=','April 15, 2016'),(906,'T0.posting_date','=','April 14, 2016'),(907,'T0.company_id','=','19'),(907,'T0.payroll_date','=','April 15, 2016'),(907,'T0.posting_date','=','April 14, 2016'),(908,'T0.company_id','=','19'),(908,'T0.payroll_date','=','April 15, 2016'),(908,'T0.posting_date','=','April 14, 2016'),(909,'T0.company_id','=','19'),(909,'T0.payroll_date','=','April 15, 2016'),(909,'T0.posting_date','=','April 14, 2016'),(910,'T0.company_id','=','19'),(910,'T0.payroll_date','=','April 15, 2016'),(910,'T0.posting_date','=','April 14, 2016'),(911,'T0.company_id','=','19'),(911,'T0.payroll_date','=','April 15, 2016'),(911,'T0.posting_date','=','April 14, 2016'),(912,'T0.company_id','=','19'),(912,'T0.payroll_date','=','April 15, 2016'),(912,'T0.posting_date','=','April 14, 2016'),(913,'T0.company_id','=','19'),(913,'T0.payroll_date','=','April 15, 2016'),(913,'T0.posting_date','=','April 14, 2016'),(914,'T0.company_id','=','19'),(914,'T0.payroll_date','=','April 15, 2016'),(914,'T0.posting_date','=','April 14, 2016'),(915,'T0.company_id','=','19'),(915,'T0.payroll_date','=','April 15, 2016'),(915,'T0.department_id','IN',''),(916,'T0.company_id','=','19'),(916,'T0.payroll_date','=','April 15, 2016'),(916,'T0.department_id','IN',',3'),(917,'T0.company_id','=','all'),(917,'T0.payroll_date','=','April 15, 2016'),(917,'T0.department_id','IN',',3'),(918,'T0.company_id','=','all'),(918,'T0.payroll_date','=','April 15, 2016'),(918,'T0.department_id','IN',',3'),(925,'T0.company_id','=','all'),(925,'T0.payroll_date','=','April 30, 2016'),(925,'T0.posting_date','=','April 29, 2016'),(926,'T0.company_id','=','all'),(926,'T0.payroll_date','=','April 30, 2016'),(926,'T0.posting_date','=','April 29, 2016'),(927,'T0.company_id','=','all'),(927,'T0.payroll_date','=','April 30, 2016'),(927,'T0.posting_date','=','April 29, 2016'),(928,'T0.company_id','=','all'),(928,'T0.payroll_date','=','April 30, 2016'),(928,'T0.posting_date','=','April 29, 2016'),(929,'T0.company_id','=','all'),(929,'T0.payroll_date','=','April 30, 2016'),(929,'T0.posting_date','=','April 29, 2016'),(930,'T0.company_id','=','all'),(930,'T0.payroll_date','=','April 30, 2016'),(930,'T0.posting_date','=','April 29, 2016'),(931,'T0.company_id','=','all'),(931,'T0.payroll_date','=','April 30, 2016'),(931,'T0.posting_date','=','April 29, 2016'),(932,'T0.company_id','=','all'),(932,'T0.payroll_date','=','April 30, 2016'),(932,'T0.posting_date','=','April 29, 2016'),(933,'T0.company_id','=','all'),(933,'T0.payroll_date','=','April 30, 2016'),(933,'T0.posting_date','=','April 29, 2016'),(934,'T0.company_id','=','all'),(934,'T0.payroll_date','=','April 30, 2016'),(934,'T0.posting_date','=','April 29, 2016'),(935,'T0.company_id','=','19'),(935,'T0.payroll_date','=','April 30, 2016'),(935,'T0.posting_date','=','April 29, 2016'),(936,'T0.company_id','=','19'),(936,'T0.payroll_date','=','April 30, 2016'),(936,'T0.posting_date','=','April 29, 2016'),(937,'T0.company_id','=','19'),(937,'T0.payroll_date','=','April 30, 2016'),(937,'T0.posting_date','=','April 29, 2016'),(938,'T0.company_id','=','19'),(938,'T0.payroll_date','=','April 30, 2016'),(938,'T0.posting_date','=','April 29, 2016'),(939,'T0.company_id','=','19'),(939,'T0.payroll_date','=','April 30, 2016'),(939,'T0.posting_date','=','April 29, 2016'),(940,'T0.company_id','=','19'),(940,'T0.payroll_date','=','April 30, 2016'),(940,'T0.posting_date','=','April 29, 2016'),(941,'T0.company_id','=','19'),(941,'T0.payroll_date','=','April 30, 2016'),(941,'T0.posting_date','=','April 29, 2016'),(942,'T0.company_id','=','19'),(942,'T0.payroll_date','=','April 30, 2016'),(942,'T0.posting_date','=','April 29, 2016'),(943,'T0.company_id','=','19'),(943,'T0.payroll_date','=','April 30, 2016'),(943,'T0.posting_date','=','April 29, 2016'),(944,'T0.company_id','=','19'),(944,'T0.payroll_date','=','April 30, 2016'),(944,'T0.posting_date','=','April 29, 2016'),(945,'T0.company_id','=','19'),(945,'T0.payroll_date','=','April 30, 2016'),(945,'T0.posting_date','=','April 29, 2016'),(946,'T0.company_id','=','19'),(946,'T0.payroll_date','=','April 30, 2016'),(946,'T0.posting_date','=','April 29, 2016'),(947,'T0.company','=','all'),(947,'T0.payroll_date','=','April 15, 2016'),(947,'T0.department_id','=','all'),(948,'T0.company_id','=','all'),(948,'T0.payroll_date','=','May 15, 2016'),(948,'T0.posting_date','=','May 12, 2016'),(949,'T0.company_id','=','all'),(949,'T0.payroll_date','=','May 15, 2016'),(949,'T0.posting_date','=','May 12, 2016'),(951,'T0.company_id','=','1'),(951,'T0.payroll_date','=','April 30, 2016'),(952,'T0.company_id','=','1'),(952,'T0.payroll_date','=','April 30, 2016'),(953,'T0.company_id','=','1'),(953,'T0.payroll_date','=','April 30, 2016'),(954,'T0.company_id','=','1'),(954,'T0.payroll_date','=','April 30, 2016'),(955,'T0.company_id','=','1'),(955,'T0.payroll_date','=','April 30, 2016'),(956,'T0.company_id','=','1'),(956,'T0.payroll_date','=','April 30, 2016'),(957,'T0.company_id','=','1'),(957,'T0.payroll_date','=','April 30, 2016'),(958,'T0.company_id','=','1'),(958,'T0.payroll_date','=','April 30, 2016'),(959,'T0.company_id','=','1'),(959,'T0.payroll_date','=','April 15, 2016'),(960,'T0.company_id','=','1'),(960,'T0.payroll_date','=','April 15, 2016'),(961,'T0.company_id','=','1'),(961,'T0.payroll_date','=','April 30, 2016'),(962,'T0.payroll_date','=','May 15, 2016'),(962,'T0.company_id','=','all'),(963,'T0.company_id','=','all'),(963,'T0.payroll_date','=','April 30, 2016'),(964,'T0.company_id','=','1'),(964,'T0.payroll_date','=','April 30, 2016'),(965,'T0.company_id','=','all'),(965,'T0.payroll_date','=','April 30, 2016'),(966,'T0.company_id','=','all'),(966,'T0.payroll_date','=','April 30, 2016'),(967,'T0.company_id','=','1'),(967,'T0.payroll_date','=','April 30, 2016'),(968,'T0.company_id','=','1'),(968,'T0.payroll_date','=','April 30, 2016'),(969,'T0.company_id','=','1'),(969,'T0.payroll_date','=','April 30, 2016'),(970,'T0.company_id','=','1'),(970,'T0.payroll_date','=','April 30, 2016'),(971,'T0.company_id','=','1'),(971,'T0.payroll_date','=','April 30, 2016'),(972,'T0.company_id','=','1'),(972,'T0.payroll_date','=','April 30, 2016'),(973,'T0.company_id','=','1'),(973,'T0.payroll_date','=','April 30, 2016'),(974,'T0.company_id','=','1'),(974,'T0.payroll_date','=','April 30, 2016'),(975,'T0.company_id','=','1'),(975,'T0.payroll_date','=','April 30, 2016'),(976,'T0.company_id','=','1'),(976,'T0.payroll_date','=','April 30, 2016'),(977,'T0.company_id','=','1'),(977,'T0.payroll_date','=','April 30, 2016'),(979,'T0.company_id','=','1'),(979,'T0.payroll_date','=','April 30, 2016'),(980,'T0.company_id','=','1'),(980,'T0.payroll_date','=','April 30, 2016'),(981,'T0.company_id','=','1'),(981,'T0.payroll_date','=','April 30, 2016'),(982,'T0.company_id','=','1'),(982,'T0.payroll_date','=','April 30, 2016'),(983,'T0.company_id','=','1'),(983,'T0.payroll_date','=','April 30, 2016'),(984,'T0.company_id','=','1'),(984,'T0.payroll_date','=','April 30, 2016'),(985,'T0.company_id','=','1'),(985,'T0.payroll_date','=','April 30, 2016'),(986,'T0.company_id','=','1'),(986,'T0.payroll_date','=','April 30, 2016'),(987,'T0.company_id','=','1'),(987,'T0.payroll_date','=','April 30, 2016'),(988,'T0.company_id','=','1'),(988,'T0.payroll_date','=','April 30, 2016'),(989,'T0.company_id','=','1'),(989,'T0.payroll_date','=','April 30, 2016'),(990,'T0.company_id','=','1'),(990,'T0.payroll_date','=','April 30, 2016'),(991,'T0.company_id','=','1'),(991,'T0.payroll_date','=','April 30, 2016'),(992,'T0.company_id','=','1'),(992,'T0.payroll_date','=','April 30, 2016'),(993,'T0.company_id','=','1'),(993,'T0.payroll_date','=','April 30, 2016'),(994,'T0.company_id','=','1'),(994,'T0.payroll_date','=','April 30, 2016'),(995,'T0.company_id','=','1'),(995,'T0.payroll_date','=','April 30, 2016'),(996,'T0.company_id','=','1'),(996,'T0.payroll_date','=','April 30, 2016'),(997,'T0.company_id','=','1'),(997,'T0.payroll_date','=','April 30, 2016'),(998,'T0.company_id','=','1'),(998,'T0.payroll_date','=','April 30, 2016'),(999,'T0.company_id','=','1'),(999,'T0.payroll_date','=','April 30, 2016'),(1000,'T0.company_id','=','1'),(1000,'T0.payroll_date','=','April 30, 2016'),(1001,'T0.company_id','=','1'),(1001,'T0.payroll_date','=','April 30, 2016'),(1002,'T0.company_id','=','1'),(1002,'T0.payroll_date','=','April 30, 2016'),(1003,'T0.company_id','=','all'),(1003,'T0.payroll_date','=','April 30, 2016'),(1004,'T0.company_id','=','1'),(1004,'T0.payroll_date','=','April 30, 2016'),(1005,'T0.company_id','=','1'),(1005,'T0.payroll_date','=','April 30, 2016'),(1006,'T0.department_id','=','all'),(1006,'T0.payroll_date','=','April 30, 2016'),(1007,'T0.department_id','=','all'),(1007,'T0.payroll_date','=','April 30, 2016'),(1008,'T0.company_id','=','1'),(1008,'T0.payroll_date','=','April 30, 2016'),(1009,'T0.company_id','=','1'),(1009,'T0.payroll_date','=','April 30, 2016'),(1010,'T0.company_id','=','21'),(1010,'T0.department_id','=','4'),(1010,'T0.date','>=','May 01, 2016'),(1010,'T0.date','<=','May 15, 2016'),(1011,'T0.company_id','=','21'),(1011,'T0.department_id','=','all'),(1011,'T0.date','>=','May 01, 2016'),(1011,'T0.date','<=','May 15, 2016'),(1012,'T0.company_id','=','21'),(1012,'T0.department_id','=','all'),(1012,'T0.date','>=','May 01, 2016'),(1012,'T0.date','<=','May 15, 2016'),(1013,'T0.company_id','=','21'),(1013,'T0.department_id','=','4'),(1013,'T0.date','>=','May 01, 2016'),(1013,'T0.date','<=','May 15, 2016'),(1014,'T0.payroll_date','=','May 30, 2016'),(1014,'T0.company_id','=','1'),(1015,'T0.payroll_date','=','May 30, 2016'),(1015,'T0.company_id','=','1'),(1016,'T0.company_id','=','1'),(1016,'T0.payroll_date','=','April 30, 2016'),(1016,'T0.department_id','=','3'),(1017,'T0.payroll_date','=','May 30, 2016'),(1017,'T0.company_id','=','1'),(1018,'T0.payroll_date','=','May 30, 2016'),(1018,'T0.company_id','=','1'),(1019,'T0.payroll_date','=','May 30, 2016'),(1019,'T0.company_id','=','1'),(1020,'T0.payroll_date','=','May 30, 2016'),(1020,'T0.company_id','=','1'),(1021,'T0.payroll_date','=','May 30, 2016'),(1021,'T0.company_id','=','1'),(1022,'T0.payroll_date','=','May 30, 2016'),(1022,'T0.company_id','=','1'),(1023,'T0.payroll_date','=','May 30, 2016'),(1023,'T0.company_id','=','1'),(1024,'T0.payroll_date','=','May 30, 2016'),(1024,'T0.company_id','=','1'),(1025,'T0.company_id','=','19'),(1025,'T0.payroll_date','=','April 30, 2016'),(1025,'T0.department_id','=','2'),(1026,'T0.company_id','=','19'),(1026,'T0.payroll_date','=','April 15, 2016'),(1026,'T0.department_id','=','2'),(1027,'T0.company_id','=','19'),(1027,'T0.payroll_date','=','May 15, 2016'),(1027,'T0.department_id','=','2'),(1035,'T0.company_id','=','1'),(1035,'T0.payroll_date','=','May 30, 2016'),(1035,'T0.department_id','IN',''),(1036,'T0.company_id','=','1'),(1036,'T0.payroll_date','=','May 30, 2016'),(1036,'T0.department_id','IN',''),(1040,'T0.company_id','=','1'),(1040,'T0.payroll_date','=','May 30, 2016'),(1040,'T0.department_id','IN',''),(1042,'T0.company_id','=','1'),(1042,'T0.payroll_date','=','May 30, 2016'),(1042,'T0.department_id','IN',''),(1046,'T0.company_id','=','1'),(1046,'T0.payroll_date','=','May 30, 2016'),(1046,'T0.department_id','IN',''),(1047,'T0.company_id','=','1'),(1047,'T0.payroll_date','=','May 30, 2016'),(1047,'T0.department_id','IN',''),(1052,'T0.company_id','=','1'),(1052,'T0.payroll_date','=','May 30, 2016'),(1052,'T0.department_id','IN',''),(1057,'T0.payroll_date','=','May 30, 2016'),(1057,'T0.company_id','=','19'),(1058,'T0.payroll_date','=','May 30, 2016'),(1058,'T0.company_id','=','all'),(1059,'T0.payroll_date','=','May 30, 2016'),(1059,'T0.company_id','=','all'),(1060,'T0.payroll_date','=','May 30, 2016'),(1060,'T0.company_id','=','19'),(1061,'T0.payroll_date','=','May 30, 2016'),(1061,'T0.company_id','=','19'),(1062,'T0.payroll_date','=','May 30, 2016'),(1062,'T0.company_id','=','19'),(1063,'T0.payroll_date','=','May 30, 2016'),(1063,'T0.company_id','=','all'),(1064,'T0.payroll_date','=','May 30, 2016'),(1064,'T0.company_id','=','all'),(1067,'T0.payroll_date','=','May 30, 2016'),(1067,'T0.company_id','=','19'),(1068,'T0.payroll_date','=','May 30, 2016'),(1068,'T0.company_id','=','19'),(1069,'T0.payroll_date','=','May 30, 2016'),(1069,'T0.company_id','=','19'),(1070,'T0.payroll_date','=','May 30, 2016'),(1070,'T0.company_id','=','19'),(1071,'T0.payroll_date','=','May 30, 2016'),(1071,'T0.company_id','=','19'),(1072,'T0.payroll_date','=','May 30, 2016'),(1072,'T0.company_id','=','19'),(1073,'T0.payroll_date','=','May 30, 2016'),(1073,'T0.company_id','=','19'),(1074,'T0.payroll_date','=','May 30, 2016'),(1074,'T0.company_id','=','19'),(1075,'T0.company_id','=','19'),(1075,'T0.department_id','=','all'),(1075,'T0.date','>=','May 09, 2016'),(1075,'T0.date','<=','May 09, 2016'),(1083,'T0.department_id','=','all'),(1083,'T0.payroll_date','=','May 30, 2016'),(1091,'T0.company_id','=','19'),(1091,'T0.payroll_date','=','May 30, 2016'),(1091,'T0.department_id','IN',''),(1092,'T0.company_id','=','19'),(1092,'T0.payroll_date','=','May 30, 2016'),(1092,'T0.department_id','IN',''),(1094,'T0.payroll_date','=','May 30, 2016'),(1094,'T0.company_id','=','all'),(1095,'T0.payroll_date','=','May 30, 2016'),(1095,'T0.company_id','=','1'),(1096,'T0.company_id','=','all'),(1096,'T0.payroll_date','=','May 30, 2016'),(1096,'T0.posting_date','=','May 27, 2016'),(1097,'T0.company_id','=','all'),(1097,'T0.payroll_date','=','May 30, 2016'),(1097,'T0.posting_date','=','May 27, 2016'),(1098,'T0.department_id','=','all'),(1098,'T0.payroll_date','=','May 30, 2016'),(1099,'T0.company_id','=','all'),(1099,'T0.payroll_date','=','May 30, 2016'),(1099,'T0.posting_date','=','May 27, 2016'),(1100,'T0.company_id','=','1'),(1100,'T0.payroll_date','=','May 30, 2016'),(1100,'T0.posting_date','=','May 27, 2016'),(1101,'T0.company_id','=','19'),(1101,'T0.payroll_date','=','May 30, 2016'),(1101,'T0.posting_date','=','May 27, 2016'),(1102,'T0.company_id','=','all'),(1102,'T0.payroll_date','=','May 30, 2016'),(1102,'T0.posting_date','=','May 27, 2016'),(1104,'T0.company_id','=','all'),(1104,'T0.payroll_date','=','May 30, 2016'),(1106,'T0.payroll_date','=','May 30, 2016'),(1106,'T0.company_id','=','19'),(1108,'T0.company_id','=','19'),(1108,'T0.department_id','=','all'),(1108,'T0.date','>=','May 12, 2016'),(1108,'T0.date','<=','May 20, 2016'),(1111,'T0.payroll_date','=','May 30, 2016'),(1111,'T0.company_id','=','19'),(1112,'T0.payroll_date','=','May 30, 2016'),(1112,'T0.company_id','=','19'),(1113,'T0.company_id','=','all'),(1113,'T0.payroll_date','=','May 30, 2016'),(1113,'T0.posting_date','=','May 27, 2016'),(1114,'T0.company_id','=','all'),(1114,'T0.payroll_date','=','May 30, 2016'),(1114,'T0.posting_date','=','May 27, 2016'),(1115,'T0.company_id','=','all'),(1115,'T0.payroll_date','=','May 30, 2016'),(1115,'T0.posting_date','=','May 27, 2016'),(1116,'T0.company_id','=','all'),(1116,'T0.payroll_date','=','May 30, 2016'),(1116,'T0.posting_date','=','May 27, 2016'),(1117,'T0.company_id','=','1'),(1117,'T0.payroll_date','=','May 30, 2016'),(1117,'T0.posting_date','=','May 27, 2016'),(1118,'T0.company_id','=','all'),(1118,'T0.payroll_date','=','May 30, 2016'),(1118,'T0.posting_date','=','May 27, 2016'),(1122,'T0.company_id','=','all'),(1122,'T0.payroll_date','=','April 30, 2016'),(1122,'T0.department_id','=','all'),(1123,'T0.company_id','=','all'),(1123,'T0.payroll_date','=','April 30, 2016'),(1124,'T0.company_id','=','1'),(1124,'T0.payroll_date','=','April 30, 2016'),(1127,'T0.company_id','=','1'),(1127,'T0.payroll_date','=','May 30, 2016'),(1127,'T0.department_id','=','11'),(1128,'T0.payroll_date','=','June 15, 2016'),(1128,'T0.company_id','=','all'),(1129,'T0.company_id','=','21'),(1129,'T0.department_id','=','4'),(1129,'T0.date','>=','May 15, 2016'),(1129,'T0.date','<=','May 31, 2016'),(1130,'T0.company_id','=','21'),(1130,'T0.department_id','=','4'),(1130,'T0.date','>=','May 16, 2016'),(1130,'T0.date','<=','May 31, 2016'),(1131,'T0.company_id','=','21'),(1131,'T0.department_id','=','4'),(1131,'T0.date','>=','May 16, 2016'),(1131,'T0.date','<=','June 30, 2016'),(1132,'T0.company_id','=','21'),(1132,'T0.department_id','=','4'),(1132,'T0.date','>=','May 16, 2016'),(1132,'T0.date','<=','May 31, 2016'),(1140,'T0.company_id','=','all'),(1140,'T0.year','=','2016'),(1140,'T0.month','=','5'),(1143,'T0.company_id','=','all'),(1143,'T0.year','=','2016'),(1143,'T0.month','=','5'),(1144,'T0.company_id','=','1'),(1144,'T0.payroll_date','=','May 30, 2016'),(1144,'T0.department_id','=','4'),(1145,'T0.company_id','=','1'),(1145,'T0.payroll_date','=','May 30, 2016'),(1145,'T0.department_id','=','4'),(1175,'T0.company_id','=','1'),(1175,'T0.payroll_date','=','May 30, 2016'),(1175,'T0.department_id','=','2'),(1176,'T0.company_id','=','1'),(1176,'T0.payroll_date','=','May 30, 2016'),(1176,'T0.department_id','=','2'),(1200,'T0.payroll_date','=','June 15, 2016'),(1200,'T0.company_id','=','1'),(1239,'T0.company_id','=','all'),(1239,'T0.payroll_date','=','May 30, 2016'),(1240,'T0.company_id','=','all'),(1240,'T0.payroll_date','=','May 30, 2016'),(1241,'T0.company_id','=','1'),(1241,'T0.payroll_date','=','May 15, 2016'),(1241,'T0.department_id','IN',''),(1242,'T0.company_id','=','1'),(1242,'T0.payroll_date','=','May 30, 2016'),(1242,'T0.department_id','IN',''),(1243,'T0.payroll_date','=','June 15, 2016'),(1243,'T0.company_id','=','19'),(1244,'T0.company_id','=','all'),(1244,'T0.year','=','2016'),(1244,'T0.month','=','5'),(1246,'T0.company_id','=','1'),(1246,'T0.payroll_date','=','May 15, 2016'),(1247,'T0.company_id','=','1'),(1247,'T0.payroll_date','=','May 15, 2016'),(1248,'T0.company_id','=','1'),(1248,'T0.payroll_date','=','May 15, 2016'),(1249,'T0.company_id','=','19'),(1249,'T0.payroll_date','=','May 15, 2016'),(1250,'T0.company_id','=','all'),(1250,'T0.payroll_date','=','May 15, 2016'),(1250,'T0.department_id','IN',''),(1251,'T0.company_id','=','all'),(1251,'T0.payroll_date','=','May 30, 2016'),(1251,'T0.department_id','IN',''),(1252,'T0.company_id','=','all'),(1252,'T0.payroll_date','=','April 15, 2016'),(1252,'T0.department_id','IN',''),(1254,'T0.company_id','=','all'),(1254,'T0.payroll_date','=','April 30, 2016'),(1271,'T0.company_id','=','all'),(1271,'T0.payroll_date','=','May 15, 2016'),(1272,'T0.company_id','=','all'),(1272,'T0.payroll_date','=','May 30, 2016'),(1274,'T0.company_id','=','19'),(1274,'T0.payroll_date','=','May 15, 2016'),(1274,'T0.department_id','IN',''),(1275,'T0.company_id','=','19'),(1275,'T0.payroll_date','=','May 30, 2016'),(1275,'T0.department_id','IN',''),(1280,'T0.company_id','=','19'),(1280,'T0.payroll_date','=','May 30, 2016'),(1280,'T0.department_id','IN',''),(1282,'T0.payroll_date','=','May 30, 2016'),(1282,'T0.company_id','=','19'),(1283,'T0.company_id','=','19'),(1283,'T0.payroll_date','=','May 30, 2016'),(1283,'T0.department_id','IN',''),(1296,'T0.department_id','=','3'),(1296,'T0.payroll_date','=','April 15, 2016'),(1317,'T0.company_id','=','19'),(1317,'T0.payroll_date','=','May 30, 2016'),(1317,'T0.department_id','IN',''),(1322,'T0.payroll_date','=','June 15, 2016'),(1322,'T0.company_id','=','1'),(1327,'T0.company_id','=','1'),(1327,'T0.payroll_date','=','May 15, 2016'),(1327,'T0.department_id','IN',''),(1328,'T0.company_id','=','1'),(1328,'T0.payroll_date','=','May 15, 2016'),(1328,'T0.department_id','IN',''),(1329,'T0.company_id','=','1'),(1329,'T0.payroll_date','=','May 15, 2016'),(1329,'T0.department_id','IN',',11,1'),(1330,'T0.company_id','=','1'),(1330,'T0.payroll_date','=','May 30, 2016'),(1330,'T0.department_id','IN',''),(1331,'T0.company_id','=','1'),(1331,'T0.payroll_date','=','May 30, 2016'),(1331,'T0.department_id','IN',''),(1332,'T0.company_id','=','1'),(1332,'T0.payroll_date','=','May 30, 2016'),(1332,'T0.department_id','IN',''),(1333,'T0.company_id','=','1'),(1333,'T0.payroll_date','=','May 15, 2016'),(1333,'T0.department_id','IN',''),(1334,'T0.company_id','=','1'),(1334,'T0.payroll_date','=','May 15, 2016'),(1334,'T0.department_id','IN',',8'),(1335,'T0.company_id','=','1'),(1335,'T0.payroll_date','=','May 30, 2016'),(1335,'T0.department_id','IN',',8'),(1336,'T0.company_id','=','1'),(1336,'T0.payroll_date','=','May 30, 2016'),(1336,'T0.department_id','IN',',8'),(1337,'T0.company_id','=','1'),(1337,'T0.payroll_date','=','May 30, 2016'),(1337,'T0.department_id','IN',',8'),(1338,'T0.company_id','=','1'),(1338,'T0.payroll_date','=','May 30, 2016'),(1338,'T0.department_id','IN',',8'),(1339,'T0.company_id','=','1'),(1339,'T0.payroll_date','=','May 30, 2016'),(1339,'T0.department_id','IN',',8'),(1340,'T0.company_id','=','1'),(1340,'T0.payroll_date','=','May 30, 2016'),(1340,'T0.department_id','IN',',8'),(1341,'T0.company_id','=','1'),(1341,'T0.payroll_date','=','May 30, 2016'),(1341,'T0.department_id','IN',',8'),(1342,'T0.company_id','=','1'),(1342,'T0.payroll_date','=','May 30, 2016'),(1342,'T0.department_id','IN',''),(1346,'T0.payroll_date','=','June 15, 2016'),(1346,'T0.company_id','=','1'),(1347,'T0.company_id','=','1'),(1347,'T0.payroll_date','=','May 30, 2016'),(1347,'T0.department_id','IN',''),(1348,'T0.company_id','=','1'),(1348,'T0.payroll_date','=','May 30, 2016'),(1348,'T0.department_id','IN',''),(1349,'T0.company_id','=','1'),(1349,'T0.payroll_date','=','May 30, 2016'),(1349,'T0.department_id','IN',''),(1350,'T0.company_id','=','all'),(1350,'T0.payroll_date','=','May 30, 2016'),(1351,'T0.company_id','=','all'),(1351,'T0.payroll_date','=','May 15, 2016'),(1352,'T0.payroll_date','=','June 15, 2016'),(1352,'T0.company_id','=','1'),(1353,'T0.payroll_date','=','June 15, 2016'),(1353,'T0.company_id','=','19'),(1354,'T0.payroll_date','=','June 15, 2016'),(1354,'T0.company_id','=','19'),(1355,'T0.payroll_date','=','June 15, 2016'),(1355,'T0.company_id','=','19'),(1356,'T0.payroll_date','=','June 15, 2016'),(1356,'T0.company_id','=','19'),(1357,'T0.payroll_date','=','June 15, 2016'),(1357,'T0.company_id','=','19'),(1358,'T0.payroll_date','=','June 15, 2016'),(1358,'T0.company_id','=','19'),(1359,'T0.payroll_date','=','June 15, 2016'),(1359,'T0.company_id','=','19'),(1360,'T0.payroll_date','=','June 15, 2016'),(1360,'T0.company_id','=','19'),(1361,'T0.payroll_date','=','June 15, 2016'),(1361,'T0.company_id','=','19'),(1362,'T0.company_id','=','all'),(1362,'T0.payroll_date','=','May 30, 2016'),(1363,'T0.company_id','=','1'),(1363,'T0.payroll_date','=','May 30, 2016'),(1363,'T0.department_id','IN',''),(1364,'T0.company_id','=','1'),(1364,'T0.payroll_date','=','May 30, 2016'),(1364,'T0.department_id','IN',''),(1365,'T0.payroll_date','=','June 15, 2016'),(1365,'T0.company_id','=','1'),(1366,'T0.payroll_date','=','June 15, 2016'),(1366,'T0.company_id','=','1'),(1367,'T0.payroll_date','=','June 15, 2016'),(1367,'T0.company_id','=','1'),(1368,'T0.payroll_date','=','June 15, 2016'),(1368,'T0.company_id','=','19'),(1369,'T0.payroll_date','=','June 15, 2016'),(1369,'T0.company_id','=','19'),(1370,'T0.payroll_date','=','June 15, 2016'),(1370,'T0.company_id','=','19'),(1371,'T0.payroll_date','=','June 15, 2016'),(1371,'T0.company_id','=','19'),(1372,'T0.payroll_date','=','June 15, 2016'),(1372,'T0.company_id','=','19'),(1373,'T0.payroll_date','=','June 15, 2016'),(1373,'T0.company_id','=','19'),(1374,'T0.payroll_date','=','June 15, 2016'),(1374,'T0.company_id','=','19'),(1375,'T0.payroll_date','=','June 15, 2016'),(1375,'T0.company_id','=','19'),(1376,'T0.payroll_date','=','June 15, 2016'),(1376,'T0.company_id','=','1'),(1377,'T0.company_id','=','1'),(1377,'T0.department_id','=','all'),(1378,'T0.payroll_date','=','June 15, 2016'),(1378,'T0.company_id','=','19'),(1379,'T0.payroll_date','=','June 15, 2016'),(1379,'T0.company_id','=','19'),(1382,'T0.company_id','=','1'),(1382,'T0.payroll_date','=','May 30, 2016'),(1382,'T0.department_id','IN',''),(1384,'T0.company_id','=','all'),(1384,'T0.payroll_date','=','May 30, 2016'),(1384,'T0.posting_date','=','May 27, 2016'),(1386,'T0.company_id','=','1'),(1386,'T0.payroll_date','=','May 30, 2016'),(1386,'T0.department_id','=','all'),(1387,'T0.company_id','=','1'),(1387,'T0.payroll_date','=','May 30, 2016'),(1388,'T0.company_id','=','1'),(1388,'T0.payroll_date','=','May 30, 2016'),(1389,'T0.company_id','=','1'),(1389,'T0.payroll_date','=','May 30, 2016'),(1389,'T0.department_id','=','all'),(1390,'T0.company_id','=','19'),(1390,'T0.payroll_date','=','May 30, 2016'),(1390,'T0.department_id','=','all'),(1394,'T0.payroll_date','=','June 15, 2016'),(1394,'T0.company_id','=','19'),(1399,'T0.payroll_date','=','June 15, 2016'),(1399,'T0.company_id','=','19'),(1403,'T0.company_id','=','1'),(1403,'T0.payroll_date','=','May 30, 2016'),(1403,'T0.department_id','IN',''),(1404,'T0.company_id','=','all'),(1404,'T0.payroll_date','=','May 30, 2016'),(1407,'T0.payroll_date','=','June 15, 2016'),(1407,'T0.company_id','=','19'),(1408,'T0.payroll_date','=','June 15, 2016'),(1408,'T0.company_id','=','19'),(1410,'T0.department_id','=','all'),(1410,'T0.payroll_date','=','May 30, 2016'),(1411,'T0.company_id','=','19'),(1411,'T0.payroll_date','=','June 15, 2016'),(1411,'T0.department_id','IN',''),(1412,'T0.department_id','=','all'),(1412,'T0.payroll_date','=','May 30, 2016'),(1413,'T0.department_id','=','all'),(1413,'T0.payroll_date','=','June 15, 2016'),(1416,'T0.department_id','=','all'),(1416,'T0.payroll_date','=','May 30, 2016'),(1417,'T0.department_id','=','all'),(1417,'T0.payroll_date','=','May 30, 2016'),(1418,'T0.company_id','=','1'),(1418,'T0.payroll_date','=','May 30, 2016'),(1418,'T0.department_id','IN',''),(1419,'T0.company_id','=','1'),(1419,'T0.payroll_date','=','May 30, 2016'),(1419,'T0.department_id','IN',''),(1421,'T0.company_id','=','1'),(1421,'T0.payroll_date','=','May 30, 2016'),(1421,'T0.department_id','=','all'),(1422,'T0.payroll_date','=','June 15, 2016'),(1422,'T0.company_id','=','19'),(1423,'T0.payroll_date','=','June 15, 2016'),(1423,'T0.company_id','=','19'),(1424,'T0.payroll_date','=','June 15, 2016'),(1424,'T0.company_id','=','19'),(1425,'T0.payroll_date','=','June 15, 2016'),(1425,'T0.company_id','=','19'),(1426,'T0.payroll_date','=','June 15, 2016'),(1426,'T0.company_id','=','19'),(1428,'T0.payroll_date','=','June 15, 2016'),(1428,'T0.company_id','=','all'),(1429,'T0.payroll_date','=','June 15, 2016'),(1429,'T0.company_id','=','19'),(1431,'T0.payroll_date','=','June 15, 2016'),(1431,'T0.company_id','=','1'),(1432,'T0.payroll_date','=','June 15, 2016'),(1432,'T0.company_id','=','19'),(1433,'T0.payroll_date','=','June 15, 2016'),(1433,'T0.company_id','=','1'),(1436,'T0.payroll_date','=','June 15, 2016'),(1436,'T0.company_id','=','1'),(1438,'T0.company_id','=','1'),(1438,'T0.department_id','=','all'),(1438,'T0.payroll_date','=','May 30, 2016'),(1444,'T0.payroll_date','=','June 15, 2016'),(1444,'T0.company_id','=','1'),(1446,'T0.company_id','=','1'),(1446,'T0.year','=','2016'),(1446,'T0.month','=','5'),(1447,'T0.company_id','=','all'),(1447,'T0.department_id','=','all'),(1448,'T0.payroll_date','=','June 15, 2016'),(1448,'T0.company_id','=','1'),(1449,'T0.payroll_date','=','June 15, 2016'),(1449,'T0.company_id','=','all'),(1451,'T0.company_id','=','all'),(1451,'T0.department_id','=','all'),(1452,'T0.company_id','=','all'),(1452,'T0.department_id','=','all'),(1455,'T0.company_id','=','all'),(1455,'T0.payroll_date','=','May 30, 2016'),(1456,'T0.company_id','=','all'),(1456,'T0.payroll_date','=','May 30, 2016'),(1457,'T0.company_id','=','all'),(1457,'T0.payroll_date','=','May 30, 2016'),(1462,'T0.company_id','=','19'),(1462,'T0.payroll_date','=','June 15, 2016'),(1464,'T0.company_id','=','all'),(1464,'T0.payroll_date','=','May 30, 2016'),(1464,'T0.posting_date','=','May 27, 2016'),(1465,'T0.company_id','=','19'),(1465,'T0.payroll_date','=','June 15, 2016'),(1465,'T0.department_id','=','all'),(1467,'T0.company_id','=','all'),(1467,'T0.payroll_date','=','May 30, 2016'),(1467,'T0.department_id','=','all'),(1468,'T0.company_id','=','all'),(1468,'T0.payroll_date','=','May 30, 2016'),(1468,'T0.department_id','=','all'),(1469,'T0.company_id','=','all'),(1469,'T0.payroll_date','=','May 30, 2016'),(1469,'T0.department_id','=','all'),(1470,'T0.company_id','=','all'),(1470,'T0.payroll_date','=','May 30, 2016'),(1471,'T0.company_id','=','all'),(1471,'T0.payroll_date','=','May 30, 2016'),(1472,'T0.company_id','=','all'),(1472,'T0.payroll_date','=','May 30, 2016'),(1473,'T0.company_id','=','1'),(1473,'T0.payroll_date','=','May 30, 2016'),(1473,'T0.department_id','=','all'),(1474,'T0.company_id','=','1'),(1474,'T0.payroll_date','=','May 30, 2016'),(1474,'T0.department_id','=','all'),(1475,'T0.company_id','=','1'),(1475,'T0.payroll_date','=','May 30, 2016'),(1475,'T0.department_id','=','all'),(1476,'T0.company_id','=','1'),(1476,'T0.payroll_date','=','May 30, 2016'),(1476,'T0.department_id','=','all'),(1477,'T0.company_id','=','1'),(1477,'T0.payroll_date','=','May 30, 2016'),(1477,'T0.department_id','=','all'),(1478,'T0.company_id','=','1'),(1478,'T0.payroll_date','=','May 30, 2016'),(1478,'T0.department_id','=','all'),(1480,'T0.company_id','=','all'),(1480,'T0.payroll_date','=','May 30, 2016'),(1480,'T0.department_id','=','all'),(1481,'T0.company_id','=','all'),(1481,'T0.payroll_date','=','May 30, 2016'),(1481,'T0.department_id','=','all'),(1482,'T0.company_id','=','all'),(1482,'T0.payroll_date','=','May 30, 2016'),(1482,'T0.department_id','=','all'),(1486,'T0.company_id','=','1'),(1486,'T0.payroll_date','=','May 30, 2016'),(1486,'T0.department_id','IN',''),(1487,'T0.company_id','=','1'),(1487,'T0.payroll_date','=','May 30, 2016'),(1487,'T0.department_id','IN',''),(1489,'T0.company_id','=','1'),(1489,'T0.payroll_date','=','May 30, 2016'),(1489,'T0.department_id','IN',''),(1497,'T0.company_id','=','1'),(1497,'T0.payroll_date','=','May 30, 2016'),(1497,'T0.department_id','IN',''),(1502,'T0.company_id','=','1'),(1502,'T0.payroll_date','=','May 30, 2016'),(1502,'T0.department_id','IN',''),(1503,'T0.company_id','=','1'),(1503,'T0.payroll_date','=','May 30, 2016'),(1503,'T0.department_id','IN',''),(1505,'T0.company_id','=','1'),(1505,'T0.payroll_date','=','May 30, 2016'),(1505,'T0.department_id','IN',''),(1506,'T0.company_id','=','1'),(1506,'T0.payroll_date','=','May 30, 2016'),(1506,'T0.department_id','IN',''),(1507,'T0.company_id','=','1'),(1507,'T0.payroll_date','=','May 30, 2016'),(1507,'T0.department_id','IN',''),(1508,'T0.company_id','=','1'),(1508,'T0.payroll_date','=','May 30, 2016'),(1508,'T0.department_id','IN',''),(1509,'T0.company_id','=','1'),(1509,'T0.payroll_date','=','May 30, 2016'),(1509,'T0.department_id','IN',''),(1510,'T0.company_id','=','1'),(1510,'T0.payroll_date','=','May 30, 2016'),(1510,'T0.department_id','IN',''),(1511,'T0.company_id','=','1'),(1511,'T0.payroll_date','=','May 30, 2016'),(1511,'T0.department_id','IN',''),(1512,'T0.company_id','=','1'),(1512,'T0.payroll_date','=','May 30, 2016'),(1512,'T0.department_id','IN',''),(1513,'T0.company_id','=','1'),(1513,'T0.payroll_date','=','May 30, 2016'),(1513,'T0.department_id','=','all'),(1514,'T0.company_id','=','1'),(1514,'T0.payroll_date','=','May 30, 2016'),(1514,'T0.department_id','IN',''),(1515,'T0.company_id','=','1'),(1515,'T0.payroll_date','=','May 30, 2016'),(1515,'T0.department_id','IN',''),(1516,'T0.company_id','=','1'),(1516,'T0.payroll_date','=','May 30, 2016'),(1516,'T0.department_id','=','all'),(1520,'T0.company_id','=','1'),(1520,'T0.payroll_date','=','May 30, 2016'),(1520,'T0.department_id','=','all'),(1522,'T0.company_id','=','1'),(1522,'T0.payroll_date','=','May 30, 2016'),(1522,'T0.department_id','=','all'),(1523,'T0.company_id','=','1'),(1523,'T0.payroll_date','=','May 30, 2016'),(1523,'T0.department_id','=','all'),(1524,'T0.company_id','=','1'),(1524,'T0.payroll_date','=','May 30, 2016'),(1524,'T0.department_id','=','all'),(1529,'T0.department_id','=','all'),(1529,'T0.payroll_date','=','May 30, 2016'),(1533,'T0.company_id','=','all'),(1533,'T0.payroll_date','=','May 30, 2016'),(1534,'T0.company_id','=','all'),(1534,'T0.payroll_date','=','May 30, 2016'),(1535,'T0.company_id','=','all'),(1535,'T0.payroll_date','=','May 30, 2016'),(1536,'T0.company_id','=','all'),(1536,'T0.payroll_date','=','May 30, 2016'),(1537,'T0.company_id','=','all'),(1537,'T0.payroll_date','=','May 30, 2016'),(1538,'T0.company_id','=','all'),(1538,'T0.payroll_date','=','May 30, 2016'),(1539,'T0.company_id','=','all'),(1539,'T0.payroll_date','=','May 30, 2016'),(1540,'T0.company_id','=','all'),(1540,'T0.department_id','=','all'),(1540,'T0.payroll_date','=','May 30, 2016'),(1541,'T0.company_id','=','all'),(1541,'T0.department_id','=','all'),(1541,'T0.payroll_date','=','May 30, 2016'),(1542,'T0.company_id','=','all'),(1542,'T0.department_id','=','all'),(1542,'T0.payroll_date','=','May 30, 2016'),(1548,'T0.company_id','=','1'),(1548,'T0.payroll_date','=','May 30, 2016'),(1548,'T0.department_id','IN',''),(1549,'T0.company_id','=','1'),(1549,'T0.payroll_date','=','May 30, 2016'),(1549,'T0.department_id','IN',''),(1550,'T0.company_id','=','1'),(1550,'T0.payroll_date','=','May 30, 2016'),(1550,'T0.department_id','IN',''),(1553,'T0.company_id','=','1'),(1553,'T0.department_id','=','all'),(1553,'T0.user_id','=','all'),(1553,'T0.year','=','2016'),(1553,'T0.period_month','=','2'),(1594,'T0.department_id','=','all'),(1594,'T0.payroll_date','=','May 30, 2016'),(1595,'T0.department_id','=','all'),(1595,'T0.payroll_date','=','May 30, 2016'),(1596,'T0.department_id','=','all'),(1596,'T0.payroll_date','=','May 30, 2016'),(1597,'T0.department_id','=','all'),(1597,'T0.payroll_date','=','May 15, 2016'),(1598,'T0.department_id','=','all'),(1598,'T0.payroll_date','=','May 30, 2016'),(1599,'T0.company_id','=','1'),(1599,'T0.department_id','=','all'),(1601,'T0.company_id','=','all'),(1601,'T0.payroll_date','=','May 30, 2016'),(1602,'T0.company_id','=','1'),(1602,'T0.payroll_date','=','May 30, 2016'),(1603,'T0.payroll_date','=','June 15, 2016'),(1603,'T0.company_id','=','19'),(1604,'T0.company_id','=','all'),(1604,'T0.payroll_date','=','May 30, 2016'),(1605,'T0.company_id','=','1'),(1605,'T0.payroll_date','=','May 30, 2016'),(1605,'T0.department_id','IN',''),(1606,'T0.company_id','=','1'),(1606,'T0.payroll_date','=','May 30, 2016'),(1606,'T0.department_id','IN',''),(1607,'T0.company_id','=','1'),(1607,'T0.payroll_date','=','May 30, 2016'),(1608,'T0.company_id','=','1'),(1608,'T0.payroll_date','=','May 30, 2016'),(1610,'T0.company_id','=','1'),(1610,'T0.year','=','2016'),(1610,'T0.month','=','5'),(1611,'T0.company_id','=','19'),(1611,'T0.payroll_date','=','June 15, 2016'),(1613,'T0.payroll_date','=','June 15, 2016'),(1613,'T0.company_id','=','19'),(1615,'T0.company_id','=','19'),(1615,'T0.payroll_date','=','June 15, 2016'),(1616,'T0.company_id','=','1'),(1616,'T0.payroll_date','=','May 30, 2016'),(1616,'T0.posting_date','=','May 27, 2016'),(1617,'T0.payroll_date','=','June 15, 2016'),(1617,'T0.company_id','=','1'),(1619,'T0.company_id','=','1'),(1619,'T0.payroll_date','=','May 30, 2016'),(1620,'T0.company_id','=','1'),(1620,'T0.payroll_date','=','May 30, 2016'),(1630,'T0.department_id','=','all'),(1630,'T0.payroll_date','=','May 30, 2016'),(1631,'T0.department_id','=','all'),(1631,'T0.payroll_date','=','May 30, 2016'),(1632,'T0.company_id','=','1'),(1632,'T0.payroll_date','=','May 30, 2016'),(1632,'T0.department_id','IN',''),(1633,'T0.company_id','=','1'),(1633,'T0.payroll_date','=','May 30, 2016'),(1633,'T0.department_id','IN',''),(1634,'T0.company_id','=','1'),(1634,'T0.payroll_date','=','May 30, 2016'),(1634,'T0.department_id','=','11'),(1637,'T0.company_id','=','1'),(1637,'T0.payroll_date','=','May 30, 2016'),(1637,'T0.department_id','=','all'),(1640,'T0.company_id','=','1'),(1640,'T0.department_id','=','all'),(1640,'T0.payroll_date','=','May 30, 2016'),(1641,'T0.company_id','=','1'),(1641,'T0.department_id','=','all'),(1641,'T0.payroll_date','=','May 30, 2016'),(1642,'T0.company_id','=','all'),(1642,'T0.payroll_date','=','June 15, 2016'),(1643,'T0.company_id','=','all'),(1643,'T0.payroll_date','=','June 15, 2016'),(1644,'T0.company_id','=','1'),(1644,'T0.department_id','=','all'),(1644,'T0.payroll_date','=','May 30, 2016'),(1645,'T0.company_id','=','19'),(1645,'T0.payroll_date','=','June 15, 2016'),(1645,'T0.department_id','IN',''),(1646,'T0.company_id','=','19'),(1646,'T0.payroll_date','=','June 15, 2016'),(1646,'T0.department_id','IN',''),(1657,'T0.company_id','=','1'),(1657,'T0.year','=','2016'),(1657,'T0.month','=','5'),(1658,'T0.company_id','=','19'),(1658,'T0.department_id','=','all'),(1658,'T0.payroll_date','=','June 15, 2016'),(1659,'T0.company_id','=','19'),(1659,'T0.department_id','=','all'),(1659,'T0.payroll_date','=','June 15, 2016'),(1662,'T0.company_id','=','19'),(1662,'T0.department_id','=','all'),(1662,'T0.payroll_date','=','June 15, 2016'),(1663,'T0.payroll_date','=','June 15, 2016'),(1663,'T0.company_id','=','1'),(1664,'T0.payroll_date','=','June 15, 2016'),(1664,'T0.company_id','=','1'),(1665,'T0.payroll_date','=','June 15, 2016'),(1665,'T0.company_id','=','1'),(1666,'T0.payroll_date','=','May 15, 2016'),(1666,'T0.company_id','=','1'),(1667,'T0.payroll_date','=','May 30, 2016'),(1667,'T0.company_id','=','1'),(1668,'T0.payroll_date','=','June 15, 2016'),(1668,'T0.company_id','=','1'),(1669,'T0.payroll_date','=','June 15, 2016'),(1669,'T0.company_id','=','1'),(1670,'T0.payroll_date','=','June 15, 2016'),(1670,'T0.company_id','=','1'),(1671,'T0.company_id','=','1'),(1671,'T0.department_id','=','all'),(1671,'T0.date','>=','May 01, 2016'),(1671,'T0.date','<=','May 31, 2016'),(1672,'T0.payroll_date','=','June 15, 2016'),(1672,'T0.company_id','=','1'),(1673,'T0.payroll_date','=','June 15, 2016'),(1673,'T0.company_id','=','1'),(1674,'T0.company_id','=','19'),(1674,'T0.department_id','=','all'),(1674,'T0.payroll_date','=','June 15, 2016'),(1675,'T0.company_id','=','19'),(1675,'T0.department_id','=','all'),(1675,'T0.payroll_date','=','June 15, 2016'),(1676,'T0.company_id','=','19'),(1676,'T0.department_id','=','all'),(1676,'T0.payroll_date','=','June 15, 2016'),(1677,'T0.company_id','=','19'),(1677,'T0.department_id','=','all'),(1677,'T0.payroll_date','=','June 15, 2016'),(1678,'T0.company_id','=','19'),(1678,'T0.department_id','=','all'),(1678,'T0.payroll_date','=','June 15, 2016'),(1679,'T0.company_id','=','all'),(1679,'T0.department_id','=','all'),(1679,'T0.date','>=','May 01, 2016'),(1679,'T0.date','<=','May 31, 2016'),(1680,'T0.company_id','=','19'),(1680,'T0.department_id','=','all'),(1680,'T0.payroll_date','=','June 15, 2016'),(1681,'T0.payroll_date','=','June 15, 2016'),(1681,'T0.company_id','=','1'),(1682,'T0.company_id','=','1'),(1682,'T0.department_id','=','all'),(1682,'T0.date','>=','May 01, 2016'),(1682,'T0.date','<=','May 31, 2016'),(1684,'T0.company_id','=','1'),(1684,'T0.department_id','=','all'),(1685,'T0.company_id','=','1'),(1685,'T0.department_id','=','all'),(1689,'T0.payroll_date','=','June 15, 2016'),(1689,'T0.company_id','=','19'),(1690,'T0.company_id','=','19'),(1690,'T0.payroll_date','=','June 15, 2016'),(1691,'T0.company_id','=','19'),(1691,'T0.payroll_date','=','June 15, 2016'),(1691,'T0.posting_date','=','June 09, 2016'),(1693,'T0.company_id','=','19'),(1693,'T0.payroll_date','=','June 15, 2016'),(1694,'T0.company_id','=','19'),(1694,'T0.payroll_date','=','June 15, 2016'),(1695,'T0.company_id','=','1'),(1695,'T0.payroll_date','=','May 30, 2016'),(1716,'T0.company_id','=','19'),(1716,'T0.payroll_date','=','May 30, 2016'),(1716,'T0.department_id','IN',''),(1717,'T0.company_id','=','19'),(1717,'T0.payroll_date','=','May 30, 2016'),(1717,'T0.department_id','IN',''),(1718,'T0.company_id','=','1'),(1718,'T0.payroll_date','=','May 30, 2016'),(1718,'T0.department_id','=','7'),(1719,'T0.company_id','=','1'),(1719,'T0.payroll_date','=','May 30, 2016'),(1719,'T0.department_id','=','11'),(1738,'T0.company_id','=','1'),(1738,'T0.year','=','2016'),(1738,'T0.month','=','5'),(1739,'T0.company_id','=','1'),(1739,'T0.department_id','=','all'),(1739,'T0.date','>=','May 01, 2016'),(1739,'T0.date','<=','May 31, 2016'),(1740,'T0.company_id','=','19'),(1740,'T0.payroll_date','=','June 15, 2016'),(1740,'T0.department_id','IN',''),(1741,'T0.company_id','=','20'),(1741,'T0.department_id','=','all'),(1741,'T0.date','>=','May 01, 2016'),(1741,'T0.date','<=','May 31, 2016'),(1742,'T0.payroll_date','=','June 15, 2016'),(1742,'T0.company_id','=','1'),(1744,'T0.company_id','=','1'),(1744,'T0.department_id','=','all'),(1744,'T0.date','>=','May 01, 2016'),(1744,'T0.date','<=','May 31, 2016'),(1745,'T0.company_id','=','19'),(1745,'T0.payroll_date','=','June 15, 2016'),(1745,'T0.department_id','=','all'),(1746,'T0.company_id','=','19'),(1746,'T0.payroll_date','=','May 30, 2016'),(1746,'T0.department_id','=','all'),(1747,'T0.company_id','=','19'),(1747,'T0.payroll_date','=','May 30, 2016'),(1747,'T0.department_id','=','all'),(1748,'T0.company_id','=','1'),(1748,'T0.payroll_date','=','May 30, 2016'),(1748,'T0.department_id','=','all'),(1749,'T0.company_id','=','1'),(1749,'T0.payroll_date','=','May 30, 2016'),(1749,'T0.department_id','=','all'),(1750,'T0.company_id','=','19'),(1750,'T0.payroll_date','=','June 15, 2016'),(1750,'T0.department_id','IN',''),(1751,'T0.company_id','=','1'),(1751,'T0.department_id','=','all'),(1751,'T0.date','>=','May 01, 2016'),(1751,'T0.date','<=','May 31, 2016'),(1752,'T0.company_id','=','19'),(1752,'T0.payroll_date','=','June 15, 2016'),(1752,'T0.department_id','=','all'),(1754,'T0.payroll_date','=','June 15, 2016'),(1754,'T0.company_id','=','1'),(1756,'T0.company_id','=','1'),(1756,'T0.payroll_date','=','June 15, 2016'),(1756,'T0.department_id','IN',''),(1757,'T0.company_id','=','1'),(1757,'T0.payroll_date','=','June 15, 2016'),(1757,'T0.department_id','IN',''),(1758,'T0.company_id','=','1'),(1758,'T0.department_id','=','all'),(1758,'T0.payroll_date','=','May 30, 2016'),(1759,'T0.company_id','=','1'),(1759,'T0.payroll_date','=','June 15, 2016'),(1759,'T0.department_id','IN',''),(1760,'T0.payroll_date','=','June 15, 2016'),(1760,'T0.company_id','=','1'),(1762,'T0.company_id','=','1'),(1762,'T0.year','=','2016'),(1762,'T0.period_month','=','2'),(1762,'T0.department_id','=','all'),(1762,'T0.user_id','=','all'),(1763,'T0.company_id','=','1'),(1763,'T0.year','=','2016'),(1763,'T0.period_month','=','2'),(1763,'T0.department_id','=','all'),(1763,'T0.user_id','=','all'),(1768,'T0.company_id','=','1'),(1768,'T0.year','=','2016'),(1768,'T0.period_month','=','2'),(1768,'T0.department_id','=','all'),(1768,'T0.user_id','=','all'),(1769,'T0.payroll_date','=','June 15, 2016'),(1769,'T0.company_id','=','1'),(1770,'T0.company_id','=','1'),(1770,'T0.payroll_date','=','April 15, 2016'),(1770,'T0.department_id','IN',''),(1771,'T0.payroll_date','=','June 15, 2016'),(1771,'T0.company_id','=','19'),(1772,'T0.payroll_date','=','June 15, 2016'),(1772,'T0.company_id','=','1'),(1773,'T0.payroll_date','=','June 15, 2016'),(1773,'T0.company_id','=','all'),(1774,'T0.payroll_date','=','June 15, 2016'),(1774,'T0.company_id','=','1'),(1775,'T0.payroll_date','=','June 15, 2016'),(1775,'T0.company_id','=','1'),(1776,'T0.company_id','=','1'),(1776,'T0.payroll_date','=','May 30, 2016'),(1776,'T0.department_id','IN',''),(1777,'T0.company_id','=','1'),(1777,'T0.payroll_date','=','June 15, 2016'),(1777,'T0.department_id','IN',''),(1778,'T0.company_id','=','1'),(1778,'T0.payroll_date','=','June 15, 2016'),(1778,'T0.department_id','IN',''),(1779,'T0.payroll_date','=','June 15, 2016'),(1779,'T0.company_id','=','1'),(1780,'T0.payroll_date','=','June 15, 2016'),(1780,'T0.company_id','=','1'),(1781,'T0.company_id','=','1'),(1781,'T0.year','=','2016'),(1781,'T0.period_month','IN','1,2,3,4'),(1781,'T0.department_id','=','all'),(1781,'T0.user_id','=','all'),(1782,'T0.company_id','=','1'),(1782,'T0.year','=','2016'),(1782,'T0.month','=','4'),(1785,'T0.payroll_date','=','June 15, 2016'),(1785,'T0.company_id','=','19'),(1786,'T0.payroll_date','=','June 15, 2016'),(1786,'T0.company_id','=','1'),(1789,'T0.company_id','=','1'),(1789,'T0.payroll_date','=','May 30, 2016'),(1790,'T0.company_id','=','1'),(1790,'T0.payroll_date','=','April 30, 2016'),(1791,'T0.company_id','=','1'),(1791,'T0.payroll_date','=','May 30, 2016'),(1791,'T0.department_id','IN',''),(1792,'T0.company_id','=','1'),(1792,'T0.payroll_date','=','May 30, 2016'),(1792,'T0.department_id','IN',''),(1793,'T0.company_id','=','1'),(1793,'T0.payroll_date','=','May 30, 2016'),(1793,'T0.department_id','IN',''),(1794,'T0.company_id','=','all'),(1794,'T0.payroll_date','=','May 30, 2016'),(1797,'T0.company_id','=','1'),(1797,'T0.payroll_date','=','June 15, 2016'),(1797,'T0.department_id','IN',''),(1798,'T0.company_id','=','1'),(1798,'T0.payroll_date','=','June 15, 2016'),(1798,'T0.department_id','IN',''),(1799,'T0.payroll_date','=','June 15, 2016'),(1799,'T0.company_id','=','all'),(1800,'T0.payroll_date','=','June 15, 2016'),(1800,'T0.company_id','=','1'),(1801,'T0.company_id','=','1'),(1801,'T0.payroll_date','=','June 15, 2016'),(1801,'T0.department_id','IN',''),(1802,'T0.company_id','=','all'),(1802,'T0.payroll_date','=','June 15, 2016'),(1803,'T0.company_id','=','all'),(1803,'T0.payroll_date','=','June 15, 2016'),(1803,'T0.posting_date','=','June 14, 2016'),(1804,'T0.company_id','=','all'),(1804,'T0.payroll_date','=','June 15, 2016'),(1804,'T0.posting_date','=','June 14, 2016'),(1805,'T0.payroll_date','=','June 15, 2016'),(1805,'T0.company_id','=','all'),(1806,'T0.payroll_date','=','June 15, 2016'),(1806,'T0.company_id','=','all'),(1807,'T0.company_id','=','all'),(1807,'T0.department_id','=','all'),(1807,'T0.payroll_date','=','June 15, 2016'),(1808,'T0.company_id','=','19'),(1808,'T0.department_id','=','all'),(1808,'T0.payroll_date','=','June 15, 2016'),(1809,'T0.company_id','=','19'),(1809,'T0.department_id','=','all'),(1809,'T0.payroll_date','=','June 15, 2016'),(1810,'T0.company_id','=','19'),(1810,'T0.department_id','=','all'),(1810,'T0.payroll_date','=','June 15, 2016'),(1811,'T0.company_id','=','1'),(1811,'T0.department_id','=','all'),(1811,'T0.payroll_date','=','May 15, 2016'),(1814,'T0.company_id','=','1'),(1814,'T0.department_id','=','all'),(1814,'T0.payroll_date','=','May 30, 2016'),(1815,'T0.company_id','=','19'),(1815,'T0.department_id','=','all'),(1815,'T0.payroll_date','=','May 15, 2016'),(1816,'T0.company_id','=','19'),(1816,'T0.department_id','=','all'),(1816,'T0.payroll_date','=','May 30, 2016'),(1820,'T0.company_id','=','1'),(1820,'T0.payroll_date','=','June 15, 2016'),(1820,'T0.department_id','IN',''),(1821,'T0.company_id','=','1'),(1821,'T0.payroll_date','=','June 15, 2016'),(1821,'T0.department_id','IN',''),(1822,'T0.payroll_date','=','June 15, 2016'),(1822,'T0.company_id','=','1'),(1823,'T0.company_id','=','1'),(1823,'T0.payroll_date','=','June 15, 2016'),(1823,'T0.department_id','IN',''),(1827,'T0.company_id','=','19'),(1827,'T0.payroll_date','=','June 15, 2016'),(1827,'T0.department_id','IN',''),(1828,'T0.company_id','=','19'),(1828,'T0.payroll_date','=','June 15, 2016'),(1828,'T0.department_id','IN',''),(1829,'T0.company_id','=','19'),(1829,'T0.payroll_date','=','June 15, 2016'),(1829,'T0.department_id','IN',''),(1830,'T0.company_id','=','1'),(1830,'T0.payroll_date','=','June 15, 2016'),(1830,'T0.department_id','IN',''),(1832,'T0.company_id','=','all'),(1832,'T0.payroll_date','=','June 15, 2016'),(1833,'T0.payroll_date','=','June 15, 2016'),(1833,'T0.company_id','=','all'),(1834,'T0.company_id','=','1'),(1834,'T0.payroll_date','=','May 15, 2016'),(1834,'T0.department_id','IN',''),(1835,'T0.company_id','=','1'),(1835,'T0.payroll_date','=','May 15, 2016'),(1835,'T0.department_id','IN',''),(1836,'T0.company_id','=','1'),(1836,'T0.payroll_date','=','May 15, 2016'),(1836,'T0.department_id','IN',''),(1837,'T0.payroll_date','=','June 15, 2016'),(1837,'T0.company_id','=','1'),(1838,'T0.company_id','=','19'),(1838,'T0.payroll_date','=','May 15, 2016'),(1838,'T0.department_id','IN',''),(1839,'T0.company_id','=','19'),(1839,'T0.payroll_date','=','May 15, 2016'),(1839,'T0.department_id','IN',''),(1840,'T0.company_id','=','1'),(1840,'T0.department_id','=','all'),(1840,'T0.payroll_date','=','May 30, 2016'),(1841,'T0.company_id','=','1'),(1841,'T0.payroll_date','=','May 30, 2016'),(1841,'T0.department_id','IN',''),(1842,'T0.company_id','=','1'),(1842,'T0.payroll_date','=','May 30, 2016'),(1842,'T0.department_id','IN',''),(1849,'T0.company_id','=','1'),(1849,'T0.payroll_date','=','June 15, 2016'),(1849,'T0.posting_date','=','June 14, 2016'),(1850,'T0.company_id','=','19'),(1850,'T0.payroll_date','=','June 15, 2016'),(1850,'T0.posting_date','=','June 09, 2016'),(1851,'T0.company_id','=','1'),(1851,'T0.department_id','=','all'),(1851,'T0.payroll_date','=','June 15, 2016'),(1852,'T0.company_id','=','1'),(1852,'T0.department_id','=','all'),(1852,'T0.payroll_date','=','June 15, 2016'),(1856,'T0.company_id','=','1'),(1856,'T0.payroll_date','=','June 15, 2016'),(1856,'T0.department_id','IN',''),(1859,'T0.payroll_date','=','June 15, 2016'),(1859,'T0.company_id','=','1'),(1860,'T0.company_id','=','1'),(1860,'T0.payroll_date','=','June 15, 2016'),(1860,'T0.department_id','=','all'),(1861,'T0.company_id','=','1'),(1861,'T0.payroll_date','=','June 15, 2016'),(1862,'T0.company_id','=','1'),(1862,'T0.payroll_date','=','June 15, 2016'),(1873,'T0.company_id','=','1'),(1873,'T0.department_id','=','all'),(1873,'T0.payroll_date','=','June 15, 2016'),(1874,'T0.company_id','=','1'),(1874,'T0.payroll_date','=','May 30, 2016'),(1874,'T0.department_id','IN',''),(1875,'T0.company_id','=','1'),(1875,'T0.payroll_date','=','May 30, 2016'),(1875,'T0.department_id','IN',''),(1876,'T0.company_id','=','1'),(1876,'T0.payroll_date','=','May 30, 2016'),(1876,'T0.department_id','IN',''),(1877,'T0.company_id','=','1'),(1877,'T0.payroll_date','=','May 30, 2016'),(1877,'T0.department_id','IN',''),(1879,'T0.company_id','=','1'),(1879,'T0.department_id','=','all'),(1879,'T0.payroll_date','=','May 30, 2016'),(1880,'T0.company_id','=','1'),(1880,'T0.payroll_date','=','May 30, 2016'),(1881,'T0.company_id','=','1'),(1881,'T0.payroll_date','=','April 30, 2016'),(1882,'T0.company_id','=','1'),(1882,'T0.department_id','=','all'),(1882,'T0.payroll_date','=','June 15, 2016'),(1883,'T0.company_id','=','1'),(1883,'T0.department_id','=','all'),(1883,'T0.payroll_date','=','June 15, 2016'),(1884,'T0.company_id','=','1'),(1884,'T0.department_id','=','all'),(1884,'T0.payroll_date','=','June 15, 2016'),(1885,'T0.company_id','=','1'),(1885,'T0.payroll_date','=','June 15, 2016'),(1885,'T0.department_id','IN',''),(1886,'T0.company_id','=','1'),(1886,'T0.payroll_date','=','June 15, 2016'),(1886,'T0.department_id','IN',''),(1887,'T0.company_id','=','1'),(1887,'T0.payroll_date','=','June 15, 2016'),(1887,'T0.department_id','IN',''),(1888,'T0.company_id','=','1'),(1888,'T0.payroll_date','=','June 15, 2016'),(1888,'T0.department_id','IN',''),(1890,'T0.company_id','=','1'),(1890,'T0.payroll_date','=','May 30, 2016'),(1891,'T0.payroll_date','=','June 15, 2016'),(1891,'T0.company_id','=','all'),(1892,'T0.payroll_date','=','June 15, 2016'),(1892,'T0.company_id','=','all'),(1893,'T0.payroll_date','=','June 15, 2016'),(1893,'T0.company_id','=','all'),(1894,'T0.payroll_date','=','June 15, 2016'),(1894,'T0.company_id','=','all'),(1895,'T0.company_id','=','1'),(1895,'T0.payroll_date','=','May 30, 2016'),(1896,'T0.company_id','=','1'),(1896,'T0.payroll_date','=','May 15, 2016'),(1897,'T0.company_id','=','1'),(1897,'T0.department_id','=','all'),(1897,'T0.payroll_date','=','June 15, 2016'),(1902,'T0.company_id','=','all'),(1902,'T0.payroll_date','=','June 15, 2016'),(1902,'T0.posting_date','=','June 14, 2016'),(1903,'T0.company_id','=','all'),(1903,'T0.payroll_date','=','June 15, 2016'),(1903,'T0.posting_date','=','June 14, 2016'),(1904,'T0.company_id','=','1'),(1904,'T0.department_id','=','all'),(1904,'T0.payroll_date','=','June 15, 2016'),(1910,'T0.company_id','=','1'),(1910,'T0.payroll_date','=','June 15, 2016'),(1910,'T0.department_id','=','all'),(1911,'T0.company_id','=','1'),(1911,'T0.payroll_date','=','May 30, 2016'),(1911,'T0.department_id','=','5'),(1912,'T0.company_id','=','1'),(1912,'T0.department_id','=','all'),(1913,'T0.company_id','=','1'),(1913,'T0.payroll_date','=','May 30, 2016'),(1913,'T0.department_id','=','7'),(1914,'T0.company_id','=','1'),(1914,'T0.payroll_date','=','May 30, 2016'),(1914,'T0.department_id','=','all'),(1915,'T0.company_id','=','1'),(1915,'T0.payroll_date','=','May 15, 2016'),(1915,'T0.department_id','=','all'),(1916,'T0.company_id','=','1'),(1916,'T0.payroll_date','=','June 15, 2016'),(1916,'T0.department_id','=','all'),(1917,'T0.company_id','=','1'),(1917,'T0.payroll_date','=','May 30, 2016'),(1917,'T0.department_id','=','2'),(1918,'T0.company_id','=','1'),(1918,'T0.payroll_date','=','May 15, 2016'),(1918,'T0.department_id','=','all'),(1919,'T0.company_id','=','all'),(1919,'T0.payroll_date','=','June 15, 2016'),(1920,'T0.company_id','=','1'),(1920,'T0.department_id','IN','all'),(1920,'T0.payroll_date','=','June 15, 2016'),(1921,'T0.company_id','=','1'),(1921,'T0.payroll_date','=','May 30, 2016'),(1922,'T0.company_id','=','1'),(1922,'T0.payroll_date','=','April 30, 2016'),(1923,'T0.company_id','=','all'),(1923,'T0.department_id','IN','all'),(1923,'T0.payroll_date','=','June 15, 2016'),(1924,'T0.payroll_date','=','May 30, 2016'),(1924,'T0.company_id','=','all'),(1925,'T0.payroll_date','=','June 15, 2016'),(1925,'T0.company_id','=','all'),(1926,'T0.company_id','=','all'),(1926,'T0.department_id','=','all'),(1926,'T0.payroll_date','=','May 30, 2016'),(1927,'T0.company_id','=','all'),(1927,'T0.payroll_date','=','May 30, 2016'),(1928,'T0.company_id','=','1'),(1928,'T0.department_id','IN','all'),(1928,'T0.payroll_date','=','April 15, 2016'),(1929,'T0.company_id','=','1'),(1929,'T0.payroll_date','=','May 15, 2016'),(1929,'T0.department_id','=','3'),(1930,'T0.company_id','=','all'),(1930,'T0.payroll_date','=','May 15, 2016'),(1930,'T0.department_id','=','3'),(1931,'T0.company_id','=','1'),(1931,'T0.payroll_date','=','May 15, 2016'),(1931,'T0.department_id','=','all'),(1932,'T0.company_id','=','1'),(1932,'T0.payroll_date','=','May 30, 2016'),(1932,'T0.department_id','=','3'),(1933,'T0.company_id','=','1'),(1933,'T0.payroll_date','=','June 15, 2016'),(1933,'T0.department_id','=','3'),(1938,'T0.company_id','=','1'),(1938,'T0.payroll_date','=','June 15, 2016'),(1939,'T0.company_id','=','1'),(1939,'T0.payroll_date','=','May 30, 2016'),(1940,'T0.company_id','=','1'),(1940,'T0.payroll_date','=','May 30, 2016'),(1941,'T0.company_id','=','1'),(1941,'T0.payroll_date','=','May 15, 2016'),(1942,'T0.company_id','=','1'),(1942,'T0.year','=','2016'),(1942,'T0.month','=','4'),(1943,'T0.company_id','=','all'),(1943,'T0.department_id','=','all'),(1945,'T0.company_id','=','1'),(1945,'T0.payroll_date','=','May 30, 2016'),(1946,'T0.company_id','=','1'),(1946,'T0.payroll_date','=','April 30, 2016'),(1947,'T0.company_id','=','1'),(1947,'T0.payroll_date','=','June 15, 2016'),(1947,'T0.posting_date','=','June 14, 2016'),(1948,'T0.company_id','=','1'),(1948,'T0.payroll_date','=','June 15, 2016'),(1948,'T0.posting_date','=','June 14, 2016'),(1949,'T0.payroll_date','=','June 30, 2016'),(1949,'T0.company_id','=','1'),(1950,'T0.payroll_date','=','June 15, 2016'),(1950,'T0.company_id','=','1'),(1952,'T0.payroll_date','=','May 30, 2016'),(1952,'T0.company_id','=','1'),(1953,'T0.payroll_date','=','June 22, 2016'),(1953,'T0.company_id','=','21'),(1954,'T0.company_id','=','1'),(1954,'T0.department_id','=','all'),(1954,'T0.date','>=','June 01, 2016'),(1954,'T0.date','<=','June 15, 2016'),(1955,'T0.company_id','=','1'),(1955,'T0.department_id','=','all'),(1955,'T0.date','>=','June 01, 2016'),(1955,'T0.date','<=','June 15, 2016'),(1956,'T0.payroll_date','=','June 22, 2016'),(1956,'T0.company_id','=','21'),(1957,'T0.payroll_date','=','June 22, 2016'),(1957,'T0.company_id','=','21'),(1958,'T0.payroll_date','=','June 22, 2016'),(1958,'T0.company_id','=','21'),(1959,'T0.company_id','=','21'),(1959,'T0.department_id','=','4'),(1959,'T0.date','>=','June 01, 2016'),(1959,'T0.date','<=','June 15, 2016'),(1960,'T0.payroll_date','=','June 22, 2016'),(1960,'T0.company_id','=','21'),(1961,'T0.company_id','=','21'),(1961,'T0.department_id','=','4'),(1961,'T0.date','>=','June 01, 2016'),(1961,'T0.date','<=','June 15, 2016'),(1962,'T0.company_id','=','21'),(1962,'T0.department_id','=','4'),(1962,'T0.date','>=','June 01, 2016'),(1962,'T0.date','<=','June 15, 2016'),(1963,'T0.payroll_date','=','June 22, 2016'),(1963,'T0.company_id','=','21'),(1964,'T0.payroll_date','=','June 22, 2016'),(1964,'T0.company_id','=','21'),(1966,'T0.payroll_date','=','June 22, 2016'),(1966,'T0.company_id','=','21'),(1967,'T0.payroll_date','=','June 30, 2016'),(1967,'T0.company_id','=','19'),(1968,'T0.payroll_date','=','June 30, 2016'),(1968,'T0.company_id','=','19'),(1969,'T0.payroll_date','=','June 30, 2016'),(1969,'T0.company_id','=','1'),(1970,'T0.company_id','=','1'),(1970,'T0.payroll_date','=','June 15, 2016'),(1970,'T0.department_id','=','11'),(1971,'T0.company_id','=','1'),(1971,'T0.payroll_date','=','June 15, 2016'),(1971,'T0.department_id','=','all'),(1972,'T0.payroll_date','=','June 30, 2016'),(1972,'T0.company_id','=','19'),(1973,'T0.payroll_date','=','June 30, 2016'),(1973,'T0.company_id','=','19'),(1974,'T0.payroll_date','=','June 30, 2016'),(1974,'T0.company_id','=','19'),(1975,'T0.payroll_date','=','June 30, 2016'),(1975,'T0.company_id','=','19'),(1976,'T0.payroll_date','=','June 30, 2016'),(1976,'T0.company_id','=','19'),(1977,'T0.payroll_date','=','June 30, 2016'),(1977,'T0.company_id','=','1'),(1978,'T0.payroll_date','=','June 30, 2016'),(1978,'T0.company_id','=','all'),(1979,'T0.payroll_date','=','June 30, 2016'),(1979,'T0.company_id','=','1'),(1982,'T0.payroll_date','=','June 30, 2016'),(1982,'T0.company_id','=','1'),(1983,'T0.payroll_date','=','June 30, 2016'),(1983,'T0.company_id','=','19'),(1984,'T0.payroll_date','=','June 30, 2016'),(1984,'T0.company_id','=','19'),(1985,'T0.company_id','=','1'),(1985,'T0.payroll_date','=','May 30, 2016'),(1985,'T0.department_id','IN',''),(1986,'T0.company_id','=','1'),(1986,'T0.payroll_date','=','May 30, 2016'),(1986,'T0.department_id','IN',''),(1987,'T0.payroll_date','=','June 30, 2016'),(1987,'T0.company_id','=','19'),(1988,'T0.payroll_date','=','June 30, 2016'),(1988,'T0.company_id','=','19'),(1989,'T0.payroll_date','=','June 30, 2016'),(1989,'T0.company_id','=','19'),(1990,'T0.payroll_date','=','June 30, 2016'),(1990,'T0.company_id','=','19'),(1991,'T0.payroll_date','=','June 30, 2016'),(1991,'T0.company_id','=','1'),(1992,'T0.payroll_date','=','June 30, 2016'),(1992,'T0.company_id','=','1'),(1993,'T0.payroll_date','=','June 30, 2016'),(1993,'T0.company_id','=','19'),(1994,'T0.payroll_date','=','June 30, 2016'),(1994,'T0.company_id','=','1'),(1995,'T0.payroll_date','=','June 30, 2016'),(1995,'T0.company_id','=','19'),(1997,'T0.payroll_date','=','June 30, 2016'),(1997,'T0.company_id','=','1'),(1998,'T0.payroll_date','=','June 30, 2016'),(1998,'T0.company_id','=','1'),(2001,'T0.company_id','=','1'),(2001,'T0.payroll_date','=','June 15, 2016'),(2001,'T0.department_id','IN',''),(2002,'T0.company_id','=','1'),(2002,'T0.payroll_date','=','May 30, 2016'),(2002,'T0.department_id','IN',''),(2004,'T0.company_id','=','1'),(2004,'T0.payroll_date','=','May 30, 2016'),(2004,'T0.department_id','IN',''),(2005,'T0.company_id','=','1'),(2005,'T0.payroll_date','=','June 15, 2016'),(2006,'T0.company_id','=','1'),(2006,'T0.payroll_date','=','June 15, 2016'),(2007,'T0.company_id','=','1'),(2007,'T0.payroll_date','=','June 15, 2016'),(2008,'T0.payroll_date','=','June 30, 2016'),(2008,'T0.company_id','=','all'),(2009,'T0.payroll_date','=','June 30, 2016'),(2009,'T0.company_id','=','1'),(2010,'T0.payroll_date','=','June 30, 2016'),(2010,'T0.company_id','=','1'),(2011,'T0.company_id','=','1'),(2011,'T0.payroll_date','=','June 15, 2016'),(2012,'T0.company_id','=','1'),(2012,'T0.payroll_date','=','June 15, 2016'),(2013,'T0.company_id','=','1'),(2013,'T0.payroll_date','=','June 15, 2016'),(2014,'T0.company_id','=','1'),(2014,'T0.payroll_date','=','June 15, 2016'),(2015,'T0.company_id','=','1'),(2015,'T0.payroll_date','=','June 15, 2016'),(2016,'T0.company_id','=','1'),(2016,'T0.payroll_date','=','June 15, 2016'),(2017,'T0.company_id','=','1'),(2017,'T0.payroll_date','=','June 15, 2016'),(2018,'T0.company_id','=','1'),(2018,'T0.payroll_date','=','June 15, 2016'),(2019,'T0.company_id','=','1'),(2019,'T0.payroll_date','=','June 15, 2016'),(2020,'T0.payroll_date','=','June 30, 2016'),(2020,'T0.company_id','=','1'),(2021,'T0.company_id','=','1'),(2021,'T0.payroll_date','=','June 15, 2016'),(2022,'T0.company_id','=','1'),(2022,'T0.payroll_date','=','June 15, 2016'),(2023,'T0.payroll_date','=','June 30, 2016'),(2023,'T0.company_id','=','1'),(2024,'T0.company_id','=','1'),(2024,'T0.payroll_date','=','June 15, 2016'),(2025,'T0.company_id','=','1'),(2025,'T0.payroll_date','=','June 15, 2016'),(2026,'T0.company_id','=','1'),(2026,'T0.payroll_date','=','June 15, 2016'),(2027,'T0.company_id','=','1'),(2027,'T0.payroll_date','=','June 15, 2016'),(2028,'T0.company_id','=','1'),(2028,'T0.payroll_date','=','June 15, 2016'),(2029,'T0.company_id','=','1'),(2029,'T0.payroll_date','=','June 15, 2016'),(2030,'T0.company_id','=','1'),(2030,'T0.payroll_date','=','June 15, 2016'),(2031,'T0.company_id','=','1'),(2031,'T0.payroll_date','=','June 15, 2016'),(2032,'T0.company_id','=','1'),(2032,'T0.payroll_date','=','June 15, 2016'),(2033,'T0.company_id','=','1'),(2033,'T0.payroll_date','=','June 15, 2016'),(2034,'T0.company_id','=','1'),(2034,'T0.payroll_date','=','June 15, 2016'),(2035,'T0.company_id','=','1'),(2035,'T0.payroll_date','=','June 15, 2016'),(2036,'T0.company_id','=','1'),(2036,'T0.payroll_date','=','June 15, 2016'),(2037,'T0.company_id','=','1'),(2037,'T0.payroll_date','=','June 15, 2016'),(2038,'T0.company_id','=','1'),(2038,'T0.payroll_date','=','June 15, 2016'),(2039,'T0.company_id','=','1'),(2039,'T0.payroll_date','=','June 15, 2016'),(2042,'T0.payroll_date','=','June 30, 2016'),(2042,'T0.company_id','=','1'),(2045,'T0.payroll_date','=','June 30, 2016'),(2045,'T0.company_id','=','1'),(2046,'T0.payroll_date','=','June 30, 2016'),(2046,'T0.company_id','=','1'),(2053,'T0.company_id','=','19'),(2053,'T0.payroll_date','=','June 30, 2016'),(2053,'T0.department_id','IN',''),(2054,'T0.company_id','=','19'),(2054,'T0.payroll_date','=','June 30, 2016'),(2054,'T0.department_id','IN',''),(2055,'T0.payroll_date','=','June 30, 2016'),(2055,'T0.company_id','=','1'),(2056,'T0.company_id','=','1'),(2056,'T0.payroll_date','=','June 30, 2016'),(2056,'T0.department_id','IN',''),(2057,'T0.company_id','=','1'),(2057,'T0.payroll_date','=','June 30, 2016'),(2057,'T0.department_id','IN',''),(2058,'T0.company_id','=','19'),(2058,'T0.payroll_date','=','June 30, 2016'),(2058,'T0.department_id','IN',''),(2059,'T0.company_id','=','19'),(2059,'T0.payroll_date','=','June 30, 2016'),(2059,'T0.department_id','IN',''),(2060,'T0.company_id','=','1'),(2060,'T0.payroll_date','=','June 30, 2016'),(2060,'T0.department_id','=','all'),(2061,'T0.payroll_date','=','June 30, 2016'),(2061,'T0.company_id','=','1'),(2063,'T0.company_id','=','1'),(2063,'T0.payroll_date','=','June 30, 2016'),(2063,'T0.department_id','IN',''),(2064,'T0.company_id','=','1'),(2064,'T0.payroll_date','=','June 30, 2016'),(2064,'T0.department_id','IN',''),(2065,'T0.company_id','=','1'),(2065,'T0.payroll_date','=','June 30, 2016'),(2065,'T0.department_id','IN',''),(2066,'T0.company_id','=','1'),(2066,'T0.payroll_date','=','June 30, 2016'),(2066,'T0.department_id','IN',''),(2067,'T0.company_id','=','1'),(2067,'T0.payroll_date','=','June 30, 2016'),(2067,'T0.department_id','IN',''),(2068,'T0.company_id','=','1'),(2068,'T0.payroll_date','=','June 30, 2016'),(2068,'T0.department_id','IN',''),(2069,'T0.company_id','=','1'),(2069,'T0.payroll_date','=','June 30, 2016'),(2069,'T0.department_id','IN',''),(2070,'T0.company_id','=','1'),(2070,'T0.payroll_date','=','June 30, 2016'),(2070,'T0.department_id','IN',''),(2071,'T0.company_id','=','1'),(2071,'T0.payroll_date','=','June 30, 2016'),(2071,'T0.department_id','IN',''),(2073,'T0.company_id','=','1'),(2073,'T0.payroll_date','=','June 30, 2016'),(2073,'T0.department_id','IN',''),(2078,'T0.payroll_date','=','June 30, 2016'),(2078,'T0.company_id','=','all'),(2079,'T0.company_id','=','all'),(2079,'T0.payroll_date','=','June 30, 2016'),(2080,'T0.company_id','=','all'),(2080,'T0.payroll_date','=','June 30, 2016'),(2080,'T0.posting_date','=','June 29, 2016'),(2081,'T0.company_id','=','all'),(2081,'T0.payroll_date','=','June 30, 2016'),(2081,'T0.posting_date','=','June 29, 2016'),(2082,'T0.payroll_date','=','June 30, 2016'),(2082,'T0.company_id','=','1'),(2084,'T0.company_id','=','1'),(2084,'T0.payroll_date','=','June 15, 2016'),(2084,'T0.department_id','IN',''),(2084,'T0.employee','IN','2'),(2085,'T0.company_id','=','1'),(2085,'T0.payroll_date','=','June 15, 2016'),(2085,'T0.department_id','IN',''),(2086,'T0.company_id','=','1'),(2086,'T0.payroll_date','=','June 15, 2016'),(2086,'T0.department_id','IN',',3'),(2087,'T0.company_id','=','1'),(2087,'T0.payroll_date','=','June 15, 2016'),(2087,'T0.department_id','IN',''),(2088,'T0.company_id','=','1'),(2088,'T0.payroll_date','=','June 15, 2016'),(2088,'T0.department_id','IN',',3'),(2089,'T0.company_id','=','1'),(2089,'T0.payroll_date','=','June 15, 2016'),(2089,'T0.department_id','IN',',3'),(2090,'T0.company_id','=','1'),(2090,'T0.payroll_date','=','June 15, 2016'),(2090,'T0.department_id','IN',',3'),(2091,'T0.company_id','=','1'),(2091,'T0.payroll_date','=','June 15, 2016'),(2091,'T0.department_id','IN',''),(2091,'T0.employee','IN','4'),(2092,'T0.company_id','=','1'),(2092,'T0.payroll_date','=','June 15, 2016'),(2092,'T0.department_id','IN',''),(2092,'T0.employee','IN','2,4'),(2093,'T0.payroll_date','=','June 30, 2016'),(2093,'T0.company_id','=','1'),(2095,'T0.company_id','=','1'),(2095,'T0.payroll_date','=','June 15, 2016'),(2096,'T0.company_id','=','1'),(2096,'T0.payroll_date','=','June 15, 2016'),(2097,'T0.company_id','=','1'),(2097,'T0.payroll_date','=','June 15, 2016'),(2098,'T0.company_id','=','1'),(2098,'T0.payroll_date','=','June 15, 2016'),(2099,'T0.company_id','=','1'),(2099,'T0.payroll_date','=','June 15, 2016'),(2100,'T0.company_id','=','19'),(2100,'T0.payroll_date','=','June 15, 2016'),(2101,'T0.company_id','=','19'),(2101,'T0.payroll_date','=','June 15, 2016'),(2102,'T0.company_id','=','1'),(2102,'T0.payroll_date','=','June 15, 2016'),(2103,'T0.company_id','=','1'),(2103,'T0.payroll_date','=','June 15, 2016'),(2104,'T0.company_id','=','1'),(2104,'T0.payroll_date','=','June 15, 2016'),(2105,'T0.company_id','=','1'),(2105,'T0.payroll_date','=','June 15, 2016'),(2106,'T0.company_id','=','1'),(2106,'T0.payroll_date','=','June 15, 2016'),(2107,'T0.company_id','=','1'),(2107,'T0.payroll_date','=','June 15, 2016'),(2109,'T0.company','=','The Bayleaf Intramuros'),(2109,'T0.payroll_date','=','June 15, 2016'),(2110,'T0.company','=','The Bayleaf Intramuros'),(2110,'T0.payroll_date','=','June 15, 2016'),(2111,'T0.company','=','The Bayleaf Intramuros'),(2111,'T0.payroll_date','=','June 15, 2016'),(2112,'T0.company','=','The Bayleaf Intramuros'),(2112,'T0.payroll_date','=','June 15, 2016'),(2113,'T0.company','=','The Bayleaf Intramuros'),(2113,'T0.payroll_date','=','June 15, 2016'),(2114,'T0.company_id','=','1'),(2114,'T0.payroll_date','=','June 15, 2016'),(2117,'T0.payroll_date','=','June 30, 2016'),(2117,'T0.company_id','=','1'),(2118,'T0.payroll_date','=','June 15, 2016'),(2118,'T0.company_id','=','1'),(2121,'T0.company_id','=','all'),(2121,'T0.payroll_date','=','June 30, 2016'),(2121,'T0.posting_date','=','June 29, 2016'),(2122,'T0.company_id','=','19'),(2122,'T0.department_id','IN',''),(2122,'T0.payroll_date','=','June 30, 2016'),(2123,'T0.company_id','=','19'),(2123,'T0.department_id','IN',''),(2123,'T0.payroll_date','=','June 30, 2016'),(2124,'T0.company_id','=','1'),(2124,'T0.payroll_date','=','June 15, 2016'),(2124,'T0.department_id','IN',''),(2125,'T0.company_id','=','1'),(2125,'T0.payroll_date','=','June 15, 2016'),(2125,'T0.department_id','IN',',1,3'),(2129,'T0.company_id','=','1'),(2129,'T0.payroll_date','=','June 15, 2016'),(2129,'T0.department_id','IN',',1'),(2130,'T0.company_id','=','1'),(2130,'T0.payroll_date','=','June 15, 2016'),(2130,'T0.department_id','IN',',1,3'),(2131,'T0.company_id','=','19'),(2131,'T0.payroll_date','=','June 30, 2016'),(2131,'T0.department_id','IN',''),(2132,'T0.company_id','=','19'),(2132,'T0.payroll_date','=','June 30, 2016'),(2132,'T0.department_id','IN',',2'),(2133,'T0.company_id','=','19'),(2133,'T0.payroll_date','=','June 30, 2016'),(2133,'T0.department_id','IN',',2,5'),(2136,'T0.company_id','=','1'),(2136,'T0.year','=','2016'),(2136,'T0.period_month','IN','2'),(2136,'T0.department_id','IN',',2,3'),(2136,'T0.user_id','=','all'),(2137,'T0.company_id','=','1'),(2137,'T0.year','=','2016'),(2137,'T0.period_month','IN','2'),(2137,'T0.department_id','IN',',2,3'),(2137,'T0.user_id','=','2'),(2138,'T0.company_id','=','1'),(2138,'T0.year','=','2016'),(2138,'T0.period_month','IN','2'),(2138,'T0.department_id','IN',',2,3'),(2139,'T0.company_id','=','1'),(2139,'T0.year','=','2016'),(2139,'T0.period_month','IN','2'),(2139,'T0.department_id','IN',',2,3'),(2139,'T0.user_id','IN','2,59'),(2140,'T0.company_id','=','1'),(2140,'T0.year','=','2016'),(2140,'T0.period_month','IN','2'),(2140,'T0.department_id','IN',',2,3'),(2140,'T0.user_id','IN','2,59'),(2144,'T0.company_id','=','1'),(2144,'T0.department_id','IN',',2,3'),(2144,'T0.payroll_date','=','June 15, 2016'),(2145,'T0.company_id','=','1'),(2145,'T0.department_id','IN',',2,3'),(2145,'T0.payroll_date','=','June 15, 2016'),(2146,'T0.company_id','=','1'),(2146,'T0.payroll_date','=','June 15, 2016'),(2147,'T0.company_id','=','1'),(2147,'T0.payroll_date','=','June 15, 2016'),(2148,'T0.company_id','=','1'),(2148,'T0.payroll_date','=','June 15, 2016'),(2149,'T0.company_id','=','1'),(2149,'T0.payroll_date','=','June 15, 2016'),(2150,'T0.company_id','=','1'),(2150,'T0.payroll_date','=','June 15, 2016'),(2151,'T0.company_id','=','1'),(2151,'T0.payroll_date','=','June 15, 2016'),(2152,'T0.company_id','=','1'),(2152,'T0.payroll_date','=','June 15, 2016'),(2153,'T0.company_id','=','1'),(2153,'T0.payroll_date','=','June 15, 2016'),(2154,'T0.company_id','=','1'),(2154,'T0.department_id','IN',''),(2154,'T0.payroll_date','=','June 30, 2016'),(2155,'T0.company_id','=','19'),(2155,'T0.department_id','IN',''),(2155,'T0.payroll_date','=','June 30, 2016'),(2156,'T0.company_id','=','19'),(2156,'T0.department_id','IN',''),(2156,'T0.payroll_date','=','June 30, 2016'),(2157,'T0.company_id','=','1'),(2157,'T0.payroll_date','=','June 15, 2016'),(2158,'T0.company_id','=','1'),(2158,'T0.payroll_date','=','June 15, 2016'),(2159,'T0.company_id','=','1'),(2159,'T0.payroll_date','=','June 15, 2016'),(2183,'T0.company_id','=','19'),(2183,'T0.year','=','2016'),(2183,'T0.month','=','6'),(2184,'T0.company_id','=','19'),(2184,'T0.payroll_date','=','June 30, 2016'),(2184,'T0.department_id','IN',''),(2201,'T0.company_id','=','all'),(2201,'T0.payroll_date','=','June 30, 2016'),(2202,'T0.company_id','=','all'),(2202,'T0.payroll_date','=','June 30, 2016'),(2204,'T0.company_id','=','all'),(2204,'T0.payroll_date','=','June 15, 2016'),(2210,'T0.company_id','=','all'),(2210,'T0.year','=','2016'),(2210,'T0.month','=','6'),(2211,'T0.company_id','=','19'),(2211,'T0.year','=','2016'),(2211,'T0.month','=','6'),(2212,'T0.company_id','=','1'),(2212,'T0.year','=','2016'),(2212,'T0.month','=','6'),(2217,'T0.company_id','=','all'),(2217,'T0.payroll_date','=','June 30, 2016'),(2217,'T0.posting_date','=','June 29, 2016'),(2218,'T0.company_id','=','1'),(2218,'T0.payroll_date','=','June 30, 2016'),(2219,'T0.company_id','=','1'),(2219,'T0.payroll_date','=','June 30, 2016'),(2219,'T0.posting_date','=','June 29, 2016'),(2221,'T0.company_id','=','19'),(2221,'T0.payroll_date','=','June 30, 2016'),(2221,'T0.posting_date','=','June 29, 2016'),(2223,'T0.company_id','=','1'),(2223,'T0.department_id','IN',''),(2223,'T0.payroll_date','=','May 30, 2016'),(2224,'T0.company_id','=','1'),(2224,'T0.department_id','IN',''),(2224,'T0.payroll_date','=','May 30, 2016'),(2225,'T0.company_id','=','1'),(2225,'T0.department_id','IN',''),(2225,'T0.payroll_date','=','May 30, 2016'),(2226,'T0.company_id','=','all'),(2226,'T0.payroll_date','=','June 30, 2016'),(2227,'T0.company_id','=','1'),(2227,'T0.department_id','IN',''),(2227,'T0.payroll_date','=','May 30, 2016'),(2228,'T0.company_id','=','1'),(2228,'T0.payroll_date','=','June 30, 2016'),(2228,'T0.department_id','IN',''),(2229,'T0.company_id','=','1'),(2229,'T0.payroll_date','=','June 30, 2016'),(2229,'T0.department_id','IN',''),(2230,'T0.company_id','=','1'),(2230,'T0.department_id','IN',''),(2230,'T0.payroll_date','=','May 30, 2016'),(2231,'T0.company_id','=','1'),(2231,'T0.department_id','IN',''),(2231,'T0.payroll_date','=','May 30, 2016'),(2232,'T0.company_id','=','1'),(2232,'T0.department_id','IN',''),(2232,'T0.payroll_date','=','May 30, 2016'),(2233,'T0.company_id','=','1'),(2233,'T0.payroll_date','=','May 30, 2016'),(2234,'T0.company_id','=','1'),(2234,'T0.payroll_date','=','May 30, 2016'),(2235,'T0.company_id','=','1'),(2235,'T0.payroll_date','=','May 30, 2016'),(2236,'T0.company_id','=','1'),(2236,'T0.payroll_date','=','April 30, 2016'),(2237,'T0.company_id','=','1'),(2237,'T0.payroll_date','=','May 30, 2016'),(2242,'T0.payroll_date','=','May 30, 2016'),(2242,'T0.company_id','=','1'),(2243,'T0.company_id','=','all'),(2243,'T0.year','=','2016'),(2243,'T0.month','=','6'),(2245,'T0.company_id','=','1'),(2245,'T0.year','=','2016'),(2245,'T0.month','=','6'),(2246,'T0.company_id','=','1'),(2246,'T0.payroll_date','=','May 30, 2016'),(2247,'T0.payroll_date','=','June 30, 2016'),(2247,'T0.company_id','=','all'),(2252,'T0.company_id','=','all'),(2252,'T0.payroll_date','=','June 30, 2016'),(2253,'T0.company_id','=','1'),(2253,'T0.payroll_date','=','May 30, 2016'),(2254,'T0.company_id','=','1'),(2254,'T0.payroll_date','=','May 30, 2016'),(2254,'T0.department_id','IN',',11,2,4'),(2255,'T0.company_id','=','1'),(2255,'T0.payroll_date','=','May 30, 2016'),(2256,'T0.company_id','=','1'),(2256,'T0.payroll_date','=','April 30, 2016'),(2257,'T0.company_id','=','1'),(2257,'T0.payroll_date','=','June 30, 2016'),(2260,'T0.company_id','=','1'),(2260,'T0.payroll_date','=','May 30, 2016'),(2260,'T0.department_id','IN',',11,1,2'),(2263,'T0.company_id','=','1'),(2263,'T0.year','=','2016'),(2263,'T0.period_month','IN','2'),(2263,'T0.department_id','IN',',11,2,3'),(2266,'T0.company_id','=','1'),(2266,'T0.payroll_date','=','May 30, 2016'),(2266,'T0.department_id','IN',''),(2274,'T0.company_id','=','1'),(2274,'T0.year','=','2016'),(2274,'T0.month','=','4'),(2276,'T0.company_id','=','1'),(2276,'T0.payroll_date','=','May 30, 2016'),(2276,'T0.department_id','IN',''),(2277,'T0.company_id','=','all'),(2277,'T0.year','=','2016'),(2277,'T0.month','=','6'),(2279,'T0.company_id','=','1'),(2279,'T0.year','=','2016'),(2279,'T0.month','=','6'),(2280,'T0.company_id','=','19'),(2280,'T0.year','=','2016'),(2280,'T0.month','=','6'),(2285,'T0.payroll_date','=','June 30, 2016'),(2285,'T0.company_id','=','all'),(2290,'T0.payroll_date','=','June 30, 2016'),(2290,'T0.company_id','=','1'),(2291,'T0.payroll_date','=','June 30, 2016'),(2291,'T0.company_id','=','all'),(2292,'T0.payroll_date','=','June 30, 2016'),(2292,'T0.company_id','=','1'),(2293,'T0.payroll_date','=','June 30, 2016'),(2293,'T0.company_id','=','1'),(2296,'T0.company_id','=','1'),(2296,'T0.payroll_date','=','June 30, 2016'),(2296,'T0.department_id','IN',''),(2297,'T0.payroll_date','=','June 30, 2016'),(2297,'T0.company_id','=','1'),(2300,'T0.company_id','=','1'),(2300,'T0.payroll_date','=','April 30, 2016'),(2304,'T0.company_id','=','1'),(2304,'T0.payroll_date','=','June 15, 2016'),(2304,'T0.department_id','IN',''),(2305,'T0.company_id','=','1'),(2305,'T0.department_id','IN',''),(2305,'T0.payroll_date','=','June 30, 2016'),(2306,'T0.company_id','=','1'),(2306,'T0.department_id','IN',''),(2306,'T0.payroll_date','=','June 15, 2016'),(2307,'T0.company_id','=','1'),(2307,'T0.payroll_date','=','June 30, 2016'),(2307,'T0.department_id','IN',''),(2308,'T0.company_id','=','1'),(2308,'T0.payroll_date','=','June 15, 2016'),(2308,'T0.department_id','IN',''),(2309,'T0.company_id','=','1'),(2309,'T0.payroll_date','=','June 15, 2016'),(2309,'T0.department_id','IN',''),(2310,'T0.company_id','=','1'),(2310,'T0.payroll_date','=','June 15, 2016'),(2310,'T0.department_id','IN',''),(2311,'T0.company_id','=','1'),(2311,'T0.payroll_date','=','June 15, 2016'),(2311,'T0.department_id','IN',''),(2322,'T0.company_id','=','1'),(2322,'T0.payroll_date','=','June 15, 2016'),(2322,'T0.department_id','IN',''),(2323,'T0.company_id','=','1'),(2323,'T0.payroll_date','=','June 30, 2016'),(2323,'T0.department_id','IN',''),(2327,'T0.company_id','=','21'),(2327,'T0.department_id','IN',''),(2327,'T0.date','>=','June 16, 2016'),(2327,'T0.date','<=','June 30, 2016'),(2328,'T0.company_id','=','1'),(2328,'T0.payroll_date','=','June 15, 2016'),(2328,'T0.department_id','IN',''),(2329,'T0.company_id','=','1'),(2329,'T0.payroll_date','=','June 15, 2016'),(2329,'T0.department_id','IN',''),(2330,'T0.company_id','=','1'),(2330,'T0.payroll_date','=','June 30, 2016'),(2330,'T0.department_id','IN',''),(2331,'T0.company_id','=','1'),(2331,'T0.payroll_date','=','June 30, 2016'),(2331,'T0.department_id','IN',''),(1,'T0.company_id','=','all'),(1,'T0.department_id','IN','1'),(1,'T0.date','>=','July 01, 2016'),(1,'T0.date','<=','July 31, 2016'),(2,'T0.company_id','=','all'),(2,'T0.department_id','IN',',1'),(2,'T0.date','>=','June 01, 2016'),(2,'T0.date','<=','June 30, 2016'),(3,'T0.company_id','=','all'),(3,'T0.department_id','IN',',1'),(3,'T0.date','>=','June 22, 2016'),(3,'T0.date','<=','July 08, 2016'),(4,'T0.company','=','all'),(5,'T0.company','=','all'),(6,'T0.company','=','all'),(7,'T0.company','=','all'),(8,'T0.company','=','all'),(9,'T0.company_id','=','all'),(10,'T0.company_id','=','1'),(11,'T0.company_id','=','1'),(11,'T0.department_id','=','all'),(12,'T0.company_id','=','1'),(12,'T0.department_id','=','1'),(13,'T0.company_id','=','all'),(13,'T0.department_id','=','all'),(13,'T0.year','=','all'),(14,'T0.company_id','=','1'),(14,'T0.department_id','=','1'),(14,'T0.year','=','2016'),(15,'T0.company_id','=','1'),(15,'T0.department_id','=','1'),(15,'T0.year','=','2016'),(15,'T0.month','=','all'),(16,'T0.company_id','=','all'),(16,'T0.department_id','=','all'),(16,'T0.year','=','all'),(16,'T0.month','=','all'),(17,'T0.company_id','=','all'),(17,'T0.department_id','=','all'),(17,'T0.year','=','all'),(17,'T0.month','=','7'),(18,'T0.company_id','=','all'),(18,'T0.department_id','=','all'),(18,'T0.year','=','all'),(18,'T0.month','=','7'),(19,'T0.company_id','=','all'),(19,'T0.department_id','=','all'),(19,'T0.year','=','all'),(19,'T0.month','=','7'),(20,'T0.company_id','=','all'),(20,'T0.department_id','=','all'),(20,'T0.year','=','all'),(20,'T0.month','=','7'),(21,'T0.company_id','=','all'),(21,'T0.department_id','=','all'),(21,'T0.year','=','all'),(21,'T0.month','=','7'),(22,'T0.company_id','=','all'),(22,'T0.department_id','=','all'),(22,'T0.year','=','all'),(22,'T0.month','=','7'),(23,'T0.company_id','=','all'),(23,'T0.department_id','=','all'),(23,'T0.year','=','all'),(23,'T0.month','=','7'),(24,'T0.payroll_date','=','July 15, 2016'),(24,'T0.company_id','=','all'),(25,'T0.payroll_date','=','July 15, 2016'),(25,'T0.company_id','=','all'),(26,'T0.payroll_date','=','July 15, 2016'),(26,'T0.company_id','=','all'),(27,'T0.payroll_date','=','July 15, 2016'),(27,'T0.company_id','=','all'),(28,'T0.company_id','=','all'),(28,'T0.department_id','=','all'),(28,'T0.year','=','all'),(28,'T0.month_id','=','7'),(29,'T0.company_id','=','all'),(29,'T0.department_id','=','all'),(29,'T0.year','=','all'),(29,'T0.month_id','=','7'),(30,'T0.company_id','=','all'),(30,'T0.department_id','=','all'),(30,'T0.year','=','all'),(30,'T0.month_id','=','7'),(31,'T0.company_id','=','all'),(31,'T0.department_id','=','all'),(31,'T0.year','=','all'),(31,'T0.month_id','=','7'),(32,'T0.company_id','=','all'),(32,'T0.department_id','=','all'),(32,'T0.year','=','all'),(32,'T0.month_id','=','7'),(33,'T0.company_id','=','all'),(33,'T0.department_id','=','all'),(33,'T0.year','=','all'),(33,'T0.month_id','=','7'),(34,'T0.company_id','=','all'),(34,'T0.department_id','=','all'),(34,'T0.year','=','all'),(34,'T0.month_id','=','7'),(35,'T0.company_id','=','all'),(35,'T0.department_id','=','all'),(35,'T0.year','=','all'),(35,'T0.month_id','=','7'),(36,'T0.company_id','=','all'),(36,'T0.department_id','=','all'),(36,'T0.year','=','all'),(36,'T0.month_id','=','7'),(37,'T0.company_id','=','all'),(37,'T0.department_id','=','all'),(37,'T0.year','=','all'),(37,'T0.month_id','=','7'),(38,'T0.company_id','=','all'),(38,'T0.department_id','=','all'),(38,'T0.year','=','all'),(38,'T0.month_id','=','7'),(39,'T0.company_id','=','all'),(39,'T0.department_id','=','all'),(39,'T0.year','=','all'),(39,'T0.month_id','=','7'),(40,'T0.company_id','=','all'),(40,'T0.department_id','=','all'),(40,'T0.year','=','all'),(40,'T0.month_id','=','7'),(41,'T0.company_id','=','all'),(41,'T0.department_id','=','all'),(41,'T0.year','=','all'),(41,'T0.month_id','=','7'),(42,'T0.company_id','=','all'),(42,'T0.department_id','=','all'),(42,'T0.year','=','all'),(42,'T0.month_id','=','7'),(43,'T0.company_id','=','all'),(43,'T0.department_id','=','all'),(43,'T0.year','=','all'),(43,'T0.month_id','=','7'),(44,'T0.company_id','=','all'),(44,'T0.department_id','=','all'),(44,'T0.year','=','all'),(44,'T0.month_id','=','7'),(45,'T0.company_id','=','all'),(45,'T0.department_id','=','all'),(45,'T0.year','=','all'),(45,'T0.month_id','=','7'),(46,'T0.company_id','=','all'),(46,'T0.department_id','=','all'),(46,'T0.year','=','all'),(46,'T0.month_id','=','7'),(47,'T0.company_id','=','all'),(47,'T0.department_id','=','all'),(47,'T0.year','=','all'),(47,'T0.month_id','=','7'),(48,'T0.company_id','=','all'),(48,'T0.department_id','=','all'),(48,'T0.year','=','all'),(48,'T0.month_id','=','7'),(49,'T0.company_id','=','all'),(49,'T0.department_id','=','all'),(49,'T0.year','=','all'),(49,'T0.month_id','=','7'),(50,'T0.company_id','=','all'),(50,'T0.department_id','=','all'),(50,'T0.year','=','all'),(50,'T0.month_id','=','7'),(51,'T0.company_id','=','all'),(51,'T0.department_id','=','all'),(51,'T0.year','=','all'),(51,'T0.month_id','=','7'),(52,'T0.company_id','=','all'),(52,'T0.department_id','=','all'),(52,'T0.year','=','all'),(52,'T0.month_id','=','7'),(53,'T0.company_id','=','all'),(53,'T0.department_id','=','all'),(53,'T0.year','=','all'),(53,'T0.month_id','=','7'),(54,'T0.company_id','=','all'),(54,'T0.department_id','=','all'),(54,'T0.year','=','all'),(54,'T0.month_id','=','7'),(55,'T0.company_id','=','all'),(55,'T0.department_id','=','all'),(55,'T0.year','=','all'),(55,'T0.month_id','=','7'),(56,'T0.company_id','=','1'),(56,'T0.department_id','=','all'),(56,'T0.year','=','all'),(56,'T0.month_id','=','7'),(57,'T0.company_id','=','1'),(57,'T0.department_id','=','all'),(57,'T0.year','=','all'),(57,'T0.month_id','=','7'),(58,'T0.company_id','=','1'),(58,'T0.department_id','=','all'),(58,'T0.year','=','all'),(58,'T0.month_id','=','7'),(59,'T0.company_id','=','1'),(59,'T0.department_id','=','all'),(59,'T0.year','=','all'),(59,'T0.month_id','=','7'),(60,'T0.company_id','=','1'),(60,'T0.department_id','=','all'),(60,'T0.year','=','all'),(60,'T0.month_id','=','7'),(61,'T0.company_id','=','1'),(61,'T0.department_id','=','all'),(61,'T0.year','=','all'),(61,'T0.month_id','=','7'),(62,'T0.company_id','=','1'),(62,'T0.department_id','=','all'),(62,'T0.year','=','all'),(62,'T0.month_id','=','7'),(63,'T0.company_id','=','1'),(63,'T0.department_id','=','all'),(63,'T0.year','=','all'),(63,'T0.month_id','=','7'),(64,'T0.company_id','=','1'),(64,'T0.department_id','=','all'),(64,'T0.year','=','all'),(64,'T0.month_id','=','7'),(65,'T0.company_id','=','1'),(65,'T0.department_id','=','all'),(65,'T0.year','=','all'),(65,'T0.month_id','=','7'),(66,'T0.company_id','=','1'),(66,'T0.department_id','=','all'),(66,'T0.year','=','all'),(66,'T0.month_id','=','7'),(67,'T0.company_id','=','1'),(67,'T0.department_id','=','all'),(67,'T0.year','=','all'),(67,'T0.month_id','=','7'),(68,'T0.company_id','=','1'),(68,'T0.department_id','=','all'),(68,'T0.year','=','all'),(68,'T0.month_id','=','7'),(69,'T0.company_id','=','1'),(69,'T0.department_id','=','all'),(69,'T0.year','=','all'),(69,'T0.month_id','=','7'),(70,'T0.company_id','=','1'),(70,'T0.department_id','=','all'),(70,'T0.year','=','all'),(70,'T0.month_id','=','7'),(71,'T0.company_id','=','all'),(71,'T0.department_id','=','all'),(71,'T0.year','=','all'),(71,'T0.month_id','=','7'),(72,'T0.company_id','=','all'),(72,'T0.department_id','=','all'),(72,'T0.year','=','all'),(72,'T0.month_id','=','7'),(73,'T0.company_id','=','all'),(73,'T0.department_id','=','all'),(73,'T0.year','=','all'),(73,'T0.month_id','=','7'),(74,'T0.company_id','=','all'),(74,'T0.department_id','=','all'),(74,'T0.year','=','all'),(74,'T0.month_id','=','7'),(75,'T0.company_id','=','all'),(75,'T0.department_id','=','all'),(75,'T0.year','=','all'),(75,'T0.month_id','=','7'),(76,'T0.company_id','=','1'),(76,'T0.department_id','=','1'),(76,'T0.year','=','2016'),(76,'T0.month_id','=','7'),(77,'T0.payroll_date','=','July 15, 2016'),(77,'T0.company_id','=','all'),(78,'T0.payroll_date','=','July 15, 2016'),(78,'T0.company_id','=','all'),(79,'T0.company_id','=','1'),(79,'T0.department_id','=','1'),(79,'T0.year','=','2016'),(79,'T0.month_id','=','7'),(80,'T0.company_id','=','all'),(80,'T0.department_id','IN','1'),(80,'T0.date','>=','June 01, 2016'),(80,'T0.date','<=','July 08, 2016'),(81,'T0.company_id','=','1'),(81,'T0.department_id','=','1'),(81,'T0.employee','=','3'),(81,'T0.date','>=','June 22, 2016'),(81,'T0.date','<=','July 08, 2016'),(82,'T0.company_id','=','all'),(83,'T0.company_id','=','1'),(83,'T0.department_id','=','1'),(83,'T0.employee','=','3'),(83,'T0.date','>=','June 22, 2016'),(83,'T0.date','<=','July 08, 2016'),(84,'T0.company_id','=','1'),(84,'T0.department_id','=','1'),(84,'T0.employee','=','3'),(84,'T0.date','>=','June 22, 2016'),(84,'T0.date','<=','July 08, 2016'),(85,'T0.company_id','=','1'),(85,'T0.department_id','IN',''),(85,'T0.date','>=','June 01, 2016'),(85,'T0.date','<=','July 31, 2016'),(86,'T0.company_id','=','1'),(87,NULL,NULL,'1'),(88,'T0.company_id','=','all'),(89,'T0.company_id','=','all'),(90,'T0.company_id','=','1'),(90,'T0.department_id','=','1'),(90,'T0.employee','=','3'),(90,'T0.date','>=','June 22, 2016'),(90,'T0.date','<=','July 08, 2016'),(91,'T0.company_id','=','all'),(92,'T0.company_id','=','all'),(93,'T0.company_id','=','all'),(94,'T0.company_id','=','all'),(95,'T0.company_id','=','all'),(96,'T0.company_id','=','all'),(97,'T0.company_id','=','all'),(98,'T0.company_id','=','all'),(99,'T0.company_id','=','all'),(100,'T0.company_id','=','all'),(101,'T0.company_id','=','all'),(102,'T0.company_id','=','all'),(103,'T0.company_id','=','all'),(104,'T0.company_id','=','all'),(105,'T0.company_id','=','all'),(106,'T0.company_id','=','1'),(106,'T0.department_id','=','1'),(106,'T0.employee','=','3'),(106,'T0.date','>=','June 22, 2016'),(106,'T0.date','<=','July 08, 2016'),(107,'T0.company_id','=','1'),(107,'T0.department_id','=','1'),(107,'T0.employee','=','3'),(107,'T0.date','>=','June 22, 2016'),(107,'T0.date','<=','July 08, 2016'),(108,'T0.company_id','=','1'),(108,'T0.department_id','=','1'),(108,'T0.employee','=','3'),(108,'T0.date','>=','June 22, 2016'),(108,'T0.date','<=','July 08, 2016'),(109,'T0.company_id','=','all'),(109,'T0.month','=','6'),(110,'T0.company_id','=','1'),(110,'T0.department_id','=','1'),(110,'T0.employee','=','3'),(110,'T0.date','>=','June 22, 2016'),(110,'T0.date','<=','July 08, 2016'),(111,'T0.company_id','=','1'),(111,'T0.department_id','=','1'),(111,'T0.employee','=','3'),(111,'T0.date','>=','June 22, 2016'),(111,'T0.date','<=','July 08, 2016'),(112,'T0.company_id','=','1'),(112,'T0.department_id','=','1'),(112,'T0.employee','=','3'),(112,'T0.date','>=','June 22, 2016'),(112,'T0.date','<=','July 08, 2016'),(113,'T0.company_id','=','all'),(114,'T0.company_id','=','all'),(115,'T0.company_id','=','1'),(115,'T0.month','=','6'),(116,'T0.company_id','=','1'),(117,'T0.company_id','=','1'),(117,'T0.department_id','=','1'),(117,'T0.employee','=','3'),(117,'T0.date','>=','June 22, 2016'),(117,'T0.date','<=','July 08, 2016'),(118,'T0.company_id','=','1'),(119,'T0.company_id','=','1'),(120,'T0.company_id','=','1'),(120,'T0.department_id','=','1'),(120,'T0.employee','=','3'),(120,'T0.date','>=','June 22, 2016'),(120,'T0.date','<=','July 08, 2016'),(121,'T0.company_id','=','1'),(121,'T0.department_id','=','1'),(121,'T0.employee','=','3'),(121,'T0.date','>=','June 22, 2016'),(121,'T0.date','<=','July 08, 2016'),(122,'T0.company_id','=','1'),(122,'T0.department_id','=','1'),(122,'T0.employee','=','3'),(122,'T0.date','>=','June 22, 2016'),(122,'T0.date','<=','July 08, 2016'),(123,'T0.company_id','=','1'),(123,'T0.department_id','=','1'),(123,'T0.employee','=','3'),(123,'T0.date','>=','June 22, 2016'),(123,'T0.date','<=','July 08, 2016'),(124,'T0.company_id','=','1'),(124,'T0.department_id','=','1'),(124,'T0.employee','=','3'),(124,'T0.date','>=','June 22, 2016'),(124,'T0.date','<=','July 08, 2016'),(125,'T0.company_id','=','1'),(125,'T0.department_id','=','1'),(125,'T0.employee','=','3'),(125,'T0.date','>=','June 22, 2016'),(125,'T0.date','<=','July 08, 2016'),(126,'T0.company_id','=','1'),(126,'T0.department_id','=','1'),(126,'T0.employee','=','3'),(126,'T0.date','>=','June 22, 2016'),(126,'T0.date','<=','July 08, 2016'),(127,'T0.company_id','=','1'),(127,'T0.department_id','=','1'),(127,'T0.employee','=','3'),(127,'T0.date','>=','June 22, 2016'),(127,'T0.date','<=','July 08, 2016'),(128,'T0.company_id','=','1'),(129,'T0.company_id','=','1'),(129,'T0.department_id','=','1'),(129,'T0.employee','=','3'),(129,'T0.date','>=','June 22, 2016'),(129,'T0.date','<=','July 08, 2016'),(130,'T0.company_id','=','1'),(130,'T0.department_id','=','1'),(130,'T0.employee','=','3'),(130,'T0.date','>=','June 22, 2016'),(130,'T0.date','<=','July 08, 2016'),(131,'T0.company_id','=','1'),(131,'T0.department_id','=','1'),(131,'T0.employee','=','3'),(131,'T0.date','>=','June 22, 2016'),(131,'T0.date','<=','July 08, 2016'),(132,'T0.company_id','=','1'),(132,'T0.department_id','=','1'),(132,'T0.employee','=','3'),(132,'T0.date','>=','June 22, 2016'),(132,'T0.date','<=','July 08, 2016'),(133,'T0.company_id','=','1'),(133,'T0.department_id','=','1'),(133,'T0.employee','=','3'),(133,'T0.date','>=','June 22, 2016'),(133,'T0.date','<=','July 08, 2016'),(134,'T0.company_id','=','1'),(134,'T0.department_id','=','1'),(134,'T0.employee','=','3'),(134,'T0.date','>=','June 22, 2016'),(134,'T0.date','<=','July 08, 2016'),(135,'T0.company_id','=','1'),(135,'T0.department_id','=','1'),(135,'T0.employee','=','3'),(135,'T0.date','>=','June 22, 2016'),(135,'T0.date','<=','July 08, 2016'),(136,'T0.company_id','=','1'),(136,'T0.department_id','=','1'),(136,'T0.employee','=','3'),(136,'T0.date','>=','June 22, 2016'),(136,'T0.date','<=','July 08, 2016'),(137,'T0.company_id','=','1'),(137,'T0.department_id','=','1'),(137,'T0.employee','=','3'),(137,'T0.date','>=','June 22, 2016'),(137,'T0.date','<=','July 08, 2016'),(138,'T0.company_id','=','1'),(138,'T0.department_id','=','1'),(138,'T0.employee','=','3'),(138,'T0.date','>=','June 22, 2016'),(138,'T0.date','<=','July 08, 2016'),(139,'T0.company_id','=','1'),(139,'T0.department_id','=','1'),(139,'T0.employee','=','3'),(139,'T0.date','>=','June 22, 2016'),(139,'T0.date','<=','July 08, 2016'),(140,'T0.company_id','=','1'),(140,'T0.department_id','=','1'),(140,'T0.employee','=','3'),(140,'T0.date','>=','June 22, 2016'),(140,'T0.date','<=','July 08, 2016'),(141,'T0.company_id','=','1'),(141,'T0.department_id','=','1'),(141,'T0.employee','=','3'),(141,'T0.date','>=','June 22, 2016'),(141,'T0.date','<=','July 08, 2016'),(142,'T0.company_id','=','1'),(142,'T0.department_id','=','1'),(142,'T0.employee','=','3'),(142,'T0.date','>=','June 22, 2016'),(142,'T0.date','<=','July 08, 2016'),(143,'T0.company_id','=','1'),(143,'T0.department_id','=','1'),(143,'T0.employee','=','3'),(143,'T0.date','>=','June 22, 2016'),(143,'T0.date','<=','July 08, 2016'),(144,'T0.company_id','=','1'),(144,'T0.department_id','=','1'),(144,'T0.employee','=','3'),(144,'T0.date','>=','June 22, 2016'),(144,'T0.date','<=','July 08, 2016'),(145,'T0.company_id','=','1'),(145,'T0.department_id','=','1'),(145,'T0.employee','=','3'),(145,'T0.date','>=','June 22, 2016'),(145,'T0.date','<=','July 08, 2016'),(146,'T0.company_id','=','1'),(146,'T0.department_id','=','1'),(146,'T0.employee','=','3'),(146,'T0.date','>=','June 22, 2016'),(146,'T0.date','<=','July 08, 2016'),(147,'T0.company_id','=','1'),(147,'T0.department_id','=','1'),(147,'T0.employee','=','3'),(147,'T0.date','>=','June 22, 2016'),(147,'T0.date','<=','July 08, 2016'),(148,'T0.company_id','=','1'),(148,'T0.department_id','=','1'),(148,'T0.employee','=','3'),(148,'T0.date','>=','June 22, 2016'),(148,'T0.date','<=','July 08, 2016'),(149,'T0.company_id','=','1'),(149,'T0.department_id','=','1'),(149,'T0.employee','=','3'),(149,'T0.date','>=','June 22, 2016'),(149,'T0.date','<=','July 22, 2016'),(150,'T0.company_id','=','1'),(150,'T0.department_id','=','1'),(150,'T0.employee','=','3'),(150,'T0.date','>=','June 22, 2016'),(150,'T0.date','<=','July 22, 2016'),(151,'T0.company_id','=','1'),(151,'T0.department_id','=','1'),(151,'T0.employee','=','3'),(151,'T0.date','>=','June 22, 2016'),(151,'T0.date','<=','July 22, 2016'),(152,'T0.company_id','=','1'),(152,'T0.department_id','=','1'),(152,'T0.employee','=','3'),(152,'T0.date','>=','June 22, 2016'),(152,'T0.date','<=','July 22, 2016'),(153,'T0.company_id','=','1'),(153,'T0.department_id','=','1'),(153,'T0.employee','=','3'),(153,'T0.date','>=','June 22, 2016'),(153,'T0.date','<=','July 22, 2016'),(154,'T0.company_id','=','1'),(154,'T0.department_id','=','1'),(154,'T0.employee','=','3'),(154,'T0.date','>=','June 22, 2016'),(154,'T0.date','<=','July 22, 2016'),(155,'T0.company_id','=','1'),(155,'T0.department_id','=','1'),(155,'T0.employee','=','3'),(155,'T0.date','>=','June 22, 2016'),(155,'T0.date','<=','July 22, 2016'),(156,'T0.company_id','=','1'),(156,'T0.department_id','=','1'),(156,'T0.employee','=','3'),(156,'T0.date','>=','June 22, 2016'),(156,'T0.date','<=','July 22, 2016'),(157,'T0.company_id','=','1'),(157,'T0.department_id','=','1'),(157,'T0.employee','=','3'),(157,'T0.date','>=','June 22, 2016'),(157,'T0.date','<=','July 22, 2016'),(158,'T0.company_id','=','1'),(158,'T0.department_id','=','1'),(158,'T0.employee','=','3'),(158,'T0.date','>=','June 22, 2016'),(158,'T0.date','<=','July 22, 2016'),(159,'T0.company_id','=','1'),(159,'T0.department_id','=','1'),(159,'T0.employee','=','3'),(159,'T0.date','>=','June 22, 2016'),(159,'T0.date','<=','July 22, 2016'),(160,'T0.company_id','=','1'),(160,'T0.department_id','=','1'),(160,'T0.employee','=','3'),(160,'T0.date','>=','June 22, 2016'),(160,'T0.date','<=','July 22, 2016'),(161,'T0.company_id','=','1'),(161,'T0.department_id','=','1'),(161,'T0.employee','=','3'),(161,'T0.date','>=','June 22, 2016'),(161,'T0.date','<=','July 08, 2016'),(162,'T0.company_id','=','1'),(162,'T0.department_id','=','1'),(162,'T0.employee','=','3'),(162,'T0.date','>=','June 22, 2016'),(162,'T0.date','<=','July 08, 2016'),(163,'T0.company_id','=','1'),(163,'T0.department_id','=','1'),(163,'T0.employee','=','3'),(163,'T0.date','>=','June 22, 2016'),(163,'T0.date','<=','July 08, 2016'),(164,'T0.company_id','=','1'),(164,'T0.department_id','=','1'),(164,'T0.employee','=','3'),(164,'T0.date','>=','June 22, 2016'),(164,'T0.date','<=','July 08, 2016'),(165,'T0.company_id','=','1'),(165,'T0.department_id','=','1'),(165,'T0.employee','=','3'),(165,'T0.date','>=','June 22, 2016'),(165,'T0.date','<=','July 08, 2016'),(166,'T0.company_id','=','1'),(166,'T0.department_id','=','1'),(166,'T0.employee','=','3'),(166,'T0.date','>=','June 22, 2016'),(166,'T0.date','<=','July 08, 2016'),(167,'T0.company_id','=','1'),(167,'T0.department_id','=','1'),(167,'T0.employee','=','3'),(167,'T0.date','>=','June 22, 2016'),(167,'T0.date','<=','July 08, 2016'),(168,'T0.company_id','=','1'),(168,'T0.department_id','=','1'),(168,'T0.employee','=','3'),(168,'T0.date','>=','June 22, 2016'),(168,'T0.date','<=','July 08, 2016'),(169,'T0.company_id','=','1'),(169,'T0.department_id','=','1'),(169,'T0.employee','=','3'),(169,'T0.date','>=','June 22, 2016'),(169,'T0.date','<=','July 08, 2016'),(170,'T0.company_id','=','1'),(170,'T0.department_id','=','1'),(170,'T0.employee','=','3'),(170,'T0.date','>=','June 22, 2016'),(170,'T0.date','<=','July 08, 2016'),(171,'T0.company_id','=','1'),(171,'T0.department_id','=','1'),(171,'T0.employee','=','3'),(171,'T0.date','>=','June 22, 2016'),(171,'T0.date','<=','July 08, 2016'),(172,'T0.company_id','=','1'),(172,'T0.department_id','=','1'),(172,'T0.employee','=','3'),(172,'T0.date','>=','June 22, 2016'),(172,'T0.date','<=','July 08, 2016'),(173,'T0.company_id','=','1'),(173,'T0.department_id','=','1'),(173,'T0.employee','=','3'),(173,'T0.date','>=','June 22, 2016'),(173,'T0.date','<=','July 08, 2016'),(174,'T0.company_id','=','1'),(174,'T0.department_id','=','1'),(174,'T0.employee','=','3'),(174,'T0.date','>=','June 22, 2016'),(174,'T0.date','<=','July 08, 2016'),(175,'T0.company_id','=','1'),(175,'T0.department_id','=','1'),(175,'T0.employee','=','3'),(175,'T0.date','>=','June 22, 2016'),(175,'T0.date','<=','July 08, 2016'),(176,'T0.company_id','=','1'),(176,'T0.department_id','=','1'),(176,'T0.employee','=','3'),(176,'T0.date','>=','June 22, 2016'),(176,'T0.date','<=','July 08, 2016'),(177,'T0.company_id','=','1'),(177,'T0.department_id','=','1'),(177,'T0.employee','=','3'),(177,'T0.date','>=','June 22, 2016'),(177,'T0.date','<=','July 08, 2016'),(178,'T0.company_id','=','1'),(178,'T0.department_id','=','1'),(178,'T0.employee','=','3'),(178,'T0.date','>=','June 22, 2016'),(178,'T0.date','<=','July 08, 2016'),(179,'T0.company_id','=','1'),(179,'T0.department_id','=','1'),(179,'T0.employee','=','3'),(179,'T0.date','>=','June 22, 2016'),(179,'T0.date','<=','July 08, 2016'),(180,'T0.company_id','=','1'),(180,'T0.department_id','=','1'),(180,'T0.employee','=','3'),(180,'T0.date','>=','June 22, 2016'),(180,'T0.date','<=','July 08, 2016'),(181,'T0.company_id','=','1'),(181,'T0.department_id','=','1'),(181,'T0.employee','=','3'),(181,'T0.date','>=','June 22, 2016'),(181,'T0.date','<=','July 08, 2016'),(182,'T0.company_id','=','1'),(182,'T0.department_id','=','1'),(182,'T0.employee','=','3'),(182,'T0.date','>=','June 22, 2016'),(182,'T0.date','<=','July 08, 2016'),(183,'T0.company_id','=','1'),(183,'T0.department_id','=','1'),(183,'T0.employee','=','3'),(183,'T0.date','>=','June 22, 2016'),(183,'T0.date','<=','July 08, 2016'),(184,'T0.company_id','=','1'),(184,'T0.department_id','=','1'),(184,'T0.employee','=','3'),(184,'T0.date','>=','June 22, 2016'),(184,'T0.date','<=','July 08, 2016'),(185,'T0.company_id','=','1'),(185,'T0.department_id','=','1'),(185,'T0.employee','=','3'),(185,'T0.date','>=','June 22, 2016'),(185,'T0.date','<=','July 08, 2016'),(186,'T0.company_id','=','1'),(186,'T0.department_id','=','1'),(186,'T0.employee','=','3'),(186,'T0.date','>=','June 22, 2016'),(186,'T0.date','<=','July 08, 2016'),(187,'T0.company_id','=','1'),(187,'T0.department_id','=','1'),(187,'T0.employee','=','3'),(187,'T0.date','>=','June 22, 2016'),(187,'T0.date','<=','July 08, 2016'),(188,'T0.company_id','=','1'),(188,'T0.department_id','=','1'),(188,'T0.employee','=','all'),(188,'T0.date','>=','June 22, 2016'),(188,'T0.date','<=','July 08, 2016'),(189,'T0.company_id','=','1'),(189,'T0.department_id','=','1'),(189,'T0.employee','=','all'),(189,'T0.date','>=','June 22, 2016'),(189,'T0.date','<=','July 08, 2016'),(190,'T0.company_id','=','1'),(190,'T0.department_id','=','1'),(190,'T0.employee','=','all'),(190,'T0.date','>=','June 22, 2016'),(190,'T0.date','<=','July 08, 2016'),(191,'T0.company_id','=','1'),(191,'T0.department_id','=','1'),(191,'T0.employee','=','all'),(191,'T0.date','>=','June 22, 2016'),(191,'T0.date','<=','July 08, 2016'),(192,'T0.company_id','=','1'),(192,'T0.department_id','=','1'),(192,'T0.employee','=','all'),(192,'T0.date','>=','June 22, 2016'),(192,'T0.date','<=','July 08, 2016'),(193,'T0.company_id','=','1'),(193,'T0.department_id','=','1'),(193,'T0.employee','=','all'),(193,'T0.date','>=','June 22, 2016'),(193,'T0.date','<=','July 08, 2016'),(194,'T0.company_id','=','1'),(194,'T0.department_id','=','1'),(194,'T0.employee','=','all'),(194,'T0.date','>=','June 22, 2016'),(194,'T0.date','<=','July 08, 2016'),(195,'T0.company_id','=','1'),(195,'T0.department_id','=','1'),(195,'T0.employee','=','all'),(195,'T0.date','>=','June 22, 2016'),(195,'T0.date','<=','July 08, 2016'),(196,'T0.company_id','=','1'),(196,'T0.department_id','=','1'),(196,'T0.employee','=','all'),(196,'T0.date','>=','June 22, 2016'),(196,'T0.date','<=','July 08, 2016'),(197,'T0.company_id','=','1'),(197,'T0.department_id','=','1'),(197,'T0.employee','=','all'),(197,'T0.date','>=','June 22, 2016'),(197,'T0.date','<=','July 08, 2016'),(198,'T0.company_id','=','1'),(198,'T0.department_id','=','1'),(198,'T0.employee','=','all'),(198,'T0.date','>=','June 22, 2016'),(198,'T0.date','<=','July 08, 2016'),(199,'T0.company_id','=','1'),(199,'T0.department_id','=','1'),(199,'T0.employee','=','all'),(199,'T0.date','>=','June 22, 2016'),(199,'T0.date','<=','July 08, 2016'),(200,'T0.company_id','=','1'),(200,'T0.department_id','=','1'),(200,'T0.employee','=','all'),(200,'T0.date','>=','June 22, 2016'),(200,'T0.date','<=','July 08, 2016'),(201,'T0.company_id','=','1'),(201,'T0.department_id','=','1'),(201,'T0.employee','=','all'),(201,'T0.date','>=','June 22, 2016'),(201,'T0.date','<=','July 08, 2016'),(202,'T0.company_id','=','1'),(202,'T0.department_id','=','1'),(202,'T0.employee','=','3'),(202,'T0.date','>=','June 22, 2016'),(202,'T0.date','<=','July 08, 2016'),(203,'T0.company_id','=','1'),(203,'T0.department_id','=','1'),(203,'T0.employee','=','3'),(203,'T0.date','>=','June 22, 2016'),(203,'T0.date','<=','July 08, 2016'),(204,'T0.company_id','=','1'),(204,'T0.department_id','=','1'),(204,'T0.employee','=','3'),(204,'T0.date','>=','June 22, 2016'),(204,'T0.date','<=','July 08, 2016'),(205,'T0.company_id','=','1'),(205,'T0.department_id','=','1'),(205,'T0.employee','=','3'),(205,'T0.date','>=','June 22, 2016'),(205,'T0.date','<=','July 08, 2016'),(206,'T0.company_id','=','1'),(206,'T0.department_id','=','1'),(206,'T0.employee','=','3'),(206,'T0.date','>=','June 22, 2016'),(206,'T0.date','<=','July 08, 2016'),(207,'T0.company_id','=','1'),(207,'T0.department_id','=','1'),(207,'T0.employee','=','3'),(207,'T0.date','>=','June 22, 2016'),(207,'T0.date','<=','July 08, 2016'),(208,'T0.company_id','=','1'),(208,'T0.department_id','=','1'),(208,'T0.employee','=','3'),(208,'T0.date','>=','June 22, 2016'),(208,'T0.date','<=','July 08, 2016'),(209,'T0.company_id','=','1'),(209,'T0.department_id','=','1'),(209,'T0.employee','=','all'),(209,'T0.date','>=','June 22, 2016'),(209,'T0.date','<=','July 08, 2016'),(210,'T0.company_id','=','1'),(210,'T0.department_id','=','1'),(210,'T0.employee','=','all'),(210,'T0.date','>=','June 22, 2016'),(210,'T0.date','<=','July 08, 2016'),(211,'T0.company_id','=','1'),(211,'T0.department_id','=','1'),(211,'T0.employee','=','all'),(211,'T0.date','>=','June 22, 2016'),(211,'T0.date','<=','July 08, 2016'),(212,'T0.company_id','=','1'),(212,'T0.department_id','=','1'),(212,'T0.employee','=','all'),(212,'T0.date','>=','June 22, 2016'),(212,'T0.date','<=','July 08, 2016'),(213,'T0.company_id','=','1'),(213,'T0.department_id','=','1'),(213,'T0.employee','=','all'),(213,'T0.date','>=','June 22, 2016'),(213,'T0.date','<=','July 08, 2016'),(214,'T0.company_id','=','1'),(214,'T0.department_id','=','1'),(214,'T0.employee','=','all'),(214,'T0.date','>=','June 22, 2016'),(214,'T0.date','<=','July 08, 2016'),(215,'T0.company_id','=','1'),(215,'T0.department_id','=','1'),(215,'T0.employee','=','all'),(215,'T0.date','>=','June 22, 2016'),(215,'T0.date','<=','July 08, 2016'),(216,'T0.company_id','=','1'),(216,'T0.department_id','=','1'),(216,'T0.employee','=','all'),(216,'T0.date','>=','June 22, 2016'),(216,'T0.date','<=','July 08, 2016'),(217,'T0.company_id','=','1'),(217,'T0.department_id','=','1'),(217,'T0.employee','=','all'),(217,'T0.date','>=','June 22, 2016'),(217,'T0.date','<=','July 08, 2016'),(218,'T0.company_id','=','1'),(218,'T0.department_id','=','1'),(218,'T0.employee','=','all'),(218,'T0.date','>=','June 22, 2016'),(218,'T0.date','<=','July 08, 2016'),(219,'T0.company_id','=','1'),(219,'T0.department_id','=','1'),(219,'T0.employee','=','all'),(219,'T0.date','>=','June 22, 2016'),(219,'T0.date','<=','July 08, 2016'),(220,'T0.company_id','=','1'),(220,'T0.department_id','=','1'),(220,'T0.employee','=','all'),(220,'T0.date','>=','June 22, 2016'),(220,'T0.date','<=','July 08, 2016'),(221,'T0.company_id','=','1'),(221,'T0.department_id','=','1'),(221,'T0.employee','=','all'),(221,'T0.date','>=','June 22, 2016'),(221,'T0.date','<=','July 08, 2016'),(222,'T0.company_id','=','1'),(222,'T0.department_id','=','1'),(222,'T0.employee','=','all'),(222,'T0.date','>=','June 22, 2016'),(222,'T0.date','<=','July 08, 2016'),(223,'T0.company_id','=','1'),(223,'T0.department_id','=','1'),(223,'T0.employee','=','all'),(223,'T0.date','>=','June 22, 2016'),(223,'T0.date','<=','July 08, 2016'),(224,'T0.company_id','=','1'),(224,'T0.department_id','=','1'),(224,'T0.employee','=','all'),(224,'T0.date','>=','June 22, 2016'),(224,'T0.date','<=','July 08, 2016'),(225,'T0.company_id','=','1'),(225,'T0.department_id','=','1'),(225,'T0.employee','=','all'),(225,'T0.date','>=','June 22, 2016'),(225,'T0.date','<=','July 08, 2016'),(226,'T0.company_id','=','1'),(226,'T0.department_id','=','1'),(226,'T0.employee','=','all'),(226,'T0.date','>=','June 22, 2016'),(226,'T0.date','<=','July 08, 2016'),(227,'T0.company_id','=','1'),(227,'T0.department_id','=','1'),(227,'T0.employee','=','all'),(227,'T0.date','>=','June 22, 2016'),(227,'T0.date','<=','July 08, 2016'),(228,'T0.company_id','=','1'),(228,'T0.department_id','=','1'),(228,'T0.employee','=','3'),(228,'T0.date','>=','June 22, 2016'),(228,'T0.date','<=','July 08, 2016'),(229,'T0.company_id','=','1'),(229,'T0.department_id','=','1'),(229,'T0.employee','=','all'),(229,'T0.date','>=','June 22, 2016'),(229,'T0.date','<=','July 08, 2016'),(230,'T0.company_id','=','1'),(230,'T0.department_id','=','1'),(230,'T0.employee','=','all'),(230,'T0.date','>=','June 22, 2016'),(230,'T0.date','<=','July 08, 2016'),(231,'T0.company_id','=','1'),(231,'T0.department_id','=','1'),(231,'T0.employee','=','all'),(231,'T0.date','>=','June 22, 2016'),(231,'T0.date','<=','July 08, 2016'),(232,'T0.company_id','=','1'),(232,'T0.department_id','=','1'),(232,'T0.employee','=','all'),(232,'T0.date','>=','June 22, 2016'),(232,'T0.date','<=','July 08, 2016'),(233,'T0.company_id','=','1'),(233,'T0.department_id','=','1'),(233,'T0.employee','=','all'),(233,'T0.date','>=','June 22, 2016'),(233,'T0.date','<=','July 08, 2016'),(234,'T0.company_id','=','1'),(234,'T0.department_id','=','1'),(234,'T0.employee','=','all'),(234,'T0.date','>=','June 22, 2016'),(234,'T0.date','<=','July 08, 2016'),(235,'T0.company_id','=','1'),(235,'T0.department_id','=','1'),(235,'T0.employee','=','all'),(235,'T0.date','>=','June 22, 2016'),(235,'T0.date','<=','July 08, 2016'),(236,'T0.company_id','=','1'),(236,'T0.department_id','=','1'),(236,'T0.employee','=','all'),(236,'T0.date','>=','June 22, 2016'),(236,'T0.date','<=','July 08, 2016'),(237,'T0.company_id','=','1'),(237,'T0.department_id','=','1'),(237,'T0.employee','=','all'),(237,'T0.date','>=','June 22, 2016'),(237,'T0.date','<=','July 08, 2016'),(238,'T0.company_id','=','1'),(238,'T0.department_id','=','1'),(238,'T0.employee','=','all'),(238,'T0.date','>=','June 22, 2016'),(238,'T0.date','<=','July 08, 2016'),(239,'T0.company_id','=','1'),(239,'T0.department_id','=','1'),(239,'T0.employee','=','all'),(239,'T0.date','>=','June 22, 2016'),(239,'T0.date','<=','July 08, 2016'),(240,'T0.company_id','=','1'),(240,'T0.department_id','=','1'),(240,'T0.employee','=','all'),(240,'T0.date','>=','June 22, 2016'),(240,'T0.date','<=','July 08, 2016'),(241,'T0.company_id','=','1'),(241,'T0.department_id','=','1'),(241,'T0.employee','=','all'),(241,'T0.date','>=','June 22, 2016'),(241,'T0.date','<=','July 08, 2016'),(242,'T0.company_id','=','1'),(242,'T0.department_id','=','1'),(242,'T0.employee','=','all'),(242,'T0.date','>=','June 22, 2016'),(242,'T0.date','<=','July 08, 2016'),(243,'T0.company_id','=','1'),(243,'T0.department_id','=','1'),(243,'T0.employee','=','all'),(243,'T0.date','>=','June 22, 2016'),(243,'T0.date','<=','July 08, 2016'),(244,'T0.company_id','=','1'),(244,'T0.department_id','=','1'),(244,'T0.employee','=','all'),(244,'T0.date','>=','June 22, 2016'),(244,'T0.date','<=','July 08, 2016'),(245,'T0.company_id','=','1'),(245,'T0.department_id','=','1'),(245,'T0.employee','=','all'),(245,'T0.date','>=','June 22, 2016'),(245,'T0.date','<=','July 08, 2016'),(246,'T0.company_id','=','1'),(246,'T0.department_id','=','1'),(246,'T0.employee','=','all'),(246,'T0.date','>=','June 22, 2016'),(246,'T0.date','<=','July 08, 2016'),(247,'T0.company_id','=','1'),(247,'T0.department_id','=','1'),(247,'T0.employee','=','all'),(247,'T0.date','>=','June 22, 2016'),(247,'T0.date','<=','July 08, 2016'),(248,'T0.company_id','=','1'),(248,'T0.department_id','=','1'),(248,'T0.employee','=','all'),(248,'T0.date','>=','June 22, 2016'),(248,'T0.date','<=','July 08, 2016'),(249,'T0.company_id','=','1'),(249,'T0.department_id','=','1'),(249,'T0.employee','=','all'),(249,'T0.date','>=','June 22, 2016'),(249,'T0.date','<=','July 08, 2016'),(250,'T0.company_id','=','1'),(250,'T0.department_id','=','1'),(250,'T0.employee','=','all'),(250,'T0.date','>=','June 22, 2016'),(250,'T0.date','<=','July 08, 2016'),(251,'T0.company_id','=','1'),(251,'T0.department_id','=','1'),(251,'T0.employee','=','all'),(251,'T0.date','>=','June 22, 2016'),(251,'T0.date','<=','July 08, 2016'),(252,'T0.company_id','=','1'),(252,'T0.department_id','=','1'),(252,'T0.employee','=','all'),(252,'T0.date','>=','June 22, 2016'),(252,'T0.date','<=','July 08, 2016'),(253,'T0.company_id','=','1'),(253,'T0.department_id','=','1'),(253,'T0.employee','=','all'),(253,'T0.date','>=','June 22, 2016'),(253,'T0.date','<=','July 08, 2016'),(254,'T0.company_id','=','1'),(254,'T0.department_id','=','1'),(254,'T0.employee','=','all'),(254,'T0.date','>=','June 22, 2016'),(254,'T0.date','<=','July 08, 2016'),(255,'T0.payroll_date','=','July 15, 2016'),(255,'T0.company_id','=','all'),(256,'T0.company_id','=','all'),(256,'T0.month','=','all'),(257,'T0.company_id','=','1'),(257,'T0.department_id','=','1'),(257,'T0.employee','=','all'),(257,'T0.date','>=','June 22, 2016'),(257,'T0.date','<=','July 08, 2016'),(258,'T0.company_id','=','1'),(258,'T0.department_id','=','1'),(258,'T0.employee','=','all'),(258,'T0.date','>=','June 22, 2016'),(258,'T0.date','<=','July 22, 2016'),(259,'T0.company_id','=','all'),(259,'T0.department_id','=','all'),(259,'T0.employee','=','all'),(259,'T0.date','>=','June 15, 2016'),(259,'T0.date','<=','July 22, 2016'),(260,'T0.company_id','=','all'),(260,'T0.department_id','=','all'),(260,'T0.employee','=','all'),(260,'T0.date','>=','June 15, 2016'),(260,'T0.date','<=','July 22, 2016'),(261,'T0.company_id','=','1'),(261,'T0.department_id','=','1'),(261,'T0.employee','=','3'),(261,'T0.date','>=','June 22, 2016'),(261,'T0.date','<=','July 22, 2016'),(262,'T0.company_id','=','1'),(262,'T0.department_id','=','1'),(262,'T0.employee','=','3'),(262,'T0.date','>=','June 22, 2016'),(262,'T0.date','<=','July 22, 2016'),(263,'T0.company_id','=','1'),(263,'T0.department_id','IN',''),(263,'T0.date','>=','June 22, 2016'),(263,'T0.date','<=','July 08, 2016'),(264,'T0.company_id','=','1'),(264,'T0.department_id','=','1'),(264,'T0.employee','=','3'),(264,'T0.date','>=','June 22, 2016'),(264,'T0.date','<=','July 08, 2016'),(265,'T0.company_id','=','1'),(265,'T0.department_id','=','1'),(265,'T0.employee','=','3'),(265,'T0.date','>=','June 22, 2016'),(265,'T0.date','<=','July 08, 2016'),(266,'T0.company_id','=','1'),(266,'T0.department_id','=','1'),(266,'T0.employee','=','3'),(266,'T0.date','>=','June 22, 2016'),(266,'T0.date','<=','July 08, 2016'),(267,'T0.company_id','=','1'),(267,'T0.department_id','=','1'),(267,'T0.employee','=','3'),(267,'T0.date','>=','June 22, 2016'),(267,'T0.date','<=','July 08, 2016'),(268,'T0.company_id','=','1'),(268,'T0.department_id','=','1'),(268,'T0.employee','=','3'),(268,'T0.date','>=','June 22, 2016'),(268,'T0.date','<=','July 08, 2016'),(269,'T0.company_id','=','all'),(269,'T0.department_id','=','all'),(269,'T0.employee','=','all'),(269,'T0.date','>=','June 22, 2016'),(269,'T0.date','<=','July 08, 2016'),(270,'T0.company_id','=','all'),(270,'T0.department_id','=','all'),(270,'T0.employee','=','all'),(270,'T0.date','>=','June 22, 2016'),(270,'T0.date','<=','July 08, 2016'),(271,'T0.company_id','=','all'),(271,'T0.department_id','=','all'),(271,'T0.employee','=','all'),(271,'T0.date','>=','June 22, 2016'),(271,'T0.date','<=','July 08, 2016'),(272,'T0.company_id','=','all'),(272,'T0.department_id','=','all'),(272,'T0.employee','=','all'),(272,'T0.date','>=','June 22, 2016'),(272,'T0.date','<=','July 08, 2016'),(273,'T0.company_id','=','all'),(273,'T0.department_id','=','all'),(273,'T0.employee','=','all'),(273,'T0.date','>=','June 22, 2016'),(273,'T0.date','<=','July 08, 2016'),(274,'T0.company_id','=','all'),(274,'T0.department_id','=','all'),(274,'T0.employee','=','all'),(274,'T0.date','>=','June 22, 2016'),(274,'T0.date','<=','July 08, 2016'),(275,'T0.company_id','=','all'),(275,'T0.department_id','=','all'),(275,'T0.employee','=','all'),(275,'T0.date','>=','June 22, 2016'),(275,'T0.date','<=','July 08, 2016'),(276,'T0.company_id','=','all'),(276,'T0.department_id','=','all'),(276,'T0.employee','=','all'),(276,'T0.date','>=','June 22, 2016'),(276,'T0.date','<=','July 08, 2016'),(277,'T0.company_id','=','all'),(277,'T0.department_id','=','all'),(277,'T0.employee','=','all'),(277,'T0.date','>=','June 22, 2016'),(277,'T0.date','<=','July 08, 2016'),(278,'T0.company_id','=','all'),(278,'T0.department_id','=','all'),(278,'T0.employee','=','all'),(278,'T0.date','>=','June 22, 2016'),(278,'T0.date','<=','July 08, 2016'),(279,'T0.company_id','=','all'),(279,'T0.department_id','=','all'),(279,'T0.employee','=','all'),(279,'T0.date','>=','June 22, 2016'),(279,'T0.date','<=','July 08, 2016'),(280,'T0.company_id','=','all'),(281,'T0.company_id','=','all'),(281,'T0.department_id','=','all'),(281,'T0.year','=','all'),(281,'T0.month_id','=','all'),(282,'T0.company_id','=','all'),(282,'T0.department_id','=','all'),(282,'T0.year','=','all'),(282,'T0.month_id','=','7'),(283,'T0.company_id','=','all'),(283,'T0.department_id','=','all'),(283,'T0.year','=','all'),(283,'T0.month_id','=','7'),(284,'T0.company_id','=','all'),(284,'T0.department_id','=','all'),(284,'T0.year','=','all'),(284,'T0.month_id','=','7'),(285,'T0.company_id','=','all'),(285,'T0.department_id','=','all'),(285,'T0.employee','=','all'),(285,'T0.date','>=','June 22, 2016'),(285,'T0.date','<=','July 22, 2016'),(286,'T0.company_id','=','all'),(286,'T0.department_id','=','all'),(286,'T0.employee','=','all'),(286,'T0.date','>=','June 22, 2016'),(286,'T0.date','<=','July 22, 2016'),(287,'T0.company_id','=','all'),(287,'T0.department_id','=','all'),(287,'T0.employee','=','all'),(287,'T0.date','>=','June 22, 2016'),(287,'T0.date','<=','July 22, 2016'),(288,'T0.company_id','=','all'),(288,'T0.department_id','=','all'),(288,'T0.employee','=','all'),(288,'T0.date','>=','June 22, 2016'),(288,'T0.date','<=','July 22, 2016'),(290,'T0.company_id','=','all'),(290,'T0.department_id','=','all'),(290,'T0.employee','=','all'),(290,'T0.date','>=','June 22, 2016'),(290,'T0.date','<=','July 22, 2016'),(291,'T0.company_id','=','all'),(291,'T0.department_id','=','all'),(291,'T0.employee','=','all'),(291,'T0.date','>=','June 22, 2016'),(291,'T0.date','<=','July 22, 2016'),(292,'T0.company_id','=','all'),(292,'T0.department_id','=','all'),(292,'T0.employee','=','all'),(292,'T0.date','>=','June 22, 2016'),(292,'T0.date','<=','July 22, 2016'),(293,'T0.company_id','=','all'),(293,'T0.department_id','=','all'),(293,'T0.employee','=','all'),(293,'T0.date','>=','June 22, 2016'),(293,'T0.date','<=','July 22, 2016'),(294,'T0.company_id','=','all'),(294,'T0.department_id','=','all'),(294,'T0.employee','=','all'),(294,'T0.date','>=','June 22, 2016'),(294,'T0.date','<=','July 22, 2016'),(295,'T0.company_id','=','all'),(295,'T0.department_id','=','all'),(295,'T0.employee','=','all'),(295,'T0.date','>=','June 22, 2016'),(295,'T0.date','<=','July 22, 2016'),(296,'T0.company_id','=','all'),(296,'T0.department_id','=','all'),(296,'T0.employee','=','all'),(296,'T0.date','>=','June 22, 2016'),(296,'T0.date','<=','July 22, 2016'),(297,'T0.company_id','=','all'),(297,'T0.month','=','6'),(298,'T0.company_id','=','all'),(298,'T0.department_id','=','all'),(298,'T0.employee','=','all'),(298,'T0.date','>=','June 22, 2016'),(298,'T0.date','<=','July 22, 2016'),(299,'T0.company_id','=','all'),(300,'T0.company_id','=','all'),(301,'T0.company_id','=','all'),(302,'T0.company_id','=','all'),(303,'T0.company_id','=','all'),(304,'T0.company_id','=','all'),(305,'T0.company_id','=','all'),(305,'T0.month','=','all'),(306,'T0.company_id','=','all'),(307,'T0.company_id','=','all'),(308,'T0.company_id','=','all'),(309,'T0.company_id','=','all'),(310,'T0.company_id','=','all'),(311,'T0.company_id','=','all'),(312,'T0.company_id','=','all'),(312,'T0.department_id','=','all'),(312,'T0.employee','=','all'),(312,'T0.date','>=','July 01, 2016'),(312,'T0.date','<=','July 15, 2016'),(313,'T0.company_id','=','all'),(313,'T0.department_id','=','all'),(313,'T0.employee','=','all'),(313,'T0.date','>=','June 22, 2016'),(313,'T0.date','<=','July 08, 2016'),(314,'T0.company_id','=','all'),(315,'T0.company_id','=','all'),(316,'T0.company_id','=','2'),(317,'T0.company_id','=','1'),(318,'T0.company_id','=','4'),(319,'T0.company_id','=','all'),(320,'T0.company_id','=','all'),(321,'T0.company_id','=','all'),(322,'T0.company_id','=','all'),(323,'T0.company_id','=','all'),(324,'T0.company_id','=','all'),(325,'T0.company_id','=','all'),(326,'T0.company_id','=','all'),(327,'T0.company_id','=','all'),(328,'T0.company_id','=','all'),(329,'T0.company_id','=','all'),(330,'T0.company_id','=','all'),(331,'T0.company_id','=','all'),(332,'T0.company_id','=','all'),(333,'T0.company_id','=','all'),(334,'T0.company_id','=','all'),(335,'T0.company_id','=','all'),(336,'T0.company_id','=','all'),(337,'T0.company_id','=','all'),(338,'T0.company_id','=','all'),(339,'T0.company_id','=','2'),(340,'T0.company_id','=','2'),(341,'T0.company_id','=','2'),(342,'T0.company_id','=','all'),(343,'T0.company_id','=','all'),(344,'T0.company_id','=','all'),(345,'T0.company_id','=','all'),(346,'T0.company_id','=','all'),(347,'T0.company_id','=','all'),(348,'T0.company_id','=','all'),(349,'T0.company_id','=','all'),(350,'T0.company_id','=','all'),(351,'T0.company_id','=','all'),(352,'T0.company_id','=','all'),(353,'T0.company_id','=','all'),(354,'T0.company_id','=','all'),(355,'T0.company_id','=','all'),(356,'T0.company_id','=','all'),(357,'T0.company_id','=','all'),(358,'T0.company_id','=','all'),(359,'T0.company_id','=','all'),(360,'T0.company_id','=','2'),(361,'T0.company_id','=','2'),(362,'T0.company_id','=','2'),(363,'T0.company_id','=','all'),(364,'T0.company_id','=','all'),(365,'T0.company_id','=','all'),(366,'T0.company_id','=','all'),(367,'T0.company_id','=','all'),(368,'T0.company_id','=','all'),(369,'T0.company_id','=','all'),(370,'T0.company_id','=','all'),(371,'T0.company_id','=','all'),(372,'T0.company_id','=','all'),(373,'T0.company_id','=','all'),(374,'T0.company_id','=','2'),(375,'T0.company_id','=','all'),(376,'T0.company_id','=','all'),(376,'T0.department_id','=','all'),(376,'T0.year','=','all'),(376,'T0.month_id','=','all'),(377,'T0.company_id','=','all'),(377,'T0.department_id','=','all'),(377,'T0.year','=','all'),(377,'T0.month_id','=','7'),(378,'T0.company_id','=','all'),(380,'T0.company_id','=','all'),(390,'T0.company_id','=','all'),(390,'T0.department_id','=','all'),(390,'T0.year','=','all'),(390,'T0.month_id','=','all'),(391,'T0.company_id','=','all'),(392,'T0.company_id','=','all'),(393,'T0.company_id','=','all'),(393,'T0.department_id','=','all'),(393,'T0.year','=','all'),(393,'T0.month_id','=','all'),(394,'T0.company_id','=','all'),(394,'T0.department_id','=','all'),(394,'T0.employee','=','all'),(394,'T0.date','>=','July 01, 2016'),(394,'T0.date','<=','July 31, 2016'),(395,'T0.company_id','=','all'),(395,'T0.department_id','=','all'),(395,'T0.employee','=','all'),(395,'T0.date','>=','July 01, 2016'),(395,'T0.date','<=','July 30, 2016'),(396,'T0.company_id','=','all'),(396,'T0.department_id','=','all'),(396,'T0.employee','=','all'),(396,'T0.date','>=','July 01, 2016'),(396,'T0.date','<=','July 30, 2016'),(397,'T0.payroll_date','=','July 15, 2016'),(397,'T0.company_id','=','all'),(398,'T0.company_id','=','all'),(399,'T0.payroll_date','=','July 15, 2016'),(399,'T0.company_id','=','all'),(400,'T0.company_id','=','all'),(400,'T0.department_id','=','all'),(400,'T0.year','=','all'),(400,'T0.month_id','=','all'),(401,'T0.company_id','=','all'),(401,'T0.month','=','all'),(402,'T0.company_id','=','all'),(402,'T0.department_id','=','all'),(402,'T0.year','=','all'),(402,'T0.month_id','=','all'),(403,'T0.company_id','=','3'),(1,'T0.company_id','=','all'),(2,'T0.company_id','=','all'),(3,'T0.company_id','=','all'),(4,'T0.company_id','=','all'),(5,'T0.company_id','=','1'),(6,'T0.company_id','=','all'),(7,'T0.company_id','=','all'),(9,'T0.company_id','=','1'),(12,'T0.company_id','=','all'),(13,'T0.company_id','=','1'),(13,'T0.department_id','=','all'),(13,'T0.employee','=','46'),(13,'T0.date','>=','July 01, 2016'),(13,'T0.date','<=','July 30, 2016'),(14,'T0.company_id','=','1'),(14,'T0.department_id','=','all'),(14,'T0.employee','=','46'),(14,'T0.date','>=','July 01, 2016'),(14,'T0.date','<=','July 30, 2016'),(15,'T0.company_id','=','1'),(15,'T0.payroll_date','=','July 25, 2016'),(15,'T0.department_id','IN',''),(15,'T0.employee','IN','46'),(16,'T0.company_id','=','1'),(16,'T0.payroll_date','=','July 25, 2016'),(16,'T0.department_id','IN',''),(16,'T0.employee','IN','46'),(17,'T0.payroll_date','=','July 25, 2016'),(17,'T0.company_id','=','1'),(20,'T0.company_id','=','1'),(22,'T0.payroll_date','=','July 25, 2016'),(22,'T0.company_id','=','1'),(23,'T0.company_id','=','all'),(23,'T0.department_id','=','all'),(23,'T0.year','=','2016'),(23,'T0.month_id','=','7'),(24,'T0.company_id','=','2'),(24,'T0.payroll_date','=','July 25, 2016'),(24,'T0.department_id','IN',',29'),(24,'T0.employee','IN','152'),(25,'T0.company_id','=','2'),(25,'T0.payroll_date','=','July 25, 2016'),(25,'T0.department_id','IN',',29'),(25,'T0.employee','IN','152'),(38,'T0.company_id','=','all'),(38,'T0.department_id','=','all'),(38,'T0.employee','=','3'),(38,'T0.date','>=','July 01, 2016'),(38,'T0.date','<=','July 31, 2016'),(39,'T0.company_id','=','all'),(40,'T0.company_id','=','all'),(40,'T0.department_id','=','all'),(40,'T0.year','=','2016'),(40,'T0.month_id','=','7'),(1,'T0.company_id','=','all'),(1,'T0.division_id','=','all'),(4,'T0.company_id','=','all'),(4,'T0.project_id','=','all'),(4,'T0.department_id','=','all'),(4,'T0.user_id','=','all'),(4,'T0.year','=','all'),(5,'T0.company_id','=','all'),(5,'T0.project_id','=','all'),(5,'T0.department_id','=','all'),(5,'T0.user_id','=','all'),(5,'T0.year','=','all'),(6,'T0.company_id','=','all'),(6,'T0.project_id','=','all'),(6,'T0.department_id','=','all'),(6,'T0.user_id','=','all'),(6,'T0.year','=','all'),(7,'T0.company_id','=','all'),(7,'T0.project_id','=','all'),(7,'T0.department_id','=','all'),(7,'T0.user_id','=','all'),(7,'T0.year','=','all'),(8,'T0.company_id','=','all'),(8,'T0.project_id','=','all'),(8,'T0.department_id','=','all'),(8,'T0.user_id','=','all'),(8,'T0.year','=','all'),(9,'T0.company_id','=','all'),(9,'T0.project_id','=','all'),(9,'T0.department_id','=','all'),(9,'T0.user_id','=','all'),(9,'T0.year','=','all'),(10,'T0.company_id','=','all'),(10,'T0.project_id','=','all'),(10,'T0.department_id','=','all'),(10,'T0.user_id','=','all'),(10,'T0.year','=','all'),(11,'T0.company_id','=','all'),(11,'T0.project_id','=','all'),(11,'T0.department_id','=','all'),(11,'T0.user_id','=','all'),(11,'T0.year','=','all'),(12,'T0.company_id','=','all'),(12,'T0.project_id','=','all'),(12,'T0.department_id','=','all'),(12,'T0.user_id','=','all'),(12,'T0.year','=','all'),(13,'T0.company_id','=','all'),(13,'T0.project_id','=','all'),(13,'T0.department_id','=','all'),(13,'T0.user_id','=','all'),(13,'T0.year','=','all'),(14,'T0.company_id','=','all'),(15,'T0.company_id','=','all'),(15,'T0.project_id','=','all'),(15,'T0.department_id','=','all'),(15,'T0.user_id','=','all'),(15,'T0.year','=','all'),(16,'T0.company_id','=','all'),(16,'T0.project_id','=','all'),(16,'T0.department_id','=','all'),(16,'T0.user_id','=','all'),(16,'T0.year','=','all'),(17,'T0.company_id','=','all'),(17,'T0.project_id','=','all'),(17,'T0.department_id','=','all'),(17,'T0.user_id','=','all'),(17,'T0.year','=','all'),(18,'T0.company_id','=','all'),(18,'T0.project_id','=','all'),(18,'T0.department_id','=','all'),(18,'T0.user_id','=','all'),(18,'T0.year','=','all'),(19,'T0.company_id','=','all'),(19,'T0.project_id','=','all'),(19,'T0.department_id','=','all'),(19,'T0.user_id','=','all'),(19,'T0.year','=','all'),(20,'T0.company_id','=','all'),(20,'T0.project_id','=','all'),(20,'T0.department_id','=','all'),(20,'T0.user_id','=','all'),(20,'T0.year','=','all'),(21,'T0.company_id','=','all'),(21,'T0.project_id','=','all'),(21,'T0.department_id','=','all'),(21,'T0.user_id','=','all'),(21,'T0.year','=','all'),(22,'T0.company_id','=','all'),(23,'T0.company_id','=','all'),(23,'T0.project_id','=','all'),(23,'T0.department_id','=','all'),(23,'T0.user_id','=','all'),(23,'T0.year','=','all'),(24,'T0.company_id','=','all'),(24,'T0.project_id','=','all'),(24,'T0.department_id','=','all'),(24,'T0.user_id','=','all'),(24,'T0.year','=','all'),(25,'T0.company_id','=','all'),(25,'T0.project_id','=','all'),(25,'T0.department_id','=','all'),(25,'T0.user_id','=','all'),(25,'T0.year','=','all'),(26,'T0.company_id','=','all'),(26,'T0.project_id','=','all'),(26,'T0.department_id','=','all'),(26,'T0.user_id','=','all'),(26,'T0.year','=','all'),(27,'T0.company_id','=','all'),(27,'T0.project_id','=','all'),(27,'T0.department_id','=','all'),(27,'T0.user_id','=','all'),(27,'T0.year','=','all'),(28,'T0.company_id','=','all'),(28,'T0.project_id','=','all'),(28,'T0.department_id','=','all'),(28,'T0.user_id','=','all'),(28,'T0.year','=','all'),(29,'T0.company_id','=','all'),(29,'T0.project_id','=','all'),(29,'T0.department_id','=','all'),(29,'T0.user_id','=','all'),(29,'T0.year','=','all'),(30,'T0.company_id','=','all'),(30,'T0.project_id','=','all'),(30,'T0.department_id','=','all'),(30,'T0.user_id','=','all'),(30,'T0.year','=','all'),(31,'T0.company_id','=','all'),(31,'T0.project_id','=','all'),(31,'T0.department_id','=','all'),(31,'T0.user_id','=','all'),(31,'T0.year','=','all'),(32,'T0.company_id','=','all'),(32,'T0.project_id','=','all'),(32,'T0.department_id','=','all'),(32,'T0.user_id','=','all'),(32,'T0.year','=','all'),(33,'T0.company_id','=','all'),(33,'T0.project_id','=','all'),(33,'T0.department_id','=','all'),(33,'T0.user_id','=','all'),(33,'T0.year','=','all'),(34,'T0.company_id','=','all'),(34,'T0.project_id','=','all'),(34,'T0.department_id','=','all'),(34,'T0.user_id','=','all'),(34,'T0.year','=','all'),(35,'T0.company_id','=','all'),(35,'T0.project_id','=','all'),(35,'T0.department_id','=','all'),(35,'T0.user_id','=','all'),(35,'T0.year','=','all'),(36,'T0.company_id','=','all'),(36,'T0.project_id','=','all'),(36,'T0.department_id','=','all'),(36,'T0.user_id','=','all'),(36,'T0.year','=','all'),(37,'T0.company_id','=','all'),(37,'T0.project_id','=','all'),(37,'T0.department_id','=','all'),(37,'T0.user_id','=','all'),(37,'T0.year','=','all'),(38,'T0.company_id','=','all'),(38,'T0.project_id','=','all'),(38,'T0.department_id','=','all'),(38,'T0.user_id','=','all'),(38,'T0.year','=','all'),(39,'T0.company_id','=','all'),(39,'T0.project_id','=','all'),(39,'T0.department_id','=','all'),(39,'T0.user_id','=','all'),(39,'T0.year','=','all'),(40,'T0.company_id','=','all'),(40,'T0.project_id','=','all'),(40,'T0.department_id','=','all'),(40,'T0.user_id','=','all'),(40,'T0.year','=','all'),(41,'T0.company_id','=','all'),(41,'T0.project_id','=','all'),(41,'T0.department_id','=','all'),(41,'T0.user_id','=','all'),(41,'T0.year','=','all'),(42,'T0.company_id','=','all'),(42,'T0.project_id','=','all'),(42,'T0.department_id','=','all'),(42,'T0.user_id','=','all'),(42,'T0.year','=','all'),(43,'T0.company_id','=','all'),(43,'T0.project_id','=','all'),(43,'T0.department_id','=','all'),(43,'T0.user_id','=','all'),(43,'T0.year','=','all'),(44,'T0.company_id','=','all'),(44,'T0.project_id','=','all'),(44,'T0.department_id','=','all'),(44,'T0.user_id','=','all'),(44,'T0.year','=','all'),(45,'T0.company_id','=','all'),(45,'T0.project_id','=','all'),(45,'T0.department_id','=','all'),(45,'T0.user_id','=','all'),(45,'T0.year','=','all'),(46,'T0.company_id','=','all'),(46,'T0.project_id','=','all'),(46,'T0.department_id','=','all'),(46,'T0.user_id','=','all'),(46,'T0.year','=','all'),(47,'T0.company_id','=','all'),(47,'T0.project_id','=','all'),(47,'T0.department_id','=','all'),(47,'T0.user_id','=','all'),(47,'T0.year','=','all'),(48,'T0.company_id','=','all'),(48,'T0.project_id','=','all'),(48,'T0.department_id','=','all'),(48,'T0.user_id','=','all'),(48,'T0.year','=','all'),(49,'T0.company_id','=','all'),(49,'T0.project_id','=','all'),(49,'T0.department_id','=','all'),(49,'T0.user_id','=','all'),(49,'T0.year','=','all'),(50,'T0.company_id','=','all'),(50,'T0.project_id','=','all'),(50,'T0.department_id','=','all'),(50,'T0.user_id','=','all'),(50,'T0.year','=','all'),(51,'T0.company_id','=','all'),(52,'T0.company_id','=','all'),(53,'T0.company_id','=','1'),(53,'T0.department_id','=','all'),(53,'T0.employee','=','all'),(53,'T0.date','>=','September 26, 2016'),(53,'T0.date','<=','October 10, 2016'),(54,'T0.company_id','=','1'),(54,'T0.project_id','=','all'),(54,'T0.department_id','=','all'),(54,'T0.user_id','=','all'),(54,'T0.year','=','all'),(55,'T0.company_id','=','1'),(55,'T0.project_id','=','all'),(55,'T0.department_id','=','all'),(55,'T0.user_id','=','all'),(55,'T0.year','=','all'),(56,'T0.company_id','=','1'),(56,'T0.project_id','=','all'),(56,'T0.department_id','=','all'),(56,'T0.user_id','=','2'),(56,'T0.year','=','all'),(57,'T0.company_id','=','1'),(57,'T0.project_id','=','all'),(57,'T0.department_id','=','all'),(57,'T0.user_id','=','2'),(57,'T0.year','=','all'),(58,'T0.company_id','=','1'),(58,'T0.project_id','=','all'),(58,'T0.department_id','=','all'),(58,'T0.user_id','=','2'),(58,'T0.year','=','all'),(59,'T0.company_id','=','all'),(60,'T0.company_id','=','all'),(60,'T0.project_id','=','all'),(60,'T0.department_id','=','all'),(60,'T0.user_id','=','2'),(60,'T0.year','=','all'),(61,'T0.company_id','=','all'),(61,'T0.project_id','=','all'),(61,'T0.department_id','=','all'),(61,'T0.user_id','=','2'),(61,'T0.year','=','all'),(62,'T0.company_id','=','all'),(62,'T0.project_id','=','all'),(62,'T0.department_id','=','all'),(62,'T0.user_id','=','2'),(62,'T0.year','=','all'),(64,'T0.company_id','=','all'),(64,'T0.department_id','=','all'),(64,'T0.employee','=','all'),(64,'T0.date','>=','October 02, 2016'),(64,'T0.date','<=','October 31, 2016'),(65,'T0.company_id','=','all'),(65,'T0.department_id','=','all'),(65,'T0.employee','=','all'),(65,'T0.date','>=','October 01, 2016'),(65,'T0.date','<=','October 31, 2016'),(66,'T0.company_id','=','all'),(66,'T0.payroll_date','=','October 15, 2016'),(66,'T0.project_id','=','all'),(66,'T0.payroll_rate_type_id','=','all'),(67,'T0.company_id','=','all'),(67,'T0.payroll_date','=','October 15, 2016'),(67,'T0.project_id','=','all'),(67,'T0.payroll_rate_type_id','=','all'),(68,'T0.company_id','=','all'),(68,'T0.payroll_date','=','October 15, 2016'),(68,'T0.project_id','=','all'),(68,'T0.payroll_rate_type_id','=','all'),(69,'T0.company_id','=','all'),(69,'T0.project_id','=','all'),(69,'T0.department_id','=','all'),(69,'T0.user_id','=','all'),(69,'T0.year','=','all'),(70,'T0.company_id','=','all'),(70,'T0.project_id','=','all'),(70,'T0.department_id','=','all'),(70,'T0.user_id','=','all'),(70,'T0.year','=','all'),(71,'T0.company_id','=','all'),(71,'T0.project_id','=','all'),(71,'T0.department_id','=','all'),(71,'T0.user_id','=','all'),(71,'T0.year','=','all'),(72,'T0.company_id','=','all'),(72,'T0.project_id','=','all'),(72,'T0.department_id','=','all'),(72,'T0.user_id','=','all'),(72,'T0.year','=','all'),(73,'T0.company_id','=','all'),(73,'T0.project_id','=','all'),(73,'T0.department_id','=','all'),(73,'T0.user_id','=','13'),(73,'T0.year','=','2016'),(74,'T0.company_id','=','all'),(74,'T0.payroll_date','=','October 15, 2016'),(74,'T0.project_id','=','all'),(74,'T0.payroll_rate_type_id','=','all'),(75,'T0.company_id','=','all'),(75,'T0.payroll_date','=','October 15, 2016'),(75,'T0.project_id','=','all'),(75,'T0.payroll_rate_type_id','=','all'),(76,'T0.company_id','=','all'),(76,'T0.payroll_date','=','October 15, 2016'),(76,'T0.project_id','=','all'),(76,'T0.payroll_rate_type_id','=','all'),(77,'T0.company_id','=','all'),(77,'T0.payroll_date','=','October 15, 2016'),(77,'T0.project_id','=','all'),(77,'T0.payroll_rate_type_id','=','all'),(78,'T0.company_id','=','all'),(78,'T0.payroll_date','=','October 15, 2016'),(78,'T0.project_id','=','all'),(78,'T0.payroll_rate_type_id','=','all'),(79,'T0.company_id','=','all'),(79,'T0.payroll_date','=','October 15, 2016'),(79,'T0.project_id','=','all'),(79,'T0.payroll_rate_type_id','=','all'),(80,'T0.company_id','=','all'),(80,'T0.payroll_date','=','October 15, 2016'),(80,'T0.project_id','=','all'),(80,'T0.payroll_rate_type_id','=','all'),(81,'T0.company_id','=','all'),(81,'T0.payroll_date','=','October 15, 2016'),(81,'T0.project_id','=','all'),(81,'T0.payroll_rate_type_id','=','all'),(82,'T0.company_id','=','all'),(82,'T0.payroll_date','=','October 15, 2016'),(82,'T0.project_id','=','all'),(82,'T0.payroll_rate_type_id','=','all'),(83,'T0.company_id','=','all'),(83,'T0.payroll_date','=','October 15, 2016'),(83,'T0.project_id','=','all'),(83,'T0.payroll_rate_type_id','=','all'),(84,'T0.company_id','=','all'),(84,'T0.payroll_date','=','October 15, 2016'),(84,'T0.project_id','=','all'),(84,'T0.payroll_rate_type_id','=','all'),(85,'T0.company_id','=','all'),(85,'T0.payroll_date','=','October 15, 2016'),(85,'T0.project_id','=','all'),(85,'T0.payroll_rate_type_id','=','all'),(86,'T0.company_id','=','all'),(86,'T0.payroll_date','=','October 15, 2016'),(86,'T0.project_id','=','all'),(86,'T0.payroll_rate_type_id','=','all'),(87,'T0.company_id','=','all'),(87,'T0.payroll_date','=','October 15, 2016'),(87,'T0.project_id','=','all'),(87,'T0.payroll_rate_type_id','=','all'),(88,'T0.company_id','=','all'),(88,'T0.payroll_date','=','October 15, 2016'),(88,'T0.project_id','=','all'),(88,'T0.payroll_rate_type_id','=','all'),(89,'T0.company_id','=','all'),(89,'T0.payroll_date','=','October 15, 2016'),(89,'T0.project_id','=','all'),(89,'T0.payroll_rate_type_id','=','all'),(90,'T0.company_id','=','all'),(90,'T0.payroll_date','=','October 15, 2016'),(90,'T0.project_id','=','all'),(90,'T0.payroll_rate_type_id','=','all'),(91,'T0.company_id','=','all'),(91,'T0.payroll_date','=','October 15, 2016'),(91,'T0.project_id','=','all'),(91,'T0.payroll_rate_type_id','=','all'),(92,'T0.company_id','=','all'),(92,'T0.payroll_date','=','October 15, 2016'),(92,'T0.project_id','=','all'),(92,'T0.payroll_rate_type_id','=','all'),(93,'T0.company_id','=','all'),(93,'T0.payroll_date','=','October 15, 2016'),(93,'T0.project_id','=','all'),(93,'T0.payroll_rate_type_id','=','all'),(94,'T0.company_id','=','all'),(94,'T0.payroll_date','=','October 15, 2016'),(94,'T0.project_id','=','all'),(94,'T0.payroll_rate_type_id','=','all'),(95,'T0.company_id','=','all'),(95,'T0.department_id','=','all'),(95,'T0.employee','=','all'),(95,'T0.date','>=','January 01, 2016'),(95,'T0.date','<=','October 31, 2016'),(96,'T0.company_id','=','all'),(96,'T0.payroll_date','=','October 15, 2016'),(96,'T0.project_id','=','all'),(96,'T0.payroll_rate_type_id','=','all'),(97,'T0.company_id','=','all'),(97,'T0.payroll_date','=','October 15, 2016'),(97,'T0.project_id','=','all'),(97,'T0.payroll_rate_type_id','=','all'),(98,'T0.company_id','=','all'),(98,'T0.payroll_date','=','October 15, 2016'),(98,'T0.project_id','=','all'),(98,'T0.payroll_rate_type_id','=','all'),(99,'T0.company_id','=','all'),(99,'T0.payroll_date','=','October 15, 2016'),(99,'T0.project_id','=','all'),(99,'T0.payroll_rate_type_id','=','all'),(100,'T0.company_id','=','all'),(100,'T0.payroll_date','=','October 15, 2016'),(100,'T0.project_id','=','all'),(100,'T0.payroll_rate_type_id','=','all'),(101,'T0.company_id','=','all'),(101,'T0.payroll_date','=','October 15, 2016'),(101,'T0.project_id','=','all'),(101,'T0.payroll_rate_type_id','=','all'),(102,'T0.company_id','=','all'),(102,'T0.payroll_date','=','October 15, 2016'),(102,'T0.project_id','=','all'),(102,'T0.payroll_rate_type_id','=','all'),(103,'T0.company_id','=','all'),(103,'T0.payroll_date','=','October 15, 2016'),(103,'T0.project_id','=','all'),(103,'T0.payroll_rate_type_id','=','all'),(104,'T0.company_id','=','all'),(104,'T0.payroll_date','=','October 15, 2016'),(104,'T0.project_id','=','all'),(104,'T0.payroll_rate_type_id','=','all'),(105,'T0.company_id','=','all'),(105,'T0.payroll_date','=','October 15, 2016'),(105,'T0.project_id','=','all'),(105,'T0.payroll_rate_type_id','=','all'),(106,'T0.company_id','=','all'),(106,'T0.payroll_date','=','October 15, 2016'),(106,'T0.project_id','=','all'),(106,'T0.payroll_rate_type_id','=','all'),(107,'T0.company_id','=','all'),(107,'T0.payroll_date','=','October 15, 2016'),(107,'T0.project_id','=','all'),(107,'T0.payroll_rate_type_id','=','all'),(108,'T0.company_id','=','all'),(108,'T0.payroll_date','=','October 15, 2016'),(108,'T0.project_id','=','all'),(108,'T0.payroll_rate_type_id','=','all'),(109,'T0.company_id','=','1'),(109,'T0.payroll_date','=','October 15, 2016'),(109,'T0.project_id','=','3'),(109,'T0.payroll_rate_type_id','=','all'),(110,'T0.company_id','=','all'),(110,'T0.payroll_date','=','October 15, 2016'),(110,'T0.project_id','=','all'),(110,'T0.payroll_rate_type_id','=','all'),(111,'T0.company_id','=','all'),(111,'T0.payroll_date','=','October 15, 2016'),(111,'T0.project_id','=','all'),(111,'T0.payroll_rate_type_id','=','all'),(112,'T0.company_id','=','all'),(112,'T0.payroll_date','=','October 15, 2016'),(112,'T0.project_id','=','all'),(112,'T0.payroll_rate_type_id','=','all'),(113,'T0.company_id','=','all'),(113,'T0.payroll_date','=','October 15, 2016'),(113,'T0.project_id','=','all'),(113,'T0.payroll_rate_type_id','=','all'),(114,'T0.company_id','=','all'),(114,'T0.payroll_date','=','October 15, 2016'),(114,'T0.project_id','=','all'),(114,'T0.payroll_rate_type_id','=','all'),(115,'T0.company_id','=','all'),(115,'T0.payroll_date','=','October 15, 2016'),(115,'T0.project_id','=','all'),(115,'T0.payroll_rate_type_id','=','all'),(116,'T0.company_id','=','all'),(116,'T0.payroll_date','=','October 15, 2016'),(116,'T0.project_id','=','all'),(116,'T0.payroll_rate_type_id','=','all'),(117,'T0.company_id','=','all'),(117,'T0.payroll_date','=','October 15, 2016'),(117,'T0.project_id','=','all'),(117,'T0.payroll_rate_type_id','=','all'),(118,'T0.company_id','=','all'),(118,'T0.payroll_date','=','October 15, 2016'),(118,'T0.project_id','=','all'),(118,'T0.payroll_rate_type_id','=','all'),(119,'T0.company_id','=','all'),(119,'T0.payroll_date','=','October 15, 2016'),(119,'T0.project_id','=','all'),(119,'T0.payroll_rate_type_id','=','all'),(120,'T0.company_id','=','all'),(120,'T0.payroll_date','=','October 15, 2016'),(120,'T0.project_id','=','all'),(120,'T0.payroll_rate_type_id','=','all'),(121,'T0.company_id','=','all'),(121,'T0.payroll_date','=','October 15, 2016'),(121,'T0.project_id','=','all'),(121,'T0.payroll_rate_type_id','=','all'),(122,'T0.company_id','=','all'),(122,'T0.payroll_date','=','October 15, 2016'),(122,'T0.project_id','=','all'),(122,'T0.payroll_rate_type_id','=','all'),(123,'T0.company_id','=','all'),(123,'T0.payroll_date','=','October 15, 2016'),(123,'T0.project_id','=','all'),(123,'T0.payroll_rate_type_id','=','all'),(124,'T0.company_id','=','all'),(124,'T0.payroll_date','=','October 15, 2016'),(124,'T0.project_id','=','all'),(124,'T0.payroll_rate_type_id','=','all'),(125,'T0.company_id','=','all'),(125,'T0.payroll_date','=','October 15, 2016'),(125,'T0.project_id','=','all'),(125,'T0.payroll_rate_type_id','=','all'),(126,'T0.company_id','=','all'),(126,'T0.payroll_date','=','October 15, 2016'),(126,'T0.project_id','=','all'),(126,'T0.payroll_rate_type_id','=','all'),(127,'T0.company_id','=','all'),(127,'T0.payroll_date','=','October 15, 2016'),(127,'T0.project_id','=','all'),(127,'T0.payroll_rate_type_id','=','all'),(128,'T0.company_id','=','all'),(128,'T0.payroll_date','=','October 15, 2016'),(128,'T0.project_id','=','all'),(128,'T0.payroll_rate_type_id','=','all'),(129,'T0.company_id','=','all'),(129,'T0.payroll_date','=','October 15, 2016'),(129,'T0.project_id','=','all'),(129,'T0.payroll_rate_type_id','=','all'),(130,'T0.company_id','=','all'),(130,'T0.payroll_date','=','October 15, 2016'),(130,'T0.project_id','=','all'),(130,'T0.payroll_rate_type_id','=','all'),(131,'T0.company_id','=','all'),(131,'T0.payroll_date','=','October 15, 2016'),(131,'T0.project_id','=','all'),(131,'T0.payroll_rate_type_id','=','all'),(132,'T0.company_id','=','all'),(132,'T0.payroll_date','=','October 15, 2016'),(132,'T0.project_id','=','all'),(132,'T0.payroll_rate_type_id','=','all'),(133,'T0.company_id','=','all'),(133,'T0.payroll_date','=','October 15, 2016'),(133,'T0.project_id','=','all'),(133,'T0.payroll_rate_type_id','=','all'),(134,'T0.company_id','=','all'),(134,'T0.payroll_date','=','October 15, 2016'),(134,'T0.project_id','=','all'),(134,'T0.payroll_rate_type_id','=','all'),(135,'T0.company_id','=','all'),(135,'T0.payroll_date','=','October 15, 2016'),(135,'T0.project_id','=','all'),(135,'T0.payroll_rate_type_id','=','all'),(136,'T0.company_id','=','all'),(136,'T0.payroll_date','=','October 15, 2016'),(136,'T0.project_id','=','all'),(136,'T0.payroll_rate_type_id','=','all'),(137,'T0.company_id','=','all'),(137,'T0.payroll_date','=','October 15, 2016'),(137,'T0.project_id','=','all'),(137,'T0.payroll_rate_type_id','=','all'),(138,'T0.company_id','=','all'),(138,'T0.payroll_date','=','October 15, 2016'),(138,'T0.project_id','=','all'),(138,'T0.payroll_rate_type_id','=','all'),(139,'T0.company_id','=','all'),(139,'T0.payroll_date','=','October 15, 2016'),(139,'T0.project_id','=','all'),(139,'T0.payroll_rate_type_id','=','all'),(140,'T0.company_id','=','all'),(140,'T0.payroll_date','=','October 15, 2016'),(140,'T0.project_id','=','all'),(140,'T0.payroll_rate_type_id','=','all'),(141,'T0.company_id','=','all'),(141,'T0.payroll_date','=','October 15, 2016'),(141,'T0.project_id','=','all'),(141,'T0.payroll_rate_type_id','=','all'),(142,'T0.company_id','=','all'),(142,'T0.payroll_date','=','October 15, 2016'),(142,'T0.project_id','=','all'),(142,'T0.payroll_rate_type_id','=','all'),(143,'T0.company_id','=','all'),(143,'T0.payroll_date','=','October 15, 2016'),(143,'T0.project_id','=','all'),(143,'T0.payroll_rate_type_id','=','all'),(144,'T0.company_id','=','all'),(144,'T0.payroll_date','=','October 15, 2016'),(144,'T0.project_id','=','all'),(144,'T0.payroll_rate_type_id','=','all'),(145,'T0.company_id','=','all'),(145,'T0.payroll_date','=','October 15, 2016'),(145,'T0.project_id','=','all'),(145,'T0.payroll_rate_type_id','=','all'),(146,'T0.company_id','=','all'),(146,'T0.payroll_date','=','October 15, 2016'),(146,'T0.project_id','=','all'),(146,'T0.payroll_rate_type_id','=','all'),(147,'T0.company_id','=','all'),(147,'T0.payroll_date','=','October 15, 2016'),(147,'T0.project_id','=','all'),(147,'T0.payroll_rate_type_id','=','all'),(148,'T0.company_id','=','all'),(148,'T0.payroll_date','=','October 15, 2016'),(148,'T0.project_id','=','all'),(148,'T0.payroll_rate_type_id','=','all'),(149,'T0.company_id','=','all'),(149,'T0.payroll_date','=','October 15, 2016'),(149,'T0.project_id','=','all'),(149,'T0.payroll_rate_type_id','=','all'),(150,'T0.company_id','=','all'),(150,'T0.payroll_date','=','October 15, 2016'),(150,'T0.project_id','=','all'),(150,'T0.payroll_rate_type_id','=','all'),(151,'T0.company_id','=','all'),(151,'T0.payroll_date','=','October 15, 2016'),(151,'T0.project_id','=','all'),(151,'T0.payroll_rate_type_id','=','all'),(152,'T0.company_id','=','all'),(152,'T0.payroll_date','=','October 15, 2016'),(152,'T0.project_id','=','all'),(152,'T0.payroll_rate_type_id','=','all'),(153,'T0.company_id','=','all'),(153,'T0.payroll_date','=','October 15, 2016'),(153,'T0.project_id','=','all'),(153,'T0.payroll_rate_type_id','=','all'),(154,'T0.company_id','=','all'),(154,'T0.payroll_date','=','October 15, 2016'),(154,'T0.project_id','=','all'),(154,'T0.payroll_rate_type_id','=','all'),(155,'T0.company_id','=','all'),(155,'T0.payroll_date','=','October 15, 2016'),(155,'T0.project_id','=','all'),(155,'T0.payroll_rate_type_id','=','all'),(156,'T0.company_id','=','all'),(156,'T0.payroll_date','=','October 15, 2016'),(156,'T0.project_id','=','all'),(156,'T0.payroll_rate_type_id','=','all'),(157,'T0.company_id','=','all'),(157,'T0.payroll_date','=','October 15, 2016'),(157,'T0.project_id','=','all'),(157,'T0.payroll_rate_type_id','=','all'),(158,'T0.company_id','=','all'),(158,'T0.payroll_date','=','October 15, 2016'),(158,'T0.project_id','=','all'),(158,'T0.payroll_rate_type_id','=','all'),(159,'T0.company_id','=','all'),(159,'T0.payroll_date','=','October 15, 2016'),(159,'T0.project_id','=','all'),(159,'T0.payroll_rate_type_id','=','all'),(160,'T0.company_id','=','all'),(160,'T0.payroll_date','=','October 15, 2016'),(160,'T0.project_id','=','all'),(160,'T0.payroll_rate_type_id','=','all'),(161,'T0.company_id','=','all'),(161,'T0.payroll_date','=','October 15, 2016'),(161,'T0.project_id','=','all'),(161,'T0.payroll_rate_type_id','=','all'),(162,'T0.company_id','=','all'),(162,'T0.payroll_date','=','October 15, 2016'),(162,'T0.project_id','=','all'),(162,'T0.payroll_rate_type_id','=','all'),(163,'T0.company_id','=','all'),(163,'T0.payroll_date','=','October 15, 2016'),(163,'T0.project_id','=','all'),(163,'T0.payroll_rate_type_id','=','all'),(164,'T0.company_id','=','all'),(164,'T0.payroll_date','=','October 15, 2016'),(164,'T0.project_id','=','all'),(164,'T0.payroll_rate_type_id','=','all'),(165,'T0.company_id','=','all'),(165,'T0.payroll_date','=','October 15, 2016'),(165,'T0.project_id','=','all'),(165,'T0.payroll_rate_type_id','=','all'),(166,'T0.company_id','=','all'),(166,'T0.payroll_date','=','October 15, 2016'),(166,'T0.project_id','=','all'),(166,'T0.payroll_rate_type_id','=','all'),(167,'T0.company_id','=','all'),(167,'T0.payroll_date','=','October 15, 2016'),(167,'T0.project_id','=','all'),(167,'T0.payroll_rate_type_id','=','all'),(168,'T0.company_id','=','all'),(168,'T0.payroll_date','=','October 15, 2016'),(168,'T0.project_id','=','all'),(168,'T0.payroll_rate_type_id','=','all'),(169,'T0.company_id','=','all'),(169,'T0.payroll_date','=','October 15, 2016'),(169,'T0.project_id','=','all'),(169,'T0.payroll_rate_type_id','=','all'),(170,'T0.company_id','=','all'),(170,'T0.payroll_date','=','October 15, 2016'),(170,'T0.project_id','=','all'),(170,'T0.payroll_rate_type_id','=','all'),(171,'T0.company_id','=','all'),(171,'T0.payroll_date','=','October 15, 2016'),(171,'T0.project_id','=','all'),(171,'T0.payroll_rate_type_id','=','all'),(172,'T0.company_id','=','1'),(172,'T0.payroll_date','=','October 15, 2016'),(172,'T0.project_id','=','3'),(172,'T0.payroll_rate_type_id','=','all'),(173,'T0.company_id','=','1'),(173,'T0.payroll_date','=','October 15, 2016'),(173,'T0.project_id','=','3'),(173,'T0.payroll_rate_type_id','=','all'),(174,'T0.company_id','=','1'),(174,'T0.payroll_date','=','October 15, 2016'),(174,'T0.project_id','=','3'),(174,'T0.payroll_rate_type_id','=','all'),(175,'T0.company_id','=','all'),(175,'T0.project_id','=','all'),(175,'T0.department_id','=','all'),(175,'T0.user_id','=','all'),(175,'T0.year','=','all'),(176,'T0.company_id','=','all'),(176,'T0.project_id','=','all'),(176,'T0.department_id','=','all'),(176,'T0.user_id','=','all'),(176,'T0.year','=','all'),(177,'T0.company_id','=','all'),(177,'T0.project_id','=','all'),(177,'T0.department_id','=','all'),(177,'T0.user_id','=','all'),(177,'T0.year','=','all'),(178,'T0.company_id','=','all'),(178,'T0.project_id','=','all'),(178,'T0.department_id','=','all'),(178,'T0.user_id','=','all'),(178,'T0.year','=','all'),(179,'T0.company_id','=','all'),(179,'T0.project_id','=','all'),(179,'T0.department_id','=','all'),(179,'T0.user_id','=','all'),(179,'T0.year','=','all'),(180,'T0.company_id','=','all'),(180,'T0.project_id','=','all'),(180,'T0.department_id','=','all'),(180,'T0.user_id','=','all'),(180,'T0.year','=','all'),(181,'T0.company_id','=','all'),(181,'T0.project_id','=','all'),(181,'T0.department_id','=','all'),(181,'T0.user_id','=','all'),(181,'T0.year','=','all'),(182,'T0.company_id','=','all'),(182,'T0.project_id','=','all'),(182,'T0.department_id','=','all'),(182,'T0.user_id','=','all'),(182,'T0.year','=','all'),(183,'T0.company_id','=','all'),(183,'T0.project_id','=','all'),(183,'T0.department_id','=','all'),(183,'T0.user_id','=','all'),(183,'T0.year','=','all'),(184,'T0.company_id','=','all'),(184,'T0.project_id','=','all'),(184,'T0.department_id','=','all'),(184,'T0.user_id','=','all'),(184,'T0.year','=','all'),(185,'T0.company_id','=','all'),(186,'T0.company_id','=','all'),(186,'T0.payroll_date','=','October 15, 2016'),(186,'T0.project_id','=','all'),(186,'T0.payroll_rate_type_id','=','all'),(187,'T0.company_id','=','all'),(187,'T0.project_id','=','all'),(187,'T0.department_id','=','all'),(187,'T0.user_id','=','all'),(187,'T0.year','=','all'),(188,'T0.company_id','=','all'),(188,'T0.project_id','=','all'),(188,'T0.department_id','=','all'),(188,'T0.user_id','=','all'),(188,'T0.year','=','all'),(189,'T0.company_id','=','all'),(189,'T0.project_id','=','all'),(189,'T0.department_id','=','all'),(189,'T0.user_id','=','all'),(189,'T0.year','=','all'),(190,'T0.company_id','=','all'),(190,'T0.project_id','=','all'),(190,'T0.department_id','=','all'),(190,'T0.user_id','=','all'),(190,'T0.year','=','all'),(191,'T0.company_id','=','all'),(191,'T0.project_id','=','all'),(191,'T0.department_id','=','all'),(191,'T0.user_id','=','all'),(191,'T0.year','=','all'),(192,'T0.company_id','=','all'),(192,'T0.payroll_date','=','October 15, 2016'),(192,'T0.project_id','=','all'),(192,'T0.payroll_rate_type_id','=','all'),(193,'T0.company_id','=','all'),(193,'T0.project_id','=','all'),(193,'T0.department_id','=','all'),(193,'T0.user_id','=','all'),(193,'T0.year','=','all'),(194,'T0.company_id','=','all'),(194,'T0.project_id','=','all'),(194,'T0.department_id','=','all'),(194,'T0.user_id','=','all'),(194,'T0.year','=','all'),(195,'T0.company_id','=','all'),(195,'T0.project_id','=','all'),(195,'T0.department_id','=','all'),(195,'T0.user_id','=','all'),(195,'T0.year','=','all'),(196,'T0.company_id','=','all'),(196,'T0.project_id','=','all'),(196,'T0.department_id','=','all'),(196,'T0.user_id','=','all'),(196,'T0.year','=','all'),(197,'T0.company_id','=','all'),(197,'T0.project_id','=','all'),(197,'T0.department_id','=','all'),(197,'T0.user_id','=','all'),(197,'T0.year','=','all'),(198,'T0.company_id','=','all'),(198,'T0.department_id','=','all'),(198,'T0.employee','=','all'),(198,'T0.date','>=','September 01, 2016'),(198,'T0.date','<=','October 31, 2016'),(199,'T0.company_id','=','all'),(199,'T0.department_id','=','all'),(199,'T0.employee','=','all'),(199,'T0.date','>=','September 01, 2016'),(199,'T0.date','<=','October 31, 2016'),(200,'T0.company_id','=','all'),(200,'T0.project_id','=','all'),(200,'T0.department_id','=','all'),(200,'T0.user_id','=','all'),(200,'T0.year','=','all'),(201,'T0.company_id','=','all'),(201,'T0.project_id','=','all'),(201,'T0.department_id','=','all'),(201,'T0.user_id','=','all'),(201,'T0.year','=','all'),(202,'T0.company_id','=','all'),(202,'T0.project_id','=','all'),(202,'T0.department_id','=','all'),(202,'T0.user_id','=','2'),(202,'T0.year','=','all'),(203,'T0.company_id','=','all'),(203,'T0.project_id','=','all'),(203,'T0.department_id','=','all'),(203,'T0.user_id','=','2'),(203,'T0.year','=','all'),(204,'T0.company_id','=','all'),(204,'T0.project_id','=','all'),(204,'T0.department_id','=','all'),(204,'T0.user_id','=','2'),(204,'T0.year','=','2016'),(206,'T0.company_id','=','all'),(206,'T0.project_id','=','all'),(206,'T0.department_id','=','all'),(206,'T0.user_id','=','all'),(206,'T0.year','=','all'),(207,'T0.company_id','=','all'),(207,'T0.project_id','=','all'),(207,'T0.department_id','=','all'),(207,'T0.user_id','=','all'),(207,'T0.year','=','all'),(208,'T0.company_id','=','all'),(208,'T0.project_id','=','all'),(208,'T0.department_id','=','all'),(208,'T0.user_id','=','all'),(208,'T0.year','=','all'),(209,'T0.company_id','=','all'),(209,'T0.project_id','=','all'),(209,'T0.department_id','=','all'),(209,'T0.user_id','=','all'),(209,'T0.year','=','all'),(210,'T0.company_id','=','all'),(210,'T0.project_id','=','all'),(210,'T0.department_id','=','all'),(210,'T0.user_id','=','all'),(210,'T0.year','=','all'),(211,'T0.company_id','=','all'),(211,'T0.project_id','=','all'),(211,'T0.department_id','=','all'),(211,'T0.user_id','=','all'),(211,'T0.year','=','all'),(212,'T0.company_id','=','all'),(212,'T0.project_id','=','all'),(212,'T0.department_id','=','all'),(212,'T0.user_id','=','all'),(212,'T0.year','=','all'),(213,'T0.company_id','=','all'),(213,'T0.project_id','=','all'),(213,'T0.department_id','=','all'),(213,'T0.user_id','=','all'),(213,'T0.year','=','all'),(214,'T0.company_id','=','all'),(214,'T0.project_id','=','all'),(214,'T0.department_id','=','all'),(214,'T0.user_id','=','all'),(214,'T0.year','=','all'),(217,'T0.company_id','=','all'),(217,'T0.project_id','=','all'),(217,'T0.department_id','=','all'),(217,'T0.user_id','=','all'),(217,'T0.year','=','all'),(219,'T0.company_id','=','all'),(219,'T0.payroll_date','=','October 15, 2016'),(219,'T0.project_id','=','all'),(219,'T0.payroll_rate_type_id','=','all'),(220,'T0.company_id','=','all'),(220,'T0.payroll_date','=','October 15, 2016'),(220,'T0.project_id','=','all'),(220,'T0.payroll_rate_type_id','=','all'),(221,'T0.company_id','=','all'),(221,'T0.project_id','=','all'),(221,'T0.department_id','=','all'),(221,'T0.user_id','=','all'),(221,'T0.year','=','all'),(222,'T0.company_id','=','1'),(222,'T0.project_id','=','3'),(222,'T0.department_id','=','all'),(222,'T0.user_id','=','all'),(222,'T0.year','=','2016'),(225,'T0.company_id','=','all'),(225,'T0.project_id','=','3'),(225,'T0.department_id','=','all'),(225,'T0.user_id','=','all'),(225,'T0.year','=','all'),(226,'T0.company_id','=','1'),(226,'T0.project_id','=','3'),(226,'T0.department_id','=','3'),(226,'T0.user_id','=','all'),(226,'T0.year','=','2016'),(227,'T0.company_id','=','1'),(227,'T0.payroll_date','=','October 15, 2016'),(227,'T0.project_id','=','3'),(227,'T0.payroll_rate_type_id','=','all'),(274,'T0.company_id','=','all'),(274,'T0.project_id','=','all'),(274,'T0.department_id','=','all'),(274,'T0.user_id','=','2'),(274,'T0.year','=','2016'),(310,'T0.company_id','=','all'),(310,'T0.project_id','=','all'),(310,'T0.department_id','=','all'),(310,'T0.user_id','=','all'),(310,'T0.year','=','all'),(313,'T0.company_id','=','all'),(313,'T0.project_id','=','all'),(313,'T0.department_id','=','all'),(313,'T0.user_id','=','all'),(313,'T0.year','=','all'),(314,'T0.company_id','=','all'),(314,'T0.project_id','=','all'),(314,'T0.department_id','=','all'),(314,'T0.user_id','=','all'),(314,'T0.year','=','all'),(315,'T0.company_id','=','all'),(315,'T0.project_id','=','all'),(315,'T0.department_id','=','all'),(315,'T0.user_id','=','all'),(315,'T0.year','=','all'),(316,'T0.company_id','=','all'),(316,'T0.project_id','=','all'),(316,'T0.department_id','=','all'),(316,'T0.user_id','=','all'),(316,'T0.year','=','all'),(317,'T0.company_id','=','all'),(317,'T0.project_id','=','all'),(317,'T0.department_id','=','all'),(317,'T0.user_id','=','all'),(317,'T0.year','=','all'),(318,'T0.company_id','=','all'),(318,'T0.project_id','=','all'),(318,'T0.department_id','=','all'),(318,'T0.user_id','=','all'),(318,'T0.year','=','all'),(319,'T0.company_id','=','all'),(319,'T0.project_id','=','all'),(319,'T0.department_id','=','all'),(319,'T0.user_id','=','all'),(319,'T0.year','=','all'),(320,'T0.company_id','=','all'),(320,'T0.project_id','=','all'),(320,'T0.department_id','=','all'),(320,'T0.user_id','=','all'),(320,'T0.year','=','all'),(321,'T0.company_id','=','all'),(321,'T0.project_id','=','all'),(321,'T0.department_id','=','all'),(321,'T0.user_id','=','all'),(321,'T0.year','=','all'),(322,'T0.company_id','=','all'),(322,'T0.project_id','=','all'),(322,'T0.department_id','=','all'),(322,'T0.user_id','=','all'),(322,'T0.year','=','all'),(323,'T0.company_id','=','all'),(323,'T0.project_id','=','all'),(323,'T0.department_id','=','all'),(323,'T0.user_id','=','all'),(323,'T0.year','=','all'),(324,'T0.company_id','=','all'),(324,'T0.project_id','=','all'),(324,'T0.department_id','=','all'),(324,'T0.user_id','=','all'),(324,'T0.year','=','all'),(326,'T0.company_id','=','all'),(326,'T0.project_id','=','all'),(326,'T0.department_id','=','all'),(326,'T0.user_id','=','all'),(326,'T0.year','=','all'),(327,'T0.company_id','=','all'),(327,'T0.project_id','=','all'),(327,'T0.department_id','=','all'),(327,'T0.user_id','=','all'),(327,'T0.year','=','all'),(329,'T0.company_id','=','all'),(329,'T0.project_id','=','all'),(329,'T0.department_id','=','all'),(329,'T0.user_id','=','all'),(329,'T0.year','=','all'),(331,'T0.company_id','=','all'),(331,'T0.project_id','=','all'),(331,'T0.department_id','=','all'),(331,'T0.user_id','=','all'),(331,'T0.year','=','all'),(332,'T0.company_id','=','all'),(332,'T0.project_id','=','all'),(332,'T0.department_id','=','all'),(332,'T0.user_id','=','all'),(332,'T0.year','=','all'),(333,'T0.company_id','=','all'),(333,'T0.project_id','=','all'),(333,'T0.department_id','=','all'),(333,'T0.user_id','=','all'),(333,'T0.year','=','all'),(334,'T0.company_id','=','all'),(334,'T0.project_id','=','all'),(334,'T0.department_id','=','all'),(334,'T0.user_id','=','all'),(334,'T0.year','=','all'),(335,'T0.company_id','=','all'),(335,'T0.project_id','=','all'),(335,'T0.department_id','=','all'),(335,'T0.user_id','=','all'),(335,'T0.year','=','all'),(336,'T0.company_id','=','all'),(336,'T0.project_id','=','all'),(336,'T0.department_id','=','all'),(336,'T0.user_id','=','all'),(336,'T0.year','=','all'),(337,'T0.company_id','=','all'),(337,'T0.project_id','=','all'),(337,'T0.department_id','=','all'),(337,'T0.user_id','=','all'),(337,'T0.year','=','all'),(340,'T0.payroll_date','=','October 15, 2016'),(340,'T0.company_id','=','all'),(341,'T0.company_id','=','all'),(341,'T0.project_id','=','all'),(341,'T0.department_id','=','all'),(341,'T0.user_id','=','all'),(341,'T0.year','=','all'),(342,'T0.company_id','=','all'),(342,'T0.project_id','=','all'),(342,'T0.department_id','=','all'),(342,'T0.user_id','=','all'),(342,'T0.year','=','all'),(343,'T0.company_id','=','all'),(343,'T0.project_id','=','all'),(343,'T0.department_id','=','all'),(343,'T0.user_id','=','all'),(343,'T0.year','=','all'),(344,'T0.company_id','=','all'),(344,'T0.project_id','=','all'),(344,'T0.department_id','=','all'),(344,'T0.user_id','=','all'),(344,'T0.year','=','2016'),(345,'T0.company_id','=','all'),(345,'T0.project_id','=','all'),(345,'T0.department_id','=','all'),(345,'T0.user_id','=','all'),(345,'T0.year','=','2016'),(346,'T0.company_id','=','all'),(346,'T0.project_id','=','all'),(346,'T0.department_id','=','all'),(346,'T0.user_id','=','all'),(346,'T0.year','=','2016'),(347,'T0.company_id','=','all'),(347,'T0.project_id','=','all'),(347,'T0.department_id','=','all'),(347,'T0.user_id','=','all'),(347,'T0.year','=','2016'),(348,'T0.company_id','=','all'),(348,'T0.project_id','=','all'),(348,'T0.department_id','=','all'),(348,'T0.user_id','=','all'),(348,'T0.year','=','2016'),(349,'T0.company_id','=','all'),(349,'T0.project_id','=','all'),(349,'T0.department_id','=','all'),(349,'T0.user_id','=','all'),(349,'T0.year','=','2016'),(350,'T0.company_id','=','all'),(350,'T0.project_id','=','all'),(350,'T0.department_id','=','all'),(350,'T0.user_id','=','all'),(350,'T0.year','=','2016'),(351,'T0.company_id','=','all'),(351,'T0.project_id','=','all'),(351,'T0.department_id','=','all'),(351,'T0.user_id','=','all'),(351,'T0.year','=','2016'),(352,'T0.company_id','=','all'),(352,'T0.project_id','=','all'),(352,'T0.department_id','=','all'),(352,'T0.user_id','=','all'),(352,'T0.year','=','2016'),(353,'T0.company_id','=','all'),(353,'T0.project_id','=','all'),(353,'T0.department_id','=','all'),(353,'T0.user_id','=','all'),(353,'T0.year','=','2016'),(354,'T0.company_id','=','all'),(354,'T0.project_id','=','all'),(354,'T0.department_id','=','all'),(354,'T0.user_id','=','all'),(354,'T0.year','=','2016'),(355,'T0.company_id','=','all'),(355,'T0.project_id','=','all'),(355,'T0.department_id','=','all'),(355,'T0.user_id','=','all'),(355,'T0.year','=','2016'),(356,'T0.company_id','=','all'),(356,'T0.project_id','=','all'),(356,'T0.department_id','=','all'),(356,'T0.user_id','=','all'),(356,'T0.year','=','2016'),(357,'T0.company_id','=','all'),(357,'T0.project_id','=','all'),(357,'T0.department_id','=','all'),(357,'T0.user_id','=','all'),(357,'T0.year','=','2016'),(358,'T0.company_id','=','all'),(358,'T0.project_id','=','all'),(358,'T0.department_id','=','all'),(358,'T0.user_id','=','all'),(358,'T0.year','=','2016'),(359,'T0.company_id','=','all'),(359,'T0.project_id','=','all'),(359,'T0.department_id','=','all'),(359,'T0.user_id','=','all'),(359,'T0.year','=','2016'),(360,'T0.company_id','=','all'),(360,'T0.project_id','=','all'),(360,'T0.department_id','=','all'),(360,'T0.user_id','IN','2,4'),(361,'T0.company_id','=','all'),(361,'T0.project_id','=','all'),(361,'T0.department_id','=','all'),(361,'T0.user_id','IN','2,4'),(362,'T0.company_id','=','all'),(362,'T0.project_id','=','all'),(362,'T0.department_id','=','all'),(362,'T0.user_id','IN','2,4'),(363,'T0.company_id','=','all'),(363,'T0.project_id','=','all'),(363,'T0.department_id','=','all'),(363,'T0.user_id','IN','2,4'),(364,'T0.company_id','=','all'),(364,'T0.project_id','=','all'),(364,'T0.department_id','=','all'),(364,'T0.user_id','IN','2,4'),(365,'T0.company_id','=','all'),(365,'T0.project_id','=','all'),(365,'T0.department_id','=','all'),(365,'T0.user_id','IN','2,4'),(366,'T0.company_id','=','all'),(366,'T0.project_id','=','all'),(366,'T0.department_id','=','all'),(366,'T0.user_id','IN','2,4'),(367,'T0.company_id','=','all'),(367,'T0.project_id','=','all'),(367,'T0.department_id','=','all'),(367,'T0.user_id','IN','2,4'),(368,'T0.company_id','=','all'),(368,'T0.project_id','=','all'),(368,'T0.department_id','=','all'),(368,'T0.user_id','IN','2,4'),(369,'T0.company_id','=','all'),(369,'T0.project_id','=','all'),(369,'T0.department_id','=','all'),(369,'T0.user_id','IN','2,4'),(370,'T0.company_id','=','all'),(370,'T0.project_id','=','all'),(370,'T0.department_id','=','all'),(370,'T0.user_id','IN','2,4'),(371,'T0.company_id','=','all'),(371,'T0.project_id','=','all'),(371,'T0.department_id','=','all'),(371,'T0.user_id','IN','2,4'),(372,'T0.company_id','=','all'),(372,'T0.project_id','=','all'),(372,'T0.department_id','=','all'),(372,'T0.user_id','IN','2,4'),(373,'T0.company_id','=','all'),(373,'T0.project_id','=','all'),(373,'T0.department_id','=','all'),(373,'T0.user_id','IN','2,4'),(374,'T0.company_id','=','all'),(374,'T0.project_id','=','all'),(374,'T0.department_id','=','all'),(374,'T0.user_id','IN','2,4'),(375,'T0.company_id','=','all'),(375,'T0.project_id','=','all'),(375,'T0.department_id','=','all'),(375,'T0.user_id','IN','2,4'),(376,'T0.company_id','=','all'),(376,'T0.project_id','=','all'),(376,'T0.department_id','=','all'),(376,'T0.user_id','IN','2,4'),(377,'T0.company_id','=','all'),(377,'T0.project_id','=','all'),(377,'T0.department_id','=','all'),(377,'T0.user_id','IN','2,4'),(378,'T0.company_id','=','all'),(378,'T0.project_id','=','all'),(378,'T0.department_id','=','all'),(378,'T0.user_id','IN','2,4'),(379,'T0.company_id','=','all'),(379,'T0.project_id','=','all'),(379,'T0.department_id','=','all'),(379,'T0.user_id','IN','2,4'),(380,'T0.company_id','=','all'),(380,'T0.project_id','=','all'),(380,'T0.department_id','=','all'),(380,'T0.user_id','IN','2,4'),(381,'T0.company_id','=','all'),(381,'T0.project_id','=','all'),(381,'T0.department_id','=','all'),(381,'T0.user_id','IN','2,4'),(382,'T0.company_id','=','all'),(382,'T0.project_id','=','all'),(382,'T0.department_id','=','all'),(382,'T0.user_id','IN','2,4'),(383,'T0.company_id','=','all'),(383,'T0.project_id','=','all'),(383,'T0.department_id','=','all'),(383,'T0.user_id','IN','2,4'),(384,'T0.company_id','=','all'),(384,'T0.project_id','=','all'),(384,'T0.department_id','=','all'),(384,'T0.user_id','IN','2,4'),(385,'T0.company_id','=','all'),(385,'T0.project_id','=','all'),(385,'T0.department_id','=','all'),(385,'T0.user_id','IN','2,4'),(386,'T0.company_id','=','all'),(386,'T0.project_id','=','all'),(386,'T0.department_id','=','all'),(386,'T0.user_id','IN','2,4'),(387,'T0.company_id','=','all'),(387,'T0.project_id','=','all'),(387,'T0.department_id','=','all'),(387,'T0.user_id','IN','2,4'),(388,'T0.company_id','=','all'),(388,'T0.project_id','=','all'),(388,'T0.department_id','=','all'),(388,'T0.user_id','IN','2,4'),(389,'T0.company_id','=','all'),(389,'T0.project_id','=','all'),(389,'T0.department_id','=','all'),(389,'T0.user_id','IN','2,4'),(390,'T0.company_id','=','all'),(390,'T0.project_id','=','all'),(390,'T0.department_id','=','all'),(390,'T0.user_id','IN','2,4'),(391,'T0.company_id','=','all'),(391,'T0.project_id','=','all'),(391,'T0.department_id','=','all'),(391,'T0.user_id','IN','2,4'),(392,'T0.company_id','=','all'),(392,'T0.project_id','=','all'),(392,'T0.department_id','=','all'),(392,'T0.user_id','IN','2,4'),(393,'T0.company_id','=','all'),(393,'T0.project_id','=','all'),(393,'T0.department_id','=','all'),(393,'T0.user_id','IN','2,4'),(394,'T0.company_id','=','all'),(394,'T0.project_id','=','all'),(394,'T0.department_id','=','all'),(394,'T0.user_id','IN','2,4'),(395,'T0.company_id','=','all'),(395,'T0.project_id','=','all'),(395,'T0.department_id','=','all'),(395,'T0.user_id','IN','2,4'),(396,'T0.company_id','=','all'),(396,'T0.project_id','=','all'),(396,'T0.department_id','=','all'),(396,'T0.user_id','IN','2,4'),(397,'T0.company_id','=','all'),(397,'T0.project_id','=','all'),(397,'T0.department_id','=','all'),(397,'T0.user_id','IN','2,4'),(398,'T0.company_id','=','all'),(398,'T0.project_id','=','all'),(398,'T0.department_id','=','all'),(398,'T0.user_id','IN','2,4'),(399,'T0.company_id','=','all'),(399,'T0.project_id','=','all'),(399,'T0.department_id','=','all'),(399,'T0.user_id','IN','2,4'),(400,'T0.company_id','=','all'),(400,'T0.project_id','=','all'),(400,'T0.department_id','=','all'),(400,'T0.user_id','IN','2,4'),(401,'T0.company_id','=','all'),(401,'T0.project_id','=','all'),(401,'T0.department_id','=','all'),(401,'T0.user_id','IN','2,4'),(402,'T0.company_id','=','all'),(402,'T0.project_id','=','all'),(402,'T0.department_id','=','all'),(402,'T0.user_id','IN','2,4'),(403,'T0.company_id','=','all'),(403,'T0.project_id','=','all'),(403,'T0.department_id','=','all'),(403,'T0.user_id','IN','2,4'),(404,'T0.company_id','=','all'),(404,'T0.project_id','=','all'),(404,'T0.department_id','=','all'),(404,'T0.user_id','IN','2,4'),(405,'T0.company_id','=','all'),(405,'T0.project_id','=','all'),(405,'T0.department_id','=','all'),(405,'T0.user_id','IN','2,4'),(406,'T0.company_id','=','all'),(406,'T0.project_id','=','all'),(406,'T0.department_id','=','all'),(406,'T0.user_id','IN','2,4'),(407,'T0.company_id','=','all'),(407,'T0.project_id','=','all'),(407,'T0.department_id','=','all'),(407,'T0.user_id','IN','2,4'),(408,'T0.company_id','=','all'),(408,'T0.project_id','=','all'),(408,'T0.department_id','=','all'),(408,'T0.user_id','IN','2,4'),(409,'T0.company_id','=','1'),(409,'T0.project_id','=','all'),(409,'T0.department_id','=','all'),(409,'T0.user_id','IN','2,4'),(410,'T0.company_id','=','all'),(410,'T0.project_id','=','all'),(410,'T0.department_id','=','all'),(411,'T0.company_id','=','all'),(411,'T0.project_id','=','all'),(411,'T0.department_id','=','all'),(411,'T0.user_id','IN','3,2'),(412,'T0.company_id','=','all'),(412,'T0.project_id','=','all'),(412,'T0.department_id','=','all'),(412,'T0.user_id','IN','3,2'),(413,'T0.company_id','=','all'),(413,'T0.project_id','=','all'),(413,'T0.department_id','=','all'),(413,'T0.user_id','=','all'),(413,'T0.year','=','2016'),(414,'T0.company_id','=','all'),(414,'T0.project_id','=','all'),(414,'T0.department_id','=','all'),(414,'T0.date_used','>=','October 01, 2016'),(414,'T0.date_used','<=','October 31, 2016'),(414,'T0.user_id','=','all'),(414,'T0.form_id','=','all'),(415,'T0.company_id','=','all'),(415,'T0.project_id','=','all'),(415,'T0.department_id','=','all'),(415,'T0.date_used','>=','October 01, 2016'),(415,'T0.date_used','<=','October 31, 2016'),(415,'T0.user_id','=','all'),(415,'T0.form_id','=','all'),(416,'T0.company_id','=','all'),(416,'T0.project_id','=','all'),(416,'T0.department_id','=','all'),(416,'T0.date_used','>=','October 01, 2016'),(416,'T0.date_used','<=','October 31, 2016'),(416,'T0.user_id','=','all'),(416,'T0.form_id','=','all'),(417,'T0.company_id','=','all'),(417,'T0.project_id','=','all'),(417,'T0.department_id','=','all'),(417,'T0.date_used','>=','October 01, 2016'),(417,'T0.date_used','<=','October 31, 2016'),(417,'T0.user_id','=','all'),(417,'T0.form_id','=','all'),(418,'T0.company_id','=','all'),(418,'T0.project_id','=','all'),(418,'T0.department_id','=','all'),(418,'T0.date_used','>=','October 01, 2016'),(418,'T0.date_used','<=','October 31, 2016'),(418,'T0.user_id','=','all'),(418,'T0.form_id','=','all'),(419,'T0.company_id','=','all'),(419,'T0.project_id','=','all'),(419,'T0.department_id','=','all'),(419,'T0.date_used','>=','October 01, 2016'),(419,'T0.date_used','<=','October 31, 2016'),(419,'T0.user_id','=','all'),(419,'T0.form_id','=','all'),(420,'T0.company_id','=','all'),(420,'T0.project_id','=','all'),(420,'T0.department_id','=','all'),(420,'T0.date_used','>=','October 01, 2016'),(420,'T0.date_used','<=','October 31, 2016'),(420,'T0.user_id','=','all'),(420,'T0.form_id','=','all'),(421,'T0.company_id','=','all'),(421,'T0.project_id','=','all'),(421,'T0.department_id','=','all'),(421,'T0.date_used','>=','October 01, 2016'),(421,'T0.date_used','<=','October 31, 2016'),(421,'T0.user_id','=','all'),(421,'T0.form_id','=','all'),(422,'T0.company_id','=','all'),(422,'T0.project_id','=','all'),(422,'T0.department_id','=','all'),(422,'T0.date_used','>=','October 01, 2016'),(422,'T0.date_used','<=','October 31, 2016'),(422,'T0.user_id','=','all'),(422,'T0.form_id','=','all'),(423,'T0.company_id','=','all'),(423,'T0.project_id','=','all'),(423,'T0.department_id','=','all'),(423,'T0.date_used','>=','October 01, 2016'),(423,'T0.date_used','<=','October 31, 2016'),(423,'T0.user_id','=','all'),(423,'T0.form_id','=','all'),(424,'T0.company_id','=','all'),(424,'T0.project_id','=','all'),(424,'T0.department_id','=','all'),(424,'T0.date_used','>=','October 01, 2016'),(424,'T0.date_used','<=','October 31, 2016'),(424,'T0.user_id','=','all'),(424,'T0.form_id','=','all'),(425,'T0.company_id','=','all'),(425,'T0.project_id','=','all'),(425,'T0.department_id','=','all'),(425,'T0.date_used','>=','October 01, 2016'),(425,'T0.date_used','<=','October 31, 2016'),(425,'T0.user_id','=','all'),(425,'T0.form_id','=','all'),(426,'T0.company_id','=','all'),(426,'T0.project_id','=','all'),(426,'T0.department_id','=','all'),(426,'T0.date_used','>=','October 01, 2016'),(426,'T0.date_used','<=','October 31, 2016'),(426,'T0.user_id','=','all'),(426,'T0.form_id','=','all'),(427,'T0.company_id','=','all'),(427,'T0.project_id','=','all'),(427,'T0.department_id','=','all'),(427,'T0.date_used','>=','October 01, 2016'),(427,'T0.date_used','<=','October 31, 2016'),(427,'T0.user_id','=','all'),(427,'T0.form_id','=','all'),(428,'T0.company_id','=','all'),(428,'T0.project_id','=','all'),(428,'T0.department_id','=','all'),(428,'T0.date_used','>=','October 01, 2016'),(428,'T0.date_used','<=','October 31, 2016'),(428,'T0.user_id','=','all'),(428,'T0.form_id','=','all'),(429,'T0.company_id','=','all'),(429,'T0.project_id','=','all'),(429,'T0.department_id','=','all'),(429,'T0.date_used','>=','October 01, 2016'),(429,'T0.date_used','<=','October 31, 2016'),(429,'T0.user_id','=','all'),(429,'T0.form_id','=','all'),(430,'T0.company_id','=','all'),(430,'T0.project_id','=','all'),(430,'T0.department_id','=','all'),(430,'T0.date_used','>=','October 01, 2016'),(430,'T0.date_used','<=','October 31, 2016'),(430,'T0.user_id','=','all'),(430,'T0.form_id','=','all'),(431,'T0.company_id','=','all'),(431,'T0.project_id','=','all'),(431,'T0.department_id','=','all'),(431,'T0.date_used','>=','October 01, 2016'),(431,'T0.date_used','<=','October 31, 2016'),(431,'T0.user_id','=','all'),(431,'T0.form_id','=','all'),(432,'T0.company_id','=','all'),(432,'T0.project_id','=','all'),(432,'T0.department_id','=','all'),(432,'T0.date_used','>=','October 01, 2016'),(432,'T0.date_used','<=','October 31, 2016'),(432,'T0.user_id','=','all'),(432,'T0.form_id','=','all'),(433,'T0.company_id','=','all'),(433,'T0.project_id','=','all'),(433,'T0.department_id','=','all'),(433,'T0.date_used','>=','October 01, 2016'),(433,'T0.date_used','<=','October 31, 2016'),(433,'T0.user_id','=','all'),(433,'T0.form_id','=','all'),(434,'T0.company_id','=','all'),(434,'T0.project_id','=','all'),(434,'T0.department_id','=','all'),(434,'T0.date_used','>=','October 01, 2016'),(434,'T0.date_used','<=','October 31, 2016'),(434,'T0.user_id','=','all'),(434,'T0.form_id','=','all'),(435,'T0.company_id','=','all'),(435,'T0.project_id','=','all'),(435,'T0.department_id','=','all'),(435,'T0.date_used','>=','October 01, 2016'),(435,'T0.date_used','<=','October 31, 2016'),(435,'T0.user_id','=','all'),(435,'T0.form_id','=','all'),(436,'T0.company_id','=','all'),(436,'T0.project_id','=','all'),(436,'T0.department_id','=','all'),(436,'T0.date_used','>=','October 01, 2016'),(436,'T0.date_used','<=','October 31, 2016'),(436,'T0.user_id','=','all'),(436,'T0.form_id','=','all'),(437,'T0.company_id','=','all'),(437,'T0.project_id','=','all'),(437,'T0.department_id','=','all'),(437,'T0.date_used','>=','October 01, 2016'),(437,'T0.date_used','<=','October 31, 2016'),(437,'T0.user_id','=','all'),(437,'T0.form_id','=','all'),(438,'T0.company_id','=','all'),(438,'T0.project_id','=','all'),(438,'T0.department_id','=','all'),(438,'T0.date_used','>=','October 01, 2016'),(438,'T0.date_used','<=','October 31, 2016'),(438,'T0.user_id','=','all'),(438,'T0.form_id','=','all'),(439,'T0.company_id','=','all'),(439,'T0.project_id','=','all'),(439,'T0.department_id','=','all'),(439,'T0.date_used','>=','October 01, 2016'),(439,'T0.date_used','<=','October 31, 2016'),(439,'T0.user_id','=','all'),(439,'T0.form_id','=','all'),(440,'T0.company_id','=','all'),(440,'T0.project_id','=','all'),(440,'T0.department_id','=','all'),(440,'T0.date_used','>=','October 01, 2016'),(440,'T0.date_used','<=','October 31, 2016'),(440,'T0.user_id','=','all'),(440,'T0.form_id','=','all'),(441,'T0.company_id','=','all'),(441,'T0.project_id','=','all'),(441,'T0.department_id','=','all'),(441,'T0.date_used','>=','October 01, 2016'),(441,'T0.date_used','<=','October 31, 2016'),(441,'T0.user_id','=','all'),(441,'T0.form_id','=','all'),(442,'T0.company_id','=','all'),(442,'T0.project_id','=','all'),(442,'T0.department_id','=','all'),(442,'T0.date_used','>=','October 01, 2016'),(442,'T0.date_used','<=','October 31, 2016'),(442,'T0.user_id','=','all'),(442,'T0.form_id','=','all'),(443,'T0.company_id','=','all'),(443,'T0.project_id','=','all'),(443,'T0.department_id','=','all'),(443,'T0.date_used','>=','October 01, 2016'),(443,'T0.date_used','<=','October 31, 2016'),(443,'T0.user_id','=','all'),(443,'T0.form_id','=','all'),(444,'T0.company_id','=','all'),(444,'T0.project_id','=','all'),(444,'T0.department_id','=','all'),(444,'T0.date_used','>=','October 01, 2016'),(444,'T0.date_used','<=','October 30, 2016'),(444,'T0.user_id','=','all'),(444,'T0.form_id','=','all'),(445,'T0.company_id','=','all'),(445,'T0.project_id','=','all'),(445,'T0.department_id','=','all'),(445,'T0.date_used','>=','October 01, 2016'),(445,'T0.date_used','<=','October 30, 2016'),(445,'T0.user_id','=','all'),(445,'T0.form_id','=','all'),(446,'T0.company_id','=','all'),(446,'T0.project_id','=','all'),(446,'T0.department_id','=','all'),(446,'T0.date_used','>=','October 01, 2016'),(446,'T0.date_used','<=','October 30, 2016'),(446,'T0.user_id','=','all'),(446,'T0.form_id','=','all'),(449,'T0.company_id','=','2'),(450,'T0.company_id','=','all'),(450,'T0.project_id','=','all'),(450,'T0.department_id','=','all'),(450,'T0.date_used','>=','October 01, 2016'),(450,'T0.date_used','<=','October 30, 2016'),(450,'T0.user_id','=','all'),(450,'T0.form_id','=','all'),(451,'T0.company_id','=','all'),(451,'T0.project_id','=','all'),(451,'T0.department_id','=','all'),(451,'T0.date_used','>=','October 01, 2016'),(451,'T0.date_used','<=','October 31, 2016'),(451,'T0.user_id','=','all'),(451,'T0.form_id','=','all'),(452,'T0.company_id','=','all'),(452,'T0.project_id','=','all'),(452,'T0.department_id','=','all'),(452,'T0.date_used','>=','October 01, 2016'),(452,'T0.date_used','<=','October 31, 2016'),(452,'T0.user_id','=','all'),(452,'T0.form_id','=','all'),(453,'T0.company_id','=','all'),(453,'T0.project_id','=','all'),(453,'T0.department_id','=','all'),(453,'T0.date_used','>=','October 01, 2016'),(453,'T0.date_used','<=','October 31, 2016'),(453,'T0.user_id','=','all'),(453,'T0.form_id','=','all'),(454,'T0.company_id','=','all'),(454,'T0.project_id','=','all'),(454,'T0.department_id','=','all'),(454,'T0.date_used','>=','October 01, 2016'),(454,'T0.date_used','<=','October 31, 2016'),(454,'T0.user_id','=','all'),(454,'T0.form_id','=','all'),(455,'T0.company_id','=','all'),(455,'T0.project_id','=','all'),(455,'T0.department_id','=','all'),(455,'T0.date_used','>=','October 01, 2016'),(455,'T0.date_used','<=','October 31, 2016'),(455,'T0.user_id','=','all'),(455,'T0.form_id','=','all'),(456,'T0.company_id','=','all'),(456,'T0.project_id','=','all'),(456,'T0.department_id','=','all'),(456,'T0.date_used','>=','October 01, 2016'),(456,'T0.date_used','<=','October 31, 2016'),(456,'T0.user_id','=','all'),(456,'T0.form_id','=','all'),(457,'T0.company_id','=','all'),(457,'T0.project_id','=','all'),(457,'T0.department_id','=','all'),(457,'T0.date_used','>=','October 01, 2016'),(457,'T0.date_used','<=','October 31, 2016'),(457,'T0.user_id','=','all'),(457,'T0.form_id','=','all'),(458,'T0.company_id','=','all'),(458,'T0.project_id','=','all'),(458,'T0.department_id','=','all'),(458,'T0.date_used','>=','October 01, 2016'),(458,'T0.date_used','<=','October 31, 2016'),(458,'T0.user_id','=','all'),(458,'T0.form_id','=','all'),(459,'T0.company_id','=','all'),(459,'T0.project_id','=','all'),(459,'T0.department_id','=','all'),(459,'T0.date_used','>=','October 01, 2016'),(459,'T0.date_used','<=','October 31, 2016'),(459,'T0.user_id','=','all'),(459,'T0.form_id','=','all'),(461,'T0.company_id','=','all'),(461,'T0.project_id','=','all'),(461,'T0.department_id','=','all'),(461,'T0.date_used','>=','October 01, 2016'),(461,'T0.date_used','<=','October 31, 2016'),(461,'T0.user_id','=','all'),(461,'T0.form_id','=','all'),(463,'T0.company_id','=','all'),(463,'T0.project_id','=','all'),(463,'T0.department_id','=','all'),(463,'T0.date_used','>=','October 01, 2016'),(463,'T0.date_used','<=','October 31, 2016'),(463,'T0.user_id','=','all'),(463,'T0.form_id','=','all'),(464,'T0.company_id','=','all'),(464,'T0.project_id','=','all'),(464,'T0.department_id','=','all'),(464,'T0.date_used','>=','October 01, 2016'),(464,'T0.date_used','<=','October 31, 2016'),(464,'T0.user_id','=','all'),(464,'T0.form_id','=','all'),(465,'T0.company_id','=','all'),(465,'T0.project_id','=','all'),(465,'T0.department_id','=','all'),(465,'T0.date_used','>=','October 01, 2016'),(465,'T0.date_used','<=','October 31, 2016'),(465,'T0.user_id','=','all'),(465,'T0.form_id','=','all'),(466,'T0.company_id','=','all'),(466,'T0.project_id','=','all'),(466,'T0.department_id','=','all'),(466,'T0.date_used','>=','October 01, 2016'),(466,'T0.date_used','<=','October 31, 2016'),(466,'T0.user_id','=','all'),(466,'T0.form_id','=','all'),(467,'T0.company_id','=','all'),(467,'T0.project_id','=','all'),(467,'T0.department_id','=','all'),(467,'T0.date_used','>=','October 01, 2016'),(467,'T0.date_used','<=','October 31, 2016'),(467,'T0.user_id','=','all'),(467,'T0.form_id','=','all'),(468,'T0.company_id','=','all'),(468,'T0.project_id','=','all'),(468,'T0.department_id','=','all'),(468,'T0.date_used','>=','October 01, 2016'),(468,'T0.date_used','<=','October 31, 2016'),(468,'T0.user_id','=','all'),(468,'T0.form_id','=','all'),(469,'T0.company_id','=','all'),(469,'T0.project_id','=','all'),(469,'T0.department_id','=','all'),(469,'T0.date_used','>=','October 01, 2016'),(469,'T0.date_used','<=','October 31, 2016'),(469,'T0.user_id','=','all'),(469,'T0.form_id','=','all'),(470,'T0.company_id','=','all'),(470,'T0.project_id','=','all'),(470,'T0.department_id','=','all'),(470,'T0.date_used','>=','October 01, 2016'),(470,'T0.date_used','<=','October 31, 2016'),(470,'T0.user_id','=','all'),(470,'T0.form_id','=','all'),(471,'T0.company_id','=','all'),(471,'T0.project_id','=','all'),(471,'T0.department_id','=','all'),(471,'T0.date_used','>=','October 01, 2016'),(471,'T0.date_used','<=','October 31, 2016'),(471,'T0.user_id','=','all'),(471,'T0.form_id','=','all'),(472,'T0.company_id','=','all'),(472,'T0.project_id','=','all'),(472,'T0.department_id','=','all'),(472,'T0.date_used','>=','October 01, 2016'),(472,'T0.date_used','<=','October 31, 2016'),(472,'T0.user_id','=','all'),(472,'T0.form_id','=','all'),(473,'T0.company_id','=','all'),(473,'T0.project_id','=','all'),(473,'T0.department_id','=','all'),(473,'T0.date_used','>=','October 01, 2016'),(473,'T0.date_used','<=','October 31, 2016'),(473,'T0.user_id','=','all'),(473,'T0.form_id','=','all'),(474,'T0.company_id','=','all'),(474,'T0.project_id','=','all'),(474,'T0.department_id','=','all'),(474,'T0.date_used','>=','October 01, 2016'),(474,'T0.date_used','<=','October 31, 2016'),(474,'T0.user_id','=','all'),(474,'T0.form_id','=','all'),(476,'T0.company_id','=','all'),(476,'T0.project_id','=','all'),(476,'T0.department_id','=','all'),(476,'T0.date_used','>=','October 01, 2016'),(476,'T0.date_used','<=','October 31, 2016'),(476,'T0.user_id','=','all'),(476,'T0.form_id','=','all'),(482,'T0.company_id','=','all'),(482,'T0.project_id','=','all'),(482,'T0.department_id','=','all'),(482,'T0.date_used','>=','October 01, 2016'),(482,'T0.date_used','<=','October 31, 2016'),(482,'T0.user_id','=','all'),(482,'T0.form_id','=','all'),(483,'T0.company_id','=','all'),(483,'T0.project_id','=','all'),(483,'T0.department_id','=','all'),(483,'T0.date_used','>=','October 01, 2016'),(483,'T0.date_used','<=','October 31, 2016'),(483,'T0.user_id','=','all'),(483,'T0.form_id','=','all'),(484,'T0.company_id','=','all'),(484,'T0.project_id','=','all'),(484,'T0.department_id','=','all'),(484,'T0.date_used','>=','October 01, 2016'),(484,'T0.date_used','<=','October 31, 2016'),(484,'T0.user_id','=','all'),(484,'T0.form_id','=','all'),(485,'T0.company_id','=','all'),(485,'T0.project_id','=','all'),(485,'T0.department_id','=','all'),(485,'T0.date_used','>=','October 01, 2016'),(485,'T0.date_used','<=','October 31, 2016'),(485,'T0.user_id','=','all'),(485,'T0.form_id','=','all'),(486,'T0.company_id','=','all'),(486,'T0.project_id','=','all'),(486,'T0.department_id','=','all'),(486,'T0.date_used','>=','October 01, 2016'),(486,'T0.date_used','<=','October 31, 2016'),(486,'T0.user_id','=','all'),(486,'T0.form_id','=','all'),(489,'T0.company_id','=','all'),(489,'T0.project_id','=','all'),(489,'T0.department_id','=','all'),(489,'T0.date_used','>=','October 01, 2016'),(489,'T0.date_used','<=','October 31, 2016'),(489,'T0.user_id','=','all'),(489,'T0.form_id','=','all'),(490,'T0.company_id','=','all'),(490,'T0.project_id','=','all'),(490,'T0.department_id','=','all'),(490,'T0.date_used','>=','October 01, 2016'),(490,'T0.date_used','<=','October 31, 2016'),(490,'T0.user_id','=','all'),(490,'T0.form_id','=','all'),(491,'T0.company_id','=','all'),(491,'T0.project_id','=','all'),(491,'T0.department_id','=','all'),(491,'T0.date_used','>=','October 01, 2016'),(491,'T0.date_used','<=','October 31, 2016'),(491,'T0.user_id','=','all'),(491,'T0.form_id','=','all'),(492,'T0.company_id','=','all'),(492,'T0.project_id','=','all'),(492,'T0.department_id','=','all'),(492,'T0.date_used','>=','October 01, 2016'),(492,'T0.date_used','<=','October 31, 2016'),(492,'T0.user_id','=','all'),(492,'T0.form_id','=','all'),(493,'T0.company_id','=','all'),(493,'T0.project_id','=','all'),(493,'T0.department_id','=','all'),(493,'T0.date_used','>=','October 01, 2016'),(493,'T0.date_used','<=','October 31, 2016'),(493,'T0.user_id','=','all'),(493,'T0.form_id','=','all'),(494,'T0.company_id','=','all'),(494,'T0.project_id','=','all'),(494,'T0.department_id','=','all'),(494,'T0.date_used','>=','October 01, 2016'),(494,'T0.date_used','<=','October 31, 2016'),(494,'T0.user_id','=','all'),(494,'T0.form_id','=','all'),(496,'T0.company_id','=','all'),(496,'T0.project_id','=','all'),(496,'T0.department_id','=','all'),(496,'T0.date_used','>=','October 01, 2016'),(496,'T0.date_used','<=','October 31, 2016'),(496,'T0.user_id','=','all'),(496,'T0.form_id','=','all'),(497,'T0.company_id','=','all'),(497,'T0.project_id','=','all'),(497,'T0.department_id','=','all'),(497,'T0.date_used','>=','October 01, 2016'),(497,'T0.date_used','<=','October 31, 2016'),(497,'T0.user_id','=','all'),(497,'T0.form_id','=','all'),(498,'T0.company_id','=','all'),(498,'T0.project_id','=','all'),(498,'T0.department_id','=','all'),(498,'T0.date_used','>=','October 01, 2016'),(498,'T0.date_used','<=','October 31, 2016'),(498,'T0.user_id','=','all'),(498,'T0.form_id','=','all'),(499,'T0.company_id','=','all'),(499,'T0.project_id','=','all'),(499,'T0.department_id','=','all'),(499,'T0.date_used','>=','October 01, 2016'),(499,'T0.date_used','<=','October 31, 2016'),(499,'T0.user_id','=','all'),(499,'T0.form_id','=','all'),(500,'T0.company_id','=','all'),(500,'T0.project_id','=','all'),(500,'T0.department_id','=','all'),(500,'T0.date_used','>=','October 01, 2016'),(500,'T0.date_used','<=','October 31, 2016'),(500,'T0.user_id','=','all'),(500,'T0.form_id','=','all'),(501,'T0.company_id','=','all'),(501,'T0.project_id','=','all'),(501,'T0.department_id','=','all'),(501,'T0.date_used','>=','October 01, 2016'),(501,'T0.date_used','<=','October 31, 2016'),(501,'T0.user_id','=','all'),(501,'T0.form_id','=','all'),(502,'T0.company_id','=','all'),(502,'T0.project_id','=','all'),(502,'T0.department_id','=','all'),(502,'T0.date_used','>=','October 01, 2016'),(502,'T0.date_used','<=','October 31, 2016'),(502,'T0.user_id','=','all'),(502,'T0.form_id','=','all'),(503,'T0.company_id','=','all'),(503,'T0.project_id','=','all'),(503,'T0.department_id','=','all'),(503,'T0.date_used','>=','October 01, 2016'),(503,'T0.date_used','<=','October 31, 2016'),(503,'T0.user_id','=','all'),(503,'T0.form_id','=','all'),(504,'T0.company_id','=','all'),(504,'T0.project_id','=','all'),(504,'T0.department_id','=','all'),(504,'T0.date_used','>=','October 01, 2016'),(504,'T0.date_used','<=','October 31, 2016'),(504,'T0.user_id','=','all'),(504,'T0.form_id','=','all'),(505,'T0.company_id','=','all'),(505,'T0.project_id','=','all'),(505,'T0.department_id','=','all'),(505,'T0.date_used','>=','October 01, 2016'),(505,'T0.date_used','<=','October 31, 2016'),(505,'T0.user_id','=','all'),(505,'T0.form_id','=','all'),(506,'T0.company_id','=','all'),(506,'T0.project_id','=','all'),(506,'T0.department_id','=','all'),(506,'T0.date_used','>=','October 01, 2016'),(506,'T0.date_used','<=','October 31, 2016'),(506,'T0.user_id','=','all'),(506,'T0.form_id','=','all'),(507,'T0.company_id','=','all'),(507,'T0.project_id','=','all'),(507,'T0.department_id','=','all'),(507,'T0.date_used','>=','October 01, 2016'),(507,'T0.date_used','<=','October 31, 2016'),(507,'T0.user_id','=','all'),(507,'T0.form_id','=','all'),(511,'T0.company_id','=','all'),(511,'T0.project_id','=','all'),(511,'T0.department_id','=','all'),(511,'T0.date_used','>=','October 01, 2016'),(511,'T0.date_used','<=','October 31, 2016'),(511,'T0.user_id','=','all'),(511,'T0.form_id','=','all'),(512,'T0.company_id','=','all'),(512,'T0.project_id','=','all'),(512,'T0.department_id','=','all'),(512,'T0.date_used','>=','October 01, 2016'),(512,'T0.date_used','<=','October 31, 2016'),(512,'T0.user_id','=','all'),(512,'T0.form_id','=','all'),(514,'T0.company_id','=','all'),(514,'T0.project_id','=','all'),(514,'T0.department_id','=','all'),(514,'T0.date_used','>=','October 01, 2016'),(514,'T0.date_used','<=','October 31, 2016'),(514,'T0.user_id','=','all'),(514,'T0.form_id','=','all'),(515,'T0.company_id','=','all'),(515,'T0.project_id','=','all'),(515,'T0.department_id','=','all'),(515,'T0.date_used','>=','October 01, 2016'),(515,'T0.date_used','<=','October 31, 2016'),(515,'T0.user_id','=','all'),(515,'T0.form_id','=','all'),(517,'T0.company_id','=','all'),(517,'T0.project_id','=','all'),(517,'T0.department_id','=','all'),(517,'T0.date_used','>=','October 01, 2016'),(517,'T0.date_used','<=','October 31, 2016'),(517,'T0.user_id','=','all'),(517,'T0.form_id','=','all'),(518,'T0.company_id','=','all'),(518,'T0.project_id','=','all'),(518,'T0.department_id','=','all'),(518,'T0.date_used','>=','October 01, 2016'),(518,'T0.date_used','<=','October 31, 2016'),(518,'T0.user_id','=','all'),(518,'T0.form_id','=','all'),(519,'T0.company_id','=','all'),(519,'T0.project_id','=','all'),(519,'T0.department_id','=','all'),(519,'T0.date_used','>=','October 01, 2016'),(519,'T0.date_used','<=','October 31, 2016'),(519,'T0.user_id','=','all'),(519,'T0.form_id','=','all'),(520,'T0.company_id','=','all'),(520,'T0.project_id','=','all'),(520,'T0.department_id','=','all'),(520,'T0.date_used','>=','October 01, 2016'),(520,'T0.date_used','<=','October 31, 2016'),(520,'T0.user_id','=','all'),(520,'T0.form_id','=','all'),(521,'T0.company_id','=','all'),(521,'T0.project_id','=','all'),(521,'T0.department_id','=','all'),(521,'T0.date_used','>=','October 01, 2016'),(521,'T0.date_used','<=','October 31, 2016'),(521,'T0.user_id','=','all'),(521,'T0.form_id','=','all'),(522,'T0.company_id','=','all'),(522,'T0.project_id','=','all'),(522,'T0.department_id','=','all'),(522,'T0.date_used','>=','October 01, 2016'),(522,'T0.date_used','<=','October 31, 2016'),(522,'T0.user_id','=','all'),(522,'T0.form_id','=','all'),(523,'T0.company_id','=','all'),(523,'T0.project_id','=','all'),(523,'T0.department_id','=','all'),(523,'T0.date_used','>=','October 01, 2016'),(523,'T0.date_used','<=','October 31, 2016'),(523,'T0.user_id','=','all'),(523,'T0.form_id','=','all'),(524,'T0.company_id','=','all'),(524,'T0.project_id','=','all'),(524,'T0.department_id','=','all'),(524,'T0.date_used','>=','October 01, 2016'),(524,'T0.date_used','<=','October 31, 2016'),(524,'T0.user_id','=','all'),(524,'T0.form_id','=','all'),(525,'T0.company_id','=','all'),(525,'T0.project_id','=','all'),(525,'T0.department_id','=','all'),(525,'T0.date_used','>=','October 01, 2016'),(525,'T0.date_used','<=','October 31, 2016'),(525,'T0.user_id','=','all'),(525,'T0.form_id','=','all'),(526,'T0.company_id','=','all'),(526,'T0.project_id','=','all'),(526,'T0.department_id','=','all'),(526,'T0.date_used','>=','October 01, 2016'),(526,'T0.date_used','<=','October 31, 2016'),(526,'T0.user_id','=','all'),(526,'T0.form_id','=','all'),(527,'T0.company_id','=','all'),(527,'T0.project_id','=','all'),(527,'T0.department_id','=','all'),(527,'T0.date_used','>=','October 01, 2016'),(527,'T0.date_used','<=','October 31, 2016'),(527,'T0.user_id','=','all'),(527,'T0.form_id','=','all'),(528,'T0.company_id','=','all'),(528,'T0.project_id','=','all'),(528,'T0.department_id','=','all'),(528,'T0.date_used','>=','October 01, 2016'),(528,'T0.date_used','<=','October 31, 2016'),(528,'T0.user_id','=','all'),(528,'T0.form_id','=','all'),(529,'T0.company_id','=','all'),(529,'T0.project_id','=','all'),(529,'T0.department_id','=','all'),(529,'T0.date_used','>=','October 01, 2016'),(529,'T0.date_used','<=','October 31, 2016'),(529,'T0.user_id','=','all'),(529,'T0.form_id','=','all'),(530,'T0.company_id','=','all'),(530,'T0.project_id','=','all'),(530,'T0.department_id','=','all'),(530,'T0.date_used','>=','October 01, 2016'),(530,'T0.date_used','<=','October 31, 2016'),(530,'T0.user_id','=','all'),(530,'T0.form_id','=','all'),(532,'T0.company_id','=','all'),(532,'T0.project_id','=','all'),(532,'T0.department_id','=','all'),(532,'T0.date_used','>=','October 01, 2016'),(532,'T0.date_used','<=','October 31, 2016'),(532,'T0.user_id','=','all'),(532,'T0.form_id','=','all'),(533,'T0.company_id','=','all'),(533,'T0.project_id','=','all'),(533,'T0.department_id','=','all'),(533,'T0.date_used','>=','October 01, 2016'),(533,'T0.date_used','<=','October 31, 2016'),(533,'T0.user_id','=','all'),(533,'T0.form_id','=','all'),(534,'T0.company_id','=','all'),(534,'T0.project_id','=','all'),(534,'T0.department_id','=','all'),(534,'T0.date_used','>=','October 01, 2016'),(534,'T0.date_used','<=','October 31, 2016'),(534,'T0.user_id','=','all'),(534,'T0.form_id','=','all'),(535,'T0.company_id','=','all'),(535,'T0.project_id','=','all'),(535,'T0.department_id','=','all'),(535,'T0.date_used','>=','October 01, 2016'),(535,'T0.date_used','<=','October 31, 2016'),(535,'T0.user_id','=','all'),(535,'T0.form_id','=','all'),(536,'T0.company_id','=','all'),(536,'T0.project_id','=','all'),(536,'T0.department_id','=','all'),(536,'T0.date_used','>=','October 01, 2016'),(536,'T0.date_used','<=','October 31, 2016'),(536,'T0.user_id','=','all'),(536,'T0.form_id','=','all'),(537,'T0.company_id','=','all'),(537,'T0.project_id','=','all'),(537,'T0.department_id','=','all'),(537,'T0.date_used','>=','October 01, 2016'),(537,'T0.date_used','<=','October 31, 2016'),(537,'T0.user_id','=','all'),(537,'T0.form_id','=','all'),(538,'T0.company_id','=','all'),(538,'T0.project_id','=','all'),(538,'T0.department_id','=','all'),(538,'T0.date_used','>=','October 01, 2016'),(538,'T0.date_used','<=','October 31, 2016'),(538,'T0.user_id','=','all'),(538,'T0.form_id','=','all'),(539,'T0.company_id','=','all'),(539,'T0.project_id','=','all'),(539,'T0.department_id','=','all'),(539,'T0.date_used','>=','October 01, 2016'),(539,'T0.date_used','<=','October 31, 2016'),(539,'T0.user_id','=','all'),(539,'T0.form_id','=','all'),(540,'T0.company_id','=','all'),(540,'T0.project_id','=','all'),(540,'T0.department_id','=','all'),(540,'T0.date_used','>=','October 01, 2016'),(540,'T0.date_used','<=','October 31, 2016'),(540,'T0.user_id','=','all'),(540,'T0.form_id','=','all'),(541,'T0.company_id','=','all'),(541,'T0.project_id','=','all'),(541,'T0.department_id','=','all'),(541,'T0.date_used','>=','October 01, 2016'),(541,'T0.date_used','<=','October 31, 2016'),(541,'T0.user_id','=','all'),(541,'T0.form_id','=','all'),(542,'T0.company_id','=','all'),(542,'T0.project_id','=','all'),(542,'T0.department_id','=','all'),(542,'T0.date_used','>=','October 01, 2016'),(542,'T0.date_used','<=','October 31, 2016'),(542,'T0.user_id','=','all'),(542,'T0.form_id','=','all'),(543,'T0.company_id','=','all'),(543,'T0.project_id','=','all'),(543,'T0.department_id','=','all'),(543,'T0.date_used','>=','October 01, 2016'),(543,'T0.date_used','<=','October 31, 2016'),(543,'T0.user_id','=','all'),(543,'T0.form_id','=','all'),(544,'T0.company_id','=','all'),(544,'T0.project_id','=','all'),(544,'T0.department_id','=','all'),(544,'T0.date_used','>=','October 01, 2016'),(544,'T0.date_used','<=','October 31, 2016'),(544,'T0.user_id','=','all'),(544,'T0.form_id','=','all'),(545,'T0.company_id','=','all'),(545,'T0.project_id','=','all'),(545,'T0.department_id','=','all'),(545,'T0.date_used','>=','October 01, 2016'),(545,'T0.date_used','<=','October 31, 2016'),(545,'T0.user_id','=','all'),(545,'T0.form_id','=','all'),(546,'T0.company_id','=','all'),(546,'T0.project_id','=','all'),(546,'T0.department_id','=','all'),(546,'T0.date_used','>=','October 01, 2016'),(546,'T0.date_used','<=','October 31, 2016'),(546,'T0.user_id','=','all'),(546,'T0.form_id','=','all'),(547,'T0.company_id','=','all'),(547,'T0.project_id','=','all'),(547,'T0.department_id','=','all'),(547,'T0.date_used','>=','October 01, 2016'),(547,'T0.date_used','<=','October 31, 2016'),(547,'T0.user_id','=','all'),(547,'T0.form_id','=','all'),(548,'T0.company_id','=','all'),(548,'T0.project_id','=','all'),(548,'T0.department_id','=','all'),(548,'T0.date_used','>=','October 01, 2016'),(548,'T0.date_used','<=','October 31, 2016'),(548,'T0.user_id','=','all'),(548,'T0.form_id','=','all'),(549,'T0.company_id','=','all'),(549,'T0.project_id','=','all'),(549,'T0.department_id','=','all'),(549,'T0.date_used','>=','October 01, 2016'),(549,'T0.date_used','<=','October 31, 2016'),(549,'T0.user_id','=','all'),(549,'T0.form_id','=','all'),(550,'T0.company_id','=','all'),(550,'T0.project_id','=','all'),(550,'T0.department_id','=','all'),(550,'T0.date_used','>=','October 01, 2016'),(550,'T0.date_used','<=','October 31, 2016'),(550,'T0.user_id','=','all'),(550,'T0.form_id','=','all'),(551,'T0.company_id','=','all'),(551,'T0.project_id','=','all'),(551,'T0.department_id','=','all'),(551,'T0.date_used','>=','October 01, 2016'),(551,'T0.date_used','<=','October 31, 2016'),(551,'T0.user_id','=','all'),(551,'T0.form_id','=','all'),(552,'T0.company_id','=','all'),(552,'T0.project_id','=','all'),(552,'T0.department_id','=','all'),(552,'T0.date_used','>=','October 01, 2016'),(552,'T0.date_used','<=','October 31, 2016'),(552,'T0.user_id','=','all'),(552,'T0.form_id','=','all'),(553,'T0.company_id','=','all'),(553,'T0.project_id','=','all'),(553,'T0.department_id','=','all'),(553,'T0.date_used','>=','October 01, 2016'),(553,'T0.date_used','<=','October 31, 2016'),(553,'T0.user_id','=','all'),(553,'T0.form_id','=','all'),(554,'T0.company_id','=','all'),(554,'T0.project_id','=','all'),(554,'T0.department_id','=','all'),(554,'T0.date_used','>=','October 01, 2016'),(554,'T0.date_used','<=','October 31, 2016'),(554,'T0.user_id','=','all'),(554,'T0.form_id','=','all'),(555,'T0.company_id','=','all'),(555,'T0.project_id','=','all'),(555,'T0.department_id','=','all'),(555,'T0.date_used','>=','October 01, 2016'),(555,'T0.date_used','<=','October 31, 2016'),(555,'T0.user_id','=','2'),(555,'T0.form_id','=','all'),(556,'T0.company_id','=','all'),(556,'T0.project_id','=','all'),(556,'T0.department_id','=','all'),(556,'T0.date_used','>=','October 01, 2016'),(556,'T0.date_used','<=','October 31, 2016'),(556,'T0.user_id','=','3'),(556,'T0.form_id','=','all'),(557,'T0.company_id','=','all'),(557,'T0.project_id','=','all'),(557,'T0.department_id','=','all'),(557,'T0.date_used','>=','October 01, 2016'),(557,'T0.date_used','<=','October 31, 2016'),(557,'T0.user_id','=','2'),(557,'T0.form_id','=','all'),(558,'T0.company_id','=','all'),(558,'T0.project_id','=','all'),(558,'T0.department_id','=','all'),(558,'T0.date_used','>=','October 01, 2016'),(558,'T0.date_used','<=','October 31, 2016'),(558,'T0.user_id','=','2'),(558,'T0.form_id','=','all'),(559,'T0.company_id','=','all'),(559,'T0.project_id','=','all'),(559,'T0.department_id','=','all'),(559,'T0.date_used','>=','October 01, 2016'),(559,'T0.date_used','<=','October 31, 2016'),(559,'T0.user_id','=','all'),(559,'T0.form_id','=','all'),(560,'T0.company_id','=','all'),(560,'T0.project_id','=','all'),(560,'T0.department_id','=','all'),(560,'T0.date_used','>=','October 01, 2016'),(560,'T0.date_used','<=','October 31, 2016'),(560,'T0.user_id','=','all'),(560,'T0.form_id','=','all'),(561,'T0.company_id','=','all'),(561,'T0.project_id','=','all'),(561,'T0.department_id','=','all'),(561,'T0.date_used','>=','October 01, 2016'),(561,'T0.date_used','<=','October 31, 2016'),(561,'T0.user_id','=','all'),(561,'T0.form_id','=','all'),(562,'T0.company_id','=','all'),(562,'T0.project_id','=','all'),(562,'T0.department_id','=','all'),(562,'T0.date_used','>=','October 01, 2016'),(562,'T0.date_used','<=','October 31, 2016'),(562,'T0.user_id','=','all'),(562,'T0.form_id','=','all'),(563,'T0.company_id','=','all'),(563,'T0.project_id','=','all'),(563,'T0.department_id','=','all'),(563,'T0.date_used','>=','October 01, 2016'),(563,'T0.date_used','<=','October 31, 2016'),(563,'T0.user_id','=','all'),(563,'T0.form_id','=','all'),(564,'T0.company_id','=','all'),(564,'T0.project_id','=','all'),(564,'T0.department_id','=','all'),(564,'T0.date_used','>=','October 01, 2016'),(564,'T0.date_used','<=','October 31, 2016'),(564,'T0.user_id','=','all'),(564,'T0.form_id','=','all'),(565,'T0.company_id','=','all'),(565,'T0.project_id','=','all'),(565,'T0.department_id','=','all'),(565,'T0.date_used','>=','October 01, 2016'),(565,'T0.date_used','<=','October 31, 2016'),(565,'T0.user_id','=','all'),(565,'T0.form_id','=','all'),(566,'T0.company_id','=','all'),(566,'T0.project_id','=','all'),(566,'T0.department_id','=','all'),(566,'T0.date_used','>=','October 01, 2016'),(566,'T0.date_used','<=','October 31, 2016'),(566,'T0.user_id','=','all'),(566,'T0.form_id','=','all'),(568,'T0.company_id','=','all'),(568,'T0.project_id','=','all'),(568,'T0.department_id','=','all'),(568,'T0.date_used','>=','October 01, 2016'),(568,'T0.date_used','<=','October 31, 2016'),(568,'T0.user_id','=','all'),(568,'T0.form_id','=','all'),(569,'T0.company_id','=','all'),(569,'T0.project_id','=','all'),(569,'T0.department_id','=','all'),(569,'T0.date_used','>=','October 01, 2016'),(569,'T0.date_used','<=','October 31, 2016'),(569,'T0.user_id','=','all'),(569,'T0.form_id','=','all'),(570,'T0.company_id','=','all'),(570,'T0.project_id','=','all'),(570,'T0.department_id','=','all'),(570,'T0.date_used','>=','October 01, 2016'),(570,'T0.date_used','<=','October 31, 2016'),(570,'T0.user_id','=','all'),(570,'T0.form_id','=','all'),(574,'T0.company_id','=','all'),(574,'T0.project_id','=','all'),(574,'T0.department_id','=','all'),(574,'T0.date_used','>=','October 01, 2016'),(574,'T0.date_used','<=','October 31, 2016'),(574,'T0.user_id','=','all'),(574,'T0.form_id','=','all'),(575,'T0.company_id','=','all'),(575,'T0.project_id','=','all'),(575,'T0.department_id','=','all'),(575,'T0.date_used','>=','October 01, 2016'),(575,'T0.date_used','<=','October 31, 2016'),(575,'T0.user_id','=','all'),(575,'T0.form_id','=','all'),(576,'T0.company_id','=','all'),(576,'T0.project_id','=','all'),(576,'T0.department_id','=','all'),(576,'T0.date_used','>=','October 01, 2016'),(576,'T0.date_used','<=','October 31, 2016'),(576,'T0.user_id','=','all'),(576,'T0.form_id','=','all'),(577,'T0.company_id','=','all'),(577,'T0.project_id','=','all'),(577,'T0.department_id','=','all'),(577,'T0.date_used','>=','October 01, 2016'),(577,'T0.date_used','<=','October 31, 2016'),(577,'T0.user_id','=','all'),(577,'T0.form_id','=','all'),(578,'T0.company_id','=','all'),(578,'T0.project_id','=','all'),(578,'T0.department_id','=','all'),(578,'T0.date_used','>=','October 01, 2016'),(578,'T0.date_used','<=','October 31, 2016'),(578,'T0.user_id','=','all'),(578,'T0.form_id','=','all'),(579,'T0.company_id','=','all'),(579,'T0.project_id','=','all'),(579,'T0.department_id','=','all'),(579,'T0.date_used','>=','October 01, 2016'),(579,'T0.date_used','<=','October 31, 2016'),(579,'T0.user_id','=','all'),(579,'T0.form_id','=','all'),(580,'T0.company_id','=','all'),(580,'T0.project_id','=','all'),(580,'T0.department_id','=','all'),(580,'T0.date_used','>=','October 01, 2016'),(580,'T0.date_used','<=','October 31, 2016'),(580,'T0.user_id','=','all'),(580,'T0.form_id','=','all'),(581,'T0.company_id','=','all'),(581,'T0.project_id','=','all'),(581,'T0.department_id','=','all'),(581,'T0.date_used','>=','October 01, 2016'),(581,'T0.date_used','<=','October 31, 2016'),(581,'T0.user_id','=','all'),(581,'T0.form_id','=','all'),(582,'T0.company_id','=','all'),(582,'T0.project_id','=','all'),(582,'T0.department_id','=','all'),(582,'T0.date_used','>=','October 01, 2016'),(582,'T0.date_used','<=','October 31, 2016'),(582,'T0.user_id','=','all'),(582,'T0.form_id','=','all'),(583,'T0.company_id','=','all'),(583,'T0.project_id','=','all'),(583,'T0.department_id','=','all'),(583,'T0.date_used','>=','October 01, 2016'),(583,'T0.date_used','<=','October 31, 2016'),(583,'T0.user_id','=','all'),(583,'T0.form_id','=','all'),(584,'T0.company_id','=','all'),(584,'T0.project_id','=','all'),(584,'T0.department_id','=','all'),(584,'T0.date_used','>=','October 01, 2016'),(584,'T0.date_used','<=','October 31, 2016'),(584,'T0.user_id','=','all'),(584,'T0.form_id','=','all'),(585,'T0.company_id','=','all'),(585,'T0.project_id','=','all'),(585,'T0.department_id','=','all'),(585,'T0.date_used','>=','October 01, 2016'),(585,'T0.date_used','<=','October 31, 2016'),(585,'T0.user_id','=','all'),(585,'T0.form_id','=','all'),(586,'T0.company_id','=','all'),(586,'T0.project_id','=','all'),(586,'T0.department_id','=','all'),(586,'T0.date_used','>=','October 01, 2016'),(586,'T0.date_used','<=','October 31, 2016'),(586,'T0.user_id','=','all'),(586,'T0.form_id','=','all'),(587,'T0.company_id','=','all'),(587,'T0.project_id','=','all'),(587,'T0.department_id','=','all'),(587,'T0.date_used','>=','October 01, 2016'),(587,'T0.date_used','<=','October 31, 2016'),(587,'T0.user_id','=','all'),(587,'T0.form_id','=','all'),(588,'T0.company_id','=','all'),(588,'T0.project_id','=','all'),(588,'T0.department_id','=','all'),(588,'T0.date_used','>=','October 01, 2016'),(588,'T0.date_used','<=','October 31, 2016'),(588,'T0.user_id','=','all'),(588,'T0.form_id','=','all'),(589,'T0.company_id','=','all'),(589,'T0.project_id','=','all'),(589,'T0.department_id','=','all'),(589,'T0.date_used','>=','October 01, 2016'),(589,'T0.date_used','<=','October 31, 2016'),(589,'T0.user_id','=','all'),(589,'T0.form_id','=','all'),(591,'T0.firstname','=','all'),(592,'T0.firstname','=','all'),(593,'T0.company_id','=','all'),(593,'T0.project_id','=','all'),(593,'T0.department_id','=','all'),(593,'T0.user_id','IN','3'),(594,'T0.company_id','=','all'),(594,'T0.project_id','=','all'),(594,'T0.department_id','=','all'),(594,'T0.user_id','IN','17'),(595,'T0.company_id','=','all'),(595,'T0.payroll_date','=','November 15, 2016'),(595,'T0.project_id','=','all'),(595,'T0.payroll_rate_type_id','=','all'),(596,'T0.company_id','=','2'),(596,'T0.payroll_date','=','November 15, 2016'),(596,'T0.project_id','=','9'),(596,'T0.payroll_rate_type_id','=','all'),(597,'T0.company_id','=','2'),(597,'T0.payroll_date','=','November 15, 2016'),(597,'T0.project_id','=','9'),(597,'T0.payroll_rate_type_id','=','all'),(598,'T0.company_id','=','2'),(598,'T0.payroll_date','=','November 15, 2016'),(598,'T0.project_id','=','9'),(598,'T0.payroll_rate_type_id','=','all'),(599,'T0.company_id','=','2'),(599,'T0.payroll_date','=','November 15, 2016'),(599,'T0.project_id','=','all'),(599,'T0.payroll_rate_type_id','=','all'),(600,'T0.company_id','=','2'),(600,'T0.payroll_date','=','October 28, 2016'),(600,'T0.project_id','=','all'),(600,'T0.payroll_rate_type_id','=','all'),(601,'T0.payroll_date','=','October 28, 2016'),(601,'T0.company_id','=','2'),(602,'T0.company_id','=','2'),(602,'T0.payroll_date','=','October 28, 2016'),(602,'T0.project_id','=','10'),(602,'T0.payroll_rate_type_id','=','2'),(603,'T0.company_id','=','2'),(603,'T0.payroll_date','=','October 28, 2016'),(603,'T0.project_id','=','all'),(603,'T0.project_id','=','all'),(604,'T0.company_id','=','2'),(604,'T0.payroll_date','=','October 28, 2016'),(604,'T0.project_id','=','10'),(604,'T0.project_id','=','all'),(605,'T0.company_id','=','2'),(605,'T0.payroll_date','=','October 28, 2016'),(605,'T0.project_id','=','all'),(605,'T0.project_id','=','all'),(606,'T0.company_id','=','2'),(606,'T0.payroll_date','=','October 28, 2016'),(606,'T0.project_id','=','all'),(606,'T0.project_id','=','all'),(607,'T0.company_id','=','2'),(607,'T0.payroll_date','=','October 28, 2016'),(607,'T0.project_id','=','all'),(607,'T0.payroll_rate_type_id','=','all'),(608,'T0.company_id','=','2'),(608,'T0.payroll_date','=','October 28, 2016'),(608,'T0.project_id','=','all'),(608,'T0.payroll_rate_type_id','=','2'),(609,'T0.company_id','=','2'),(609,'T0.payroll_date','=','October 28, 2016'),(609,'T0.project_id','=','10'),(609,'T0.payroll_rate_type_id','=','2'),(610,'T0.company_id','=','all'),(610,'T0.project_id','=','all'),(610,'T0.department_id','=','all'),(610,'T0.date_used','>=','October 01, 2016'),(610,'T0.date_used','<=','October 31, 2016'),(610,'T0.user_id','=','all'),(610,'T0.form_id','=','all'),(611,'T0.company_id','=','all'),(611,'T0.project_id','=','all'),(611,'T0.department_id','=','all'),(611,'T0.user_id','IN','2'),(612,'T0.company_id','=','2'),(612,'T0.payroll_date','=','October 28, 2016'),(612,'T0.project_id','=','all'),(612,'T0.project_id','=','all'),(613,'T0.company_id','=','all'),(613,'T0.project_id','=','all'),(613,'T0.department_id','=','all'),(613,'T0.user_id','IN','2'),(614,'T0.company_id','=','all'),(614,'T0.project_id','=','all'),(614,'T0.department_id','=','all'),(614,'T0.user_id','IN','2'),(615,'T0.company_id','=','all'),(615,'T0.project_id','=','all'),(615,'T0.department_id','=','all'),(615,'T0.user_id','IN','2'),(616,'T0.company_id','=','all'),(616,'T0.project_id','=','all'),(616,'T0.department_id','=','all'),(616,'T0.user_id','IN','2'),(617,'T0.company_id','=','all'),(617,'T0.project_id','=','all'),(617,'T0.department_id','=','all'),(617,'T0.user_id','IN','2'),(618,'T0.company_id','=','all'),(618,'T0.project_id','=','all'),(618,'T0.department_id','=','all'),(618,'T0.user_id','IN','2'),(619,'T0.company_id','=','all'),(619,'T0.project_id','=','all'),(619,'T0.department_id','=','all'),(619,'T0.user_id','IN','2'),(620,'T0.company_id','=','all'),(620,'T0.project_id','=','all'),(620,'T0.department_id','=','all'),(620,'T0.user_id','IN','2'),(635,'T0.company_id','=','all'),(635,'T0.project_id','=','all'),(635,'T0.department_id','=','all'),(635,'T0.user_id','IN','2'),(637,'T0.company_id','=','all'),(637,'T0.project_id','=','all'),(637,'T0.department_id','=','all'),(637,'T0.user_id','IN','2'),(639,'T0.company_id','=','all'),(639,'T0.project_id','=','all'),(639,'T0.department_id','=','all'),(639,'T0.user_id','IN','2'),(642,'T0.company_id','=','all'),(642,'T0.project_id','=','all'),(642,'T0.department_id','=','all'),(642,'T0.user_id','IN','2'),(644,'T0.company_id','=','all'),(644,'T0.project_id','=','all'),(644,'T0.department_id','=','all'),(644,'T0.user_id','IN','2'),(645,'T0.company_id','=','all'),(645,'T0.project_id','=','all'),(645,'T0.department_id','=','all'),(645,'T0.user_id','IN','2'),(689,'T0.company_id','=','2'),(689,'T0.employee_name','=','2'),(690,'T0.company_id','=','1'),(691,'T0.company_id','=','2'),(691,'T0.employee_name','=','2'),(692,'T0.company_id','=','2'),(692,'T0.employee_name','=','2'),(693,'T0.company_id','=','2'),(693,'T0.employee_name','=','2'),(694,'T0.company_id','=','2'),(694,'T0.employee_name','=','127'),(695,'T0.company_id','=','2'),(695,'T0.employee_name','=','127'),(696,'T0.company_id','=','2'),(696,'T0.employee_name','=','127'),(697,'T0.company_id','=','2'),(697,'T0.employee_name','=','127'),(698,'T0.company_id','=','2'),(698,'T0.employee_name','=','127'),(699,'T0.company_id','=','2'),(699,'T0.employee_name','=','127'),(700,'T0.company_id','=','2'),(700,'T0.employee_name','=','127'),(701,'T0.company_id','=','2'),(701,'T0.employee_name','=','127'),(702,'T0.company_id','=','2'),(702,'T0.employee_name','=','127'),(703,'T0.company_id','=','2'),(703,'T0.employee_name','=','127'),(704,'T0.company_id','=','2'),(704,'T0.employee_name','=','127'),(705,'T0.company_id','=','2'),(705,'T0.employee_name','=','127'),(706,'T0.company_id','=','2'),(706,'T0.employee_name','=','127'),(707,'T0.company_id','=','2'),(707,'T0.employee_name','=','127'),(708,'T0.company_id','=','2'),(708,'T0.employee_name','=','127'),(710,'T0.company_id','=','all'),(710,'T0.payroll_date','=','November 15, 2016'),(710,'T0.project_id','=','all'),(710,'T0.payroll_rate_type_id','=','all'),(711,'T0.company_id','=','2'),(711,'T0.employee_name','=','127'),(713,'T0.company_id','=','2'),(713,'T0.employee_name','=','127'),(714,'T0.company_id','=','all'),(714,'T0.payroll_date','=','November 15, 2016'),(714,'T0.project_id','=','all'),(714,'T0.payroll_rate_type_id','=','2'),(716,'T0.company_id','=','all'),(716,'T0.payroll_date','=','November 15, 2016'),(716,'T0.project_id','=','all'),(716,'T0.payroll_rate_type_id','=','2'),(718,'T0.company_id','=','all'),(718,'T0.payroll_date','=','November 15, 2016'),(718,'T0.project_id','=','all'),(718,'T0.payroll_rate_type_id','=','2'),(722,'T0.company_id','=','all'),(722,'T0.payroll_date','=','November 15, 2016'),(722,'T0.project_id','=','all'),(722,'T0.payroll_rate_type_id','=','2'),(732,'T0.company_id','=','all'),(732,'T0.payroll_date','=','November 15, 2016'),(732,'T0.project_id','=','all'),(732,'T0.payroll_rate_type_id','=','all'),(733,'T0.company_id','=','all'),(733,'T0.payroll_date','=','November 15, 2016'),(733,'T0.project_id','=','all'),(733,'T0.payroll_rate_type_id','=','all'),(734,'T0.company_id','=','all'),(734,'T0.payroll_date','=','November 15, 2016'),(734,'T0.project_id','=','all'),(734,'T0.payroll_rate_type_id','=','all'),(735,'T0.company_id','=','all'),(735,'T0.payroll_date','=','November 15, 2016'),(735,'T0.project_id','=','all'),(735,'T0.payroll_rate_type_id','=','all'),(736,'T0.company_id','=','all'),(736,'T0.payroll_date','=','November 15, 2016'),(736,'T0.project_id','=','all'),(736,'T0.payroll_rate_type_id','=','all'),(737,'T0.company_id','=','all'),(737,'T0.payroll_date','=','November 15, 2016'),(737,'T0.project_id','=','all'),(737,'T0.payroll_rate_type_id','=','all'),(738,'T0.company_id','=','all'),(738,'T0.payroll_date','=','November 15, 2016'),(738,'T0.project_id','=','all'),(738,'T0.payroll_rate_type_id','=','all'),(739,'T0.company_id','=','all'),(739,'T0.payroll_date','=','November 15, 2016'),(739,'T0.project_id','=','all'),(739,'T0.payroll_rate_type_id','=','all'),(740,'T0.company_id','=','2'),(740,'T0.employee_name','=','127'),(741,'T0.company_id','=','2'),(741,'T0.project_id','=','10'),(741,'T0.department_id','=','all'),(741,'T0.user_id','IN','3'),(742,'T0.company_id','=','all'),(743,'T0.company_id','=','all'),(744,'T0.company_id','=','all'),(745,'T0.company_id','=','all'),(746,'T0.company_id','=','all'),(751,'T0.company_id','=','2'),(751,'T0.month','=','11'),(752,'T0.company_id','=','2'),(752,'T0.employee_name','=','127'),(753,'T0.company_id','=','2'),(753,'T0.month','=','11'),(754,'T0.company_id','=','1'),(755,'T0.company_id','=','all'),(756,'T0.company_id','=','all'),(757,'T0.company_id','=','all'),(758,'T0.company_id','=','all'),(759,'T0.company_id','=','all'),(760,'T0.company_id','=','all'),(761,'T0.company_id','=','all'),(762,'T0.company_id','=','all'),(763,'T0.company_id','=','all'),(764,'T0.company_id','=','all'),(765,'T0.company_id','=','all'),(766,'T0.company_id','=','all'),(767,'T0.company_id','=','all'),(768,NULL,NULL,'all'),(769,'T0.company_id','=','all'),(770,NULL,NULL,'all'),(771,NULL,NULL,'all'),(772,'T0.company_id','=','all'),(773,'T0.company_id','=','all'),(774,'T0.company_id','=','all'),(779,'T0.company_id','=','all'),(780,'T0.company_id','=','all'),(781,'T0.company_id','=','all'),(782,'T0.company_id','=','2'),(783,'T0.company_id','=','all'),(784,'T0.company_id','=','1'),(785,'T0.company_id','=','1'),(786,'T0.company_id','=','1'),(787,'T0.company_id','=','all'),(788,'T0.company_id','=','1'),(789,'T0.company_id','=','2'),(790,'T0.company_id','=','2'),(791,'T0.company_id','=','2'),(792,'T0.company_id','=','2'),(793,'T0.company_id','=','2'),(794,'T0.company_id','=','2'),(795,'T0.company_id','=','2'),(796,'T0.company_id','=','2'),(797,'T0.company_id','=','2'),(798,'T0.company_id','=','all'),(798,'T0.project_id','=','all'),(798,'T0.department_id','=','all'),(798,'T0.user_id','IN','4'),(799,'T0.company_id','=','all'),(799,'T0.project_id','=','all'),(799,'T0.department_id','=','all'),(799,'T0.user_id','IN','2'),(800,'T0.company_id','=','all'),(800,'T0.project_id','=','all'),(800,'T0.department_id','=','all'),(800,'T0.user_id','IN','3'),(801,'T0.company_id','=','all'),(801,'T0.project_id','=','all'),(801,'T0.department_id','=','all'),(801,'T0.user_id','IN','3'),(802,'T0.company_id','=','all'),(802,'T0.project_id','=','all'),(802,'T0.department_id','=','all'),(802,'T0.user_id','IN','4'),(803,'T0.company_id','=','2'),(804,'T0.company_id','=','all'),(804,'T0.project_id','=','all'),(804,'T0.department_id','=','all'),(804,'T0.user_id','IN','3'),(805,'T0.company_id','=','all'),(805,'T0.project_id','=','all'),(805,'T0.department_id','=','all'),(805,'T0.user_id','IN','5'),(806,'T0.company_id','=','all'),(806,'T0.project_id','=','all'),(806,'T0.department_id','=','all'),(806,'T0.user_id','IN','5'),(807,'T0.company_id','=','all'),(807,'T0.project_id','=','all'),(807,'T0.department_id','=','all'),(807,'T0.user_id','IN','3'),(808,'T0.company_id','=','all'),(808,'T0.project_id','=','all'),(808,'T0.department_id','=','all'),(808,'T0.user_id','IN','2'),(809,'T0.company_id','=','2'),(810,'T0.company_id','=','all'),(810,'T0.project_id','=','all'),(810,'T0.department_id','=','all'),(810,'T0.user_id','IN','2'),(811,'T0.company_id','=','all'),(811,'T0.project_id','=','all'),(811,'T0.department_id','=','all'),(811,'T0.user_id','IN','3'),(812,'T0.company_id','=','all'),(812,'T0.project_id','=','all'),(812,'T0.department_id','=','all'),(812,'T0.user_id','IN','2'),(813,'T0.company_id','=','2'),(814,'T0.company_id','=','all'),(814,'T0.project_id','=','all'),(814,'T0.department_id','=','all'),(814,'T0.user_id','IN','2'),(815,'T0.company_id','=','2'),(816,'T0.company_id','=','all'),(816,'T0.project_id','=','all'),(816,'T0.department_id','=','all'),(816,'T0.user_id','IN','2'),(817,'T0.company_id','=','all'),(817,'T0.project_id','=','all'),(817,'T0.department_id','=','all'),(817,'T0.user_id','IN','2'),(818,'T0.company_id','=','all'),(818,'T0.project_id','=','all'),(818,'T0.department_id','=','all'),(818,'T0.user_id','IN','2'),(819,'T0.company_id','=','2'),(820,'T0.company_id','=','all'),(820,'T0.project_id','=','all'),(820,'T0.department_id','=','all'),(820,'T0.user_id','IN','2'),(821,'T0.company_id','=','2'),(822,'T0.company_id','=','2'),(823,'T0.company_id','=','all'),(823,'T0.project_id','=','all'),(823,'T0.department_id','=','all'),(823,'T0.user_id','IN','2'),(824,'T0.company_id','=','all'),(825,'T0.company_id','=','2'),(826,'T0.company_id','=','all'),(826,'T0.project_id','=','all'),(826,'T0.department_id','=','all'),(826,'T0.user_id','IN','2'),(827,'T0.company_id','=','all'),(827,'T0.project_id','=','all'),(827,'T0.department_id','=','all'),(827,'T0.user_id','IN','2'),(828,'T0.company_id','=','all'),(828,'T0.project_id','=','all'),(828,'T0.department_id','=','all'),(828,'T0.user_id','IN','2'),(829,'T0.company_id','=','all'),(829,'T0.project_id','=','all'),(829,'T0.department_id','=','all'),(829,'T0.user_id','IN','2'),(830,'T0.company_id','=','all'),(830,'T0.project_id','=','all'),(830,'T0.department_id','=','all'),(830,'T0.user_id','IN','2'),(831,'T0.company_id','=','all'),(831,'T0.project_id','=','all'),(831,'T0.department_id','=','all'),(831,'T0.user_id','IN','2'),(832,'T0.company_id','=','all'),(832,'T0.project_id','=','all'),(832,'T0.department_id','=','all'),(832,'T0.user_id','IN','2'),(833,'T0.company_id','=','all'),(833,'T0.project_id','=','all'),(833,'T0.department_id','=','all'),(833,'T0.user_id','IN','2'),(834,'T0.company_id','=','all'),(834,'T0.project_id','=','all'),(834,'T0.department_id','=','all'),(834,'T0.user_id','IN','2'),(835,'T0.company_id','=','all'),(835,'T0.project_id','=','all'),(835,'T0.department_id','=','all'),(835,'T0.user_id','IN','2'),(836,'T0.company_id','=','all'),(836,'T0.project_id','=','all'),(836,'T0.department_id','=','all'),(836,'T0.user_id','IN','2'),(837,'T0.company_id','=','all'),(837,'T0.project_id','=','all'),(837,'T0.department_id','=','all'),(837,'T0.user_id','IN','2'),(838,'T0.company_id','=','all'),(838,'T0.project_id','=','all'),(838,'T0.department_id','=','all'),(838,'T0.user_id','IN','2'),(839,'T0.company_id','=','all'),(839,'T0.project_id','=','all'),(839,'T0.department_id','=','all'),(839,'T0.user_id','IN','2'),(840,'T0.company_id','=','all'),(840,'T0.project_id','=','all'),(840,'T0.department_id','=','all'),(840,'T0.user_id','IN','2'),(841,'T0.company_id','=','all'),(841,'T0.project_id','=','all'),(841,'T0.department_id','=','all'),(841,'T0.user_id','IN','2'),(842,'T0.company_id','=','all'),(842,'T0.project_id','=','all'),(842,'T0.department_id','=','all'),(842,'T0.user_id','IN','2'),(843,'T0.company_id','=','all'),(843,'T0.project_id','=','all'),(843,'T0.department_id','=','all'),(843,'T0.user_id','IN','2'),(844,'T0.company_id','=','all'),(844,'T0.project_id','=','all'),(844,'T0.department_id','=','all'),(844,'T0.user_id','IN','2'),(845,'T0.company_id','=','all'),(845,'T0.project_id','=','all'),(845,'T0.department_id','=','all'),(845,'T0.user_id','IN','2'),(846,'T0.company_id','=','all'),(846,'T0.project_id','=','all'),(846,'T0.department_id','=','all'),(846,'T0.user_id','IN','2'),(847,'T0.company_id','=','all'),(847,'T0.project_id','=','all'),(847,'T0.department_id','=','all'),(847,'T0.user_id','IN','2'),(848,'T0.company_id','=','2'),(849,'T0.company_id','=','2'),(850,'T0.company_id','=','2'),(851,'T0.company_id','=','2'),(852,'T0.company_id','=','2'),(853,'T0.company_id','=','2'),(854,'T0.company_id','=','2'),(855,'T0.company_id','=','2'),(856,'T0.company_id','=','2'),(857,'T0.company_id','=','2'),(858,'T0.company_id','=','2'),(859,'T0.company_id','=','2'),(860,'T0.company_id','=','2'),(861,'T0.company_id','=','2'),(862,'T0.company_id','=','2'),(863,'T0.company_id','=','2'),(864,'T0.company_id','=','2'),(865,'T0.company_id','=','2'),(866,'T0.company_id','=','2'),(867,'T0.company_id','=','2'),(868,'T0.company_id','=','2'),(869,'T0.company_id','=','2'),(870,'T0.company_id','=','2'),(871,'T0.company_id','=','2'),(872,'T0.company_id','=','2'),(873,'T0.company_id','=','2'),(874,'T0.company_id','=','2'),(875,'T0.company_id','=','2'),(876,'T0.company_id','=','2'),(877,'T0.company_id','=','2'),(878,'T0.company_id','=','2'),(879,'T0.company_id','=','2'),(880,'T0.company_id','=','2'),(883,'T0.company_id','=','1'),(885,'T0.company_id','=','1'),(886,'T0.company_id','=','2'),(888,'T0.company_id','=','1'),(889,'T0.company_id','=','2'),(904,'T0.company_id','=','2'),(905,'T0.company_id','=','2'),(906,'T0.company_id','=','2'),(907,'T0.company_id','=','2'),(908,'T0.company_id','=','2'),(909,'T0.company_id','=','2'),(910,'T0.company_id','=','2'),(914,'T0.company_id','=','2'),(916,'T0.company_id','=','2'),(929,'T0.company_id','=','2'),(940,'T0.company_id','=','2'),(942,'T0.company_id','=','2'),(960,'T0.company_id','=','2'),(961,'T0.company_id','=','2'),(969,'T0.company_id','=','2'),(971,'T0.company_id','=','2'),(975,'T0.company_id','=','2'),(976,'T0.company_id','=','2'),(977,'T0.company_id','=','2'),(978,'T0.company_id','=','2'),(979,'T0.company_id','=','2'),(980,'T0.company_id','=','2'),(981,'T0.company_id','=','2'),(982,'T0.company_id','=','2'),(983,'T0.company_id','=','2'),(984,'T0.company_id','=','2'),(985,'T0.company_id','=','2'),(986,'T0.company_id','=','2'),(987,'T0.company_id','=','2'),(988,'T0.company_id','=','2'),(989,'T0.company_id','=','2'),(990,'T0.company_id','=','2'),(991,'T0.company_id','=','2'),(992,'T0.company_id','=','2'),(993,'T0.company_id','=','2'),(994,'T0.company_id','=','2'),(995,'T0.company_id','=','2'),(996,'T0.company_id','=','2'),(997,'T0.company_id','=','2'),(998,'T0.company_id','=','2'),(999,'T0.company_id','=','2'),(1000,'T0.company_id','=','2'),(1001,'T0.company_id','=','2'),(1002,'T0.company_id','=','2'),(1003,'T0.company_id','=','2'),(1004,'T0.company_id','=','2'),(1005,'T0.company_id','=','2'),(1006,'T0.company_id','=','2'),(1007,'T0.company_id','=','2'),(1008,'T0.company_id','=','2'),(1009,'T0.company_id','=','2'),(1010,'T0.company_id','=','2'),(1011,'T0.company_id','=','2'),(1012,'T0.company_id','=','2'),(1013,'T0.company_id','=','2'),(1014,'T0.company_id','=','2'),(1015,'T0.company_id','=','2'),(1016,'T0.company_id','=','2'),(1017,'T0.company_id','=','2'),(1018,'T0.company_id','=','2'),(1019,'T0.company_id','=','2'),(1019,'T0.project_id','=','all'),(1019,'T0.department_id','=','all'),(1019,'T0.date_used','>=','August 01, 2016'),(1019,'T0.date_used','<=','November 30, 2016'),(1019,'T0.user_id','=','all'),(1019,'T0.form_id','=','1'),(1020,'T0.company_id','=','2'),(1021,'T0.company_id','=','2'),(1022,'T0.company_id','=','2'),(1023,'T0.company_id','=','2'),(1024,'T0.company_id','=','2'),(1025,'T0.company_id','=','2'),(1026,'T0.company_id','=','2'),(1027,'T0.company_id','=','2'),(1028,'T0.company_id','=','2'),(1029,'T0.company_id','=','2'),(1030,'T0.company_id','=','2'),(1031,'T0.company_id','=','2'),(1031,'T0.project_id','=','10'),(1031,'T0.department_id','=','all'),(1031,'T0.user_id','=','3'),(1031,'T0.year','=','2016'),(1032,'T0.company_id','=','2'),(1033,'T0.company_id','=','2'),(1034,'T0.company_id','=','2'),(1035,'T0.company_id','=','2'),(1036,'T0.company_id','=','2'),(1037,'T0.company_id','=','2'),(1037,'T0.project_id','=','10'),(1037,'T0.department_id','=','all'),(1037,'T0.user_id','=','3'),(1037,'T0.year','=','2016'),(1038,'T0.company_id','=','2'),(1038,'T0.project_id','=','10'),(1038,'T0.department_id','=','all'),(1038,'T0.date_used','>=','August 01, 2016'),(1038,'T0.date_used','<=','November 30, 2016'),(1038,'T0.user_id','=','all'),(1038,'T0.form_id','=','1'),(1039,'T0.company_id','=','2'),(1039,'T0.payroll_date','=','October 28, 2016'),(1039,'T0.project_id','=','10'),(1039,'T0.payroll_rate_type_id','=','all'),(1040,'T0.company_id','=','all'),(1040,'T0.payroll_date','=','November 15, 2016'),(1040,'T0.project_id','=','all'),(1040,'T0.payroll_rate_type_id','=','all'),(1041,'T0.company_id','=','all'),(1041,'T0.payroll_date','=','November 15, 2016'),(1041,'T0.project_id','=','all'),(1041,'T0.payroll_rate_type_id','=','all'),(1042,'T0.company_id','=','2'),(1043,'T0.company_id','=','all'),(1043,'T0.project_id','=','all'),(1043,'T0.department_id','=','all'),(1043,'T0.user_id','=','all'),(1043,'T0.year','=','2016'),(1044,'T0.company_id','=','all'),(1044,'T0.project_id','=','all'),(1044,'T0.department_id','=','all'),(1044,'T0.user_id','=','all'),(1044,'T0.year','=','2016'),(1045,'T0.company_id','=','all'),(1045,'T0.project_id','=','all'),(1045,'T0.department_id','=','all'),(1045,'T0.user_id','=','all'),(1045,'T0.year','=','2016'),(1046,'T0.company_id','=','all'),(1046,'T0.project_id','=','all'),(1046,'T0.department_id','=','all'),(1046,'T0.user_id','=','all'),(1046,'T0.year','=','2016'),(1047,'T0.company_id','=','all'),(1047,'T0.project_id','=','all'),(1047,'T0.department_id','=','all'),(1047,'T0.user_id','=','all'),(1047,'T0.year','=','2016'),(1048,'T0.company_id','=','all'),(1048,'T0.project_id','=','all'),(1048,'T0.department_id','=','all'),(1048,'T0.user_id','=','all'),(1048,'T0.year','=','2016'),(1049,'T0.company_id','=','2'),(1050,'T0.company_id','=','2'),(1051,'T0.company_id','=','2'),(1054,'T0.company_id','=','all'),(1054,'T0.payroll_date','=','November 15, 2016'),(1054,'T0.project_id','=','all'),(1054,'T0.payroll_rate_type_id','=','all'),(1055,'T0.company_id','=','all'),(1055,'T0.payroll_date','=','November 15, 2016'),(1055,'T0.project_id','=','all'),(1055,'T0.payroll_rate_type_id','=','all'),(1056,'T0.company_id','=','all'),(1056,'T0.payroll_date','=','November 15, 2016'),(1056,'T0.project_id','=','all'),(1056,'T0.payroll_rate_type_id','=','all'),(1071,NULL,NULL,'10'),(1072,'','','10'),(1073,'','','10'),(1074,'','','10'),(1075,'T0.company_id','=','all'),(1075,'T0.payroll_date','=','November 15, 2016'),(1075,'T0.project_id','=','all'),(1075,'T0.payroll_rate_type_id','=','all'),(1076,'T0.company_id','=','all'),(1076,'T0.payroll_date','=','November 15, 2016'),(1076,'T0.project_id','=','all'),(1076,'T0.payroll_rate_type_id','=','all'),(1077,'T0.company_id','=','all'),(1077,'T0.project_id','=','all'),(1077,'T0.department_id','=','all'),(1077,'T0.user_id','=','all'),(1077,'T0.year','=','2016'),(1078,'','','6'),(1079,'','','10'),(1080,'','','10'),(1081,'','','10'),(1082,'','','10'),(1083,'','','2'),(1084,'','','10'),(1085,'','','10'),(1086,'','','10'),(1087,'','','10'),(1088,'','','10'),(1089,'','','10'),(1090,'','','10'),(1091,'','','10'),(1092,'','','10'),(1093,'','','10'),(1094,'','','2'),(1095,'','','10'),(1096,'','','10'),(1097,'','','10'),(1099,'','','10'),(1100,'','','10'),(1104,'','','10'),(1105,'','','10'),(1106,'','','10'),(1107,'T0.company_id','=','2'),(1107,'T0.project_id','=','all'),(1107,'T0.transaction_id','IN','207'),(1107,'T0.payroll_rate_type_id','=','all'),(1107,'T0.payroll_date','=','November 15, 2016'),(1108,'','','10'),(1109,'','','10'),(1110,'','','10'),(1111,'','','10'),(1112,'','','10'),(1113,'T0.company_id','=','2'),(1113,'T0.project_id','=','all'),(1113,'T0.transaction_id','IN','210'),(1113,'T0.payroll_rate_type_id','=','all'),(1113,'T0.payroll_date','=','November 15, 2016'),(1114,'T0.company_id','=','2'),(1114,'T0.project_id','=','all'),(1114,'T0.transaction_id','IN','210'),(1114,'T0.payroll_rate_type_id','=','all'),(1114,'T0.payroll_date','=','November 15, 2016'),(1115,'','','2'),(1115,'','','November 15, 2016'),(1115,'','','10'),(1115,'','','all'),(1116,'T0.company_id','=','2'),(1116,'T0.payroll_date','=','November 15, 2016'),(1116,'T0.project_id','=','all'),(1116,'T0.payroll_rate_type_id','=','all'),(1117,'T0.company_id','=','2'),(1117,'T0.project_id','=','all'),(1117,'T0.transaction_id','IN','210'),(1117,'T0.payroll_rate_type_id','=','all'),(1117,'T0.payroll_date','=','November 15, 2016'),(1118,'T0.company_id','=','2'),(1118,'T0.project_id','=','all'),(1118,'T0.transaction_id','IN','210'),(1118,'T0.payroll_rate_type_id','=','all'),(1118,'T0.payroll_date','=','November 15, 2016'),(1119,'T0.company_id','=','2'),(1119,'T0.project_id','=','all'),(1119,'T0.transaction_id','IN','210'),(1119,'T0.payroll_rate_type_id','=','all'),(1119,'T0.payroll_date','=','November 15, 2016'),(1120,'T0.company_id','=','2'),(1120,'T0.project_id','=','all'),(1120,'T0.transaction_id','IN','210,207'),(1120,'T0.payroll_rate_type_id','=','all'),(1120,'T0.payroll_date','=','November 15, 2016'),(1121,'T0.company_id','=','2'),(1121,'T0.project_id','=','all'),(1121,'T0.transaction_id','IN','210,207'),(1121,'T0.payroll_rate_type_id','=','all'),(1121,'T0.payroll_date','=','November 15, 2016'),(1122,'','','10'),(1123,'T0.company_id','=','2'),(1123,'T0.project_id','=','all'),(1123,'T0.transaction_id','IN','210,207'),(1123,'T0.payroll_rate_type_id','=','all'),(1123,'T0.payroll_date','=','November 15, 2016'),(1124,'','','10'),(1125,'','','10'),(1126,'T0.company_id','=','2'),(1126,'T0.project_id','=','all'),(1126,'T0.transaction_id','IN','210,207'),(1126,'T0.payroll_rate_type_id','=','all'),(1126,'T0.payroll_date','=','November 15, 2016'),(1127,'T0.company_id','=','2'),(1127,'T0.project_id','=','all'),(1127,'T0.transaction_id','IN','210,207'),(1127,'T0.payroll_rate_type_id','=','all'),(1127,'T0.payroll_date','=','November 15, 2016'),(1128,'T0.company_id','=','2'),(1128,'T0.project_id','=','all'),(1128,'T0.transaction_id','IN','210,207'),(1128,'T0.payroll_rate_type_id','=','all'),(1128,'T0.payroll_date','=','November 15, 2016'),(1129,'T0.company_id','=','2'),(1129,'T0.project_id','=','all'),(1129,'T0.transaction_id','IN','210,207'),(1129,'T0.payroll_rate_type_id','=','all'),(1129,'T0.payroll_date','=','November 15, 2016'),(1130,'T0.company_id','=','2'),(1130,'T0.project_id','=','all'),(1130,'T0.transaction_id','IN','210,207'),(1130,'T0.payroll_rate_type_id','=','all'),(1130,'T0.payroll_date','=','November 15, 2016'),(1131,'T0.company_id','=','2'),(1131,'T0.project_id','=','all'),(1131,'T0.transaction_id','IN','210,207'),(1131,'T0.payroll_rate_type_id','=','all'),(1131,'T0.payroll_date','=','November 15, 2016'),(1132,'T0.company_id','=','2'),(1132,'T0.project_id','=','all'),(1132,'T0.transaction_id','IN','210,207'),(1132,'T0.payroll_rate_type_id','=','all'),(1132,'T0.payroll_date','=','November 15, 2016'),(1133,'T0.company_id','=','2'),(1133,'T0.project_id','=','all'),(1133,'T0.transaction_id','IN','210,207'),(1133,'T0.payroll_rate_type_id','=','all'),(1133,'T0.payroll_date','=','November 15, 2016'),(1134,'T0.company_id','=','2'),(1134,'T0.project_id','=','all'),(1134,'T0.transaction_id','IN','210,207'),(1134,'T0.payroll_rate_type_id','=','all'),(1134,'T0.payroll_date','=','November 15, 2016'),(1135,'T0.company_id','=','2'),(1135,'T0.project_id','=','all'),(1135,'T0.transaction_id','IN','210,207'),(1135,'T0.payroll_rate_type_id','=','all'),(1135,'T0.payroll_date','=','November 15, 2016'),(1136,'T0.company_id','=','2'),(1136,'T0.project_id','=','all'),(1136,'T0.payroll_rate_type_id','=','all'),(1137,'T0.company_id','=','2'),(1137,'T0.project_id','=','all'),(1137,'T0.payroll_rate_type_id','=','all'),(1137,'T0.payroll_date','=','November 15, 2016'),(1138,'T0.company_id','=','2'),(1138,'T0.project_id','=','all'),(1138,'T0.payroll_rate_type_id','=','2'),(1138,'T0.payroll_date','=','November 15, 2016'),(1139,'T0.company_id','=','2'),(1139,'T0.project_id','=','all'),(1139,'T0.payroll_rate_type_id','=','6'),(1139,'T0.payroll_date','=','November 15, 2016'),(1140,'T0.company_id','=','2'),(1140,'T0.project_id','=','all'),(1140,'T0.payroll_rate_type_id','=','6'),(1140,'T0.payroll_date','=','November 15, 2016'),(1141,'T0.company_id','=','2'),(1141,'T0.project_id','=','all'),(1141,'T0.payroll_rate_type_id','=','6'),(1141,'T0.payroll_date','=','November 15, 2016'),(1142,'','','7'),(1143,'T0.company_id','=','2'),(1143,'T0.project_id','=','all'),(1143,'T0.payroll_rate_type_id','=','6'),(1143,'T0.payroll_date','=','November 15, 2016'),(1144,'T0.company_id','=','2'),(1144,'T0.project_id','=','all'),(1144,'T0.payroll_rate_type_id','=','6'),(1144,'T0.payroll_date','=','November 15, 2016'),(1145,'','','7'),(1146,'','','7'),(1147,'','','7'),(1148,'','','7'),(1150,'T0.company_id','=','2'),(1150,'T0.project_id','=','all'),(1150,'T0.payroll_rate_type_id','=','2'),(1150,'T0.payroll_date','=','November 15, 2016'),(1151,'T0.company_id','=','2'),(1151,'T0.project_id','=','all'),(1151,'T0.payroll_rate_type_id','=','2'),(1151,'T0.payroll_date','=','November 15, 2016'),(1152,'T0.company_id','=','2'),(1152,'T0.project_id','=','all'),(1152,'T0.payroll_rate_type_id','=','2'),(1152,'T0.payroll_date','=','November 15, 2016'),(1153,'T0.company_id','=','2'),(1153,'T0.project_id','=','all'),(1153,'T0.payroll_rate_type_id','=','2'),(1153,'T0.payroll_date','=','November 15, 2016'),(1154,'T0.company_id','=','2'),(1154,'T0.project_id','=','all'),(1154,'T0.payroll_rate_type_id','=','2'),(1154,'T0.payroll_date','=','November 15, 2016'),(1155,'T0.company_id','=','2'),(1155,'T0.project_id','=','all'),(1155,'T0.payroll_rate_type_id','=','2'),(1155,'T0.payroll_date','=','November 15, 2016'),(1156,'T0.company_id','=','2'),(1156,'T0.project_id','=','all'),(1156,'T0.payroll_rate_type_id','=','2'),(1156,'T0.payroll_date','=','November 15, 2016'),(1157,'T0.company_id','=','2'),(1157,'T0.project_id','=','all'),(1157,'T0.payroll_rate_type_id','=','2'),(1157,'T0.payroll_date','=','November 15, 2016'),(1158,'T0.company_id','=','2'),(1158,'T0.project_id','=','all'),(1158,'T0.payroll_rate_type_id','=','2'),(1158,'T0.payroll_date','=','November 15, 2016'),(1159,'T0.company_id','=','2'),(1159,'T0.project_id','=','all'),(1159,'T0.payroll_rate_type_id','=','2'),(1159,'T0.payroll_date','=','November 15, 2016'),(1160,'T0.company_id','=','2'),(1160,'T0.project_id','=','all'),(1160,'T0.payroll_rate_type_id','=','2'),(1160,'T0.payroll_date','=','November 15, 2016'),(1161,'T0.company_id','=','2'),(1161,'T0.project_id','=','all'),(1161,'T0.payroll_rate_type_id','=','2'),(1161,'T0.payroll_date','=','November 15, 2016'),(1162,'T0.company_id','=','2'),(1162,'T0.payroll_date','=','November 15, 2016'),(1162,'T0.department_id','IN',''),(1163,'T0.company_id','=','2'),(1163,'T0.project_id','=','all'),(1163,'T0.payroll_rate_type_id','=','2'),(1163,'T0.payroll_date','=','November 15, 2016'),(1164,'T0.company_id','=','2'),(1164,'T0.project_id','=','all'),(1164,'T0.payroll_rate_type_id','=','2'),(1164,'T0.payroll_date','=','November 15, 2016'),(1165,'T0.company_id','=','2'),(1165,'T0.project_id','=','all'),(1165,'T0.payroll_rate_type_id','=','2'),(1165,'T0.payroll_date','=','November 15, 2016'),(1166,'T0.company_id','=','2'),(1166,'T0.project_id','=','all'),(1166,'T0.payroll_rate_type_id','=','2'),(1166,'T0.payroll_date','=','November 15, 2016'),(1167,'T0.company_id','=','2'),(1167,'T0.project_id','=','all'),(1167,'T0.payroll_rate_type_id','=','2'),(1167,'T0.payroll_date','=','November 15, 2016'),(1168,'T0.company_id','=','2'),(1168,'T0.project_id','=','all'),(1168,'T0.payroll_rate_type_id','=','2'),(1168,'T0.payroll_date','=','November 15, 2016'),(1169,'','','10'),(1170,'','','10'),(1171,'','','10'),(1172,'','','10'),(1173,'T0.company_id','=','2'),(1173,'T0.project_id','=','all'),(1173,'T0.payroll_rate_type_id','=','2'),(1173,'T0.payroll_date','=','November 15, 2016'),(1174,'','','10'),(1175,'T0.company_id','=','2'),(1175,'T0.project_id','=','all'),(1175,'T0.payroll_rate_type_id','=','2'),(1175,'T0.payroll_date','=','November 15, 2016'),(1176,'T0.company_id','=','2'),(1176,'T0.project_id','=','all'),(1176,'T0.payroll_rate_type_id','=','2'),(1176,'T0.payroll_date','=','November 15, 2016'),(1177,'','','10'),(1178,'','','10'),(1179,'T0.company_id','=','2'),(1179,'T0.project_id','=','all'),(1179,'T0.payroll_rate_type_id','=','2'),(1179,'T0.payroll_date','=','November 15, 2016'),(1180,'T0.company_id','=','2'),(1180,'T0.project_id','=','all'),(1180,'T0.payroll_rate_type_id','=','2'),(1180,'T0.payroll_date','=','November 15, 2016'),(1181,'','','10'),(1182,'','','10'),(1183,'','','10'),(1184,'','','10'),(1185,'T0.company_id','=','2'),(1185,'T0.project_id','=','all'),(1185,'T0.payroll_rate_type_id','=','all'),(1185,'T0.payroll_date','=','November 15, 2016'),(1186,'T0.company_id','=','2'),(1186,'T0.project_id','=','all'),(1186,'T0.payroll_rate_type_id','=','all'),(1186,'T0.payroll_date','=','November 15, 2016'),(1187,'','','10'),(1188,'T0.company_id','=','2'),(1188,'T0.project_id','=','all'),(1188,'T0.payroll_rate_type_id','=','all'),(1188,'T0.payroll_date','=','November 15, 2016'),(1189,'T0.company_id','=','2'),(1189,'T0.project_id','=','all'),(1189,'T0.payroll_rate_type_id','=','all'),(1189,'T0.payroll_date','=','November 15, 2016'),(1190,'','','10'),(1191,'','','10'),(1192,'','','10'),(1193,'','','10'),(1194,'','','10'),(1195,'','','10'),(1196,'','','10'),(1197,'','','10'),(1198,'','','10'),(1199,'','','10'),(1200,'','','10'),(1201,'','','10'),(1202,'','','10'),(1203,'','','10'),(1204,'','','10'),(1205,'','','10'),(1206,'','','10'),(1207,'','','10'),(1208,'','','10'),(1209,'','','10'),(1210,'','','10'),(1211,'','','10'),(1212,'T0.company_id','=','all'),(1212,'T0.project_id','=','all'),(1212,'T0.department_id','=','all'),(1212,'T0.user_id','=','all'),(1212,'T0.year','=','2016'),(1213,'','','all'),(1213,'','','all'),(1213,'','','all'),(1213,'','','3'),(1214,'T0.company_id','=','2'),(1214,'T0.project_id','=','all'),(1214,'T0.department_id','=','all'),(1214,'T0.user_id','=','3'),(1214,'T0.year','=','2016'),(1215,'T0.company_id','=','2'),(1215,'T0.project_id','=','all'),(1215,'T0.department_id','=','all'),(1215,'T0.user_id','=','all'),(1215,'T0.year','=','2016'),(1216,'T0.company_id','=','2'),(1216,'T0.project_id','=','all'),(1216,'T0.department_id','=','all'),(1216,'T0.user_id','=','all'),(1216,'T0.year','=','2016'),(1217,'T0.company_id','=','2'),(1217,'T0.project_id','=','all'),(1217,'T0.department_id','=','all'),(1217,'T0.user_id','=','all'),(1217,'T0.year','=','2016'),(1218,'T0.company_id','=','2'),(1218,'T0.project_id','=','all'),(1218,'T0.department_id','=','all'),(1218,'T0.user_id','=','all'),(1218,'T0.year','=','2016'),(1219,'T0.company_id','=','2'),(1219,'T0.project_id','=','all'),(1219,'T0.department_id','=','all'),(1219,'T0.user_id','=','all'),(1219,'T0.year','=','2016'),(1220,'T0.company_id','=','2'),(1220,'T0.project_id','=','all'),(1220,'T0.department_id','=','all'),(1220,'T0.user_id','=','all'),(1220,'T0.year','=','2016'),(1221,'T0.company_id','=','2'),(1221,'T0.project_id','=','all'),(1221,'T0.department_id','=','all'),(1221,'T0.user_id','=','all'),(1221,'T0.year','=','2016'),(1222,'T0.company_id','=','2'),(1222,'T0.project_id','=','all'),(1222,'T0.department_id','=','all'),(1222,'T0.user_id','=','all'),(1222,'T0.year','=','2016'),(1223,'T0.company_id','=','2'),(1223,'T0.project_id','=','all'),(1223,'T0.department_id','=','all'),(1223,'T0.user_id','=','all'),(1223,'T0.year','=','2016'),(1224,'T0.company_id','=','2'),(1224,'T0.project_id','=','all'),(1224,'T0.department_id','=','all'),(1224,'T0.user_id','=','all'),(1224,'T0.year','=','2016'),(1225,'T0.company_id','=','2'),(1225,'T0.project_id','=','all'),(1225,'T0.department_id','=','all'),(1225,'T0.user_id','=','all'),(1225,'T0.year','=','2016'),(1226,'T0.company_id','=','2'),(1226,'T0.project_id','=','all'),(1226,'T0.department_id','=','all'),(1226,'T0.user_id','=','all'),(1226,'T0.year','=','2016'),(1227,'T0.company_id','=','2'),(1227,'T0.project_id','=','all'),(1227,'T0.department_id','=','all'),(1227,'T0.user_id','=','all'),(1227,'T0.year','=','2016'),(1228,'T0.company_id','=','2'),(1228,'T0.project_id','=','all'),(1228,'T0.department_id','=','all'),(1228,'T0.user_id','=','all'),(1228,'T0.year','=','2016'),(1229,'T0.company_id','=','2'),(1229,'T0.project_id','=','all'),(1229,'T0.department_id','=','all'),(1229,'T0.user_id','=','all'),(1229,'T0.year','=','2016'),(1230,'T0.company_id','=','2'),(1230,'T0.project_id','=','all'),(1230,'T0.department_id','=','all'),(1230,'T0.user_id','=','all'),(1230,'T0.year','=','2016'),(1231,'T0.company_id','=','2'),(1231,'T0.project_id','=','all'),(1231,'T0.department_id','=','all'),(1231,'T0.user_id','=','all'),(1231,'T0.year','=','2016'),(1232,'T0.company_id','=','2'),(1232,'T0.project_id','=','all'),(1232,'T0.department_id','=','all'),(1232,'T0.user_id','=','all'),(1232,'T0.year','=','2016'),(1233,'T0.company_id','=','2'),(1233,'T0.project_id','=','all'),(1233,'T0.department_id','=','all'),(1233,'T0.user_id','=','all'),(1233,'T0.year','=','2016'),(1234,'T0.company_id','=','2'),(1234,'T0.project_id','=','all'),(1234,'T0.department_id','=','all'),(1234,'T0.user_id','=','all'),(1234,'T0.year','=','2016'),(1235,'T0.company_id','=','2'),(1235,'T0.project_id','=','all'),(1235,'T0.department_id','=','all'),(1235,'T0.user_id','=','all'),(1235,'T0.year','=','2016'),(1236,'T0.company_id','=','2'),(1236,'T0.project_id','=','all'),(1236,'T0.department_id','=','all'),(1236,'T0.user_id','=','2'),(1236,'T0.year','=','2016'),(1237,'T0.company_id','=','2'),(1237,'T0.project_id','=','all'),(1237,'T0.department_id','=','all'),(1237,'T0.user_id','=','all'),(1237,'T0.year','=','2016'),(1238,'T0.company_id','=','2'),(1238,'T0.project_id','=','all'),(1238,'T0.department_id','=','all'),(1238,'T0.user_id','=','2'),(1238,'T0.year','=','2016'),(1239,'T0.company_id','=','2'),(1239,'T0.project_id','=','all'),(1239,'T0.department_id','=','all'),(1239,'T0.user_id','=','2'),(1239,'T0.year','=','2016'),(1240,'','','2'),(1240,'','','2'),(1241,'','','2'),(1242,'T0.company_id','=','2'),(1242,'T0.project_id','=','all'),(1242,'T0.department_id','=','all'),(1242,'T0.user_id','=','all'),(1242,'T0.year','=','2016'),(1243,'T0.company_id','=','2'),(1243,'T0.project_id','=','all'),(1243,'T0.department_id','=','all'),(1243,'T0.user_id','=','all'),(1243,'T0.year','=','2016'),(1244,'T0.company_id','=','2'),(1244,'T0.project_id','=','all'),(1244,'T0.department_id','=','all'),(1244,'T0.user_id','=','all'),(1244,'T0.year','=','2016'),(1245,'T0.company_id','=','2'),(1245,'T0.project_id','=','all'),(1245,'T0.department_id','=','all'),(1245,'T0.user_id','=','all'),(1245,'T0.year','=','2016'),(1246,'T0.company_id','=','2'),(1246,'T0.project_id','=','all'),(1246,'T0.department_id','=','all'),(1246,'T0.user_id','=','2'),(1246,'T0.year','=','2016'),(1247,'','','2'),(1247,'','','all'),(1247,'','','all'),(1247,'','','November 15, 2016'),(1248,'','','2'),(1248,'','','all'),(1248,'','','all'),(1248,'','','November 15, 2016'),(1249,'','','2'),(1249,'','','all'),(1249,'','','all'),(1249,'','','November 15, 2016'),(1250,'','','2'),(1250,'','','all'),(1250,'','','all'),(1250,'','','November 15, 2016'),(1251,'','','2'),(1251,'','','all'),(1251,'','','all'),(1251,'','','November 15, 2016'),(1252,'','','2'),(1252,'','','all'),(1252,'','','all'),(1252,'','','November 15, 2016'),(1253,'','','2'),(1253,'','','all'),(1253,'','','all'),(1253,'','','November 15, 2016'),(1254,'','','2'),(1254,'','','all'),(1254,'','','all'),(1254,'','','November 15, 2016'),(1255,'','','2'),(1255,'','','all'),(1255,'','','all'),(1255,'','','November 15, 2016'),(1256,'','','2'),(1256,'','','all'),(1256,'','','all'),(1256,'','','November 15, 2016'),(1257,'','','2'),(1257,'','','all'),(1257,'','','all'),(1257,'','','November 15, 2016'),(1258,'','','2'),(1258,'','','all'),(1258,'','','all'),(1258,'','','November 15, 2016'),(1259,'','','2'),(1259,'','','all'),(1259,'','','all'),(1259,'','','November 15, 2016'),(1260,'','','2'),(1260,'','','all'),(1260,'','','all'),(1260,'','','November 15, 2016'),(1261,'','','2'),(1261,'','','all'),(1261,'','','2'),(1261,'','','November 15, 2016'),(1262,'','','2'),(1262,'','','all'),(1262,'','','all'),(1262,'','','November 15, 2016'),(1263,'','','2'),(1263,'','','all'),(1263,'','','all'),(1263,'','','November 15, 2016'),(1264,'','','2'),(1264,'','','all'),(1264,'','','all'),(1264,'','','November 15, 2016'),(1265,'','','2'),(1265,'','','all'),(1265,'','','2'),(1265,'','','November 15, 2016'),(1266,'','','2'),(1266,'','','all'),(1266,'','','2'),(1266,'','','November 15, 2016'),(1267,'','','2'),(1267,'','','all'),(1267,'','','2'),(1267,'','','November 15, 2016'),(1268,'','','2'),(1268,'','','all'),(1268,'','','2'),(1268,'','','November 15, 2016'),(1269,'','','2'),(1269,'','','all'),(1269,'','','2'),(1269,'','','November 15, 2016'),(1270,'','','2'),(1270,'','','all'),(1270,'','','2'),(1270,'','','November 15, 2016'),(1271,'','','2'),(1271,'','','all'),(1271,'','','2'),(1271,'','','November 15, 2016'),(1272,'','','2'),(1272,'','','all'),(1272,'','','2'),(1272,'','','November 15, 2016'),(1273,'','','2'),(1273,'','','all'),(1273,'','','2'),(1273,'','','November 15, 2016'),(1274,'','','2'),(1274,'','','all'),(1274,'','','2'),(1274,'','','November 15, 2016'),(1275,'','','2'),(1275,'','','November 15, 2016'),(1275,'','',''),(1275,'','','3'),(1276,'','','2'),(1276,'','','November 15, 2016'),(1276,'','',''),(1276,'','','11'),(1277,'','','2'),(1277,'','','all'),(1277,'','','all'),(1277,'','','November 15, 2016'),(1277,'','','11'),(1278,'','','2'),(1278,'','','all'),(1278,'','','all'),(1278,'','','November 15, 2016'),(1278,'','','11'),(1279,'','','2'),(1279,'','','all'),(1279,'','','all'),(1279,'','','November 15, 2016'),(1279,'','','11'),(1280,'','','2'),(1280,'','','all'),(1280,'','','all'),(1280,'','','November 15, 2016'),(1280,'','','11'),(1281,'','','2'),(1281,'','','all'),(1281,'','','all'),(1281,'','','November 15, 2016'),(1281,'','','11'),(1282,'','','2'),(1282,'','','all'),(1282,'','','all'),(1282,'','','November 15, 2016'),(1282,'','','11'),(1283,'','','2'),(1283,'','','all'),(1283,'','','all'),(1283,'','','November 15, 2016'),(1283,'','','11'),(1284,'','','2'),(1284,'','','all'),(1284,'','','all'),(1284,'','','November 15, 2016'),(1284,'','','11'),(1285,'','','2'),(1285,'','','all'),(1285,'','','all'),(1285,'','','November 15, 2016'),(1285,'','','11'),(1286,'','','2'),(1286,'','','all'),(1286,'','','all'),(1286,'','','November 15, 2016'),(1286,'','','11'),(1287,'','','2'),(1287,'','','all'),(1287,'','','all'),(1287,'','','November 15, 2016'),(1287,'','','11'),(1288,'','','2'),(1288,'','','all'),(1288,'','','all'),(1288,'','','November 15, 2016'),(1288,'','','11'),(1289,'','','2'),(1289,'','','all'),(1289,'','','all'),(1289,'','','November 15, 2016'),(1289,'','','11'),(1290,'','','2'),(1290,'','','all'),(1290,'','','all'),(1290,'','','November 15, 2016'),(1290,'','','11'),(1291,'','','2'),(1291,'','','all'),(1291,'','','all'),(1291,'','','November 15, 2016'),(1291,'','','11'),(1292,'','','2'),(1292,'','','all'),(1292,'','','all'),(1292,'','','November 15, 2016'),(1292,'','','11'),(1293,'','','2'),(1293,'','','all'),(1293,'','','all'),(1293,'','','November 15, 2016'),(1293,'','','11'),(1294,'','','2'),(1294,'','','all'),(1294,'','','all'),(1294,'','','November 15, 2016'),(1294,'','','11'),(1295,'','','2'),(1295,'','','all'),(1295,'','','all'),(1295,'','','November 15, 2016'),(1295,'','','11'),(1296,'','','2'),(1296,'','','all'),(1296,'','','all'),(1296,'','','November 15, 2016'),(1296,'','','11'),(1297,'','','2'),(1297,'','','all'),(1297,'','','all'),(1297,'','','November 15, 2016'),(1297,'','','11'),(1298,'','','2'),(1298,'','','all'),(1298,'','','all'),(1298,'','','November 15, 2016'),(1298,'','','11'),(1299,'','','2'),(1299,'','','all'),(1299,'','','all'),(1299,'','','November 15, 2016'),(1299,'','','11'),(1300,'','','2'),(1300,'','','all'),(1300,'','','all'),(1300,'','','November 15, 2016'),(1300,'','','11'),(1301,'','','2'),(1301,'','','all'),(1301,'','','all'),(1301,'','','November 15, 2016'),(1301,'','','11'),(1302,'','','2'),(1302,'','','all'),(1302,'','','all'),(1302,'','','November 15, 2016'),(1302,'','','11'),(1303,'','','2'),(1303,'','','all'),(1303,'','','all'),(1303,'','','November 15, 2016'),(1303,'','','11'),(1304,'','','2'),(1304,'','','all'),(1304,'','','all'),(1304,'','','November 15, 2016'),(1304,'','','11'),(1305,'','','2'),(1305,'','','all'),(1305,'','','November 15, 2016'),(1305,'','','11'),(1306,'','','2'),(1306,'','','all'),(1306,'','','November 15, 2016'),(1306,'','','11'),(1307,'','','2'),(1307,'','','all'),(1307,'','','all'),(1308,'','','2'),(1308,'','','all'),(1308,'','','all'),(1309,'','','2'),(1309,'','','all'),(1309,'','','all'),(1310,'','','2'),(1310,'','','all'),(1310,'','','all'),(1311,'','','2'),(1311,'','','all'),(1311,'','','all'),(1311,'','','November 15, 2016'),(1311,'','','all'),(1312,'','','2'),(1312,'','','all'),(1312,'','','all'),(1312,'','','November 15, 2016'),(1312,'','','all'),(1313,'','','2'),(1313,'','','6'),(1313,'','','all'),(1313,'','','November 15, 2016'),(1313,'','','all'),(1314,'','','2'),(1314,'','','6'),(1314,'','','all'),(1314,'','','November 15, 2016'),(1314,'','','all'),(1315,'','','2'),(1315,'','','6'),(1315,'','','all'),(1315,'','','November 15, 2016'),(1315,'','','all'),(1316,'','','2'),(1316,'','','6'),(1316,'','','all'),(1316,'','','November 15, 2016'),(1316,'','','all'),(1317,'','','2'),(1317,'','','all'),(1317,'','','all'),(1317,'','','November 15, 2016'),(1317,'','','all'),(1318,'','','2'),(1318,'','','all'),(1318,'','','all'),(1318,'','','November 15, 2016'),(1318,'','','all'),(1319,'','','2'),(1319,'','','all'),(1319,'','','all'),(1319,'','','November 15, 2016'),(1319,'','','all'),(1320,'','','2'),(1320,'','','all'),(1320,'','','all'),(1320,'','','November 15, 2016'),(1320,'','','all'),(1321,'','','2'),(1321,'','','all'),(1321,'','','all'),(1321,'','','November 15, 2016'),(1321,'','','all'),(1322,'','','2'),(1322,'','','all'),(1322,'','','all'),(1322,'','','November 15, 2016'),(1322,'','','all'),(1323,'','','2'),(1323,'','','all'),(1323,'','','all'),(1323,'','','2016'),(1323,'','','all'),(1324,'','','2'),(1324,'','','all'),(1324,'','','all'),(1324,'','','2016'),(1324,'','','all'),(1325,'','','2'),(1325,'','','all'),(1325,'','','all'),(1325,'','','2016'),(1325,'','','11'),(1326,'','','2'),(1326,'','','all'),(1326,'','','all'),(1326,'','','2016'),(1326,'','','11'),(1327,'','','2'),(1327,'','','all'),(1327,'','','all'),(1327,'','','2016'),(1327,'','','11'),(1328,'','','2'),(1328,'','','all'),(1328,'','','all'),(1328,'','','2016'),(1328,'','','all'),(1329,'','','2'),(1329,'','','all'),(1329,'','','all'),(1329,'','','2016'),(1329,'','','all'),(1330,'','','2'),(1330,'','','all'),(1330,'','','all'),(1330,'','','2016'),(1330,'','','all'),(1331,'','','2'),(1331,'','','all'),(1331,'','','all'),(1331,'','','2016'),(1331,'','','all'),(1332,'','','2'),(1332,'','','all'),(1332,'','','all'),(1332,'','','2016'),(1332,'','','11'),(1333,'','','2'),(1333,'','','all'),(1333,'','','all'),(1333,'','','2016'),(1333,'','','11'),(1334,'','','2'),(1334,'','','all'),(1334,'','','all'),(1334,'','','2016'),(1334,'','','11'),(1335,'','','2'),(1335,'','','all'),(1335,'','','all'),(1335,'','','2016'),(1335,'','','11'),(1336,'','','2'),(1336,'','','all'),(1336,'','','all'),(1336,'','','2016'),(1336,'','','11'),(1337,'','','2'),(1337,'','','all'),(1337,'','','all'),(1337,'','','2016'),(1337,'','','all'),(1338,'','','2'),(1338,'','','all'),(1338,'','','all'),(1339,'','','2'),(1339,'','','all'),(1339,'','','all'),(1340,'','','2'),(1340,'','','all'),(1340,'','','all'),(1341,'','','2'),(1341,'','','all'),(1341,'','','all'),(1341,'','','2016'),(1341,'','','all'),(1342,'','','2'),(1342,'','','all'),(1342,'','','all'),(1342,'','','November 15, 2016'),(1343,'','','2'),(1343,'','','all'),(1343,'','','all'),(1344,'','','2'),(1344,'','','all'),(1344,'','','all'),(1344,'','','November 15, 2016'),(1345,'','','2'),(1345,'','','all'),(1345,'','','all'),(1345,'','','November 15, 2016'),(1346,'','','2'),(1346,'','','all'),(1346,'','','all'),(1346,'','','November 15, 2016'),(1347,'','','2'),(1347,'','','all'),(1347,'','','all'),(1347,'','','November 15, 2016'),(1348,'','','2'),(1348,'','','all'),(1348,'','','all'),(1348,'','','November 15, 2016'),(1349,'','','2'),(1349,'','','all'),(1349,'','','all'),(1349,'','','November 15, 2016'),(1350,'','','2'),(1350,'','','all'),(1350,'','','all'),(1350,'','','November 15, 2016'),(1351,'','','2'),(1351,'','','all'),(1351,'','','all'),(1351,'','','November 15, 2016'),(1352,'','','2'),(1352,'','','all'),(1352,'','','all'),(1352,'','','November 15, 2016'),(1353,'','','2'),(1353,'','','all'),(1353,'','','all'),(1353,'','','November 15, 2016'),(1354,'','','2'),(1354,'','','all'),(1354,'','','all'),(1354,'','','November 15, 2016'),(1355,'','','2'),(1355,'','','all'),(1355,'','','all'),(1355,'','','November 15, 2016'),(1356,'','','2'),(1356,'','','all'),(1356,'','','all'),(1356,'','','November 15, 2016'),(1357,'','','2'),(1357,'','','all'),(1357,'','','all'),(1357,'','','November 15, 2016'),(1358,'','','2'),(1358,'','','all'),(1358,'','','all'),(1358,'','','November 15, 2016'),(1359,'','','2'),(1359,'','','all'),(1359,'','','all'),(1359,'','','November 15, 2016'),(1360,'','','2'),(1360,'','','all'),(1360,'','','all'),(1360,'','','November 15, 2016'),(1361,'','','2'),(1361,'','','all'),(1361,'','','all'),(1361,'','','November 15, 2016'),(1362,'','','2'),(1362,'','','all'),(1362,'','','all'),(1362,'','','November 15, 2016'),(1363,'','','2'),(1363,'','','all'),(1363,'','','all'),(1363,'','','November 15, 2016'),(1364,'','','2'),(1364,'','','all'),(1364,'','','all'),(1364,'','','November 15, 2016'),(1365,'','','2'),(1365,'','','all'),(1365,'','','all'),(1365,'','','November 15, 2016'),(1366,'','','2'),(1366,'','','all'),(1366,'','','all'),(1366,'','','2016'),(1366,'','','3'),(1367,'','','2'),(1367,'','','all'),(1367,'','','all'),(1367,'','','2016'),(1367,'','','16'),(1368,'','','2'),(1368,'','','all'),(1368,'','','all'),(1368,'','','November 15, 2016'),(1369,'','','2'),(1369,'','','all'),(1369,'','','all'),(1369,'','','November 15, 2016'),(1370,'','','2'),(1370,'','','all'),(1370,'','','all'),(1370,'','','November 15, 2016'),(1371,'','','2'),(1371,'','','all'),(1371,'','','all'),(1371,'','','November 15, 2016'),(1372,'','','2'),(1372,'','','10'),(1372,'','','all'),(1372,'','','January 15, 2017'),(1372,'','','1'),(1373,'','','2'),(1373,'','','10'),(1373,'','','2'),(1373,'','','January 15, 2017'),(1373,'','','1'),(1374,'','','2'),(1374,'','','10'),(1374,'','','2'),(1374,'','','January 15, 2017'),(1374,'','','2'),(1375,'','','2'),(1375,'','','10'),(1375,'','','2'),(1375,'','','January 15, 2017'),(1375,'','','all'),(1376,'','','2'),(1376,'','','10'),(1376,'','','all'),(1376,'','','January 15, 2017'),(1376,'','','1'),(1377,'','','2'),(1377,'','','10'),(1377,'','','all'),(1377,'','','January 15, 2017'),(1377,'','','2'),(1378,'','','2'),(1378,'','','10'),(1378,'','','2'),(1378,'','','January 15, 2017'),(1378,'','','1'),(1379,'','','2'),(1379,'','','10'),(1379,'','','2'),(1379,'','','January 15, 2017'),(1379,'','','all'),(1380,'','','2'),(1380,'','','January 30, 2017'),(1380,'','',',8'),(1381,'','','2'),(1381,'','','2'),(1381,'','','January 30, 2017'),(1381,'','','2'),(1382,'','','2'),(1382,'','','2'),(1382,'','','January 30, 2017'),(1382,'','','2'),(1383,'','','2'),(1383,'','','2'),(1383,'','','January 30, 2017'),(1383,'','','2'),(1384,'','','2'),(1384,'','','2'),(1384,'','','January 30, 2017'),(1384,'','','2'),(1385,'','','2'),(1385,'','','2'),(1385,'','','January 30, 2017'),(1385,'','','2'),(1386,'','','2'),(1386,'','','2'),(1386,'','','January 30, 2017'),(1386,'','','2'),(1387,'','','2'),(1387,'','','2'),(1387,'','','January 30, 2017'),(1387,'','','2'),(1388,'','','2'),(1388,'','','2'),(1388,'','','January 30, 2017'),(1388,'','','2'),(1389,'','','2'),(1389,'','','2'),(1389,'','','January 30, 2017'),(1389,'','','2'),(1390,'','','2'),(1390,'','','2'),(1390,'','','January 30, 2017'),(1390,'','','2'),(1391,'','','2'),(1391,'','','January 30, 2017'),(1391,'','',',8'),(1392,'','','2'),(1392,'','','January 30, 2017'),(1392,'','',',8'),(1393,'','','2'),(1393,'','','January 30, 2017'),(1393,'','','January 28, 2017'),(1394,'','','2'),(1394,'','',',8'),(1394,'','','January 30, 2017'),(1395,'','','2'),(1395,'','','all'),(1395,'','','all'),(1395,'','','January 30, 2017'),(1396,'','','2'),(1396,'','','all'),(1396,'','','45'),(1396,'','','all'),(1396,'','','January 30, 2017'),(1397,'','','2'),(1397,'','',',8'),(1398,'','','2'),(1398,'','','January 30, 2017'),(1400,'','','2'),(1400,'','','January 30, 2017'),(1400,'','','January 28, 2017'),(1401,'','','2'),(1401,'','','all'),(1401,'','','all'),(1401,'','','2017'),(1401,'','','all'),(1405,'','','2'),(1405,'','',',8'),(1405,'','','January 30, 2017'),(1406,'','','2'),(1406,'','','all'),(1406,'','','January 30, 2017'),(1407,'','','2'),(1407,'','','all'),(1407,'','','January 30, 2017'),(1408,'','','2'),(1408,'','','all'),(1408,'','','January 30, 2017'),(1409,'','','2'),(1409,'','','all'),(1409,'','','January 30, 2017'),(1410,'','','2'),(1410,'','',',8'),(1410,'','','January 30, 2017'),(1411,'','','2'),(1411,'','','all'),(1411,'','','January 30, 2017'),(1411,'','','2'),(1412,'','','2'),(1412,'','','all'),(1412,'','','January 30, 2017'),(1412,'','','2'),(1413,'','','2'),(1413,'','','all'),(1413,'','','January 30, 2017'),(1413,'','','2'),(1414,'','','2'),(1414,'','','all'),(1414,'','','January 30, 2017'),(1414,'','','2'),(1415,'','','2'),(1415,'','','all'),(1415,'','','January 30, 2017'),(1415,'','','2'),(1416,'','','2'),(1416,'','','all'),(1416,'','','January 30, 2017'),(1416,'','','2'),(1417,'','','2'),(1417,'','','all'),(1417,'','','January 30, 2017'),(1417,'','','2'),(1418,'','','2'),(1418,'','','all'),(1418,'','','January 30, 2017'),(1418,'','','2'),(1420,'','','2'),(1420,'','','all'),(1420,'','','all'),(1420,'','','January 30, 2017'),(1421,'','','2'),(1421,'','','all'),(1421,'','','all'),(1421,'','','January 30, 2017'),(1423,'','','2'),(1423,'','','all'),(1423,'','','all'),(1423,'','','January 30, 2017'),(1423,'','','all'),(1425,'','','2'),(1425,'','',',8'),(1425,'','','January 30, 2017'),(1426,'','','2'),(1426,'','','January 30, 2017'),(1426,'','','January 28, 2017'),(1427,'','','2'),(1427,'','','January 30, 2017'),(1427,'','',''),(1428,'','','2'),(1428,'','',',8'),(1428,'','','January 30, 2017'),(1429,'','','2'),(1429,'','','all'),(1429,'','','January 30, 2017'),(1429,'','','2'),(1430,'','','2'),(1430,'','','January 30, 2017'),(1430,'','',',8'),(1431,'','','2'),(1431,'','',',8'),(1431,'','','January 30, 2017');

/*Data for the table `ww_report_results` */

/*Data for the table `ww_requisition` */

/*Data for the table `ww_requisition_items` */

/*Data for the table `ww_requisition_mc_signatories` */

/*Data for the table `ww_requisition_priority` */

/*Data for the table `ww_requisition_remarks` */

/*Data for the table `ww_requisition_status` */

/*Data for the table `ww_resources_category` */

insert  into `ww_resources_category`(`category_id`,`category`,`description`,`deleted`) values (1,'Internal','Company files',0),(2,'External',NULL,0);

/*Data for the table `ww_resources_downloadable` */

/*Data for the table `ww_resources_policies` */

/*Data for the table `ww_resources_request` */

/*Data for the table `ww_resources_request_approver` */

/*Data for the table `ww_resources_request_notes` */

/*Data for the table `ww_resources_request_status` */

insert  into `ww_resources_request_status`(`request_status_id`,`request_status`,`color`,`description`,`deleted`) values (1,'Draft','#ffffff','Saved only. Not yet forwarded to HR/approver',0),(2,'Request Sent','#ffffff','Submitted to HR for processing',0),(3,'Viewed by HR','#ffffff','Open/ Viewed by HR personnel',0),(4,'Served','#ffffff','Request granted/processed',0),(5,'Returned','#ffffff','Return to employee for changes',0),(6,'Cancelled','#ffffff','Request cancelled',0);

/*Data for the table `ww_resources_request_upload` */

/*Data for the table `ww_resources_request_upload_hr` */

/*Data for the table `ww_roles` */

insert  into `ww_roles`(`role_id`,`role`,`default`,`description`,`profile_id`,`created_by`,`created_on`,`modified_by`,`modified_on`,`can_delete`,`deleted`) values (1,'System Administrator',0,'Has full control over every aspect of the site.','1',NULL,NULL,1,'2016-09-27 17:06:05',0,0),(2,'HR Administrator',0,'Admin with limitation + Timekeeper','2,5,12,14',NULL,NULL,1,'2016-04-12 01:29:36',0,0),(3,'HR Manager',0,'Manager Senior + Supervisor Senior + Rank and File','10,12,14',NULL,NULL,1,'2015-06-08 06:42:57',0,0),(4,'HR Recruitment',0,'Manager Senior + Supervisor Senior + Rank and File','10,12,14',NULL,NULL,1,'2015-06-08 06:43:27',0,0),(5,'HR Recruitment Staff',0,'','7',NULL,NULL,1,'2016-01-15 09:38:29',1,0),(6,'HR Timekeeper',0,'HR Timekeeper + Supervisor + Rank and File','5,12,14',NULL,NULL,1,'2016-02-13 07:37:56',1,0),(7,'OD and Training',0,'HR Training + Manager Senior + Supervisor Senior + Rank and File','8,10,12,14',NULL,NULL,1,'2015-07-14 06:13:29',1,0),(8,'HR Payroll',0,'HR Admin + HR Payroll + Supervisor + Rank & File','2,6,12,14',NULL,NULL,1,'2015-06-19 06:38:17',1,0),(9,'HR Payroll Staff',0,'HR Payroll Staff + Rank and File','9,14',NULL,NULL,1,'2016-01-05 23:11:29',1,0),(10,'Manager',0,'Manager Senior + Supervisor Senior + Rank and File','10,12,14',NULL,NULL,1,'2016-09-29 16:29:21',1,0),(11,'Supervisor/Immediate',0,'Supervisor Senior + Rank and File','12,14',NULL,NULL,1,'2015-03-18 11:37:22',1,0),(12,'Rank and File',14,'Rank and File','14',NULL,NULL,1,'2014-07-04 00:31:47',1,0),(13,'Supervisor',0,'Supervisor Senior + Rank and File','12,14',1,'2014-07-11 00:03:47',1,'2015-03-18 11:36:48',1,1),(14,'Supervisor',0,'','10',1,'2014-07-11 00:03:54',1,'2014-07-11 00:09:24',1,1),(15,'Supervisor',0,'','10',1,'2014-07-11 00:04:20',1,'2014-07-11 00:08:48',1,1),(16,'HR Admin Staff',0,'','10,12,14,15',1,'2015-03-12 08:08:11',1,'2015-10-13 09:04:23',1,1),(17,'MarComm',0,'Memo posting use','16',1,'2015-04-18 03:33:18',NULL,NULL,1,1),(18,'GA Accounting Staff',0,NULL,'17',NULL,'2015-07-10 11:45:47',NULL,NULL,1,1),(19,'Director',0,'Manager Senior + Supervisor Senior + Rank and File','10,12,14',1,'2015-09-05 03:38:13',NULL,NULL,1,1),(20,'HR Payroll for Cavite',0,'','2,6,10',1,'2016-02-25 10:43:32',NULL,NULL,1,1),(21,'Coordinator',0,'Coordinator+ Rank and File','14,18',1,'2016-03-20 02:24:11',NULL,NULL,1,0),(22,'Project HR',0,'Project hr role','14,21',1,'2017-01-03 14:28:18',1,'2017-01-03 14:29:24',1,0);

/*Data for the table `ww_roles_menu` */

insert  into `ww_roles_menu`(`menu_item_id`,`role_id`) values (1,1),(1,2),(1,3),(1,4),(1,5),(1,7),(1,8),(1,9),(1,10),(1,11),(1,12),(1,13),(1,16),(1,19),(1,20),(1,21),(1,22),(2,1),(2,2),(2,3),(2,4),(2,5),(2,7),(2,8),(2,9),(2,10),(2,11),(2,12),(2,13),(2,16),(2,19),(2,20),(2,21),(2,22),(3,1),(3,2),(3,3),(3,4),(3,5),(3,6),(3,7),(3,8),(3,9),(3,10),(3,11),(3,12),(3,13),(3,16),(3,17),(3,19),(3,20),(3,21),(3,22),(5,1),(5,2),(5,3),(5,4),(5,5),(5,7),(5,8),(5,9),(5,10),(5,11),(5,12),(5,13),(5,16),(5,20),(5,21),(5,22),(6,1),(6,2),(6,3),(6,4),(6,5),(6,8),(6,10),(6,16),(8,1),(8,2),(8,3),(8,7),(8,8),(8,9),(8,10),(8,16),(8,19),(8,20),(8,22),(9,1),(9,2),(9,8),(9,16),(9,20),(9,22),(10,1),(10,16),(13,1),(14,1),(15,1),(15,16),(18,1),(18,16),(19,1),(19,16),(20,1),(20,2),(20,8),(20,16),(20,20),(20,22),(23,2),(23,3),(23,4),(23,5),(23,7),(23,8),(23,9),(23,10),(23,11),(23,12),(23,13),(23,16),(23,19),(23,20),(23,21),(23,22),(24,1),(24,2),(24,3),(24,4),(24,5),(24,7),(24,8),(24,9),(24,10),(24,11),(24,12),(24,13),(24,16),(24,19),(24,20),(24,21),(24,22),(25,1),(31,1),(31,2),(31,3),(31,4),(31,5),(31,6),(31,7),(31,8),(31,9),(31,16),(31,20),(31,22),(32,1),(32,2),(32,16),(32,20),(33,1),(33,2),(33,7),(33,16),(33,20),(34,1),(34,2),(34,3),(34,4),(34,7),(34,8),(34,10),(34,11),(34,19),(34,20),(34,22),(35,1),(35,2),(35,3),(35,4),(35,5),(35,7),(35,8),(35,9),(35,10),(35,11),(35,12),(35,13),(35,16),(35,19),(35,20),(35,21),(35,22),(44,1),(44,2),(44,3),(44,8),(44,10),(44,11),(44,20),(44,21),(44,22),(45,1),(45,2),(45,3),(45,4),(45,5),(45,7),(45,8),(45,9),(45,10),(45,11),(45,12),(45,13),(45,16),(45,20),(45,21),(45,22),(46,1),(46,2),(46,3),(46,4),(46,5),(46,7),(46,8),(46,9),(46,10),(46,11),(46,12),(46,13),(46,16),(46,20),(46,21),(46,22),(47,1),(47,2),(47,8),(47,16),(47,20),(47,22),(48,1),(48,8),(48,20),(48,22),(49,1),(49,2),(49,3),(49,7),(49,8),(49,10),(49,11),(49,22),(54,1),(54,2),(54,3),(54,4),(54,5),(54,8),(54,10),(55,1),(55,2),(55,3),(55,4),(55,5),(55,8),(55,10),(55,16),(56,1),(56,2),(56,3),(56,4),(56,5),(56,8),(56,10),(56,16),(57,1),(57,2),(57,3),(57,4),(57,5),(57,8),(57,10),(57,16),(58,1),(58,2),(58,3),(58,4),(58,8),(58,10),(64,1),(64,2),(64,8),(64,20),(64,22),(65,1),(65,2),(65,8),(65,20),(66,1),(66,16),(67,1),(67,2),(67,8),(67,16),(67,20),(67,22),(69,1),(70,2),(73,1),(73,8),(73,20),(74,1),(74,8),(74,9),(74,20),(75,1),(75,2),(75,3),(75,7),(75,16),(75,20),(76,1),(76,2),(76,3),(76,8),(76,10),(76,20),(76,22),(77,8),(77,20),(78,1),(78,21),(79,1),(79,2),(79,8),(79,16),(79,20),(79,22),(80,1),(80,2),(80,3),(80,7),(80,8),(80,10),(80,11),(83,1),(83,2),(83,3),(83,8),(83,20),(84,1),(84,2),(84,3),(84,7),(84,8),(84,10),(84,11),(84,12),(84,13),(84,16),(84,20),(84,22),(86,1),(86,2),(86,7),(86,8),(86,13),(86,16),(86,20),(87,1),(88,1),(88,2),(88,20),(89,1),(89,2),(89,8),(89,9),(89,16),(89,20),(89,22),(93,1),(93,2),(93,3),(93,7),(93,8),(93,16),(93,19),(93,20),(93,22),(94,1),(94,10),(95,1),(95,2),(95,3),(95,4),(95,5),(95,7),(95,8),(95,9),(95,10),(95,11),(95,12),(95,13),(95,16),(95,20),(95,21),(95,22),(96,1),(96,16),(96,19),(97,1),(97,16),(97,19),(98,1),(98,16),(98,19),(99,1),(99,16),(102,1),(102,16),(103,1),(106,1),(106,2),(106,7),(106,8),(106,10),(106,11),(106,12),(106,13),(106,16),(106,20),(106,22),(107,1),(107,2),(107,3),(107,4),(107,5),(107,7),(107,8),(107,9),(107,10),(107,11),(107,12),(107,13),(107,16),(107,19),(107,20),(107,21),(107,22),(108,1),(108,2),(108,7),(108,16),(111,2),(111,4),(111,7),(111,8),(111,17),(111,19),(114,1),(115,1),(115,2),(115,3),(115,4),(115,8),(115,10),(116,1),(116,2),(116,7),(116,8),(116,10),(117,2),(117,8),(117,20),(117,22),(120,1),(121,1),(122,1),(123,1),(124,1),(125,1);

/*Data for the table `ww_roles_profile` */

insert  into `ww_roles_profile`(`role_id`,`profile_id`) values (12,14),(0,10),(13,12),(13,14),(11,12),(11,14),(17,16),(3,10),(3,12),(3,14),(4,10),(4,12),(4,14),(8,2),(8,6),(8,12),(8,14),(7,8),(7,10),(7,12),(7,14),(19,10),(19,12),(19,14),(16,10),(16,12),(16,14),(16,15),(9,9),(9,14),(5,7),(6,5),(6,12),(6,14),(20,2),(20,6),(20,10),(21,14),(21,18),(2,2),(2,5),(2,12),(2,14),(23,14),(24,14),(25,2),(1,1),(10,10),(10,12),(10,14),(22,14),(22,21);

/*Data for the table `ww_searchable_type` */

insert  into `ww_searchable_type`(`searchable_type_id`,`searchable_type`,`deleted`) values (1,'Table',0),(2,'Query',0),(3,'Function',0);

/*Data for the table `ww_sensitivity` */

insert  into `ww_sensitivity`(`sensitivity_id`,`sensitivity`,`description`,`deleted`) values (1,'Low Sensitivity',NULL,0),(2,'Medium Sensitivity',NULL,0),(3,'High Sensitivity',NULL,0),(4,'Critical Sensitivity',NULL,0);

/*Data for the table `ww_sessions` */

insert  into `ww_sessions`(`session_id`,`ip_address`,`user_agent`,`last_activity`,`user_data`,`delete_counter`) values ('ccd1015c2aec0ece2b715a154c698f1f','66.249.89.192','Mozilla/5.0 (X11; Linux x86_64) AppleWebKit/537.36 (KHTML, like Gecko) Chrome/56.0.2924.87 Safari/537.36 Google (+https:',1488460775,'a:2:{s:9:\"user_data\";s:0:\"\";s:11:\"uri_request\";s:12:\"en/dashboard\";}',0),('6363aa04af7431c2e33cd2010d644d7b','173.252.124.222','facebookexternalhit/1.1 (+http://www.facebook.com/externalhit_uatext.php)',1488414870,'a:2:{s:9:\"user_data\";s:0:\"\";s:11:\"uri_request\";s:12:\"en/dashboard\";}',0),('3bb5810d065b1218df5d3cd6d43ba1a2','173.252.124.225','facebookexternalhit/1.1 (+http://www.facebook.com/externalhit_uatext.php)',1488414871,'',0),('8a7992d9561b0643a1f2398455c30004','173.252.75.112','facebookexternalhit/1.1',1488414874,'',0),('c822c4ccb417958a1cda22c123d94fe7','66.249.89.221','Mozilla/5.0 (X11; Linux x86_64) AppleWebKit/537.36 (KHTML, like Gecko) Chrome/56.0.2924.87 Safari/537.36 Google (+https:',1488460776,'',0),('f3cc1cb0e62c9031553c3f670a22bee0','127.0.0.1','Mozilla/5.0 (Windows NT 5.2; rv:51.0) Gecko/20100101 Firefox/51.0',1488411368,'',0),('4b50dfb3906f958448adaf152142d117','203.87.133.135','Mozilla/5.0 (Windows NT 10.0; WOW64) AppleWebKit/537.36 (KHTML, like Gecko) Chrome/56.0.2924.87 Safari/537.36',1488421912,'',0),('721252661d2c43c0d24b57cd01d469b7','203.87.133.135','Mozilla/5.0 (Windows NT 10.0; WOW64; rv:49.0) Gecko/20100101 Firefox/49.0',1488422465,'',0),('2624cc5993966fc76cf9d2004547f6dd','203.87.133.135','Mozilla/5.0 (Windows NT 10.0; WOW64; rv:49.0) Gecko/20100101 Firefox/49.0',1488422093,'',0),('00f050ff239cbbe2fd91fd1738a2a40a','203.87.133.135','Mozilla/5.0 (Windows NT 10.0; WOW64; rv:49.0) Gecko/20100101 Firefox/49.0',1488422096,'',0),('4dfb6cf8097161338cb9b745e0d7c180','::1','Mozilla/5.0 (Windows NT 6.1; WOW64; rv:51.0) Gecko/20100101 Firefox/51.0',1488427097,'a:6:{s:9:\"user_data\";s:0:\"\";s:14:\"business_group\";a:1:{s:7:\"default\";O:8:\"stdClass\":13:{s:8:\"group_id\";s:1:\"1\";s:5:\"group\";s:7:\"Default\";s:10:\"group_code\";s:7:\"DEFAULT\";s:9:\"region_id\";s:1:\"1\";s:11:\"description\";N;s:2:\"db\";s:7:\"default\";s:4:\"icon\";s:23:\"assets/img/flags/ph.png\";s:4:\"logo\";s:32:\"assets/img/hdi-logo-resource.png\";s:10:\"created_by\";N;s:10:\"created_on\";s:19:\"2015-01-21 03:40:26\";s:11:\"modified_by\";N;s:11:\"modified_on\";N;s:7:\"deleted\";s:1:\"0\";}}s:13:\"business_user\";a:1:{s:7:\"default\";O:8:\"stdClass\":1:{s:7:\"user_id\";s:1:\"0\";}}s:10:\"current_db\";s:7:\"default\";s:8:\"language\";s:2:\"en\";s:4:\"user\";r:19;}',0),('779c59394422f6dd6675d0a4d325c733','180.232.139.146','Mozilla/5.0 (iPhone; CPU iPhone OS 10_2_1 like Mac OS X) AppleWebKit/602.4.6 (KHTML, like Gecko) Version/10.0 Mobile/14D',1488427885,'',0),('d4c4301410edc375b6ef955d6edd303a','180.232.139.146','Mozilla/5.0 (Windows NT 6.1; WOW64; rv:51.0) Gecko/20100101 Firefox/51.0',1488434859,'',0);

/*Data for the table `ww_system_birthday` */

/*Data for the table `ww_system_chat` */

/*Data for the table `ww_system_email_queue` */

/*Data for the table `ww_system_feeds` */

/*Data for the table `ww_system_feeds_comments` */

/*Data for the table `ww_system_feeds_recipient` */

/*Data for the table `ww_system_inbox` */

/*Data for the table `ww_system_inbox_recipient` */

/*Data for the table `ww_system_messages` */

/*Data for the table `ww_system_messages_template` */

/*Data for the table `ww_system_password_request` */

/*Data for the table `ww_system_series` */

insert  into `ww_system_series`(`id`,`series_code`,`series_format`,`sequence`,`last_sequence`,`created_on`,`modified_on`) values (1,'ID_NUMBER','{company_code}-{year}-{series}',88,'0728616','2016-01-06 04:54:50',NULL),(2,'PRF_CONTROL_NO','{year}-{client}-{series}',23,'16-ALM-002','2016-01-15 03:59:15',NULL),(3,'BAYLEAF_ID_NUMBER','{location_code}{series}',332,NULL,'2016-02-10 06:04:26',NULL),(4,'OPTIMUM-OSI_ID_NUMBER','{company_code}{year}-{series}',681,'2016-680','2016-07-13 07:52:29',NULL),(5,'OPTIMUM-OEME_ID_NUMBER','{company_code}{year}-{series}',121,'OEME2016-119','2016-07-30 06:14:37',NULL),(6,'OPTIMUM-OIC_ID_NUMBER','{company_code}{year}-{series}',39,NULL,'2016-07-30 06:14:57',NULL),(7,'OPTIMUM-OTI_ID_NUMBER','{company_code}{year}-{series}',10,NULL,'2016-07-30 06:15:09',NULL),(8,'RIOFIL_ID_NUMBER','{project_code}{series}',32,'P16000031','2016-10-07 14:19:06',NULL);

/*Data for the table `ww_system_series_variable` */

insert  into `ww_system_series_variable`(`id`,`id_code`,`id_format`,`created_on`,`modified_on`) values (1,'{series}','000000','2016-01-06 04:54:50',NULL),(2,'{year}','0000','2016-01-06 04:56:12',NULL),(3,'{month}','00','2016-01-06 04:56:21',NULL),(4,'{company_code}',NULL,'2016-01-06 05:01:28',NULL),(5,'{location_code}',NULL,'2016-02-10 06:05:09',NULL);

/*Data for the table `ww_system_sms_queue` */

/*Data for the table `ww_system_support` */

insert  into `ww_system_support`(`msg_id`,`msg_code`,`msg`,`user_id`,`attachment`,`upload`,`created_on`,`created_by`,`modified_on`,`modified_by`,`deleted`) values (1,'feedback','aa',1,'uploads/support_box/20151215111035-feedback-1.png','','2015-12-16 11:10:34',1,NULL,NULL,0),(2,'feedback','a',1,'uploads/support_box/20151215113032-feedback-1.png','','2015-12-16 11:30:30',1,NULL,NULL,0),(3,'feedback','a',1,'uploads/support_box/20151215114900-feedback-1.png','','2015-12-16 11:48:59',1,NULL,NULL,0),(4,'feedback','asd',1,'uploads/support_box/20151215115700-feedback-1.png','','2015-12-16 11:56:58',1,NULL,NULL,0),(5,'feedback','aa',1,'uploads/support_box/20151215115826-feedback-1.png','','2015-12-16 11:58:24',1,NULL,NULL,0),(6,'feedback','a',1,'uploads/support_box/20151215115918-feedback-1.png','','2015-12-16 11:59:17',1,NULL,NULL,0),(7,'feedback','a',1,'uploads/support_box/20151215120103-feedback-1.png','','2015-12-16 12:01:02',1,NULL,NULL,0),(8,'feedback','aaa',1,'uploads/support_box/20151215120350-feedback-1.jpg','','2015-12-16 12:03:49',1,NULL,NULL,0),(9,'feedback','aa',1,'uploads/support_box/20151215120526-feedback-1.png','','2015-12-16 12:05:24',1,NULL,NULL,0),(10,'feedback','asdsa',1,'uploads/support_box/20151216011934-feedback-1.png','','2015-12-17 01:19:34',1,NULL,NULL,0),(11,'feedback','aaa',1,'uploads/support_box/20151216012420-feedback-1.png','','2015-12-17 01:24:20',1,NULL,NULL,0),(12,'feedback','aa',1,'uploads/support_box/20151216012602-feedback-1.png','','2015-12-17 01:26:02',1,NULL,NULL,0),(13,'feedback','ad',1,'uploads/support_box/20151216012646-feedback-1.png','','2015-12-17 01:26:47',1,NULL,NULL,0),(14,'feedback','aa',1,'uploads/support_box/20151216013638-feedback-1.png','','2015-12-17 01:36:39',1,NULL,NULL,0),(15,'feedback','a',1,'uploads/support_box/20151216013734-feedback-1.png','','2015-12-17 01:37:35',1,NULL,NULL,0),(16,'feedback','aa',1,'uploads/support_box/20151216015101-feedback-1.png','','2015-12-17 01:51:01',1,NULL,NULL,0),(17,'feedback','a',1,'uploads/support_box/20151216020056-feedback-1.png','','2015-12-17 02:00:57',1,NULL,NULL,0),(18,'feedback','aa',1,'uploads/support_box/20151216020348-feedback-1.png','','2015-12-17 02:03:48',1,NULL,NULL,0),(19,'feedback','a',1,'uploads/support_box/20151216020728-feedback-1.png','','2015-12-17 02:07:29',1,NULL,NULL,0),(20,'feedback','a',1,'uploads/support_box/20151216021416-feedback-1.png','','2015-12-17 02:14:17',1,NULL,NULL,0),(21,'feedback','aa',1,'uploads/support_box/20151216021751-feedback-1.png','','2015-12-17 02:17:52',1,NULL,NULL,0),(22,'feedback','aa',1,'uploads/support_box/20151216022254-feedback-1.png','','2015-12-17 02:22:55',1,NULL,NULL,0),(23,'feedback','aa',1,'uploads/support_box/20151216022432-feedback-1.png','','2015-12-17 02:24:33',1,NULL,NULL,0),(24,'feedback','aa',1,'uploads/support_box/20151216022610-feedback-1.png','','2015-12-17 02:26:11',1,NULL,NULL,0),(25,'feedback','aa',1,'uploads/support_box/20151216022751-feedback-1.png','','2015-12-17 02:27:52',1,NULL,NULL,0),(26,'feedback','aa',1,'uploads/support_box/20151216022939-feedback-1.png','','2015-12-17 02:29:40',1,NULL,NULL,0),(27,'feedback','aa',1,'uploads/support_box/20151216023331-feedback-1.png','','2015-12-17 02:33:32',1,NULL,NULL,0),(28,'feedback','aa',1,'uploads/support_box/20151216023527-feedback-1.png','','2015-12-17 02:35:28',1,NULL,NULL,0),(29,'feedback','aa',1,'uploads/support_box/20151216023901-feedback-1.png','','2015-12-17 02:39:02',1,NULL,NULL,0),(30,'feedback','a',1,'uploads/support_box/20151216024439-feedback-1.png','','2015-12-17 02:44:40',1,NULL,NULL,0),(31,'feedback','aa',1,'uploads/support_box/20151216024749-feedback-1.png','','2015-12-17 02:47:50',1,NULL,NULL,0),(32,'feedback','aa',1,'uploads/support_box/20151216025035-feedback-1.png','','2015-12-17 02:50:36',1,NULL,NULL,0),(33,'feedback','aa',1,'uploads/support_box/20151216025741-feedback-1.png','','2015-12-17 02:57:42',1,NULL,NULL,0),(34,'feedback','aa',1,'uploads/support_box/20151216031345-feedback-1.png','','2015-12-17 03:13:46',1,NULL,NULL,0),(35,'feedback','a',1,'uploads/support_box/20151216032322-feedback-1.png','','2015-12-17 03:23:23',1,NULL,NULL,0),(36,'feedback','a',1,'uploads/support_box/20151216032521-feedback-1.png','','2015-12-17 03:25:22',1,NULL,NULL,0),(37,'feedback','a',1,'uploads/support_box/20151216032559-feedback-1.png','','2015-12-17 03:26:00',1,NULL,NULL,0),(38,'feedback','a',1,'uploads/support_box/20151216032638-feedback-1.png','','2015-12-17 03:26:39',1,NULL,NULL,0),(39,'feedback','a',1,'uploads/support_box/20151216032926-feedback-1.jpg','','2015-12-17 03:29:27',1,NULL,NULL,0),(40,'feedback','aa',1,'uploads/support_box/20151216033840-feedback-1.png','','2015-12-17 03:38:41',1,NULL,NULL,0),(41,'feedback','AA',1,'uploads/support_box/20151216033949-feedback-1.png','','2015-12-17 03:39:50',1,NULL,NULL,0),(42,'feedback','aa',1,'uploads/support_box/20151216034038-feedback-1.png','','2015-12-17 03:40:39',1,NULL,NULL,0),(43,'feedback','aab',1,'uploads/support_box/20151216034144-feedback-1.png','','2015-12-17 03:41:45',1,NULL,NULL,0),(44,'feedback','aa',1,'uploads/support_box/20151216034439-feedback-1.png','','2015-12-17 03:44:40',1,NULL,NULL,0),(45,'feedback','a',1,'uploads/support_box/20151216034514-feedback-1.png','','2015-12-17 03:45:15',1,NULL,NULL,0),(46,'feedback','aa',1,'uploads/support_box/20151216034647-feedback-1.png','','2015-12-17 03:46:48',1,NULL,NULL,0),(47,'feedback','k',1,'uploads/support_box/20151216034733-feedback-1.png','','2015-12-17 03:47:34',1,NULL,NULL,0),(48,'feedback','aa',1,'uploads/support_box/20151216035442-feedback-1.png','','2015-12-17 03:54:43',1,NULL,NULL,0),(49,'feedback','aaa',1,'uploads/support_box/20151216035631-feedback-1.png','','2015-12-17 03:56:32',1,NULL,NULL,0),(50,'feedback','a',1,'uploads/support_box/20151216035940-feedback-1.png','','2015-12-17 03:59:41',1,NULL,NULL,0),(51,'feedback','aa',1,'uploads/support_box/20151216050357-feedback-1.txt','','2015-12-17 05:03:59',1,NULL,NULL,0),(52,'feedback','aa',1,'uploads/support_box/20151216060403-feedback-1.txt','','2015-12-17 06:04:04',1,NULL,NULL,0),(53,'feedback','l',1,'uploads/support_box/20151216060514-feedback-1.png','','2015-12-17 06:05:16',1,NULL,NULL,0),(54,'feedback','a',1,'uploads/support_box/20151216060619-feedback-1.png','','2015-12-17 06:06:20',1,NULL,NULL,0),(55,'feedback','a',1,'uploads/support_box/20151216060656-feedback-1.png','','2015-12-17 06:06:57',1,NULL,NULL,0),(56,'feedback','a',1,'uploads/support_box/20151216061633-feedback-1.png','','2015-12-17 06:16:35',1,NULL,NULL,0),(57,'feedback','l',1,'uploads/support_box/20151216061727-feedback-1.png','','2015-12-17 06:17:28',1,NULL,NULL,0),(58,'feedback','A',1,'uploads/support_box/20151216061812-feedback-1.png','','2015-12-17 06:18:13',1,NULL,NULL,0),(59,'feedback','a',1,'uploads/support_box/20151216061947-feedback-1.png','','2015-12-17 06:19:48',1,NULL,NULL,0),(60,'feedback','a',1,'uploads/support_box/20151216062823-feedback-1.png','','2015-12-17 06:28:24',1,NULL,NULL,0),(61,'feedback','a',1,'uploads/support_box/20151216063046-feedback-1.png','','2015-12-17 06:30:47',1,NULL,NULL,0),(62,'feedback','a',1,'uploads/support_box/20151216063335-feedback-1.txt','','2015-12-17 06:33:36',1,NULL,NULL,0),(63,'feedback','a',1,'uploads/support_box/20151216063516-feedback-1.png','','2015-12-17 06:35:17',1,NULL,NULL,0),(64,'feedback','aa',1,'uploads/support_box/20151216063700-feedback-1.png','','2015-12-17 06:37:01',1,NULL,NULL,0),(65,'feedback','q',1,'uploads/support_box/20151216064831-feedback-1.png','','2015-12-17 06:48:33',1,NULL,NULL,0),(66,'feedback','a',1,'uploads/support_box/20151216065044-feedback-1.png','','2015-12-17 06:50:45',1,NULL,NULL,0),(67,'feedback','qq',1,'uploads/support_box/20151216065954-feedback-1.png','','2015-12-17 06:59:56',1,NULL,NULL,0),(68,'feedback','aa',1,'uploads/support_box/20151216080709-feedback-1.png','','2015-12-17 08:07:10',1,NULL,NULL,0),(69,'feedback','aaa',1,'uploads/support_box/20151216085023-feedback-1.png','','2015-12-17 08:50:25',1,NULL,NULL,0),(70,'feedback','aaa',1,'uploads/support_box/20151216085051-feedback-1.png','','2015-12-17 08:50:52',1,NULL,NULL,0),(71,'feedback','a',1,'uploads/support_box/20151216085149-feedback-1.png','','2015-12-17 08:51:50',1,NULL,NULL,0),(72,'feedback','aa',1,'uploads/support_box/20151216085223-feedback-1.png','','2015-12-17 08:52:24',1,NULL,NULL,0),(73,'feedback','aa',1,'uploads/support_box/20151216090309-feedback-1.png','','2015-12-17 09:03:10',1,NULL,NULL,0),(74,'feedback','aa',1,'uploads/support_box/20151216090338-feedback-1.png','','2015-12-17 09:03:39',1,NULL,NULL,0),(75,'feedback','aa',1,'uploads/support_box/20151216090505-feedback-1.png','','2015-12-17 09:05:06',1,NULL,NULL,0),(76,'feedback','aa',1,'uploads/support_box/20151216091300-feedback-1.png','','2015-12-17 09:13:01',1,NULL,NULL,0),(77,'feedback','aa',1,'uploads/support_box/20151216091405-feedback-1.png','','2015-12-17 09:14:06',1,NULL,NULL,0),(78,'feedback','a',1,'uploads/support_box/20151216092214-feedback-1.png','','2015-12-17 09:22:15',1,NULL,NULL,0),(79,'feedback','a',1,'uploads/support_box/20151216093515-feedback-1.png','','2015-12-17 09:35:16',1,NULL,NULL,0),(80,'feedback','a',1,'uploads/support_box/20151216093557-feedback-1.png','','2015-12-17 09:35:59',1,NULL,NULL,0),(81,'feedback','aa',1,'uploads/support_box/20151216093717-feedback-1.png','','2015-12-17 09:37:18',1,NULL,NULL,0),(82,'feedback','aa',1,'uploads/support_box/20151216093826-feedback-1.png','','2015-12-17 09:38:27',1,NULL,NULL,0),(83,'feedback','a',1,'uploads/support_box/20151216093854-feedback-1.png','','2015-12-17 09:38:55',1,NULL,NULL,0),(84,'feedback','aa',1,'uploads/support_box/20151216093934-feedback-1.png','','2015-12-17 09:39:35',1,NULL,NULL,0),(85,'feedback','a',1,'uploads/support_box/20151216094023-feedback-1.png','','2015-12-17 09:40:24',1,NULL,NULL,0),(86,'feedback','aaa',1,'uploads/support_box/20151216094425-feedback-1.png','','2015-12-17 09:44:26',1,NULL,NULL,0),(87,'feedback','aaa',1,'uploads/support_box/20151216094536-feedback-1.png','','2015-12-17 09:45:37',1,NULL,NULL,0),(88,'feedback','aaa',1,'uploads/support_box/20151216094639-feedback-1.png','','2015-12-17 09:46:40',1,NULL,NULL,0),(89,'feedback','a',1,'uploads/support_box/20151216095148-feedback-1.png','','2015-12-17 09:51:49',1,NULL,NULL,0),(90,'feedback','a',1,'uploads/support_box/20151216095350-feedback-1.png','','2015-12-17 09:53:51',1,NULL,NULL,0),(91,'feedback','a',1,'uploads/support_box/20151216095801-feedback-1.png','','2015-12-17 09:58:02',1,NULL,NULL,0),(92,'feedback','a',1,'uploads/support_box/20151216101151-feedback-1.png','','2015-12-17 10:11:52',1,NULL,NULL,0),(93,'feedback','a',1,'uploads/support_box/20151216101224-feedback-1.png','','2015-12-17 10:12:25',1,NULL,NULL,0),(94,'feedback','a',1,'uploads/support_box/20151216101247-feedback-1.png','','2015-12-17 10:12:48',1,NULL,NULL,0),(95,'technical_report','aa',1,'uploads/support_box/20151216101648-technical_report-1.png','','2015-12-17 10:16:49',1,NULL,NULL,0),(96,'feedback','a',1,'uploads/support_box/20151216101745-feedback-1.png','','2015-12-17 10:17:46',1,NULL,NULL,0),(97,'technical_report','aaad',1,'uploads/support_box/20151216101809-technical_report-1.png','','2015-12-17 10:18:10',1,NULL,NULL,0),(98,'feedback','AAAADSDA',1,'uploads/support_box/20151216102755-feedback-1.png','','2015-12-17 10:27:56',1,NULL,NULL,0),(99,'feedback','AADSAD',1,'uploads/support_box/20151216102823-feedback-1.png','','2015-12-17 10:28:24',1,NULL,NULL,0),(100,'feedback','sample',1,'uploads/support_box/20151216102934-feedback-1.png','','2015-12-17 10:29:35',1,NULL,NULL,0),(101,'feedback','asdsada',1,'uploads/support_box/20151216103131-feedback-1.png','','2015-12-17 10:31:32',1,NULL,NULL,0),(102,'feedback','aa',1,'uploads/support_box/20151216110412-feedback-1.png','','2015-12-17 11:04:13',1,NULL,NULL,0),(103,'feedback','sss',1,'uploads/support_box/20151216110610-feedback-1.png','','2015-12-17 11:06:12',1,NULL,NULL,0),(104,'feedback','a',1,'uploads/support_box/20151216111139-feedback-1.png','','2015-12-17 11:11:40',1,NULL,NULL,0),(105,'feedback','aa',1,'uploads/support_box/20151216111938-feedback-1.png','','2015-12-17 11:19:40',1,NULL,NULL,0),(106,'feedback','aa',1,'uploads/support_box/20151216112303-feedback-1.png','','2015-12-17 11:23:04',1,NULL,NULL,0),(107,'feedback','aaa',1,'uploads/support_box/20151216112349-feedback-1.png','','2015-12-17 11:23:50',1,NULL,NULL,0),(108,'canvas_feedback','a',1,'uploads/support_box/20151216113833-canvas_feedback-1.png','','2015-12-17 11:38:34',1,NULL,NULL,0),(109,'canvas_feedback','aa',1,'uploads/support_box/20151216113932-canvas_feedback-1.png','','2015-12-17 11:39:33',1,NULL,NULL,0),(110,'feedback','aa',1,'uploads/support_box/20151216114158-feedback-1.png','','2015-12-17 11:42:00',1,NULL,NULL,0),(111,'feedback','a',1,'uploads/support_box/20151216114244-feedback-1.png','','2015-12-17 11:42:45',1,NULL,NULL,0),(112,'feedback','a',1,'uploads/support_box/20151216114759-feedback-1.png','','2015-12-17 11:48:00',1,NULL,NULL,0),(113,'feedback','aa',1,'uploads/support_box/20151216114840-feedback-1.png','','2015-12-17 11:48:41',1,NULL,NULL,0),(114,'feedback','aaa',1,'uploads/support_box/20151216115139-feedback-1.png','','2015-12-17 11:51:40',1,NULL,NULL,0),(115,'feedback','aa',1,'uploads/support_box/20151217020331-feedback-1.png','','2015-12-18 02:03:32',1,NULL,NULL,0),(116,'feedback','aa',1,'uploads/support_box/20151217020701-feedback-1.png','','2015-12-18 02:07:02',1,NULL,NULL,0),(117,'feedback','aa',1,'uploads/support_box/20151217020838-feedback-1.png','','2015-12-18 02:08:39',1,NULL,NULL,0),(118,'feedback','aa',1,'uploads/support_box/20151217021229-feedback-1.png','','2015-12-18 02:12:30',1,NULL,NULL,0),(119,'feedback','aaa',1,'uploads/support_box/20151217021425-feedback-1.png','','2015-12-18 02:14:26',1,NULL,NULL,0),(120,'feedback','aa',1,'uploads/support_box/20151217021537-feedback-1.png','','2015-12-18 02:15:39',1,NULL,NULL,0),(121,'feedback','aa',1,'uploads/support_box/20151217021936-feedback-1.png','','2015-12-18 02:19:37',1,NULL,NULL,0),(122,'feedback','aa',1,'uploads/support_box/20151217022109-feedback-1.png','','2015-12-18 02:21:10',1,NULL,NULL,0),(123,'feedback','fadsfsaf',1,'uploads/support_box/20151217103108-feedback-1.png','','2015-12-18 02:31:16',1,NULL,NULL,0),(124,'feedback','afdfs',1,'uploads/support_box/20151217103157-feedback-1.png','','2015-12-18 02:32:05',1,NULL,NULL,0),(125,'feedback','aa',1,'uploads/support_box/20151217023429-feedback-1.png','','2015-12-18 02:34:30',1,NULL,NULL,0),(126,'feedback','aasas',1,'uploads/support_box/20151217024844-feedback-1.png','','2015-12-18 02:48:45',1,NULL,NULL,0),(127,'feedback','xxx',1,'uploads/support_box/20151217172022-feedback-1.png','','2015-12-18 09:20:30',1,NULL,NULL,0),(128,'technical_report','Remarks is not saving when declining change in work schedule.',28,'uploads/support_box/20160329102702-technical_report-28.png','','2016-03-30 01:27:02',28,NULL,NULL,0);

/*Data for the table `ww_system_template` */

insert  into `ww_system_template`(`template_id`,`mod_id`,`code`,`name`,`subject`,`body`,`description`,`deleted`) values (1,0,'ForgotPassword','Forgot Password','Forgot Password','<html><head><meta charset=\"utf-8\"></head>\r\n<body style=\"background-color:#F9F9F9;padding-top: 18px;\">\r\n<div style=\"width: 90%; font-family: \'Helvetica Neue\', Helvetica, Arial, sans-serif; font-size: 13px; font-weight: normal; line-height: 18px; color: #333; margin: 0 auto; background-color: #fff;border: 1px solid #DDD; border-radius: 4px; padding: 15px;\">\r\n    <p style=\"margin:0 0 30px 0;\"><img height=\"50px\" src=\"{{system_logo}}\" alt=\"Please enable images to load system logo\" title=\"Please enable images\"></p>\r\n\r\n    <h3>Dear {{nickname}},</h3>\r\n\r\n    <div style=\"margin-right: 10%;\">\r\n        <p>\r\n            You are receiving this notification for you to <strong>reset</strong> your password. If you did not request for this, then you can safely ignore this notification or update your password as it is smart to do so from the time anyhow.\r\n        </p>\r\n\r\n        <p>Also you are allowed to use this URL until <strong>{{expiration}}</strong>.</p>\r\n\r\n        <p>Please click on this <a style=\"color:#4d90fe;\" target=\"_blank\" href=\"{{link}}\">link</a> to be able to change your password.</p>\r\n\r\n        <p>After logging in, you may change your password at any time from your profile menu.</p>\r\n\r\n    </div>\r\n\r\n    <br />\r\n\r\n    <p>Best regards,<br>HDI Workwise</p>\r\n\r\n    <p>\r\n        This is a system generated message. Please do not reply as your email may not be read.\r\n        <br>\r\n        Powered by <a style=\"color:#4d90fe;\" target=\"_blank\" href=\"http://www.hdisystech.com\">HDI System Technologies, Inc.</a>\r\n    </p>\r\n</div>\r\n</body>\r\n</html>',NULL,0),(2,0,'ResetPassword','Reset Password','Reset Password','<html><head><meta charset=\"utf-8\"></head>\r\n<body style=\"background-color:#F9F9F9;padding-top: 18px;\">\r\n<div style=\"width: 90%; font-family: \'Helvetica Neue\', Helvetica, Arial, sans-serif; font-size: 13px; font-weight: normal; line-height: 18px; color: #333; margin: 0 auto; background-color: #fff;border: 1px solid #DDD; border-radius: 4px; padding: 15px;\">\r\n    <p style=\"margin:0 0 30px 0;\"><img height=\"50px\" src=\"{{system_logo}}\" alt=\"Please enable images to load system logo\" title=\"Please enable images\"></p>\r\n\r\n    <h3>Dear {{nickname}},</h3>\r\n\r\n    <div style=\"margin-right: 10%;\">\r\n\r\n        <p>You may use the password provided below.</p>\r\n\r\n        <p>Generated Password: <strong>{{randomize}}</strong>.</p>\r\n\r\n        <p>Please click on this <a style=\"color:#4d90fe;\" target=\"_blank\" href=\"{{link}}\">link</a> to login.</p>\r\n\r\n        <p>After logging in, you may change your password at any time from your profile menu.</p>\r\n\r\n        <br />\r\n\r\n    </div>\r\n\r\n    <p>Best regards,<br>HDI Workwise</p>\r\n\r\n    <p>\r\n        This is a system generated message. Please do not reply as your email may not be read.\r\n        <br>\r\n        Powered by <a style=\"color:#4d90fe;\" target=\"_blank\" href=\"http://www.hdisystech.com\">HDI System Technologies, Inc.</a>\r\n    </p>\r\n</div>\r\n</body>\r\n</html>',NULL,0),(3,0,'SL','Sick Leave','Sick Leave Notification','<html><head><meta charset=\"utf-8\"></head>\r\n<body style=\"background-color:#F9F9F9;padding-top: 18px;\">\r\n<div style=\"width: 90%; font-family: \'Helvetica Neue\', Helvetica, Arial, sans-serif; font-size: 13px; font-weight: normal; line-height: 18px; color: #333; margin: 0 auto; background-color: #fff;border: 1px solid #DDD; border-radius: 4px; padding: 15px;\">\r\n    <p style=\"margin:0 0 30px 0;\"><img height=\"50px\" src=\"{{system_logo}}\" alt=\"Please enable images to load system logo\" title=\"Please enable images\"></p>\r\n\r\n    <h3>Dear {{alias}},</h3>\r\n\r\n    <div style=\"margin-right: 10%;\">\r\n        <p>\r\n            We would like to inform you that <strong>{{form}}</strong> filed by <strong>{{fullname}}</strong> is waiting for your action. In order for this file to be processed in the salary, kindly approve it on or before our cutoff.\r\n        </p>\r\n\r\n        <p>\r\n            <span>Filed on : {{createdon}}<br></span>\r\n            <span>Duration : {{days}}<br></span>\r\n            <span>Inclusive Date : <strong>{{inclusive}}</strong><br></span>\r\n            <span>Reason : {{reason}}<br></span>\r\n        </p>\r\n\r\n        <p>\r\n            To review this application, you may <a href=\"{{system_route}}\" target=\"_blank\">click here</a>. If approval has made after, please note that adjustments, if any, will be made on the next salary period.\r\n        </p>\r\n\r\n        <div style=\"clear: both;-webkit-box-shadow: 0 1px 2px rgba(0, 0, 0, 0.05);box-shadow: 0 1px 2px rgba(0, 0, 0, 0.05);margin-bottom: 20px;background-color: #ffffff;border: 1px solid #dddddd;border-radius: 4px;\">\r\n            <div style=\"color: #777777;background-color: #f5f5f5;text-shadow: 0 1px 0 #fff;padding: 10px 10px;border-bottom: 1px solid #dddddd;border-top-right-radius: 3px;border-top-left-radius: 3px;background-image: -webkit-gradient(linear, left 0%, left 100%, from(#ffffff), to(#f5f5f5));background-image: -webkit-linear-gradient(top, #ffffff, 0%, #f5f5f5, 100%);background-image: -moz-linear-gradient(top, #ffffff 0%, #f5f5f5 100%);background-image: linear-gradient(to bottom, #ffffff 0%, #f5f5f5 100%);background-repeat: repeat-x;filter: progid:DXImageTransform.Microsoft.gradient(startColorstr=\'#ffffffff\', endColorstr=\'#fff5f5f5\', GradientType=0);\">\r\n                <h2 style=\"font-size: 14px;margin: 2px 0;\">Leave Credits as of</h2>\r\n            </div>\r\n\r\n            <table cellspacing=\"0\" style=\"width: 100%;margin-bottom:max-width: 100%;background-color: transparent;border-collapse: collapse;border-spacing: 0; font-size: 13px;\">\r\n                <thead>\r\n                    <tr>\r\n                        <th style=\"text-align:left;padding: 8px;vertical-align: top;background-image: -webkit-gradient(linear, left 0%, left 100%, from(#ffffff), to(#f8f8f8));background-image: -webkit-linear-gradient(top, #ffffff, 0%, #f8f8f8, 100%);background-image: -moz-linear-gradient(top, #ffffff 0%, #f8f8f8 100%);background-image: linear-gradient(to bottom, #ffffff 0%, #f8f8f8 100%);background-repeat: repeat-x;filter: progid:DXImageTransform.Microsoft.gradient(startColorstr=\'#ffffffff\', endColorstr=\'#fff8f8f8\', GradientType=0);color: #777777;text-shadow: 0 1px 0 #fff, 0 0 0 #000;font-size: 90%;padding-top: 10px;padding-bottom: 10px;width: 25%\">&nbsp;</th>\r\n                        <th style=\"text-align:left;padding: 8px;vertical-align: top;background-image: -webkit-gradient(linear, left 0%, left 100%, from(#ffffff), to(#f8f8f8));background-image: -webkit-linear-gradient(top, #ffffff, 0%, #f8f8f8, 100%);background-image: -moz-linear-gradient(top, #ffffff 0%, #f8f8f8 100%);background-image: linear-gradient(to bottom, #ffffff 0%, #f8f8f8 100%);background-repeat: repeat-x;filter: progid:DXImageTransform.Microsoft.gradient(startColorstr=\'#ffffffff\', endColorstr=\'#fff8f8f8\', GradientType=0);color: #777777;text-shadow: 0 1px 0 #fff, 0 0 0 #000;font-size: 90%;padding-top: 4px;padding-bottom: 4px;width: 15%\">Previous<br>Year (if any)</th>\r\n                        <th style=\"text-align:left;padding: 8px;vertical-align: top;background-image: -webkit-gradient(linear, left 0%, left 100%, from(#ffffff), to(#f8f8f8));background-image: -webkit-linear-gradient(top, #ffffff, 0%, #f8f8f8, 100%);background-image: -moz-linear-gradient(top, #ffffff 0%, #f8f8f8 100%);background-image: linear-gradient(to bottom, #ffffff 0%, #f8f8f8 100%);background-repeat: repeat-x;filter: progid:DXImageTransform.Microsoft.gradient(startColorstr=\'#ffffffff\', endColorstr=\'#fff8f8f8\', GradientType=0);color: #777777;text-shadow: 0 1px 0 #fff, 0 0 0 #000;font-size: 90%;padding-top: 4px;padding-bottom: 4px;white-space:nowrap;width: 15%\">Earned<br>this Year</th>\r\n                        <th style=\"text-align:left;padding: 8px;vertical-align: top;background-image: -webkit-gradient(linear, left 0%, left 100%, from(#ffffff), to(#f8f8f8));background-image: -webkit-linear-gradient(top, #ffffff, 0%, #f8f8f8, 100%);background-image: -moz-linear-gradient(top, #ffffff 0%, #f8f8f8 100%);background-image: linear-gradient(to bottom, #ffffff 0%, #f8f8f8 100%);background-repeat: repeat-x;filter: progid:DXImageTransform.Microsoft.gradient(startColorstr=\'#ffffffff\', endColorstr=\'#fff8f8f8\', GradientType=0);color: #777777;text-shadow: 0 1px 0 #fff, 0 0 0 #000;font-size: 90%;padding-top: 4px;padding-bottom: 4px;white-space:nowrap;width: 15%\">Used</th>\r\n                        <th style=\"text-align:left;padding: 8px;vertical-align: top;background-image: -webkit-gradient(linear, left 0%, left 100%, from(#ffffff), to(#f8f8f8));background-image: -webkit-linear-gradient(top, #ffffff, 0%, #f8f8f8, 100%);background-image: -moz-linear-gradient(top, #ffffff 0%, #f8f8f8 100%);background-image: linear-gradient(to bottom, #ffffff 0%, #f8f8f8 100%);background-repeat: repeat-x;filter: progid:DXImageTransform.Microsoft.gradient(startColorstr=\'#ffffffff\', endColorstr=\'#fff8f8f8\', GradientType=0);color: #777777;text-shadow: 0 1px 0 #fff, 0 0 0 #000;font-size: 90%;padding-top: 4px;padding-bottom: 4px;white-space:nowrap;width: 15%\">Balance</th>\r\n                        <th style=\"text-align:left;padding: 8px;vertical-align: top;background-image: -webkit-gradient(linear, left 0%, left 100%, from(#ffffff), to(#f8f8f8));background-image: -webkit-linear-gradient(top, #ffffff, 0%, #f8f8f8, 100%);background-image: -moz-linear-gradient(top, #ffffff 0%, #f8f8f8 100%);background-image: linear-gradient(to bottom, #ffffff 0%, #f8f8f8 100%);background-repeat: repeat-x;filter: progid:DXImageTransform.Microsoft.gradient(startColorstr=\'#ffffffff\', endColorstr=\'#fff8f8f8\', GradientType=0);color: #777777;text-shadow: 0 1px 0 #fff, 0 0 0 #000;font-size: 90%;padding-top: 4px;padding-bottom: 4px;white-space:nowrap;width: 15%\">Pending</th>\r\n                    </tr>\r\n                </thead>\r\n                <tbody>\r\n                    {{table_body}}\r\n                </tbody>\r\n            </table>\r\n        </div>\r\n\r\n        <br />\r\n\r\n    </div>\r\n\r\n\r\n    <p>\r\n        Best regards,\r\n        <br>\r\n        {{system_title}}\r\n    </p>\r\n\r\n    <p>\r\n        This is a system generated message. Please do not reply as your email may not be read.\r\n        <br>\r\n        Powered by <a style=\"color:#4d90fe;\" target=\"_blank\" href=\"http://www.hdisystech.com\">HDI System Technologies, Inc.</a>\r\n    </p>\r\n</div>\r\n</body>\r\n</html>',NULL,0),(4,0,'VL','Vacation Leave','Vacation Leave Notification','<html><head><meta charset=\"utf-8\"></head>\r\n<body style=\"background-color:#F9F9F9;padding-top: 18px;\">\r\n<div style=\"width: 90%; font-family: \'Helvetica Neue\', Helvetica, Arial, sans-serif; font-size: 13px; font-weight: normal; line-height: 18px; color: #333; margin: 0 auto; background-color: #fff;border: 1px solid #DDD; border-radius: 4px; padding: 15px;\">\r\n    <p style=\"margin:0 0 30px 0;\"><img height=\"50px\" src=\"{{system_logo}}\" alt=\"Please enable images to load system logo\" title=\"Please enable images\"></p>\r\n\r\n    <h3>Dear {{alias}},</h3>\r\n\r\n    <div style=\"margin-right: 10%;\">\r\n        <p>\r\n            We would like to inform you that <strong>{{form}}</strong> filed by <strong>{{fullname}}</strong> is waiting for your action. In order for this file to be processed in the salary, kindly approve it on or before our cutoff.\r\n        </p>\r\n\r\n        <p>\r\n            <span>Filed on : {{createdon}}<br></span>\r\n            <span>Duration : {{days}}<br></span>\r\n            <span>Inclusive Date : <strong>{{inclusive}}</strong><br></span>\r\n            <span>Reason : {{reason}}<br></span>\r\n        </p>\r\n\r\n        <p>\r\n            To review this application, you may <a href=\"{{system_route}}\" target=\"_blank\">click here</a>. If approval has made after, please note that adjustments, if any, will be made on the next salary period.\r\n        </p>\r\n\r\n        <div style=\"clear: both;-webkit-box-shadow: 0 1px 2px rgba(0, 0, 0, 0.05);box-shadow: 0 1px 2px rgba(0, 0, 0, 0.05);margin-bottom: 20px;background-color: #ffffff;border: 1px solid #dddddd;border-radius: 4px;\">\r\n            <div style=\"color: #777777;background-color: #f5f5f5;text-shadow: 0 1px 0 #fff;padding: 10px 10px;border-bottom: 1px solid #dddddd;border-top-right-radius: 3px;border-top-left-radius: 3px;background-image: -webkit-gradient(linear, left 0%, left 100%, from(#ffffff), to(#f5f5f5));background-image: -webkit-linear-gradient(top, #ffffff, 0%, #f5f5f5, 100%);background-image: -moz-linear-gradient(top, #ffffff 0%, #f5f5f5 100%);background-image: linear-gradient(to bottom, #ffffff 0%, #f5f5f5 100%);background-repeat: repeat-x;filter: progid:DXImageTransform.Microsoft.gradient(startColorstr=\'#ffffffff\', endColorstr=\'#fff5f5f5\', GradientType=0);\">\r\n                <h2 style=\"font-size: 14px;margin: 2px 0;\">Leave Credits as of</h2>\r\n            </div>\r\n\r\n            <table cellspacing=\"0\" style=\"width: 100%;margin-bottom:max-width: 100%;background-color: transparent;border-collapse: collapse;border-spacing: 0; font-size: 13px;\">\r\n                <thead>\r\n                    <tr>\r\n                        <th style=\"text-align:left;padding: 8px;vertical-align: top;background-image: -webkit-gradient(linear, left 0%, left 100%, from(#ffffff), to(#f8f8f8));background-image: -webkit-linear-gradient(top, #ffffff, 0%, #f8f8f8, 100%);background-image: -moz-linear-gradient(top, #ffffff 0%, #f8f8f8 100%);background-image: linear-gradient(to bottom, #ffffff 0%, #f8f8f8 100%);background-repeat: repeat-x;filter: progid:DXImageTransform.Microsoft.gradient(startColorstr=\'#ffffffff\', endColorstr=\'#fff8f8f8\', GradientType=0);color: #777777;text-shadow: 0 1px 0 #fff, 0 0 0 #000;font-size: 90%;padding-top: 10px;padding-bottom: 10px;width: 25%\">&nbsp;</th>\r\n                        <th style=\"text-align:left;padding: 8px;vertical-align: top;background-image: -webkit-gradient(linear, left 0%, left 100%, from(#ffffff), to(#f8f8f8));background-image: -webkit-linear-gradient(top, #ffffff, 0%, #f8f8f8, 100%);background-image: -moz-linear-gradient(top, #ffffff 0%, #f8f8f8 100%);background-image: linear-gradient(to bottom, #ffffff 0%, #f8f8f8 100%);background-repeat: repeat-x;filter: progid:DXImageTransform.Microsoft.gradient(startColorstr=\'#ffffffff\', endColorstr=\'#fff8f8f8\', GradientType=0);color: #777777;text-shadow: 0 1px 0 #fff, 0 0 0 #000;font-size: 90%;padding-top: 4px;padding-bottom: 4px;width: 15%\">Previous<br>Year (if any)</th>\r\n                        <th style=\"text-align:left;padding: 8px;vertical-align: top;background-image: -webkit-gradient(linear, left 0%, left 100%, from(#ffffff), to(#f8f8f8));background-image: -webkit-linear-gradient(top, #ffffff, 0%, #f8f8f8, 100%);background-image: -moz-linear-gradient(top, #ffffff 0%, #f8f8f8 100%);background-image: linear-gradient(to bottom, #ffffff 0%, #f8f8f8 100%);background-repeat: repeat-x;filter: progid:DXImageTransform.Microsoft.gradient(startColorstr=\'#ffffffff\', endColorstr=\'#fff8f8f8\', GradientType=0);color: #777777;text-shadow: 0 1px 0 #fff, 0 0 0 #000;font-size: 90%;padding-top: 4px;padding-bottom: 4px;white-space:nowrap;width: 15%\">Earned<br>this Year</th>\r\n                        <th style=\"text-align:left;padding: 8px;vertical-align: top;background-image: -webkit-gradient(linear, left 0%, left 100%, from(#ffffff), to(#f8f8f8));background-image: -webkit-linear-gradient(top, #ffffff, 0%, #f8f8f8, 100%);background-image: -moz-linear-gradient(top, #ffffff 0%, #f8f8f8 100%);background-image: linear-gradient(to bottom, #ffffff 0%, #f8f8f8 100%);background-repeat: repeat-x;filter: progid:DXImageTransform.Microsoft.gradient(startColorstr=\'#ffffffff\', endColorstr=\'#fff8f8f8\', GradientType=0);color: #777777;text-shadow: 0 1px 0 #fff, 0 0 0 #000;font-size: 90%;padding-top: 4px;padding-bottom: 4px;white-space:nowrap;width: 15%\">Used</th>\r\n                        <th style=\"text-align:left;padding: 8px;vertical-align: top;background-image: -webkit-gradient(linear, left 0%, left 100%, from(#ffffff), to(#f8f8f8));background-image: -webkit-linear-gradient(top, #ffffff, 0%, #f8f8f8, 100%);background-image: -moz-linear-gradient(top, #ffffff 0%, #f8f8f8 100%);background-image: linear-gradient(to bottom, #ffffff 0%, #f8f8f8 100%);background-repeat: repeat-x;filter: progid:DXImageTransform.Microsoft.gradient(startColorstr=\'#ffffffff\', endColorstr=\'#fff8f8f8\', GradientType=0);color: #777777;text-shadow: 0 1px 0 #fff, 0 0 0 #000;font-size: 90%;padding-top: 4px;padding-bottom: 4px;white-space:nowrap;width: 15%\">Balance</th>\r\n                        <th style=\"text-align:left;padding: 8px;vertical-align: top;background-image: -webkit-gradient(linear, left 0%, left 100%, from(#ffffff), to(#f8f8f8));background-image: -webkit-linear-gradient(top, #ffffff, 0%, #f8f8f8, 100%);background-image: -moz-linear-gradient(top, #ffffff 0%, #f8f8f8 100%);background-image: linear-gradient(to bottom, #ffffff 0%, #f8f8f8 100%);background-repeat: repeat-x;filter: progid:DXImageTransform.Microsoft.gradient(startColorstr=\'#ffffffff\', endColorstr=\'#fff8f8f8\', GradientType=0);color: #777777;text-shadow: 0 1px 0 #fff, 0 0 0 #000;font-size: 90%;padding-top: 4px;padding-bottom: 4px;white-space:nowrap;width: 15%\">Pending</th>\r\n                    </tr>\r\n                </thead>\r\n                <tbody>\r\n                    {{table_body}}\r\n                </tbody>\r\n            </table>\r\n        </div>\r\n\r\n        <br />\r\n\r\n    </div>\r\n\r\n\r\n    <p>\r\n        Best regards,\r\n        <br>\r\n        {{system_title}}\r\n    </p>\r\n\r\n    <p>\r\n        This is a system generated message. Please do not reply as your email may not be read.\r\n        <br>\r\n        Powered by <a style=\"color:#4d90fe;\" target=\"_blank\" href=\"http://www.hdisystech.com\">HDI System Technologies, Inc.</a>\r\n    </p>\r\n</div>\r\n</body>\r\n</html>',NULL,0),(5,0,'EL','Emergency Leave','Emergency Leave Notification','<html><head><meta charset=\"utf-8\"></head>\r\n<body style=\"background-color:#F9F9F9;padding-top: 18px;\">\r\n<div style=\"width: 90%; font-family: \'Helvetica Neue\', Helvetica, Arial, sans-serif; font-size: 13px; font-weight: normal; line-height: 18px; color: #333; margin: 0 auto; background-color: #fff;border: 1px solid #DDD; border-radius: 4px; padding: 15px;\">\r\n    <p style=\"margin:0 0 30px 0;\"><img height=\"50px\" src=\"{{system_logo}}\" alt=\"Please enable images to load system logo\" title=\"Please enable images\"></p>\r\n\r\n    <h3>Dear {{alias}},</h3>\r\n\r\n    <div style=\"margin-right: 10%;\">\r\n        <p>\r\n            We would like to inform you that <strong>{{form}}</strong> filed by <strong>{{fullname}}</strong> is waiting for your action. In order for this file to be processed in the salary, kindly approve it on or before our cutoff.\r\n        </p>\r\n\r\n        <p>\r\n            <span>Filed on : {{createdon}}<br></span>\r\n            <span>Duration : {{days}}<br></span>\r\n            <span>Inclusive Date : <strong>{{inclusive}}</strong><br></span>\r\n            <span>Reason : {{reason}}<br></span>\r\n        </p>\r\n\r\n        <p>\r\n            To review this application, you may <a href=\"{{system_route}}\" target=\"_blank\">click here</a>. If approval has made after, please note that adjustments, if any, will be made on the next salary period.\r\n        </p>\r\n\r\n        <div style=\"clear: both;-webkit-box-shadow: 0 1px 2px rgba(0, 0, 0, 0.05);box-shadow: 0 1px 2px rgba(0, 0, 0, 0.05);margin-bottom: 20px;background-color: #ffffff;border: 1px solid #dddddd;border-radius: 4px;\">\r\n            <div style=\"color: #777777;background-color: #f5f5f5;text-shadow: 0 1px 0 #fff;padding: 10px 10px;border-bottom: 1px solid #dddddd;border-top-right-radius: 3px;border-top-left-radius: 3px;background-image: -webkit-gradient(linear, left 0%, left 100%, from(#ffffff), to(#f5f5f5));background-image: -webkit-linear-gradient(top, #ffffff, 0%, #f5f5f5, 100%);background-image: -moz-linear-gradient(top, #ffffff 0%, #f5f5f5 100%);background-image: linear-gradient(to bottom, #ffffff 0%, #f5f5f5 100%);background-repeat: repeat-x;filter: progid:DXImageTransform.Microsoft.gradient(startColorstr=\'#ffffffff\', endColorstr=\'#fff5f5f5\', GradientType=0);\">\r\n                <h2 style=\"font-size: 14px;margin: 2px 0;\">Leave Credits as of</h2>\r\n            </div>\r\n\r\n            <table cellspacing=\"0\" style=\"width: 100%;margin-bottom:max-width: 100%;background-color: transparent;border-collapse: collapse;border-spacing: 0; font-size: 13px;\">\r\n                <thead>\r\n                    <tr>\r\n                        <th style=\"text-align:left;padding: 8px;vertical-align: top;background-image: -webkit-gradient(linear, left 0%, left 100%, from(#ffffff), to(#f8f8f8));background-image: -webkit-linear-gradient(top, #ffffff, 0%, #f8f8f8, 100%);background-image: -moz-linear-gradient(top, #ffffff 0%, #f8f8f8 100%);background-image: linear-gradient(to bottom, #ffffff 0%, #f8f8f8 100%);background-repeat: repeat-x;filter: progid:DXImageTransform.Microsoft.gradient(startColorstr=\'#ffffffff\', endColorstr=\'#fff8f8f8\', GradientType=0);color: #777777;text-shadow: 0 1px 0 #fff, 0 0 0 #000;font-size: 90%;padding-top: 10px;padding-bottom: 10px;width: 25%\">&nbsp;</th>\r\n                        <th style=\"text-align:left;padding: 8px;vertical-align: top;background-image: -webkit-gradient(linear, left 0%, left 100%, from(#ffffff), to(#f8f8f8));background-image: -webkit-linear-gradient(top, #ffffff, 0%, #f8f8f8, 100%);background-image: -moz-linear-gradient(top, #ffffff 0%, #f8f8f8 100%);background-image: linear-gradient(to bottom, #ffffff 0%, #f8f8f8 100%);background-repeat: repeat-x;filter: progid:DXImageTransform.Microsoft.gradient(startColorstr=\'#ffffffff\', endColorstr=\'#fff8f8f8\', GradientType=0);color: #777777;text-shadow: 0 1px 0 #fff, 0 0 0 #000;font-size: 90%;padding-top: 4px;padding-bottom: 4px;width: 15%\">Previous<br>Year (if any)</th>\r\n                        <th style=\"text-align:left;padding: 8px;vertical-align: top;background-image: -webkit-gradient(linear, left 0%, left 100%, from(#ffffff), to(#f8f8f8));background-image: -webkit-linear-gradient(top, #ffffff, 0%, #f8f8f8, 100%);background-image: -moz-linear-gradient(top, #ffffff 0%, #f8f8f8 100%);background-image: linear-gradient(to bottom, #ffffff 0%, #f8f8f8 100%);background-repeat: repeat-x;filter: progid:DXImageTransform.Microsoft.gradient(startColorstr=\'#ffffffff\', endColorstr=\'#fff8f8f8\', GradientType=0);color: #777777;text-shadow: 0 1px 0 #fff, 0 0 0 #000;font-size: 90%;padding-top: 4px;padding-bottom: 4px;white-space:nowrap;width: 15%\">Earned<br>this Year</th>\r\n                        <th style=\"text-align:left;padding: 8px;vertical-align: top;background-image: -webkit-gradient(linear, left 0%, left 100%, from(#ffffff), to(#f8f8f8));background-image: -webkit-linear-gradient(top, #ffffff, 0%, #f8f8f8, 100%);background-image: -moz-linear-gradient(top, #ffffff 0%, #f8f8f8 100%);background-image: linear-gradient(to bottom, #ffffff 0%, #f8f8f8 100%);background-repeat: repeat-x;filter: progid:DXImageTransform.Microsoft.gradient(startColorstr=\'#ffffffff\', endColorstr=\'#fff8f8f8\', GradientType=0);color: #777777;text-shadow: 0 1px 0 #fff, 0 0 0 #000;font-size: 90%;padding-top: 4px;padding-bottom: 4px;white-space:nowrap;width: 15%\">Used</th>\r\n                        <th style=\"text-align:left;padding: 8px;vertical-align: top;background-image: -webkit-gradient(linear, left 0%, left 100%, from(#ffffff), to(#f8f8f8));background-image: -webkit-linear-gradient(top, #ffffff, 0%, #f8f8f8, 100%);background-image: -moz-linear-gradient(top, #ffffff 0%, #f8f8f8 100%);background-image: linear-gradient(to bottom, #ffffff 0%, #f8f8f8 100%);background-repeat: repeat-x;filter: progid:DXImageTransform.Microsoft.gradient(startColorstr=\'#ffffffff\', endColorstr=\'#fff8f8f8\', GradientType=0);color: #777777;text-shadow: 0 1px 0 #fff, 0 0 0 #000;font-size: 90%;padding-top: 4px;padding-bottom: 4px;white-space:nowrap;width: 15%\">Balance</th>\r\n                        <th style=\"text-align:left;padding: 8px;vertical-align: top;background-image: -webkit-gradient(linear, left 0%, left 100%, from(#ffffff), to(#f8f8f8));background-image: -webkit-linear-gradient(top, #ffffff, 0%, #f8f8f8, 100%);background-image: -moz-linear-gradient(top, #ffffff 0%, #f8f8f8 100%);background-image: linear-gradient(to bottom, #ffffff 0%, #f8f8f8 100%);background-repeat: repeat-x;filter: progid:DXImageTransform.Microsoft.gradient(startColorstr=\'#ffffffff\', endColorstr=\'#fff8f8f8\', GradientType=0);color: #777777;text-shadow: 0 1px 0 #fff, 0 0 0 #000;font-size: 90%;padding-top: 4px;padding-bottom: 4px;white-space:nowrap;width: 15%\">Pending</th>\r\n                    </tr>\r\n                </thead>\r\n                <tbody>\r\n                    {{table_body}}\r\n                </tbody>\r\n            </table>\r\n        </div>\r\n\r\n        <br />\r\n\r\n    </div>\r\n\r\n\r\n    <p>\r\n        Best regards,\r\n        <br>\r\n        {{system_title}}\r\n    </p>\r\n\r\n    <p>\r\n        This is a system generated message. Please do not reply as your email may not be read.\r\n        <br>\r\n        Powered by <a style=\"color:#4d90fe;\" target=\"_blank\" href=\"http://www.hdisystech.com\">HDI System Technologies, Inc.</a>\r\n    </p>\r\n</div>\r\n</body>\r\n</html>',NULL,0),(6,0,'FL','Funeral Leave','Bereavement Leave Notification','<html><head><meta charset=\"utf-8\"></head>\r\n<body style=\"background-color:#F9F9F9;padding-top: 18px;\">\r\n<div style=\"width: 90%; font-family: \'Helvetica Neue\', Helvetica, Arial, sans-serif; font-size: 13px; font-weight: normal; line-height: 18px; color: #333; margin: 0 auto; background-color: #fff;border: 1px solid #DDD; border-radius: 4px; padding: 15px;\">\r\n    <p style=\"margin:0 0 30px 0;\"><img height=\"50px\" src=\"{{system_logo}}\" alt=\"Please enable images to load system logo\" title=\"Please enable images\"></p>\r\n\r\n    <h3>Dear {{alias}},</h3>\r\n\r\n    <div style=\"margin-right: 10%;\">\r\n        <p>\r\n            We would like to inform you that <strong>{{form}}</strong> filed by <strong>{{fullname}}</strong> is waiting for your action. In order for this file to be processed in the salary, kindly approve it on or before our cutoff.\r\n        </p>\r\n\r\n        <p>\r\n            <span>Filed on : {{createdon}}<br></span>\r\n            <span>Duration : {{days}}<br></span>\r\n            <span>Inclusive Date : <strong>{{inclusive}}</strong><br></span>\r\n            <span>Reason : {{reason}}<br></span>\r\n        </p>\r\n\r\n        <p>\r\n            To review this application, you may <a href=\"{{system_route}}\" target=\"_blank\">click here</a>. If approval has made after, please note that adjustments, if any, will be made on the next salary period.\r\n        </p>\r\n\r\n        <div style=\"clear: both;-webkit-box-shadow: 0 1px 2px rgba(0, 0, 0, 0.05);box-shadow: 0 1px 2px rgba(0, 0, 0, 0.05);margin-bottom: 20px;background-color: #ffffff;border: 1px solid #dddddd;border-radius: 4px;\">\r\n            <div style=\"color: #777777;background-color: #f5f5f5;text-shadow: 0 1px 0 #fff;padding: 10px 10px;border-bottom: 1px solid #dddddd;border-top-right-radius: 3px;border-top-left-radius: 3px;background-image: -webkit-gradient(linear, left 0%, left 100%, from(#ffffff), to(#f5f5f5));background-image: -webkit-linear-gradient(top, #ffffff, 0%, #f5f5f5, 100%);background-image: -moz-linear-gradient(top, #ffffff 0%, #f5f5f5 100%);background-image: linear-gradient(to bottom, #ffffff 0%, #f5f5f5 100%);background-repeat: repeat-x;filter: progid:DXImageTransform.Microsoft.gradient(startColorstr=\'#ffffffff\', endColorstr=\'#fff5f5f5\', GradientType=0);\">\r\n                <h2 style=\"font-size: 14px;margin: 2px 0;\">Leave Credits as of</h2>\r\n            </div>\r\n\r\n            <table cellspacing=\"0\" style=\"width: 100%;margin-bottom:max-width: 100%;background-color: transparent;border-collapse: collapse;border-spacing: 0; font-size: 13px;\">\r\n                <thead>\r\n                    <tr>\r\n                        <th style=\"text-align:left;padding: 8px;vertical-align: top;background-image: -webkit-gradient(linear, left 0%, left 100%, from(#ffffff), to(#f8f8f8));background-image: -webkit-linear-gradient(top, #ffffff, 0%, #f8f8f8, 100%);background-image: -moz-linear-gradient(top, #ffffff 0%, #f8f8f8 100%);background-image: linear-gradient(to bottom, #ffffff 0%, #f8f8f8 100%);background-repeat: repeat-x;filter: progid:DXImageTransform.Microsoft.gradient(startColorstr=\'#ffffffff\', endColorstr=\'#fff8f8f8\', GradientType=0);color: #777777;text-shadow: 0 1px 0 #fff, 0 0 0 #000;font-size: 90%;padding-top: 10px;padding-bottom: 10px;width: 25%\">&nbsp;</th>\r\n                        <th style=\"text-align:left;padding: 8px;vertical-align: top;background-image: -webkit-gradient(linear, left 0%, left 100%, from(#ffffff), to(#f8f8f8));background-image: -webkit-linear-gradient(top, #ffffff, 0%, #f8f8f8, 100%);background-image: -moz-linear-gradient(top, #ffffff 0%, #f8f8f8 100%);background-image: linear-gradient(to bottom, #ffffff 0%, #f8f8f8 100%);background-repeat: repeat-x;filter: progid:DXImageTransform.Microsoft.gradient(startColorstr=\'#ffffffff\', endColorstr=\'#fff8f8f8\', GradientType=0);color: #777777;text-shadow: 0 1px 0 #fff, 0 0 0 #000;font-size: 90%;padding-top: 4px;padding-bottom: 4px;width: 15%\">Previous<br>Year (if any)</th>\r\n                        <th style=\"text-align:left;padding: 8px;vertical-align: top;background-image: -webkit-gradient(linear, left 0%, left 100%, from(#ffffff), to(#f8f8f8));background-image: -webkit-linear-gradient(top, #ffffff, 0%, #f8f8f8, 100%);background-image: -moz-linear-gradient(top, #ffffff 0%, #f8f8f8 100%);background-image: linear-gradient(to bottom, #ffffff 0%, #f8f8f8 100%);background-repeat: repeat-x;filter: progid:DXImageTransform.Microsoft.gradient(startColorstr=\'#ffffffff\', endColorstr=\'#fff8f8f8\', GradientType=0);color: #777777;text-shadow: 0 1px 0 #fff, 0 0 0 #000;font-size: 90%;padding-top: 4px;padding-bottom: 4px;white-space:nowrap;width: 15%\">Earned<br>this Year</th>\r\n                        <th style=\"text-align:left;padding: 8px;vertical-align: top;background-image: -webkit-gradient(linear, left 0%, left 100%, from(#ffffff), to(#f8f8f8));background-image: -webkit-linear-gradient(top, #ffffff, 0%, #f8f8f8, 100%);background-image: -moz-linear-gradient(top, #ffffff 0%, #f8f8f8 100%);background-image: linear-gradient(to bottom, #ffffff 0%, #f8f8f8 100%);background-repeat: repeat-x;filter: progid:DXImageTransform.Microsoft.gradient(startColorstr=\'#ffffffff\', endColorstr=\'#fff8f8f8\', GradientType=0);color: #777777;text-shadow: 0 1px 0 #fff, 0 0 0 #000;font-size: 90%;padding-top: 4px;padding-bottom: 4px;white-space:nowrap;width: 15%\">Used</th>\r\n                        <th style=\"text-align:left;padding: 8px;vertical-align: top;background-image: -webkit-gradient(linear, left 0%, left 100%, from(#ffffff), to(#f8f8f8));background-image: -webkit-linear-gradient(top, #ffffff, 0%, #f8f8f8, 100%);background-image: -moz-linear-gradient(top, #ffffff 0%, #f8f8f8 100%);background-image: linear-gradient(to bottom, #ffffff 0%, #f8f8f8 100%);background-repeat: repeat-x;filter: progid:DXImageTransform.Microsoft.gradient(startColorstr=\'#ffffffff\', endColorstr=\'#fff8f8f8\', GradientType=0);color: #777777;text-shadow: 0 1px 0 #fff, 0 0 0 #000;font-size: 90%;padding-top: 4px;padding-bottom: 4px;white-space:nowrap;width: 15%\">Balance</th>\r\n                        <th style=\"text-align:left;padding: 8px;vertical-align: top;background-image: -webkit-gradient(linear, left 0%, left 100%, from(#ffffff), to(#f8f8f8));background-image: -webkit-linear-gradient(top, #ffffff, 0%, #f8f8f8, 100%);background-image: -moz-linear-gradient(top, #ffffff 0%, #f8f8f8 100%);background-image: linear-gradient(to bottom, #ffffff 0%, #f8f8f8 100%);background-repeat: repeat-x;filter: progid:DXImageTransform.Microsoft.gradient(startColorstr=\'#ffffffff\', endColorstr=\'#fff8f8f8\', GradientType=0);color: #777777;text-shadow: 0 1px 0 #fff, 0 0 0 #000;font-size: 90%;padding-top: 4px;padding-bottom: 4px;white-space:nowrap;width: 15%\">Pending</th>\r\n                    </tr>\r\n                </thead>\r\n                <tbody>\r\n                    {{table_body}}\r\n                </tbody>\r\n            </table>\r\n        </div>\r\n\r\n        <br />\r\n\r\n    </div>\r\n\r\n\r\n    <p>\r\n        Best regards,\r\n        <br>\r\n        {{system_title}}\r\n    </p>\r\n\r\n    <p>\r\n        This is a system generated message. Please do not reply as your email may not be read.\r\n        <br>\r\n        Powered by <a style=\"color:#4d90fe;\" target=\"_blank\" href=\"http://www.hdisystech.com\">HDI System Technologies, Inc.</a>\r\n    </p>\r\n</div>\r\n</body>\r\n</html>',NULL,0),(7,0,'ML','Maternity Leave','Maternity Leave Notification','<html><head><meta charset=\"utf-8\"></head>\r\n<body style=\"background-color:#F9F9F9;padding-top: 18px;\">\r\n<div style=\"width: 90%; font-family: \'Helvetica Neue\', Helvetica, Arial, sans-serif; font-size: 13px; font-weight: normal; line-height: 18px; color: #333; margin: 0 auto; background-color: #fff;border: 1px solid #DDD; border-radius: 4px; padding: 15px;\">\r\n    <p style=\"margin:0 0 30px 0;\"><img height=\"50px\" src=\"{{system_logo}}\" alt=\"Please enable images to load system logo\" title=\"Please enable images\"></p>\r\n\r\n    <h3>Dear {{alias}},</h3>\r\n\r\n    <div style=\"margin-right: 10%;\">\r\n        <p>\r\n            We would like to inform you that <strong>{{form}}</strong> filed by <strong>{{fullname}}</strong> is waiting for your action. In order for this file to be processed in the salary, kindly approve it on or before our cutoff.\r\n        </p>\r\n\r\n        <p>\r\n            <span>Filed on : {{createdon}}<br></span>\r\n            <span>Duration : {{days}}<br></span>\r\n            <span>Inclusive Date : <strong>{{inclusive}}</strong><br></span>\r\n            <span>Reason : {{reason}}<br></span>\r\n        </p>\r\n\r\n        <p>\r\n            To review this application, you may <a href=\"{{system_route}}\" target=\"_blank\">click here</a>. If approval has made after, please note that adjustments, if any, will be made on the next salary period.\r\n        </p>\r\n\r\n        <div style=\"clear: both;-webkit-box-shadow: 0 1px 2px rgba(0, 0, 0, 0.05);box-shadow: 0 1px 2px rgba(0, 0, 0, 0.05);margin-bottom: 20px;background-color: #ffffff;border: 1px solid #dddddd;border-radius: 4px;\">\r\n            <div style=\"color: #777777;background-color: #f5f5f5;text-shadow: 0 1px 0 #fff;padding: 10px 10px;border-bottom: 1px solid #dddddd;border-top-right-radius: 3px;border-top-left-radius: 3px;background-image: -webkit-gradient(linear, left 0%, left 100%, from(#ffffff), to(#f5f5f5));background-image: -webkit-linear-gradient(top, #ffffff, 0%, #f5f5f5, 100%);background-image: -moz-linear-gradient(top, #ffffff 0%, #f5f5f5 100%);background-image: linear-gradient(to bottom, #ffffff 0%, #f5f5f5 100%);background-repeat: repeat-x;filter: progid:DXImageTransform.Microsoft.gradient(startColorstr=\'#ffffffff\', endColorstr=\'#fff5f5f5\', GradientType=0);\">\r\n                <h2 style=\"font-size: 14px;margin: 2px 0;\">Leave Credits as of</h2>\r\n            </div>\r\n\r\n            <table cellspacing=\"0\" style=\"width: 100%;margin-bottom:max-width: 100%;background-color: transparent;border-collapse: collapse;border-spacing: 0; font-size: 13px;\">\r\n                <thead>\r\n                    <tr>\r\n                        <th style=\"text-align:left;padding: 8px;vertical-align: top;background-image: -webkit-gradient(linear, left 0%, left 100%, from(#ffffff), to(#f8f8f8));background-image: -webkit-linear-gradient(top, #ffffff, 0%, #f8f8f8, 100%);background-image: -moz-linear-gradient(top, #ffffff 0%, #f8f8f8 100%);background-image: linear-gradient(to bottom, #ffffff 0%, #f8f8f8 100%);background-repeat: repeat-x;filter: progid:DXImageTransform.Microsoft.gradient(startColorstr=\'#ffffffff\', endColorstr=\'#fff8f8f8\', GradientType=0);color: #777777;text-shadow: 0 1px 0 #fff, 0 0 0 #000;font-size: 90%;padding-top: 10px;padding-bottom: 10px;width: 25%\">&nbsp;</th>\r\n                        <th style=\"text-align:left;padding: 8px;vertical-align: top;background-image: -webkit-gradient(linear, left 0%, left 100%, from(#ffffff), to(#f8f8f8));background-image: -webkit-linear-gradient(top, #ffffff, 0%, #f8f8f8, 100%);background-image: -moz-linear-gradient(top, #ffffff 0%, #f8f8f8 100%);background-image: linear-gradient(to bottom, #ffffff 0%, #f8f8f8 100%);background-repeat: repeat-x;filter: progid:DXImageTransform.Microsoft.gradient(startColorstr=\'#ffffffff\', endColorstr=\'#fff8f8f8\', GradientType=0);color: #777777;text-shadow: 0 1px 0 #fff, 0 0 0 #000;font-size: 90%;padding-top: 4px;padding-bottom: 4px;width: 15%\">Previous<br>Year (if any)</th>\r\n                        <th style=\"text-align:left;padding: 8px;vertical-align: top;background-image: -webkit-gradient(linear, left 0%, left 100%, from(#ffffff), to(#f8f8f8));background-image: -webkit-linear-gradient(top, #ffffff, 0%, #f8f8f8, 100%);background-image: -moz-linear-gradient(top, #ffffff 0%, #f8f8f8 100%);background-image: linear-gradient(to bottom, #ffffff 0%, #f8f8f8 100%);background-repeat: repeat-x;filter: progid:DXImageTransform.Microsoft.gradient(startColorstr=\'#ffffffff\', endColorstr=\'#fff8f8f8\', GradientType=0);color: #777777;text-shadow: 0 1px 0 #fff, 0 0 0 #000;font-size: 90%;padding-top: 4px;padding-bottom: 4px;white-space:nowrap;width: 15%\">Earned<br>this Year</th>\r\n                        <th style=\"text-align:left;padding: 8px;vertical-align: top;background-image: -webkit-gradient(linear, left 0%, left 100%, from(#ffffff), to(#f8f8f8));background-image: -webkit-linear-gradient(top, #ffffff, 0%, #f8f8f8, 100%);background-image: -moz-linear-gradient(top, #ffffff 0%, #f8f8f8 100%);background-image: linear-gradient(to bottom, #ffffff 0%, #f8f8f8 100%);background-repeat: repeat-x;filter: progid:DXImageTransform.Microsoft.gradient(startColorstr=\'#ffffffff\', endColorstr=\'#fff8f8f8\', GradientType=0);color: #777777;text-shadow: 0 1px 0 #fff, 0 0 0 #000;font-size: 90%;padding-top: 4px;padding-bottom: 4px;white-space:nowrap;width: 15%\">Used</th>\r\n                        <th style=\"text-align:left;padding: 8px;vertical-align: top;background-image: -webkit-gradient(linear, left 0%, left 100%, from(#ffffff), to(#f8f8f8));background-image: -webkit-linear-gradient(top, #ffffff, 0%, #f8f8f8, 100%);background-image: -moz-linear-gradient(top, #ffffff 0%, #f8f8f8 100%);background-image: linear-gradient(to bottom, #ffffff 0%, #f8f8f8 100%);background-repeat: repeat-x;filter: progid:DXImageTransform.Microsoft.gradient(startColorstr=\'#ffffffff\', endColorstr=\'#fff8f8f8\', GradientType=0);color: #777777;text-shadow: 0 1px 0 #fff, 0 0 0 #000;font-size: 90%;padding-top: 4px;padding-bottom: 4px;white-space:nowrap;width: 15%\">Balance</th>\r\n                        <th style=\"text-align:left;padding: 8px;vertical-align: top;background-image: -webkit-gradient(linear, left 0%, left 100%, from(#ffffff), to(#f8f8f8));background-image: -webkit-linear-gradient(top, #ffffff, 0%, #f8f8f8, 100%);background-image: -moz-linear-gradient(top, #ffffff 0%, #f8f8f8 100%);background-image: linear-gradient(to bottom, #ffffff 0%, #f8f8f8 100%);background-repeat: repeat-x;filter: progid:DXImageTransform.Microsoft.gradient(startColorstr=\'#ffffffff\', endColorstr=\'#fff8f8f8\', GradientType=0);color: #777777;text-shadow: 0 1px 0 #fff, 0 0 0 #000;font-size: 90%;padding-top: 4px;padding-bottom: 4px;white-space:nowrap;width: 15%\">Pending</th>\r\n                    </tr>\r\n                </thead>\r\n                <tbody>\r\n                    {{table_body}}\r\n                </tbody>\r\n            </table>\r\n        </div>\r\n\r\n        <br />\r\n\r\n    </div>\r\n\r\n\r\n    <p>\r\n        Best regards,\r\n        <br>\r\n        {{system_title}}\r\n    </p>\r\n\r\n    <p>\r\n        This is a system generated message. Please do not reply as your email may not be read.\r\n        <br>\r\n        Powered by <a style=\"color:#4d90fe;\" target=\"_blank\" href=\"http://www.hdisystech.com\">HDI System Technologies, Inc.</a>\r\n    </p>\r\n</div>\r\n</body>\r\n</html>',NULL,0),(8,0,'PL','Paternity Leave','Paternity Leave Notification','<html><head><meta charset=\"utf-8\"></head>\r\n<body style=\"background-color:#F9F9F9;padding-top: 18px;\">\r\n<div style=\"width: 90%; font-family: \'Helvetica Neue\', Helvetica, Arial, sans-serif; font-size: 13px; font-weight: normal; line-height: 18px; color: #333; margin: 0 auto; background-color: #fff;border: 1px solid #DDD; border-radius: 4px; padding: 15px;\">\r\n    <p style=\"margin:0 0 30px 0;\"><img height=\"50px\" src=\"{{system_logo}}\" alt=\"Please enable images to load system logo\" title=\"Please enable images\"></p>\r\n\r\n    <h3>Dear {{alias}},</h3>\r\n\r\n    <div style=\"margin-right: 10%;\">\r\n        <p>\r\n            We would like to inform you that <strong>{{form}}</strong> filed by <strong>{{fullname}}</strong> is waiting for your action. In order for this file to be processed in the salary, kindly approve it on or before our cutoff.\r\n        </p>\r\n\r\n        <p>\r\n            <span>Filed on : {{createdon}}<br></span>\r\n            <span>Duration : {{days}}<br></span>\r\n            <span>Inclusive Date : <strong>{{inclusive}}</strong><br></span>\r\n            <span>Reason : {{reason}}<br></span>\r\n        </p>\r\n\r\n        <p>\r\n            To review this application, you may <a href=\"{{system_route}}\" target=\"_blank\">click here</a>. If approval has made after, please note that adjustments, if any, will be made on the next salary period.\r\n        </p>\r\n\r\n        <div style=\"clear: both;-webkit-box-shadow: 0 1px 2px rgba(0, 0, 0, 0.05);box-shadow: 0 1px 2px rgba(0, 0, 0, 0.05);margin-bottom: 20px;background-color: #ffffff;border: 1px solid #dddddd;border-radius: 4px;\">\r\n            <div style=\"color: #777777;background-color: #f5f5f5;text-shadow: 0 1px 0 #fff;padding: 10px 10px;border-bottom: 1px solid #dddddd;border-top-right-radius: 3px;border-top-left-radius: 3px;background-image: -webkit-gradient(linear, left 0%, left 100%, from(#ffffff), to(#f5f5f5));background-image: -webkit-linear-gradient(top, #ffffff, 0%, #f5f5f5, 100%);background-image: -moz-linear-gradient(top, #ffffff 0%, #f5f5f5 100%);background-image: linear-gradient(to bottom, #ffffff 0%, #f5f5f5 100%);background-repeat: repeat-x;filter: progid:DXImageTransform.Microsoft.gradient(startColorstr=\'#ffffffff\', endColorstr=\'#fff5f5f5\', GradientType=0);\">\r\n                <h2 style=\"font-size: 14px;margin: 2px 0;\">Leave Credits as of</h2>\r\n            </div>\r\n\r\n            <table cellspacing=\"0\" style=\"width: 100%;margin-bottom:max-width: 100%;background-color: transparent;border-collapse: collapse;border-spacing: 0; font-size: 13px;\">\r\n                <thead>\r\n                    <tr>\r\n                        <th style=\"text-align:left;padding: 8px;vertical-align: top;background-image: -webkit-gradient(linear, left 0%, left 100%, from(#ffffff), to(#f8f8f8));background-image: -webkit-linear-gradient(top, #ffffff, 0%, #f8f8f8, 100%);background-image: -moz-linear-gradient(top, #ffffff 0%, #f8f8f8 100%);background-image: linear-gradient(to bottom, #ffffff 0%, #f8f8f8 100%);background-repeat: repeat-x;filter: progid:DXImageTransform.Microsoft.gradient(startColorstr=\'#ffffffff\', endColorstr=\'#fff8f8f8\', GradientType=0);color: #777777;text-shadow: 0 1px 0 #fff, 0 0 0 #000;font-size: 90%;padding-top: 10px;padding-bottom: 10px;width: 25%\">&nbsp;</th>\r\n                        <th style=\"text-align:left;padding: 8px;vertical-align: top;background-image: -webkit-gradient(linear, left 0%, left 100%, from(#ffffff), to(#f8f8f8));background-image: -webkit-linear-gradient(top, #ffffff, 0%, #f8f8f8, 100%);background-image: -moz-linear-gradient(top, #ffffff 0%, #f8f8f8 100%);background-image: linear-gradient(to bottom, #ffffff 0%, #f8f8f8 100%);background-repeat: repeat-x;filter: progid:DXImageTransform.Microsoft.gradient(startColorstr=\'#ffffffff\', endColorstr=\'#fff8f8f8\', GradientType=0);color: #777777;text-shadow: 0 1px 0 #fff, 0 0 0 #000;font-size: 90%;padding-top: 4px;padding-bottom: 4px;width: 15%\">Previous<br>Year (if any)</th>\r\n                        <th style=\"text-align:left;padding: 8px;vertical-align: top;background-image: -webkit-gradient(linear, left 0%, left 100%, from(#ffffff), to(#f8f8f8));background-image: -webkit-linear-gradient(top, #ffffff, 0%, #f8f8f8, 100%);background-image: -moz-linear-gradient(top, #ffffff 0%, #f8f8f8 100%);background-image: linear-gradient(to bottom, #ffffff 0%, #f8f8f8 100%);background-repeat: repeat-x;filter: progid:DXImageTransform.Microsoft.gradient(startColorstr=\'#ffffffff\', endColorstr=\'#fff8f8f8\', GradientType=0);color: #777777;text-shadow: 0 1px 0 #fff, 0 0 0 #000;font-size: 90%;padding-top: 4px;padding-bottom: 4px;white-space:nowrap;width: 15%\">Earned<br>this Year</th>\r\n                        <th style=\"text-align:left;padding: 8px;vertical-align: top;background-image: -webkit-gradient(linear, left 0%, left 100%, from(#ffffff), to(#f8f8f8));background-image: -webkit-linear-gradient(top, #ffffff, 0%, #f8f8f8, 100%);background-image: -moz-linear-gradient(top, #ffffff 0%, #f8f8f8 100%);background-image: linear-gradient(to bottom, #ffffff 0%, #f8f8f8 100%);background-repeat: repeat-x;filter: progid:DXImageTransform.Microsoft.gradient(startColorstr=\'#ffffffff\', endColorstr=\'#fff8f8f8\', GradientType=0);color: #777777;text-shadow: 0 1px 0 #fff, 0 0 0 #000;font-size: 90%;padding-top: 4px;padding-bottom: 4px;white-space:nowrap;width: 15%\">Used</th>\r\n                        <th style=\"text-align:left;padding: 8px;vertical-align: top;background-image: -webkit-gradient(linear, left 0%, left 100%, from(#ffffff), to(#f8f8f8));background-image: -webkit-linear-gradient(top, #ffffff, 0%, #f8f8f8, 100%);background-image: -moz-linear-gradient(top, #ffffff 0%, #f8f8f8 100%);background-image: linear-gradient(to bottom, #ffffff 0%, #f8f8f8 100%);background-repeat: repeat-x;filter: progid:DXImageTransform.Microsoft.gradient(startColorstr=\'#ffffffff\', endColorstr=\'#fff8f8f8\', GradientType=0);color: #777777;text-shadow: 0 1px 0 #fff, 0 0 0 #000;font-size: 90%;padding-top: 4px;padding-bottom: 4px;white-space:nowrap;width: 15%\">Balance</th>\r\n                        <th style=\"text-align:left;padding: 8px;vertical-align: top;background-image: -webkit-gradient(linear, left 0%, left 100%, from(#ffffff), to(#f8f8f8));background-image: -webkit-linear-gradient(top, #ffffff, 0%, #f8f8f8, 100%);background-image: -moz-linear-gradient(top, #ffffff 0%, #f8f8f8 100%);background-image: linear-gradient(to bottom, #ffffff 0%, #f8f8f8 100%);background-repeat: repeat-x;filter: progid:DXImageTransform.Microsoft.gradient(startColorstr=\'#ffffffff\', endColorstr=\'#fff8f8f8\', GradientType=0);color: #777777;text-shadow: 0 1px 0 #fff, 0 0 0 #000;font-size: 90%;padding-top: 4px;padding-bottom: 4px;white-space:nowrap;width: 15%\">Pending</th>\r\n                    </tr>\r\n                </thead>\r\n                <tbody>\r\n                    {{table_body}}\r\n                </tbody>\r\n            </table>\r\n        </div>\r\n\r\n        <br />\r\n\r\n    </div>\r\n\r\n\r\n    <p>\r\n        Best regards,\r\n        <br>\r\n        {{system_title}}\r\n    </p>\r\n\r\n    <p>\r\n        This is a system generated message. Please do not reply as your email may not be read.\r\n        <br>\r\n        Powered by <a style=\"color:#4d90fe;\" target=\"_blank\" href=\"http://www.hdisystech.com\">HDI System Technologies, Inc.</a>\r\n    </p>\r\n</div>\r\n</body>\r\n</html>',NULL,0),(9,0,'LWOP','Leave Without Pay','Leave Without Pay Notification','<html><head><meta charset=\"utf-8\"></head>\r\n<body style=\"background-color:#F9F9F9;padding-top: 18px;\">\r\n<div style=\"width: 90%; font-family: \'Helvetica Neue\', Helvetica, Arial, sans-serif; font-size: 13px; font-weight: normal; line-height: 18px; color: #333; margin: 0 auto; background-color: #fff;border: 1px solid #DDD; border-radius: 4px; padding: 15px;\">\r\n    <p style=\"margin:0 0 30px 0;\"><img height=\"50px\" src=\"{{system_logo}}\" alt=\"Please enable images to load system logo\" title=\"Please enable images\"></p>\r\n\r\n    <h3>Dear {{alias}},</h3>\r\n\r\n    <div style=\"margin-right: 10%;\">\r\n        <p>\r\n            We would like to inform you that <strong>{{form}}</strong> filed by <strong>{{fullname}}</strong> is waiting for your action. In order for this file to be processed in the salary, kindly approve it on or before our cutoff.\r\n        </p>\r\n\r\n        <p>\r\n            <span>Filed on : {{createdon}}<br></span>\r\n            <span>Duration : {{days}}<br></span>\r\n            <span>Inclusive Date : <strong>{{inclusive}}</strong><br></span>\r\n            <span>Reason : {{reason}}<br></span>\r\n        </p>\r\n\r\n        <p>\r\n            To review this application, you may <a href=\"{{system_route}}\" target=\"_blank\">click here</a>. If approval has made after, please note that adjustments, if any, will be made on the next salary period.\r\n        </p>\r\n\r\n        <div style=\"clear: both;-webkit-box-shadow: 0 1px 2px rgba(0, 0, 0, 0.05);box-shadow: 0 1px 2px rgba(0, 0, 0, 0.05);margin-bottom: 20px;background-color: #ffffff;border: 1px solid #dddddd;border-radius: 4px;\">\r\n            <div style=\"color: #777777;background-color: #f5f5f5;text-shadow: 0 1px 0 #fff;padding: 10px 10px;border-bottom: 1px solid #dddddd;border-top-right-radius: 3px;border-top-left-radius: 3px;background-image: -webkit-gradient(linear, left 0%, left 100%, from(#ffffff), to(#f5f5f5));background-image: -webkit-linear-gradient(top, #ffffff, 0%, #f5f5f5, 100%);background-image: -moz-linear-gradient(top, #ffffff 0%, #f5f5f5 100%);background-image: linear-gradient(to bottom, #ffffff 0%, #f5f5f5 100%);background-repeat: repeat-x;filter: progid:DXImageTransform.Microsoft.gradient(startColorstr=\'#ffffffff\', endColorstr=\'#fff5f5f5\', GradientType=0);\">\r\n                <h2 style=\"font-size: 14px;margin: 2px 0;\">Leave Credits as of</h2>\r\n            </div>\r\n\r\n            <table cellspacing=\"0\" style=\"width: 100%;margin-bottom:max-width: 100%;background-color: transparent;border-collapse: collapse;border-spacing: 0; font-size: 13px;\">\r\n                <thead>\r\n                    <tr>\r\n                        <th style=\"text-align:left;padding: 8px;vertical-align: top;background-image: -webkit-gradient(linear, left 0%, left 100%, from(#ffffff), to(#f8f8f8));background-image: -webkit-linear-gradient(top, #ffffff, 0%, #f8f8f8, 100%);background-image: -moz-linear-gradient(top, #ffffff 0%, #f8f8f8 100%);background-image: linear-gradient(to bottom, #ffffff 0%, #f8f8f8 100%);background-repeat: repeat-x;filter: progid:DXImageTransform.Microsoft.gradient(startColorstr=\'#ffffffff\', endColorstr=\'#fff8f8f8\', GradientType=0);color: #777777;text-shadow: 0 1px 0 #fff, 0 0 0 #000;font-size: 90%;padding-top: 10px;padding-bottom: 10px;width: 25%\">&nbsp;</th>\r\n                        <th style=\"text-align:left;padding: 8px;vertical-align: top;background-image: -webkit-gradient(linear, left 0%, left 100%, from(#ffffff), to(#f8f8f8));background-image: -webkit-linear-gradient(top, #ffffff, 0%, #f8f8f8, 100%);background-image: -moz-linear-gradient(top, #ffffff 0%, #f8f8f8 100%);background-image: linear-gradient(to bottom, #ffffff 0%, #f8f8f8 100%);background-repeat: repeat-x;filter: progid:DXImageTransform.Microsoft.gradient(startColorstr=\'#ffffffff\', endColorstr=\'#fff8f8f8\', GradientType=0);color: #777777;text-shadow: 0 1px 0 #fff, 0 0 0 #000;font-size: 90%;padding-top: 4px;padding-bottom: 4px;width: 15%\">Previous<br>Year (if any)</th>\r\n                        <th style=\"text-align:left;padding: 8px;vertical-align: top;background-image: -webkit-gradient(linear, left 0%, left 100%, from(#ffffff), to(#f8f8f8));background-image: -webkit-linear-gradient(top, #ffffff, 0%, #f8f8f8, 100%);background-image: -moz-linear-gradient(top, #ffffff 0%, #f8f8f8 100%);background-image: linear-gradient(to bottom, #ffffff 0%, #f8f8f8 100%);background-repeat: repeat-x;filter: progid:DXImageTransform.Microsoft.gradient(startColorstr=\'#ffffffff\', endColorstr=\'#fff8f8f8\', GradientType=0);color: #777777;text-shadow: 0 1px 0 #fff, 0 0 0 #000;font-size: 90%;padding-top: 4px;padding-bottom: 4px;white-space:nowrap;width: 15%\">Earned<br>this Year</th>\r\n                        <th style=\"text-align:left;padding: 8px;vertical-align: top;background-image: -webkit-gradient(linear, left 0%, left 100%, from(#ffffff), to(#f8f8f8));background-image: -webkit-linear-gradient(top, #ffffff, 0%, #f8f8f8, 100%);background-image: -moz-linear-gradient(top, #ffffff 0%, #f8f8f8 100%);background-image: linear-gradient(to bottom, #ffffff 0%, #f8f8f8 100%);background-repeat: repeat-x;filter: progid:DXImageTransform.Microsoft.gradient(startColorstr=\'#ffffffff\', endColorstr=\'#fff8f8f8\', GradientType=0);color: #777777;text-shadow: 0 1px 0 #fff, 0 0 0 #000;font-size: 90%;padding-top: 4px;padding-bottom: 4px;white-space:nowrap;width: 15%\">Used</th>\r\n                        <th style=\"text-align:left;padding: 8px;vertical-align: top;background-image: -webkit-gradient(linear, left 0%, left 100%, from(#ffffff), to(#f8f8f8));background-image: -webkit-linear-gradient(top, #ffffff, 0%, #f8f8f8, 100%);background-image: -moz-linear-gradient(top, #ffffff 0%, #f8f8f8 100%);background-image: linear-gradient(to bottom, #ffffff 0%, #f8f8f8 100%);background-repeat: repeat-x;filter: progid:DXImageTransform.Microsoft.gradient(startColorstr=\'#ffffffff\', endColorstr=\'#fff8f8f8\', GradientType=0);color: #777777;text-shadow: 0 1px 0 #fff, 0 0 0 #000;font-size: 90%;padding-top: 4px;padding-bottom: 4px;white-space:nowrap;width: 15%\">Balance</th>\r\n                        <th style=\"text-align:left;padding: 8px;vertical-align: top;background-image: -webkit-gradient(linear, left 0%, left 100%, from(#ffffff), to(#f8f8f8));background-image: -webkit-linear-gradient(top, #ffffff, 0%, #f8f8f8, 100%);background-image: -moz-linear-gradient(top, #ffffff 0%, #f8f8f8 100%);background-image: linear-gradient(to bottom, #ffffff 0%, #f8f8f8 100%);background-repeat: repeat-x;filter: progid:DXImageTransform.Microsoft.gradient(startColorstr=\'#ffffffff\', endColorstr=\'#fff8f8f8\', GradientType=0);color: #777777;text-shadow: 0 1px 0 #fff, 0 0 0 #000;font-size: 90%;padding-top: 4px;padding-bottom: 4px;white-space:nowrap;width: 15%\">Pending</th>\r\n                    </tr>\r\n                </thead>\r\n                <tbody>\r\n                    {{table_body}}\r\n                </tbody>\r\n            </table>\r\n        </div>\r\n\r\n        <br />\r\n\r\n    </div>\r\n\r\n\r\n    <p>\r\n        Best regards,\r\n        <br>\r\n        {{system_title}}\r\n    </p>\r\n\r\n    <p>\r\n        This is a system generated message. Please do not reply as your email may not be read.\r\n        <br>\r\n        Powered by <a style=\"color:#4d90fe;\" target=\"_blank\" href=\"http://www.hdisystech.com\">HDI System Technologies, Inc.</a>\r\n    </p>\r\n</div>\r\n</body>\r\n</html>',NULL,0),(10,0,'OBT','Business Trip','Business Trip Notification','<html><head><meta charset=\"utf-8\"></head>\r\n<body style=\"background-color:#F9F9F9;padding-top: 18px;\">\r\n<div style=\"width: 90%; font-family: \'Helvetica Neue\', Helvetica, Arial, sans-serif; font-size: 13px; font-weight: normal; line-height: 18px; color: #333; margin: 0 auto; background-color: #fff;border: 1px solid #DDD; border-radius: 4px; padding: 15px;\">\r\n    <p style=\"margin:0 0 30px 0;\"><img height=\"50px\" src=\"{{system_logo}}\" alt=\"Please enable images to load system logo\" title=\"Please enable images\"></p>\r\n\r\n    <h3>Dear {{alias}},</h3>\r\n\r\n    <div style=\"margin-right: 10%;\">\r\n        <p>\r\n            We would like to inform you that <strong>{{form}}</strong> filed by <strong>{{fullname}}</strong> is waiting for your action. In order for this file to be processed in the salary, kindly approve it on or before our cutoff.\r\n        </p>\r\n\r\n        <p>\r\n            <span>Filed on : {{createdon}}<br></span>\r\n            <span>Company To Visit : {{company_to_visit}}<br></span>\r\n            <span>Location : {{company_location}}<br></span>\r\n            <span>Inclusive Date : <strong>{{inclusive}}</strong><br></span>\r\n            <span>Reason : {{reason}}<br></span>\r\n        </p>\r\n\r\n        <p>\r\n            To review this application, you may <a href=\"{{system_route}}\" target=\"_blank\">click here</a>. If approval has made after, please note that adjustments, if any, will be made on the next salary period.\r\n        </p>\r\n\r\n        <br />\r\n\r\n    </div>\r\n\r\n\r\n    <p>\r\n        Best regards,\r\n        <br>\r\n        {{system_title}}\r\n    </p>\r\n\r\n    <p>\r\n        This is a system generated message. Please do not reply as your email may not be read.\r\n        <br>\r\n        Powered by <a style=\"color:#4d90fe;\" target=\"_blank\" href=\"http://www.hdisystech.com\">HDI System Technologies, Inc.</a>\r\n    </p>\r\n</div>\r\n</body>\r\n</html>',NULL,0),(11,0,'OT','Overtime','Overtime Notification','<html><head><meta charset=\"utf-8\"></head>\r\n<body style=\"background-color:#F9F9F9;padding-top: 18px;\">\r\n<div style=\"width: 90%; font-family: \'Helvetica Neue\', Helvetica, Arial, sans-serif; font-size: 13px; font-weight: normal; line-height: 18px; color: #333; margin: 0 auto; background-color: #fff;border: 1px solid #DDD; border-radius: 4px; padding: 15px;\">\r\n    <p style=\"margin:0 0 30px 0;\"><img height=\"50px\" src=\"{{system_logo}}\" alt=\"Please enable images to load system logo\" title=\"Please enable images\"></p>\r\n\r\n    <h3>Dear {{alias}},</h3>\r\n\r\n    <div style=\"margin-right: 10%;\">\r\n        <p>\r\n            We would like to inform you that <strong>{{form}}</strong> filed by <strong>{{fullname}}</strong> is waiting for your action. In order for this file to be processed in the salary, kindly approve it on or before our cutoff.\r\n        </p>\r\n\r\n        <p>\r\n            <span>Filed on : {{createdon}}<br></span>\r\n            <span>No. of Hours : {{days}}<br></span>\r\n            <span>Inclusive Date : <strong>{{inclusive}}</strong><br></span>\r\n            <span>Reason : {{reason}}<br></span>\r\n        </p>\r\n\r\n        <p>\r\n            To review this application, you may <a href=\"{{system_route}}\" target=\"_blank\">click here</a>. If approval has made after, please note that adjustments, if any, will be made on the next salary period.\r\n        </p>\r\n\r\n        <br />\r\n\r\n    </div>\r\n\r\n\r\n    <p>\r\n        Best regards,\r\n        <br>\r\n        {{system_title}}\r\n    </p>\r\n\r\n    <p>\r\n        This is a system generated message. Please do not reply as your email may not be read.\r\n        <br>\r\n        Powered by <a style=\"color:#4d90fe;\" target=\"_blank\" href=\"http://www.hdisystech.com\">HDI System Technologies, Inc.</a>\r\n    </p>\r\n</div>\r\n</body>\r\n</html>',NULL,0),(12,0,'UT','Undertime','Undertime Notification','<html><head><meta charset=\"utf-8\"></head>\r\n<body style=\"background-color:#F9F9F9;padding-top: 18px;\">\r\n<div style=\"width: 90%; font-family: \'Helvetica Neue\', Helvetica, Arial, sans-serif; font-size: 13px; font-weight: normal; line-height: 18px; color: #333; margin: 0 auto; background-color: #fff;border: 1px solid #DDD; border-radius: 4px; padding: 15px;\">\r\n    <p style=\"margin:0 0 30px 0;\"><img height=\"50px\" src=\"{{system_logo}}\" alt=\"Please enable images to load system logo\" title=\"Please enable images\"></p>\r\n\r\n    <h3>Dear {{alias}},</h3>\r\n\r\n    <div style=\"margin-right: 10%;\">\r\n        <p>\r\n            We would like to inform you that <strong>{{form}}</strong> filed by <strong>{{fullname}}</strong> is waiting for your action. In order for this file to be processed in the salary, kindly approve it on or before our cutoff.\r\n        </p>\r\n\r\n        <p>\r\n            <span>Filed on : {{createdon}}<br></span>\r\n            <span>Current Work Schedule : {{current_shift}}<br></span>\r\n            <span>Inclusive Date : <strong>{{inclusive}}</strong><br></span>\r\n            <span>Reason : {{reason}}<br></span>\r\n        </p>\r\n\r\n        <p>\r\n            To review this application, you may <a href=\"{{system_route}}\" target=\"_blank\">click here</a>. If approval has made after, please note that adjustments, if any, will be made on the next salary period.\r\n        </p>\r\n\r\n        <br />\r\n\r\n    </div>\r\n\r\n\r\n    <p>\r\n        Best regards,\r\n        <br>\r\n        {{system_title}}\r\n    </p>\r\n\r\n    <p>\r\n        This is a system generated message. Please do not reply as your email may not be read.\r\n        <br>\r\n        Powered by <a style=\"color:#4d90fe;\" target=\"_blank\" href=\"http://www.hdisystech.com\">HDI System Technologies, Inc.</a>\r\n    </p>\r\n</div>\r\n</body>\r\n</html>',NULL,0),(13,0,'DTRP','Daily Time Record Problem','Daily Time Record Problem Notification','<html><head><meta charset=\"utf-8\"></head>\r\n<body style=\"background-color:#F9F9F9;padding-top: 18px;\">\r\n<div style=\"width: 90%; font-family: \'Helvetica Neue\', Helvetica, Arial, sans-serif; font-size: 13px; font-weight: normal; line-height: 18px; color: #333; margin: 0 auto; background-color: #fff;border: 1px solid #DDD; border-radius: 4px; padding: 15px;\">\r\n    <p style=\"margin:0 0 30px 0;\"><img height=\"50px\" src=\"{{system_logo}}\" alt=\"Please enable images to load system logo\" title=\"Please enable images\"></p>\r\n\r\n    <h3>Dear {{alias}},</h3>\r\n\r\n    <div style=\"margin-right: 10%;\">\r\n        <p>\r\n            We would like to inform you that <strong>{{form}}</strong> filed by <strong>{{fullname}}</strong> is waiting for your action. In order for this file to be processed in the salary, kindly approve it on or before our cutoff.\r\n        </p>\r\n\r\n        <p>\r\n            <span>Filed on : {{createdon}}<br></span>\r\n            <span>Current Work Schedule : {{current_shift}}<br></span>\r\n            <span>Inclusive Date : <strong>{{inclusive}}</strong><br></span>\r\n            <span>Reason : {{reason}}<br></span>\r\n        </p>\r\n\r\n        <p>\r\n            To review this application, you may <a href=\"{{system_route}}\" target=\"_blank\">click here</a>. If approval has made after, please note that adjustments, if any, will be made on the next salary period.\r\n        </p>\r\n\r\n        <br />\r\n\r\n    </div>\r\n\r\n\r\n    <p>\r\n        Best regards,\r\n        <br>\r\n        {{system_title}}\r\n    </p>\r\n\r\n    <p>\r\n        This is a system generated message. Please do not reply as your email may not be read.\r\n        <br>\r\n        Powered by <a style=\"color:#4d90fe;\" target=\"_blank\" href=\"http://www.hdisystech.com\">HDI System Technologies, Inc.</a>\r\n    </p>\r\n</div>\r\n</body>\r\n</html>',NULL,0),(14,0,'BL','Birthday Leave','Birthday Leave Notification','<html><head><meta charset=\"utf-8\"></head>\r\n<body style=\"background-color:#F9F9F9;padding-top: 18px;\">\r\n<div style=\"width: 90%; font-family: \'Helvetica Neue\', Helvetica, Arial, sans-serif; font-size: 13px; font-weight: normal; line-height: 18px; color: #333; margin: 0 auto; background-color: #fff;border: 1px solid #DDD; border-radius: 4px; padding: 15px;\">\r\n    <p style=\"margin:0 0 30px 0;\"><img height=\"50px\" src=\"{{system_logo}}\" alt=\"Please enable images to load system logo\" title=\"Please enable images\"></p>\r\n\r\n    <h3>Dear {{alias}},</h3>\r\n\r\n    <div style=\"margin-right: 10%;\">\r\n        <p>\r\n            We would like to inform you that <strong>{{form}}</strong> filed by <strong>{{fullname}}</strong> is waiting for your action. In order for this file to be processed in the salary, kindly approve it on or before our cutoff.\r\n        </p>\r\n\r\n        <p>\r\n            <span>Filed on : {{createdon}}<br></span>\r\n            <span>Duration : {{days}}<br></span>\r\n            <span>Inclusive Date : <strong>{{inclusive}}</strong><br></span>\r\n            <span>Reason : {{reason}}<br></span>\r\n        </p>\r\n\r\n        <p>\r\n            To review this application, you may <a href=\"{{system_route}}\" target=\"_blank\">click here</a>. If approval has made after, please note that adjustments, if any, will be made on the next salary period.\r\n        </p>\r\n\r\n        <div style=\"clear: both;-webkit-box-shadow: 0 1px 2px rgba(0, 0, 0, 0.05);box-shadow: 0 1px 2px rgba(0, 0, 0, 0.05);margin-bottom: 20px;background-color: #ffffff;border: 1px solid #dddddd;border-radius: 4px;\">\r\n            <div style=\"color: #777777;background-color: #f5f5f5;text-shadow: 0 1px 0 #fff;padding: 10px 10px;border-bottom: 1px solid #dddddd;border-top-right-radius: 3px;border-top-left-radius: 3px;background-image: -webkit-gradient(linear, left 0%, left 100%, from(#ffffff), to(#f5f5f5));background-image: -webkit-linear-gradient(top, #ffffff, 0%, #f5f5f5, 100%);background-image: -moz-linear-gradient(top, #ffffff 0%, #f5f5f5 100%);background-image: linear-gradient(to bottom, #ffffff 0%, #f5f5f5 100%);background-repeat: repeat-x;filter: progid:DXImageTransform.Microsoft.gradient(startColorstr=\'#ffffffff\', endColorstr=\'#fff5f5f5\', GradientType=0);\">\r\n                <h2 style=\"font-size: 14px;margin: 2px 0;\">Leave Credits as of</h2>\r\n            </div>\r\n\r\n            <table cellspacing=\"0\" style=\"width: 100%;margin-bottom:max-width: 100%;background-color: transparent;border-collapse: collapse;border-spacing: 0; font-size: 13px;\">\r\n                <thead>\r\n                    <tr>\r\n                        <th style=\"text-align:left;padding: 8px;vertical-align: top;background-image: -webkit-gradient(linear, left 0%, left 100%, from(#ffffff), to(#f8f8f8));background-image: -webkit-linear-gradient(top, #ffffff, 0%, #f8f8f8, 100%);background-image: -moz-linear-gradient(top, #ffffff 0%, #f8f8f8 100%);background-image: linear-gradient(to bottom, #ffffff 0%, #f8f8f8 100%);background-repeat: repeat-x;filter: progid:DXImageTransform.Microsoft.gradient(startColorstr=\'#ffffffff\', endColorstr=\'#fff8f8f8\', GradientType=0);color: #777777;text-shadow: 0 1px 0 #fff, 0 0 0 #000;font-size: 90%;padding-top: 10px;padding-bottom: 10px;width: 25%\">&nbsp;</th>\r\n                        <th style=\"text-align:left;padding: 8px;vertical-align: top;background-image: -webkit-gradient(linear, left 0%, left 100%, from(#ffffff), to(#f8f8f8));background-image: -webkit-linear-gradient(top, #ffffff, 0%, #f8f8f8, 100%);background-image: -moz-linear-gradient(top, #ffffff 0%, #f8f8f8 100%);background-image: linear-gradient(to bottom, #ffffff 0%, #f8f8f8 100%);background-repeat: repeat-x;filter: progid:DXImageTransform.Microsoft.gradient(startColorstr=\'#ffffffff\', endColorstr=\'#fff8f8f8\', GradientType=0);color: #777777;text-shadow: 0 1px 0 #fff, 0 0 0 #000;font-size: 90%;padding-top: 4px;padding-bottom: 4px;width: 15%\">Previous<br>Year (if any)</th>\r\n                        <th style=\"text-align:left;padding: 8px;vertical-align: top;background-image: -webkit-gradient(linear, left 0%, left 100%, from(#ffffff), to(#f8f8f8));background-image: -webkit-linear-gradient(top, #ffffff, 0%, #f8f8f8, 100%);background-image: -moz-linear-gradient(top, #ffffff 0%, #f8f8f8 100%);background-image: linear-gradient(to bottom, #ffffff 0%, #f8f8f8 100%);background-repeat: repeat-x;filter: progid:DXImageTransform.Microsoft.gradient(startColorstr=\'#ffffffff\', endColorstr=\'#fff8f8f8\', GradientType=0);color: #777777;text-shadow: 0 1px 0 #fff, 0 0 0 #000;font-size: 90%;padding-top: 4px;padding-bottom: 4px;white-space:nowrap;width: 15%\">Earned<br>this Year</th>\r\n                        <th style=\"text-align:left;padding: 8px;vertical-align: top;background-image: -webkit-gradient(linear, left 0%, left 100%, from(#ffffff), to(#f8f8f8));background-image: -webkit-linear-gradient(top, #ffffff, 0%, #f8f8f8, 100%);background-image: -moz-linear-gradient(top, #ffffff 0%, #f8f8f8 100%);background-image: linear-gradient(to bottom, #ffffff 0%, #f8f8f8 100%);background-repeat: repeat-x;filter: progid:DXImageTransform.Microsoft.gradient(startColorstr=\'#ffffffff\', endColorstr=\'#fff8f8f8\', GradientType=0);color: #777777;text-shadow: 0 1px 0 #fff, 0 0 0 #000;font-size: 90%;padding-top: 4px;padding-bottom: 4px;white-space:nowrap;width: 15%\">Used</th>\r\n                        <th style=\"text-align:left;padding: 8px;vertical-align: top;background-image: -webkit-gradient(linear, left 0%, left 100%, from(#ffffff), to(#f8f8f8));background-image: -webkit-linear-gradient(top, #ffffff, 0%, #f8f8f8, 100%);background-image: -moz-linear-gradient(top, #ffffff 0%, #f8f8f8 100%);background-image: linear-gradient(to bottom, #ffffff 0%, #f8f8f8 100%);background-repeat: repeat-x;filter: progid:DXImageTransform.Microsoft.gradient(startColorstr=\'#ffffffff\', endColorstr=\'#fff8f8f8\', GradientType=0);color: #777777;text-shadow: 0 1px 0 #fff, 0 0 0 #000;font-size: 90%;padding-top: 4px;padding-bottom: 4px;white-space:nowrap;width: 15%\">Balance</th>\r\n                        <th style=\"text-align:left;padding: 8px;vertical-align: top;background-image: -webkit-gradient(linear, left 0%, left 100%, from(#ffffff), to(#f8f8f8));background-image: -webkit-linear-gradient(top, #ffffff, 0%, #f8f8f8, 100%);background-image: -moz-linear-gradient(top, #ffffff 0%, #f8f8f8 100%);background-image: linear-gradient(to bottom, #ffffff 0%, #f8f8f8 100%);background-repeat: repeat-x;filter: progid:DXImageTransform.Microsoft.gradient(startColorstr=\'#ffffffff\', endColorstr=\'#fff8f8f8\', GradientType=0);color: #777777;text-shadow: 0 1px 0 #fff, 0 0 0 #000;font-size: 90%;padding-top: 4px;padding-bottom: 4px;white-space:nowrap;width: 15%\">Pending</th>\r\n                    </tr>\r\n                </thead>\r\n                <tbody>\r\n                    {{table_body}}\r\n                </tbody>\r\n            </table>\r\n        </div>\r\n\r\n        <br />\r\n\r\n    </div>\r\n\r\n\r\n    <p>\r\n        Best regards,\r\n        <br>\r\n        {{system_title}}\r\n    </p>\r\n\r\n    <p>\r\n        This is a system generated message. Please do not reply as your email may not be read.\r\n        <br>\r\n        Powered by <a style=\"color:#4d90fe;\" target=\"_blank\" href=\"http://www.hdisystech.com\">HDI System Technologies, Inc.</a>\r\n    </p>\r\n</div>\r\n</body>\r\n</html>',NULL,0),(15,0,'CWS','Change Work Schedule','Change Work Schedule Notification','<html><head><meta charset=\"utf-8\"></head>\r\n<body style=\"background-color:#F9F9F9;padding-top: 18px;\">\r\n<div style=\"width: 90%; font-family: \'Helvetica Neue\', Helvetica, Arial, sans-serif; font-size: 13px; font-weight: normal; line-height: 18px; color: #333; margin: 0 auto; background-color: #fff;border: 1px solid #DDD; border-radius: 4px; padding: 15px;\">\r\n    <p style=\"margin:0 0 30px 0;\"><img height=\"50px\" src=\"{{system_logo}}\" alt=\"Please enable images to load system logo\" title=\"Please enable images\"></p>\r\n\r\n    <h3>Dear {{alias}},</h3>\r\n\r\n    <div style=\"margin-right: 10%;\">\r\n        <p>\r\n            We would like to inform you that <strong>{{form}}</strong> filed by <strong>{{fullname}}</strong> is waiting for your action. In order for this file to be processed in the salary, kindly approve it on or before our cutoff.\r\n        </p>\r\n\r\n        <p>\r\n            <span>Filed on : {{createdon}}<br></span>\r\n            <span>Current Work Schedule : {{current_shift}}<br></span>\r\n            <span>New Work Schedule : {{new_shift}}<br></span>\r\n            <span>Inclusive Date : <strong>{{inclusive}}</strong><br></span>\r\n            <span>Reason : {{reason}}<br></span>\r\n        </p>\r\n\r\n        <p>\r\n            To review this application, you may <a href=\"{{system_route}}\" target=\"_blank\">click here</a>. If approval has made after, please note that adjustments, if any, will be made on the next salary period.\r\n        </p>\r\n\r\n        <br />\r\n\r\n    </div>\r\n\r\n\r\n    <p>\r\n        Best regards,\r\n        <br>\r\n        {{system_title}}\r\n    </p>\r\n\r\n    <p>\r\n        This is a system generated message. Please do not reply as your email may not be read.\r\n        <br>\r\n        Powered by <a style=\"color:#4d90fe;\" target=\"_blank\" href=\"http://www.hdisystech.com\">HDI System Technologies, Inc.</a>\r\n    </p>\r\n</div>\r\n</body>\r\n</html>',NULL,0),(16,0,'SLW','Special Leave for Women','Special Leave for Women Notification','<html><head><meta charset=\"utf-8\"></head>\r\n<body style=\"background-color:#F9F9F9;padding-top: 18px;\">\r\n<div style=\"width: 90%; font-family: \'Helvetica Neue\', Helvetica, Arial, sans-serif; font-size: 13px; font-weight: normal; line-height: 18px; color: #333; margin: 0 auto; background-color: #fff;border: 1px solid #DDD; border-radius: 4px; padding: 15px;\">\r\n    <p style=\"margin:0 0 30px 0;\"><img height=\"50px\" src=\"{{system_logo}}\" alt=\"Please enable images to load system logo\" title=\"Please enable images\"></p>\r\n\r\n    <h3>Dear {{alias}},</h3>\r\n\r\n    <div style=\"margin-right: 10%;\">\r\n        <p>\r\n            We would like to inform you that <strong>{{form}}</strong> filed by <strong>{{fullname}}</strong> is waiting for your action. In order for this file to be processed in the salary, kindly approve it on or before our cutoff.\r\n        </p>\r\n\r\n        <p>\r\n            <span>Filed on : {{createdon}}<br></span>\r\n            <span>Duration : {{days}}<br></span>\r\n            <span>Inclusive Date : <strong>{{inclusive}}</strong><br></span>\r\n            <span>Reason : {{reason}}<br></span>\r\n        </p>\r\n\r\n        <p>\r\n            To review this application, you may <a href=\"{{system_route}}\" target=\"_blank\">click here</a>. If approval has made after, please note that adjustments, if any, will be made on the next salary period.\r\n        </p>\r\n\r\n        <div style=\"clear: both;-webkit-box-shadow: 0 1px 2px rgba(0, 0, 0, 0.05);box-shadow: 0 1px 2px rgba(0, 0, 0, 0.05);margin-bottom: 20px;background-color: #ffffff;border: 1px solid #dddddd;border-radius: 4px;\">\r\n            <div style=\"color: #777777;background-color: #f5f5f5;text-shadow: 0 1px 0 #fff;padding: 10px 10px;border-bottom: 1px solid #dddddd;border-top-right-radius: 3px;border-top-left-radius: 3px;background-image: -webkit-gradient(linear, left 0%, left 100%, from(#ffffff), to(#f5f5f5));background-image: -webkit-linear-gradient(top, #ffffff, 0%, #f5f5f5, 100%);background-image: -moz-linear-gradient(top, #ffffff 0%, #f5f5f5 100%);background-image: linear-gradient(to bottom, #ffffff 0%, #f5f5f5 100%);background-repeat: repeat-x;filter: progid:DXImageTransform.Microsoft.gradient(startColorstr=\'#ffffffff\', endColorstr=\'#fff5f5f5\', GradientType=0);\">\r\n                <h2 style=\"font-size: 14px;margin: 2px 0;\">Leave Credits as of</h2>\r\n            </div>\r\n\r\n            <table cellspacing=\"0\" style=\"width: 100%;margin-bottom:max-width: 100%;background-color: transparent;border-collapse: collapse;border-spacing: 0; font-size: 13px;\">\r\n                <thead>\r\n                    <tr>\r\n                        <th style=\"text-align:left;padding: 8px;vertical-align: top;background-image: -webkit-gradient(linear, left 0%, left 100%, from(#ffffff), to(#f8f8f8));background-image: -webkit-linear-gradient(top, #ffffff, 0%, #f8f8f8, 100%);background-image: -moz-linear-gradient(top, #ffffff 0%, #f8f8f8 100%);background-image: linear-gradient(to bottom, #ffffff 0%, #f8f8f8 100%);background-repeat: repeat-x;filter: progid:DXImageTransform.Microsoft.gradient(startColorstr=\'#ffffffff\', endColorstr=\'#fff8f8f8\', GradientType=0);color: #777777;text-shadow: 0 1px 0 #fff, 0 0 0 #000;font-size: 90%;padding-top: 10px;padding-bottom: 10px;width: 25%\">&nbsp;</th>\r\n                        <th style=\"text-align:left;padding: 8px;vertical-align: top;background-image: -webkit-gradient(linear, left 0%, left 100%, from(#ffffff), to(#f8f8f8));background-image: -webkit-linear-gradient(top, #ffffff, 0%, #f8f8f8, 100%);background-image: -moz-linear-gradient(top, #ffffff 0%, #f8f8f8 100%);background-image: linear-gradient(to bottom, #ffffff 0%, #f8f8f8 100%);background-repeat: repeat-x;filter: progid:DXImageTransform.Microsoft.gradient(startColorstr=\'#ffffffff\', endColorstr=\'#fff8f8f8\', GradientType=0);color: #777777;text-shadow: 0 1px 0 #fff, 0 0 0 #000;font-size: 90%;padding-top: 4px;padding-bottom: 4px;width: 15%\">Previous<br>Year (if any)</th>\r\n                        <th style=\"text-align:left;padding: 8px;vertical-align: top;background-image: -webkit-gradient(linear, left 0%, left 100%, from(#ffffff), to(#f8f8f8));background-image: -webkit-linear-gradient(top, #ffffff, 0%, #f8f8f8, 100%);background-image: -moz-linear-gradient(top, #ffffff 0%, #f8f8f8 100%);background-image: linear-gradient(to bottom, #ffffff 0%, #f8f8f8 100%);background-repeat: repeat-x;filter: progid:DXImageTransform.Microsoft.gradient(startColorstr=\'#ffffffff\', endColorstr=\'#fff8f8f8\', GradientType=0);color: #777777;text-shadow: 0 1px 0 #fff, 0 0 0 #000;font-size: 90%;padding-top: 4px;padding-bottom: 4px;white-space:nowrap;width: 15%\">Earned<br>this Year</th>\r\n                        <th style=\"text-align:left;padding: 8px;vertical-align: top;background-image: -webkit-gradient(linear, left 0%, left 100%, from(#ffffff), to(#f8f8f8));background-image: -webkit-linear-gradient(top, #ffffff, 0%, #f8f8f8, 100%);background-image: -moz-linear-gradient(top, #ffffff 0%, #f8f8f8 100%);background-image: linear-gradient(to bottom, #ffffff 0%, #f8f8f8 100%);background-repeat: repeat-x;filter: progid:DXImageTransform.Microsoft.gradient(startColorstr=\'#ffffffff\', endColorstr=\'#fff8f8f8\', GradientType=0);color: #777777;text-shadow: 0 1px 0 #fff, 0 0 0 #000;font-size: 90%;padding-top: 4px;padding-bottom: 4px;white-space:nowrap;width: 15%\">Used</th>\r\n                        <th style=\"text-align:left;padding: 8px;vertical-align: top;background-image: -webkit-gradient(linear, left 0%, left 100%, from(#ffffff), to(#f8f8f8));background-image: -webkit-linear-gradient(top, #ffffff, 0%, #f8f8f8, 100%);background-image: -moz-linear-gradient(top, #ffffff 0%, #f8f8f8 100%);background-image: linear-gradient(to bottom, #ffffff 0%, #f8f8f8 100%);background-repeat: repeat-x;filter: progid:DXImageTransform.Microsoft.gradient(startColorstr=\'#ffffffff\', endColorstr=\'#fff8f8f8\', GradientType=0);color: #777777;text-shadow: 0 1px 0 #fff, 0 0 0 #000;font-size: 90%;padding-top: 4px;padding-bottom: 4px;white-space:nowrap;width: 15%\">Balance</th>\r\n                        <th style=\"text-align:left;padding: 8px;vertical-align: top;background-image: -webkit-gradient(linear, left 0%, left 100%, from(#ffffff), to(#f8f8f8));background-image: -webkit-linear-gradient(top, #ffffff, 0%, #f8f8f8, 100%);background-image: -moz-linear-gradient(top, #ffffff 0%, #f8f8f8 100%);background-image: linear-gradient(to bottom, #ffffff 0%, #f8f8f8 100%);background-repeat: repeat-x;filter: progid:DXImageTransform.Microsoft.gradient(startColorstr=\'#ffffffff\', endColorstr=\'#fff8f8f8\', GradientType=0);color: #777777;text-shadow: 0 1px 0 #fff, 0 0 0 #000;font-size: 90%;padding-top: 4px;padding-bottom: 4px;white-space:nowrap;width: 15%\">Pending</th>\r\n                    </tr>\r\n                </thead>\r\n                <tbody>\r\n                    {{table_body}}\r\n                </tbody>\r\n            </table>\r\n        </div>\r\n\r\n        <br />\r\n\r\n    </div>\r\n\r\n\r\n    <p>\r\n        Best regards,\r\n        <br>\r\n        {{system_title}}\r\n    </p>\r\n\r\n    <p>\r\n        This is a system generated message. Please do not reply as your email may not be read.\r\n        <br>\r\n        Powered by <a style=\"color:#4d90fe;\" target=\"_blank\" href=\"http://www.hdisystech.com\">HDI System Technologies, Inc.</a>\r\n    </p>\r\n</div>\r\n</body>\r\n</html>',NULL,0),(17,0,'ET','Excused Tardiness','Excused Tardiness Notification','<html><head><meta charset=\"utf-8\"></head>\r\n<body style=\"background-color:#F9F9F9;padding-top: 18px;\">\r\n<div style=\"width: 90%; font-family: \'Helvetica Neue\', Helvetica, Arial, sans-serif; font-size: 13px; font-weight: normal; line-height: 18px; color: #333; margin: 0 auto; background-color: #fff;border: 1px solid #DDD; border-radius: 4px; padding: 15px;\">\r\n    <p style=\"margin:0 0 30px 0;\"><img height=\"50px\" src=\"{{system_logo}}\" alt=\"Please enable images to load system logo\" title=\"Please enable images\"></p>\r\n\r\n    <h3>Dear {{alias}},</h3>\r\n\r\n    <div style=\"margin-right: 10%;\">\r\n        <p>\r\n            We would like to inform you that <strong>{{form}}</strong> filed by <strong>{{fullname}}</strong> is waiting for your action. In order for this file to be processed in the salary, kindly approve it on or before our cutoff.\r\n        </p>\r\n\r\n        <p>\r\n            <span>Filed on : {{createdon}}<br></span>\r\n            <span>Duration : {{days}}<br></span>\r\n            <span>Inclusive Date : <strong>{{inclusive}}</strong><br></span>\r\n            <span>Reason : {{reason}}<br></span>\r\n        </p>\r\n\r\n        <p>\r\n            To review this application, you may <a href=\"{{system_route}}\" target=\"_blank\">click here</a>. If approval has made after, please note that adjustments, if any, will be made on the next salary period.\r\n        </p>\r\n\r\n        <br />\r\n\r\n    </div>\r\n\r\n\r\n    <p>\r\n        Best regards,\r\n        <br>\r\n        {{system_title}}\r\n    </p>\r\n\r\n    <p>\r\n        This is a system generated message. Please do not reply as your email may not be read.\r\n        <br>\r\n        Powered by <a style=\"color:#4d90fe;\" target=\"_blank\" href=\"http://www.hdisystech.com\">HDI System Technologies, Inc.</a>\r\n    </p>\r\n</div>\r\n</body>\r\n</html>',NULL,0),(18,73,'MEMO','Memorandum','News and Updates','<html><head><meta charset=\"utf-8\"></head>\r\n<body style=\"background-color:#F9F9F9;padding-top: 18px;\">\r\n<div style=\"width: 580px; font-family: \'Helvetica Neue\', Helvetica, Arial, sans-serif; font-size: 13px; font-weight: normal; line-height: 18px; color: #333; margin: 0 auto; background-color: #fff;border: 1px solid #DDD; border-radius: 4px; padding: 15px;\">\r\n    <p style=\"margin:0 0 30px 0;\"><img height=\"50px\" src=\"{{system_url}}/uploads/system/print/workwise_stacked_black_720w.png\" alt=\"Please enable images to load system logo\" title=\"Please enable images\"></p>\r\n\r\n    <h2>{{memo_title}}</h2>\r\n\r\n    <div style=\"color: #dddddd;font-size: 13px;\">\r\n        <p>\r\n            {{memo_created}}\r\n        </p>\r\n    </div>\r\n\r\n    <div style=\"text-align:center\">\r\n        <p>\r\n            {{memo_attachment}}\r\n        </p>\r\n    </div>\r\n\r\n    <div style=\"font-size: 13px;line-height:150%;margin-bottom: 50px\">\r\n        <p>\r\n            {{memo_body}}\r\n        </p>\r\n\r\n    </div>\r\n\r\n    <div style=\"text-align:center\">\r\n        <p style=\"margin-top: 0;\">\r\n            <a target=\"_blank\" href=\"{{system_route}}\" style=\"width:200px;padding: 10px 0;font-size: 18px;line-height: 1.33;border-radius: 6px;display: inline-block;margin-bottom: 0;font-weight: normal;text-align: center;vertical-align: middle;cursor: pointer;border: 1px solid transparent;border-radius: 4px;white-space: nowrap;-webkit-user-select: none;-moz-user-select: none;-ms-user-select: none;-o-user-select: none;user-select: none;color: #ffffff;background-color: #4d90fe;border-color: #4d90fe;text-shadow: 0 -1px 0 rgba(0, 0, 0, 0.2);-webkit-box-shadow: inset 0 1px 0 rgba(255, 255, 255, 0.15), 0 1px 1px rgba(0, 0, 0, 0.075);box-shadow: inset 0 1px 0 rgba(255, 255, 255, 0.15), 0 1px 1px rgba(0, 0, 0, 0.075);background-image: -webkit-gradient(linear, left 0%, left 100%, from(#4d90fe), to(#4d90fe));background-image: -webkit-linear-gradient(top, #4d90fe, 0%, #4d90fe, 100%);background-image: -moz-linear-gradient(top, #4d90fe 0%, #4d90fe 100%);background-image: linear-gradient(to bottom, #4d90fe 0%, #4d90fe 100%);background-repeat: repeat-x; filter: progid:DXImageTransform.Microsoft.gradient(startColorstr=\'#4d90fe\', endColorstr=\'#4d90fe\', GradientType=0);text-decoration:none;\">View Dashboard</a>\r\n        </p>\r\n    </div>\r\n\r\n    <div style=\"font-size: 11px;text-align:center;background-color: #f9f9f9;padding: 5px;\">\r\n        <p>\r\n            This is a system generated message. Powered by <a style=\"color:#4d90fe;\" href=\"http://www.hdisystech.com\">HDI System Technologies, Inc.</a>\r\n        </p>\r\n    </div>\r\n\r\n</div>\r\n</body>\r\n</html>\r\n',NULL,0),(19,0,'SMS-TIME-REMINDER','-','-','WORKWISE: Hello {{alias}}, this is to remind you that {{particular}} was marked on your {{date}} attendance. PleaseDoNotReply.',NULL,0),(20,0,'SMS-BDAY-REMINDER','Birthday Reminder','Birthday Reminder','You are special and I hope that you float through the day with a big smile on your face. Happy Birthday {{alias}} from {{application_title}}! PleaseDoNotReply.',NULL,0),(21,0,'TIME-PERIOD-REMINDER','Period Notification','Timekeeping Period Creation','<html><head><meta charset=\"utf-8\"></head>\r\n<body style=\"background-color:#F9F9F9;padding-top: 18px;\">\r\n<div style=\"width: 90%; font-family: \'Helvetica Neue\', Helvetica, Arial, sans-serif; font-size: 13px; font-weight: normal; line-height: 18px; color: #333; margin: 0 auto; background-color: #fff;border: 1px solid #DDD; border-radius: 4px; padding: 15px;\">\r\n    <p style=\"margin:0 0 30px 0;\"><img height=\"50px\" src=\"{{system_url}}/uploads/system/print/workwise_stacked_black_720w.png\" alt=\"Please enable images to load system logo\" title=\"Please enable images\"></p>\r\n\r\n    <h3>Dear Rosie,</h3>\r\n\r\n    <div style=\"margin-right: 10%;\">\r\n        <p>\r\n            Good day! Period coverage for Time Record Processing is currently not created in {{system_title}}. Kindly facilitate.</p>\r\n        </p>\r\n\r\n        <p>To create one, kindly click on this <a style=\"color:#4d90fe;\" target=\"_blank\" href=\"{{link}}\">link</a>.</p>\r\n\r\n        <p>Thank you in advance.</p>\r\n\r\n        <br />\r\n\r\n        <p>Best regards,<br>HDI Workwise</p>\r\n\r\n        <p>\r\n           This is a system generated message. Please do not reply as your email may not be read.\r\n           <br>\r\n           Powered by <a style=\"color:#4d90fe;\" target=\"_blank\" href=\"http://www.hdisystech.com\">HDI System Technologies, Inc.</a>\r\n        </p>\r\n\r\n    </div>\r\n\r\n</div>\r\n</body>\r\n</html>',NULL,0),(22,0,'TIME-FORMS-REMINDER','Pending For Approval Notificatio','Pending For Approval','<html><head><meta charset=\"utf-8\"></head>\r\n<body style=\"background-color:#F9F9F9;padding-top: 18px;\">\r\n<div style=\"width: 90%; font-family: \'Helvetica Neue\', Helvetica, Arial, sans-serif; font-size: 13px; font-weight: normal; line-height: 18px; color: #333; margin: 0 auto; background-color: #fff;border: 1px solid #DDD; border-radius: 4px; padding: 15px;\">\r\n    <p style=\"margin:0 0 30px 0;\"><img height=\"50px\" src=\"{{system_url}}/uploads/system/print/workwise_stacked_black_720w.png\" alt=\"Please enable images to load system logo\" title=\"Please enable images\"></p>\r\n\r\n    <h3>Good day!</h3>\r\n\r\n    <div style=\"text-align:right;float:right;width: 250px;\">\r\n        <p style=\"margin-top: 0;\">\r\n            <a href=\"{{system_route}}\" style=\"width:200px;padding: 10px 0;font-size: 18px;line-height: 1.33;border-radius: 6px;display: inline-block;margin-bottom: 0;font-weight: normal;text-align: center;vertical-align: middle;cursor: pointer;border: 1px solid transparent;border-radius: 4px;white-space: nowrap;-webkit-user-select: none;-moz-user-select: none;-ms-user-select: none;-o-user-select: none;user-select: none;color: #ffffff;background-color: #4d90fe;border-color: #4d90fe;text-shadow: 0 -1px 0 rgba(0, 0, 0, 0.2);-webkit-box-shadow: inset 0 1px 0 rgba(255, 255, 255, 0.15), 0 1px 1px rgba(0, 0, 0, 0.075);box-shadow: inset 0 1px 0 rgba(255, 255, 255, 0.15), 0 1px 1px rgba(0, 0, 0, 0.075);background-image: -webkit-gradient(linear, left 0%, left 100%, from(#4d90fe), to(#4d90fe));background-image: -webkit-linear-gradient(top, #4d90fe, 0%, #4d90fe, 100%);background-image: -moz-linear-gradient(top, #4d90fe 0%, #4d90fe 100%);background-image: linear-gradient(to bottom, #4d90fe 0%, #4d90fe 100%);background-repeat: repeat-x; filter: progid:DXImageTransform.Microsoft.gradient(startColorstr=\'#4d90fe\', endColorstr=\'#4d90fe\', GradientType=0);text-decoration:none;\">Login</a>\r\n        </p>\r\n    </div>\r\n\r\n    <div style=\"margin-right: 10%;\">\r\n        <p>\r\n            We are just informing you that there are applications that needs your approval. Please <strong>login</strong> and do the necessary action to the applications on or before the period cut-off.\r\n        </p>\r\n\r\n        <br />\r\n\r\n    </div>\r\n\r\n    <div style=\"clear: both;-webkit-box-shadow: 0 1px 2px rgba(0, 0, 0, 0.05);box-shadow: 0 1px 2px rgba(0, 0, 0, 0.05);margin-bottom: 20px;background-color: #ffffff;border: 1px solid #dddddd;border-radius: 4px;\">\r\n        <div style=\"color: #777777;background-color: #f5f5f5;text-shadow: 0 1px 0 #fff;padding: 10px 10px;border-bottom: 1px solid #dddddd;border-top-right-radius: 3px;border-top-left-radius: 3px;background-image: -webkit-gradient(linear, left 0%, left 100%, from(#ffffff), to(#f5f5f5));background-image: -webkit-linear-gradient(top, #ffffff, 0%, #f5f5f5, 100%);background-image: -moz-linear-gradient(top, #ffffff 0%, #f5f5f5 100%);background-image: linear-gradient(to bottom, #ffffff 0%, #f5f5f5 100%);background-repeat: repeat-x;filter: progid:DXImageTransform.Microsoft.gradient(startColorstr=\'#ffffffff\', endColorstr=\'#fff5f5f5\', GradientType=0);\">\r\n            <h2 style=\"font-size: 14px;margin: 2px 0;\">List of applications for approval</h2>\r\n        </div>\r\n\r\n        <table cellspacing=\"0\" style=\"width: 100%;margin-bottom:max-width: 100%;background-color: transparent;border-collapse: collapse;border-spacing: 0; font-size: 13px;\">\r\n            <thead>\r\n                <tr>\r\n                    <th style=\"text-align:left;padding: 8px;vertical-align: top;background-image: -webkit-gradient(linear, left 0%, left 100%, from(#ffffff), to(#f8f8f8));background-image: -webkit-linear-gradient(top, #ffffff, 0%, #f8f8f8, 100%);background-image: -moz-linear-gradient(top, #ffffff 0%, #f8f8f8 100%);background-image: linear-gradient(to bottom, #ffffff 0%, #f8f8f8 100%);background-repeat: repeat-x;filter: progid:DXImageTransform.Microsoft.gradient(startColorstr=\'#ffffffff\', endColorstr=\'#fff8f8f8\', GradientType=0);color: #777777;text-shadow: 0 1px 0 #fff, 0 0 0 #000;font-size: 90%;padding-top: 10px;padding-bottom: 10px;width: 15%\">Period</th>\r\n                    <th style=\"text-align:left;padding: 8px;vertical-align: top;background-image: -webkit-gradient(linear, left 0%, left 100%, from(#ffffff), to(#f8f8f8));background-image: -webkit-linear-gradient(top, #ffffff, 0%, #f8f8f8, 100%);background-image: -moz-linear-gradient(top, #ffffff 0%, #f8f8f8 100%);background-image: linear-gradient(to bottom, #ffffff 0%, #f8f8f8 100%);background-repeat: repeat-x;filter: progid:DXImageTransform.Microsoft.gradient(startColorstr=\'#ffffffff\', endColorstr=\'#fff8f8f8\', GradientType=0);color: #777777;text-shadow: 0 1px 0 #fff, 0 0 0 #000;font-size: 90%;padding-top: 4px;padding-bottom: 4px;width: 15%\">Form</th>\r\n                    <th style=\"text-align:left;padding: 8px;vertical-align: top;background-image: -webkit-gradient(linear, left 0%, left 100%, from(#ffffff), to(#f8f8f8));background-image: -webkit-linear-gradient(top, #ffffff, 0%, #f8f8f8, 100%);background-image: -moz-linear-gradient(top, #ffffff 0%, #f8f8f8 100%);background-image: linear-gradient(to bottom, #ffffff 0%, #f8f8f8 100%);background-repeat: repeat-x;filter: progid:DXImageTransform.Microsoft.gradient(startColorstr=\'#ffffffff\', endColorstr=\'#fff8f8f8\', GradientType=0);color: #777777;text-shadow: 0 1px 0 #fff, 0 0 0 #000;font-size: 90%;padding-top: 4px;padding-bottom: 4px;white-space:nowrap;width: 20%\">Name</th>\r\n                    <th style=\"text-align:left;padding: 8px;vertical-align: top;background-image: -webkit-gradient(linear, left 0%, left 100%, from(#ffffff), to(#f8f8f8));background-image: -webkit-linear-gradient(top, #ffffff, 0%, #f8f8f8, 100%);background-image: -moz-linear-gradient(top, #ffffff 0%, #f8f8f8 100%);background-image: linear-gradient(to bottom, #ffffff 0%, #f8f8f8 100%);background-repeat: repeat-x;filter: progid:DXImageTransform.Microsoft.gradient(startColorstr=\'#ffffffff\', endColorstr=\'#fff8f8f8\', GradientType=0);color: #777777;text-shadow: 0 1px 0 #fff, 0 0 0 #000;font-size: 90%;padding-top: 4px;padding-bottom: 4px;white-space:nowrap;width: 15%\">Created</th>\r\n                    <th style=\"text-align:left;padding: 8px;vertical-align: top;background-image: -webkit-gradient(linear, left 0%, left 100%, from(#ffffff), to(#f8f8f8));background-image: -webkit-linear-gradient(top, #ffffff, 0%, #f8f8f8, 100%);background-image: -moz-linear-gradient(top, #ffffff 0%, #f8f8f8 100%);background-image: linear-gradient(to bottom, #ffffff 0%, #f8f8f8 100%);background-repeat: repeat-x;filter: progid:DXImageTransform.Microsoft.gradient(startColorstr=\'#ffffffff\', endColorstr=\'#fff8f8f8\', GradientType=0);color: #777777;text-shadow: 0 1px 0 #fff, 0 0 0 #000;font-size: 90%;padding-top: 4px;padding-bottom: 4px;white-space:nowrap;\">Reason</th>\r\n                </tr>\r\n            </thead>\r\n            <tbody>\r\n                {{table_body}}\r\n            </tbody>\r\n            </table>\r\n    </div>\r\n\r\n    <br />\r\n\r\n    <p>Kindly disregard this message if action has been made. To review the applications just <a style=\"color:#4d90fe;\" href=\"{{system_route}}\">click here</a> to login. </p>\r\n\r\n    <p>\r\n        Best regards,\r\n        <br>\r\n        {{system_title}}</p>\r\n\r\n    <p>\r\n        This is a system generated message.\r\n        <br>\r\n        Powered by <a style=\"color:#4d90fe;\" href=\"http://www.hdisystech.com\">HDI System Technologies, Inc.</a>\r\n    </p>\r\n</div>\r\n</body>\r\n</html>\r\n',NULL,0),(23,0,'SMS-WELCOME','-','-','Welcome {{alias}}, you can now receive SMS notifications from {{application_title}}! PleaseDoNotReply.',NULL,0),(24,0,'TIME-RECORD-REMINDER','Time Record Notification','Time Record Reminder','<html><head><meta charset=\"utf-8\"></head>\r\n<body style=\"background-color:#F9F9F9;padding-top: 18px;\">\r\n<div style=\"width: 90%; font-family: \'Helvetica Neue\', Helvetica, Arial, sans-serif; font-size: 13px; font-weight: normal; line-height: 18px; color: #333; margin: 0 auto; background-color: #fff;border: 1px solid #DDD; border-radius: 4px; padding: 15px;\">\r\n    <p style=\"margin:0 0 30px 0;\"><img height=\"50px\" src=\"{{system_url}}/uploads/system/print/workwise_stacked_black_720w.png\" alt=\"Please enable images to load system logo\" title=\"Please enable images\"></p>\r\n\r\n    <h3>Dear <strong>{{alias}}</strong>,</h3>\r\n\r\n    <div style=\"text-align:right;float:right;width: 250px;\">\r\n        <p style=\"margin-top: 0;\">\r\n            <a href=\"{{system_route}}\" style=\"width:200px;padding: 10px 0;font-size: 18px;line-height: 1.33;border-radius: 6px;display: inline-block;margin-bottom: 0;font-weight: normal;text-align: center;vertical-align: middle;cursor: pointer;border: 1px solid transparent;border-radius: 4px;white-space: nowrap;-webkit-user-select: none;-moz-user-select: none;-ms-user-select: none;-o-user-select: none;user-select: none;color: #ffffff;background-color: #4d90fe;border-color: #4d90fe;text-shadow: 0 -1px 0 rgba(0, 0, 0, 0.2);-webkit-box-shadow: inset 0 1px 0 rgba(255, 255, 255, 0.15), 0 1px 1px rgba(0, 0, 0, 0.075);box-shadow: inset 0 1px 0 rgba(255, 255, 255, 0.15), 0 1px 1px rgba(0, 0, 0, 0.075);background-image: -webkit-gradient(linear, left 0%, left 100%, from(#4d90fe), to(#4d90fe));background-image: -webkit-linear-gradient(top, #4d90fe, 0%, #4d90fe, 100%);background-image: -moz-linear-gradient(top, #4d90fe 0%, #4d90fe 100%);background-image: linear-gradient(to bottom, #4d90fe 0%, #4d90fe 100%);background-repeat: repeat-x; filter: progid:DXImageTransform.Microsoft.gradient(startColorstr=\'#4d90fe\', endColorstr=\'#4d90fe\', GradientType=0);text-decoration:none;\">Login</a>\r\n        </p>\r\n    </div>\r\n\r\n    <div style=\"margin-right: 10%;\">\r\n        <p>\r\n            We are just informing you that a possible incomplete attendance might affect your time records. Please <strong>login</strong> and review your time records on or before the cut-off which falls on <strong>{{cutoff}}</strong>.\r\n        </p>\r\n\r\n        <p>Pay Date: <strong>{{payrolldate}}</strong></p>\r\n        <br />\r\n    </div>\r\n\r\n    <div style=\"clear: both;-webkit-box-shadow: 0 1px 2px rgba(0, 0, 0, 0.05);box-shadow: 0 1px 2px rgba(0, 0, 0, 0.05);margin-bottom: 20px;background-color: #ffffff;border: 1px solid #dddddd;border-radius: 4px;\">\r\n        <div style=\"color: #777777;background-color: #f5f5f5;text-shadow: 0 1px 0 #fff;padding: 10px 10px;border-bottom: 1px solid #dddddd;border-top-right-radius: 3px;border-top-left-radius: 3px;background-image: -webkit-gradient(linear, left 0%, left 100%, from(#ffffff), to(#f5f5f5));background-image: -webkit-linear-gradient(top, #ffffff, 0%, #f5f5f5, 100%);background-image: -moz-linear-gradient(top, #ffffff 0%, #f5f5f5 100%);background-image: linear-gradient(to bottom, #ffffff 0%, #f5f5f5 100%);background-repeat: repeat-x;filter: progid:DXImageTransform.Microsoft.gradient(startColorstr=\'#ffffffff\', endColorstr=\'#fff5f5f5\', GradientType=0);\">\r\n            <h2 style=\"font-size: 14px;margin: 2px 0;\">Time Records</h2>\r\n        </div>\r\n\r\n        <table cellspacing=\"0\" style=\"width: 100%;margin-bottom:max-width: 100%;background-color: transparent;border-collapse: collapse;border-spacing: 0; font-size: 13px;\">\r\n            <thead>\r\n                <tr>\r\n                    <th style=\"text-align:left;padding: 8px;vertical-align: top;background-image: -webkit-gradient(linear, left 0%, left 100%, from(#ffffff), to(#f8f8f8));background-image: -webkit-linear-gradient(top, #ffffff, 0%, #f8f8f8, 100%);background-image: -moz-linear-gradient(top, #ffffff 0%, #f8f8f8 100%);background-image: linear-gradient(to bottom, #ffffff 0%, #f8f8f8 100%);background-repeat: repeat-x;filter: progid:DXImageTransform.Microsoft.gradient(startColorstr=\'#ffffffff\', endColorstr=\'#fff8f8f8\', GradientType=0);color: #777777;text-shadow: 0 1px 0 #fff, 0 0 0 #000;font-size: 90%;padding-top: 10px;padding-bottom: 10px;width: 15%\">Date</th>\r\n                    <th style=\"text-align:left;padding: 8px;vertical-align: top;background-image: -webkit-gradient(linear, left 0%, left 100%, from(#ffffff), to(#f8f8f8));background-image: -webkit-linear-gradient(top, #ffffff, 0%, #f8f8f8, 100%);background-image: -moz-linear-gradient(top, #ffffff 0%, #f8f8f8 100%);background-image: linear-gradient(to bottom, #ffffff 0%, #f8f8f8 100%);background-repeat: repeat-x;filter: progid:DXImageTransform.Microsoft.gradient(startColorstr=\'#ffffffff\', endColorstr=\'#fff8f8f8\', GradientType=0);color: #777777;text-shadow: 0 1px 0 #fff, 0 0 0 #000;font-size: 90%;padding-top: 4px;padding-bottom: 4px;width: 15%\">Shift</th>\r\n                    <th style=\"text-align:left;padding: 8px;vertical-align: top;background-image: -webkit-gradient(linear, left 0%, left 100%, from(#ffffff), to(#f8f8f8));background-image: -webkit-linear-gradient(top, #ffffff, 0%, #f8f8f8, 100%);background-image: -moz-linear-gradient(top, #ffffff 0%, #f8f8f8 100%);background-image: linear-gradient(to bottom, #ffffff 0%, #f8f8f8 100%);background-repeat: repeat-x;filter: progid:DXImageTransform.Microsoft.gradient(startColorstr=\'#ffffffff\', endColorstr=\'#fff8f8f8\', GradientType=0);color: #777777;text-shadow: 0 1px 0 #fff, 0 0 0 #000;font-size: 90%;padding-top: 4px;padding-bottom: 4px;white-space:nowrap;width: 20%\">IN</th>\r\n                    <th style=\"text-align:left;padding: 8px;vertical-align: top;background-image: -webkit-gradient(linear, left 0%, left 100%, from(#ffffff), to(#f8f8f8));background-image: -webkit-linear-gradient(top, #ffffff, 0%, #f8f8f8, 100%);background-image: -moz-linear-gradient(top, #ffffff 0%, #f8f8f8 100%);background-image: linear-gradient(to bottom, #ffffff 0%, #f8f8f8 100%);background-repeat: repeat-x;filter: progid:DXImageTransform.Microsoft.gradient(startColorstr=\'#ffffffff\', endColorstr=\'#fff8f8f8\', GradientType=0);color: #777777;text-shadow: 0 1px 0 #fff, 0 0 0 #000;font-size: 90%;padding-top: 4px;padding-bottom: 4px;white-space:nowrap;width: 20%\">OUT</th>\r\n                    <th style=\"text-align:left;padding: 8px;vertical-align: top;background-image: -webkit-gradient(linear, left 0%, left 100%, from(#ffffff), to(#f8f8f8));background-image: -webkit-linear-gradient(top, #ffffff, 0%, #f8f8f8, 100%);background-image: -moz-linear-gradient(top, #ffffff 0%, #f8f8f8 100%);background-image: linear-gradient(to bottom, #ffffff 0%, #f8f8f8 100%);background-repeat: repeat-x;filter: progid:DXImageTransform.Microsoft.gradient(startColorstr=\'#ffffffff\', endColorstr=\'#fff8f8f8\', GradientType=0);color: #777777;text-shadow: 0 1px 0 #fff, 0 0 0 #000;font-size: 90%;padding-top: 4px;padding-bottom: 4px;white-space:nowrap;\">Particulars</th>\r\n                </tr>\r\n            </thead>\r\n            <tbody>\r\n                {{table_body}}\r\n            </tbody>\r\n            </table>\r\n    </div>\r\n\r\n    <br />\r\n\r\n    <p>Kindly disregard this message if action has been made. To review your time records just <a style=\"color:#4d90fe;\" href=\"{{system_route}}\">click here</a> to login. </p>\r\n\r\n    <p>\r\n        Best regards,\r\n        <br>\r\n        {{system_title}}</p>\r\n\r\n    <p>\r\n        This is a system generated message.\r\n        <br>\r\n        Powered by <a style=\"color:#4d90fe;\" href=\"http://www.hdisystech.com\">HDI System Technologies, Inc.</a>\r\n    </p>\r\n</div>\r\n</body>\r\n</html>\r\n',NULL,0),(25,0,'PPA-REMINDER','Performance Planning Reminder','Performance Planning','<style>\r\n   body {font-family: sans-serif, arial; font-size: 14px; }\r\n   p, span {line-height: 18px;}\r\n   .note {font-size:12px;}\r\n</style>\r\n\r\n<p>Good day!</p>\r\n<p>\r\n   You may now view your planning form for the year {{year}}. Another reminder will be forwarded to you anytime soon to tell you to start creating your individual goal.\r\n</p>\r\n<p>\r\n   For any question on your individual goal, you may talk to your immediate. \r\n</p>\r\n<p>\r\n   &nbsp;\r\n</p>\r\n<p>\r\n   Thank you.\r\n</p>\r\n<p>\r\n   &nbsp;\r\n</p>\r\n<p>{{system_title}}</p>\r\n<p class=\"note\">Note: This is a system generated message.</p>',NULL,0),(26,125,'STEP-4','Job Offer for Executive',NULL,NULL,NULL,0),(27,125,'STEP-4','Job Offer for Manager',NULL,NULL,NULL,0),(28,125,'STEP-4','Job Offer for Supervisor',NULL,NULL,NULL,0),(29,125,'STEP-4','Job Offer for Rank and File',NULL,NULL,NULL,0),(30,144,'EREQ','Online Request','Online Request','<style>\r\n   body {font-family: sans-serif, arial; font-size: 14px; }\r\n   p, span {line-height: 18px;}\r\n   .note {font-size:12px;}\r\n</style>\r\n\r\n<p>Good day!</p>\r\n<p>\r\n   Please be informed that {{employee_name}} requested for {{request}}. Below are the details of the online request.\r\n</p>\r\n<p>\r\nDate Needed : {{date_needed}}\r\nReason : {{reason}}\r\n</p>\r\n\r\n<p>\r\n   &nbsp;\r\n</p>\r\n<p>\r\n   Thank you.\r\n</p>\r\n<p>\r\n   &nbsp;\r\n</p>\r\n<p>{{system_title}}</p>\r\n<p class=\"note\">Note: This is a system generated message.</p>',NULL,0),(31,125,'STEP-5','Contract Signing for Executive',NULL,NULL,NULL,0),(32,125,'STEP-5','Contract Signing for Manager',NULL,NULL,NULL,0),(33,125,'STEP-5','Contract Signing for Supervisor',NULL,NULL,NULL,0),(34,125,'STEP-5','Contract Signing for Rank and Fi',NULL,NULL,NULL,0),(35,125,'INTERVIEWER_SCHED','Candidate Schedule Interviewer','Interview Schedule','<p style=\"margin:0 0 30px 0;\"><img height=\"50px\" src=\"{{system_url}}uploads/system/print/workwise_stacked_black_720w.png\" alt=\"Please enable images to load system logo\" title=\"Please enable images\"></p>\r\n\r\n<p>\r\n	&nbsp;</p>\r\n<p>\r\n	Hi<em> {{interviewers_name}}</em>,</p>\r\n<p>\r\n	&nbsp;</p>\r\n<p>\r\n	Good day!</p>\r\n<p>\r\n	&nbsp;</p>\r\n<p style=\"margin-left:.5in;\">\r\n	This is to inform you that you are scheduled for an interview of {{applicant_name}}, for the position of {{position_applied}}. Below are the details and schedule:</p>\r\n<p>\r\n	&nbsp;&nbsp;&nbsp;&nbsp;&nbsp;&nbsp;&nbsp;&nbsp;&nbsp;&nbsp;&nbsp;&nbsp;&nbsp;&nbsp;&nbsp;&nbsp;&nbsp;&nbsp;&nbsp;&nbsp;&nbsp;&nbsp;&nbsp; Applicant Name: {{applicant_name}}</p>\r\n<p>\r\n	&nbsp;&nbsp;&nbsp;&nbsp;&nbsp;&nbsp;&nbsp;&nbsp;&nbsp;&nbsp;&nbsp;&nbsp;&nbsp;&nbsp;&nbsp;&nbsp;&nbsp;&nbsp;&nbsp;&nbsp;&nbsp;&nbsp;&nbsp; Position: {{position_applied}}</p>\r\n<p>\r\n	&nbsp;&nbsp;&nbsp;&nbsp;&nbsp;&nbsp;&nbsp;&nbsp;&nbsp;&nbsp;&nbsp;&nbsp;&nbsp;&nbsp;&nbsp;&nbsp;&nbsp;&nbsp;&nbsp;&nbsp;&nbsp;&nbsp;&nbsp; Date: {{interview_date}}</p>\r\n<p>\r\n	&nbsp;&nbsp;&nbsp;&nbsp;&nbsp;&nbsp;&nbsp;&nbsp;&nbsp;&nbsp;&nbsp;&nbsp;&nbsp;&nbsp;&nbsp;&nbsp;&nbsp;&nbsp;&nbsp;&nbsp;&nbsp;&nbsp;&nbsp; Time: {{interview_time}}</p>\r\n<p>\r\n	&nbsp;</p>\r\n<p>\r\n	In case you are not available on the said dates, please do not hesitate to contact one of our HR-Recruitment Team.</p>\r\n<p>\r\n	&nbsp;</p>\r\n<p>\r\n	&nbsp;</p>\r\n<p>\r\n	Thank you and Regards,</p>\r\n<p>\r\n	HR-Recruitment Team</p>\r\n',NULL,0),(36,125,'INTERVIEWEE_SCHED',NULL,'Interview Schedule','<p style=\"margin:0 0 30px 0;\"><img height=\"50px\" src=\"{{system_url}}uploads/system/print/workwise_stacked_black_720w.png\" alt=\"Please enable images to load system logo\" title=\"Please enable images\"></p>\r\n\r\n<p>\r\n	Dear {{applicant_name}}<em>,</em></p>\r\n<p style=\"margin-left:1.0in;\">\r\n	Thank you for your interest in applying for the {{position_applied}} position. We would like to invite you for an interview at {{company_name}}. Please see information below:</p>\r\n<p>\r\n	&nbsp;&nbsp;&nbsp;&nbsp;&nbsp;&nbsp;&nbsp;&nbsp;&nbsp;&nbsp;&nbsp;&nbsp;&nbsp;&nbsp;&nbsp;&nbsp;&nbsp;&nbsp;&nbsp;&nbsp;&nbsp;&nbsp;&nbsp;&nbsp;&nbsp;&nbsp;&nbsp;&nbsp;&nbsp;&nbsp;&nbsp;&nbsp;&nbsp;&nbsp;&nbsp; Date: {{interview_date}}</p>\r\n<p>\r\n	&nbsp;&nbsp;&nbsp;&nbsp;&nbsp;&nbsp;&nbsp;&nbsp;&nbsp;&nbsp;&nbsp;&nbsp;&nbsp;&nbsp;&nbsp;&nbsp;&nbsp;&nbsp;&nbsp;&nbsp;&nbsp;&nbsp;&nbsp;&nbsp;&nbsp;&nbsp;&nbsp;&nbsp;&nbsp;&nbsp;&nbsp;&nbsp;&nbsp;&nbsp;&nbsp; Time: {{interview_time}}</p>\r\n<p>\r\n	&nbsp;&nbsp;&nbsp;&nbsp;&nbsp;&nbsp;&nbsp;&nbsp;&nbsp;&nbsp;&nbsp;&nbsp;&nbsp;&nbsp;&nbsp;&nbsp;&nbsp;&nbsp;&nbsp;&nbsp;&nbsp;&nbsp;&nbsp;&nbsp;&nbsp;&nbsp;&nbsp;&nbsp;&nbsp;&nbsp;&nbsp;&nbsp;&nbsp;&nbsp;&nbsp; Venue: {{interview_venue}}</p>\r\n\r\n<p>\r\n	&nbsp;&nbsp;&nbsp;&nbsp;&nbsp;&nbsp;&nbsp;&nbsp;&nbsp;&nbsp;&nbsp;&nbsp;&nbsp;&nbsp;&nbsp;&nbsp;&nbsp;&nbsp;&nbsp;&nbsp;&nbsp;&nbsp;&nbsp; Kindly look for {{interviewers_name}}</p>\r\n\r\n<p style=\"margin-left:1.0in;\">\r\n	&nbsp;</p>\r\n<p style=\"margin-left:1.0in;\">\r\n	Should you have queries, please do not hesitate to contact us on {{company_number}}</p>\r\n\r\n	\r\n<p style=\"margin-left:1.0in;\">\r\n	&nbsp;</p>\r\n<p style=\"margin-left:1.0in;\">\r\n	Sincerely,</p>\r\n<p>\r\n	HR- Recruitment Team &ndash; {{company_code}}</p>\r\n',NULL,0),(37,125,'JO_EMAIL','Job Offer Email','{{company_code}} - {{position}} Job Offer','<!DOCTYPE html PUBLIC \"-//W3C//DTD HTML 4.01 Transitional//EN\">\r\n\r\n<html lang=\"en\">\r\n    <!-- BEGIN HEAD-->\r\n    <head>\r\n        <meta http-equiv=\"Content-Type\" content=\"text/html; charset=utf-8\">\r\n        <title></title>\r\n        <style>\r\n            body, p\r\n            {\r\n                \r\n\r\n            font-family:Arial;\r\n            font-size: 10px;\r\n\r\n            \r\n            }\r\n\r\n\r\n        </style>\r\n    </head>\r\n    <!-- END HEAD -->\r\n    <!-- BEGIN BODY -->\r\n    <body bgcolor=\"#ffffff\" topmargin=\"0\" leftmargin=\"0\" marginheight=\"0\" marginwidth=\"0\" style=\"-webkit-font-smoothing: antialiased; width: 100% !important; -webkit-text-size-adjust: none;\">\r\n\r\n        <!-- <table width=\"100%\" cellpadding=\"0\" cellspacing=\"0\" border=\"0\" style=\"padding: 40px 40px 40px 40px;\">\r\n            <tr>\r\n                <td width=\"100%\"> -->\r\n\r\n                    <table width=\"755\" cellpadding=\"0\" cellspacing=\"0\" border=\"0\" align=\"center\" class=\"table\" style=\"overflow: wrap;\">\r\n                        <tr>\r\n                            <td width=\"755\" class=\"cell\">\r\n                                <!-- BEGIN HEADER CONTAINER -->\r\n                                \r\n\r\n                                <p style=\"font-size: 11px;\">Dear Mr./Ms. &nbsp;{{dear}},</p>\r\n                                \r\n                                <br>\r\n\r\n                                <p style=\"font-size: 11px; line-height: 30px;\">Your application for employment with HDI &nbsp;<strong>{{company_code}}</strong>&nbsp; for the position of &nbsp;<strong>{{position}}</strong>&nbsp; has been given due consideration and we are pleased to present this <strong><i>OFFER SHEET</i></strong> to you.</p>\r\n\r\n                                <br>\r\n                                <p style=\"font-size: 11px; line-height: 16px;\">Assuming you accept HDI\'s offer, your engagement with the company will be under the following conditions:</p>\r\n\r\n                                <br>\r\n                                <p style=\"font-size: 11px; line-height: 16px;\"><strong>1. PROBATIONARY ENGAGEMENT</strong><br>\r\n                                Your probationary period will be for six (6) months from <strong>{{start_date}}</strong> to <strong>{{end_probi_date}}</strong> .\r\n                                </p>\r\n\r\n                                <br>\r\n                                <p style=\"font-size: 11px; line-height: 16px;\"><strong>2. SALARY AND BENEFITS</strong><br>\r\n                                Your monthly basic salary shall be <strong>amount in peso {{basicsalary}}</strong>, subject to all government-mandated deductions such as taxes, SSS, etc. You shall be entitiled to all benefits granted to all probationary employees.<br><br>\r\n                                You will also be entitled to the following benefits:<br>\r\n                                </p>\r\n\r\n                                <br>\r\n                                <ul style=\"list-style:none; font-size:11px;\">\r\n                                    {{benefits}}\r\n                                </ul>\r\n\r\n\r\n                                <br>\r\n                                <p style=\"font-size: 11px; line-height: 16px;\"><strong>3. HOURS OF WORK</strong><br>\r\n                                Your normal working hours will be as follows:\r\n                                </p>\r\n\r\n                                <br>\r\n                                <table style=\"width:400px; margin-left: 50px; font-size:11px;overflow: wrap;\">\r\n                                    <tr>\r\n                                        <td>{{daysofwork}} : </td>\r\n                                        <td>:</td>\r\n                                        <td style=\"float:right;\">{{timeshift}}</td>\r\n                                    </tr>\r\n                                    <tr>\r\n                                        <td>Lunch breaks : </td>\r\n                                        <td>:</td>\r\n                                        <td style=\"float:right;\">{{breaktime}}</td>\r\n                                    </tr>\r\n                                </table>\r\n\r\n                                <br>\r\n                                <p style=\"font-size: 11px; line-height: 16px;\">The company reserves the right to change your work schedule to meet the requirements of your work, subject to local labor law.</p>\r\n\r\n                                <br>\r\n                                <p style=\"font-size: 11px; line-height: 16px;\"><strong>4. DUTIES AND RESPONSIBILITIES</strong><br>\r\n                                You shall be under the direct supervision of the &nbsp;<strong>{{immediateposition}}</strong>&nbsp;. You shall perform the duties and responsibilities required of yourposition as outlined in the attached job description as well as other tasks which you may be reasonably assigned to perform from time to time.\r\n                                </p>\r\n\r\n                                <br>\r\n                                <p style=\"font-size: 11px; line-height: 16px;\"><strong>5. REGULARIZATION OF EMPLOYMENT</strong><br>\r\n                                During probationary employment, your performance shall be subject to a periodic performance appraisal by your superior who shall determine your competencies and contributions to determine your fit for the position. Performance evaluation will be done on your third <strong>(3rd)</strong> and <strong>fifth (5th)</strong> month.\r\n                                </p>\r\n\r\n                                <br>\r\n                                <p style=\"font-size: 11px; line-height: 16px;\">Upon satisfactory completion of your probationary period and confirmation of regular status, you will then be entitled to other benefits available to regular employees of the Company.</p>\r\n\r\n                                <br>\r\n                                <p style=\"font-size: 11px; line-height: 16px;\">This <strong>OFFER SHEET</strong> is not an employment contract. You will still be subject to the requisite background checks, testing and successful completion of all the pre-employment requirements and other necessary activities as per our hiring policy. Please note that misrepresentation or falsification of anything that you establish as well as failure to complete the required pre-employment requirements within 15 days from start date can be basis for the company to withdraw its offer of employment at any given time. If already commenced employment, a ground for termination.</p>\r\n\r\n                                <br>\r\n                                <br>\r\n                                <p style=\"font-size: 11px; line-height: 16px;\">Very truly yours,</p>\r\n\r\n                                <br>\r\n                                <br>\r\n\r\n                                <p style=\"font-size: 11px; line-height: 16px;\"><strong>{{HRmanager}}</strong>\r\n                                 <br>   HR/OD Manager \r\n                                <br>    HDI Group of Companies</p>\r\n\r\n\r\n\r\n                                \r\n\r\n\r\n                                <!-- BEGIN SECTION 1-->\r\n                                \r\n\r\n\r\n\r\n\r\n\r\n                            </td>\r\n                        </tr> \r\n                        \r\n                    </table>\r\n<!-- \r\n                </td>\r\n            </tr> \r\n        </table>  -->\r\n    </body>\r\n<!-- BEGIN BODY -->\r\n</html>\r\n',NULL,0),(38,123,'MRF-FORM','Manpower Request Form',NULL,'<!DOCTYPE html PUBLIC \"-//W3C//DTD HTML 4.01 Transitional//EN\">\r\n\r\n<html lang=\"en\">\r\n    <!-- BEGIN HEAD-->\r\n    <head>\r\n        <meta http-equiv=\"Content-Type\" content=\"text/html; charset=utf-8\">\r\n        <title></title>\r\n        <style>\r\n            body\r\n            {\r\n                \r\n\r\n            font-family:Arial;\r\n            font-size: 10px;\r\n\r\n            \r\n            }\r\n\r\n\r\n            td\r\n            {\r\n                \r\n                padding:0;\r\n            }\r\n            .header h2\r\n            {\r\n                padding-left: 20px;\r\n                padding-right: 20px;\r\n                padding-top: 20px;\r\n                font-size: 18px;\r\n            }\r\n\r\n            .header h3\r\n            {\r\n                padding-bottom: 15px;\r\n                padding-left: 20px;\r\n                padding-right: 20px;\r\n                font-size: 12px;\r\n                color: #666666;\r\n            }\r\n\r\n            .np1\r\n            {\r\n                color: #666;\r\n                font-size: 14px;\r\n                margin: -18px 18px 0;\r\n            }\r\n\r\n            .mp1\r\n            {\r\n                float: right;\r\n                margin: 0 22px 0 0;\r\n            }\r\n\r\n            .header_sub\r\n            {\r\n                width: 755px;\r\n                margin: 5px 0 0;\r\n                border-radius: 5px 5px 0 0;\r\n            }\r\n\r\n                .header_sub h2\r\n                {\r\n                    padding: 10px;\r\n                    font-size: 12px;\r\n                    color: #f1f1f1;\r\n                    margin: -3px 3px 0 0;\r\n                    height: 10px;\r\n                }\r\n\r\n            #f1\r\n            {\r\n                padding-top: 10px;\r\n            }\r\n\r\n            #ip1\r\n            {\r\n                width: 100%;\r\n                text-align: justify;\r\n                font-size: 12px;\r\n                color: #333;\r\n            }\r\n\r\n                #ip1 h3\r\n                {\r\n                    font-size: 12px;\r\n                }\r\n\r\n            .im1\r\n            {\r\n                float: right;\r\n                margin: -40px 0 0 0;\r\n                font-size: 8px;\r\n            }\r\n\r\n            .alfin\r\n            {\r\n                margin-left: 18px;\r\n                width: 300px;\r\n                color: #2b2b2b;\r\n                width: 400px;\r\n                font-size: 13px;\r\n                background: url(\"/images/bg.widget.png\") repeat scroll;\r\n                border: 0.3px solid #b6b6b6;\r\n            }\r\n\r\n                .p th\r\n                {\r\n                    font-size: 12px;\r\n                    width: 140px;\r\n                }\r\n\r\n                .prdt tr\r\n                {\r\n                    background: #fff;\r\n                }\r\n\r\n            .espaco\r\n            {\r\n                height: 5px;\r\n            }\r\n\r\n            #borderrightCF\r\n            {\r\n                border-right: 1px solid #ccc;\r\n            }\r\n\r\n            .alfin\r\n            {\r\n                padding: 10px 20px 10px;\r\n                font-size: 10px;\r\n                border-bottom: 1px solid #f1f1f1;\r\n            }\r\n\r\n            .alrsp\r\n            {\r\n                margin: -18px 0px 0;\r\n                font-size: 10px;\r\n            }\r\n\r\n                .alrsp span\r\n                {\r\n                    color: #000;\r\n                    text-decoration: underline;\r\n                    margin: 0 5px;\r\n                }\r\n\r\n            .albr\r\n            {\r\n                padding: 10px 0 0 0;\r\n            }\r\n\r\n            .iwg\r\n            {\r\n                font-size: 9px;\r\n                color: #0A73C3;\r\n                width: 200px;\r\n                text-align: justify;\r\n            }\r\n\r\n            .tp01\r\n            {\r\n                border-collapse: collapse;\r\n            }\r\n\r\n                .tp01 th\r\n                {\r\n                    color: white;\r\n                    border: 1px solid #e4e4e4;\r\n                }\r\n\r\n                .tp01 td, .myTable th\r\n                {\r\n                    padding: 5px;\r\n                    border: 1px solid #e4e4e4;\r\n                }\r\n            .auto-style1\r\n            {\r\n                height: 30px;\r\n                width: 566px;\r\n            }\r\n            .auto-style3\r\n            {\r\n                width: 900px;\r\n            }\r\n        </style>\r\n    </head>\r\n    <!-- END HEAD -->\r\n    <!-- BEGIN BODY -->\r\n    <body bgcolor=\"#ffffff\" topmargin=\"0\" leftmargin=\"0\" marginheight=\"0\" marginwidth=\"0\" style=\"-webkit-font-smoothing: antialiased; width: 100% !important; -webkit-text-size-adjust: none;\">\r\n\r\n      <!--   <table align=\'center\' width=\"100%\" cellpadding=\"0\" cellspacing=\"0\" border=\"0\" style=\"padding: 20px 0 20px 0\">\r\n            <tr>\r\n                <td width=\"100%\">\r\n\r\n                    <table width=\"755\" cellpadding=\"0\" cellspacing=\"0\" border=\"0\" align=\"center\" class=\"table\">\r\n                        <tr>\r\n                            <td width=\"755\" class=\"cell\"> -->\r\n                                <!-- BEGIN HEADER CONTAINER -->\r\n                                <!-- <table align=\"center\" style=\" background: #fff; overflow: wrap\">\r\n                                    <tr style=\"border: 1px solid #ccc;\">\r\n                                        <td class=\"auto-style3\"> -->\r\n                                            <table style=\"background: #fff;overflow: wrap\">\r\n                                                <tr>\r\n                                                    <td style=\"width: 200px;\">\r\n                                                        <img src=\"assets/img/hdi_resource-logo.png\" style=\"width: 160px;\">\r\n                                                    </td>\r\n                                                    <td >\r\n                                                        <div class=\"header\">\r\n                                                            <h2>Manpower Requisition Form</h2>\r\n                                                        </div>\r\n                                                    </td>\r\n                                                </tr>\r\n                                            </table>\r\n                                        </td>\r\n                                        <td>\r\n                                            <table align=\'center\' style=\"background: #fff;overflow: wrap\">\r\n                                                <tr>\r\n                                                    <td style=\"padding-left: 20px; \" class=\"auto-style1\">\r\n                                                        <div class=\"mp1\">\r\n                                                        </div>\r\n                                                    </td>\r\n                                                </tr>\r\n                                            </table>\r\n                                        <!-- </td>\r\n                                    </tr>\r\n                                </table> -->\r\n\r\n\r\n                                <!-- BEGIN SECTION 1-->\r\n                                <table align=\'center\' cellpadding=\'0\' cellspacing=\'0\' border=\'0\' width=\'100%\' style=\" font-size: 11px; overflow: wrap\">\r\n                                    <tr>\r\n                                        <td style=\' height: 30px; width: 350px;\'><strong>SUBSIDIARY:</strong>\r\n                                            <span style=\"float:right; padding-right:10px;\">{{company}}</span></td>\r\n                                        <td ><strong>MRF RECEIVED ON:</strong><span style=\"float:right;\">{{date_approved}}</span></td>\r\n                                    </tr>\r\n                                    <tr>\r\n                                        <td style=\'height: 20px;\'><strong>DEPARTMENT:</strong><span style=\"float:right; padding-right:10px;\">{{department}}</span></td>\r\n                                        <td><strong>MRF COMPLETION ON:</strong><span style=\"float:right;\">{{date_needed}}</span></td>\r\n                                    </tr>\r\n                                </table>\r\n                                <br>\r\n\r\n                                <table  align=\'center\' style=\'width: 755px; height: auto; background: #fff; border: 1px solid #e4e4e4;margin-bottom: 10px;\'>\r\n                                    <tr>\r\n                                        <td>\r\n                                            <table cellpadding=\'0\' cellspacing=\'0\' border=\'0\' width=\'100%\' style=\" font-size: 11px;overflow: wrap\">\r\n                                                <tr>\r\n                                                    <td style=\' height: 30px; width: 350px;\'><strong>JOB TITLE:</strong>\r\n                                                        <span style=\"float:right; padding-right:10px;\">{{position}}</span></td>\r\n                                                    <td ></td>\r\n                                                </tr>\r\n                                                <tr>\r\n                                                    <td style=\'height: 20px;\'><strong>STATUS:</strong><span style=\"float:right; padding-right:10px;\">{{status}}</span></td>\r\n                                                    <td><strong>NO. OF STAFF NEEDED:</strong><span style=\"float:right;\">{{quantity}}</span></td>\r\n                                                </tr>\r\n                                                <tr>\r\n                                                    <td style=\'height: 20px;\'><strong>CLASSIFICATION:</strong><span style=\"float:right; padding-right:10px;\">{{classification}}</span></td>\r\n                                                    <td><strong>SALARY RANGE:</strong><span style=\"float:right;\">{{salaryrange}}</span></td>\r\n                                                </tr>\r\n                                            </table>\r\n                                        </td>\r\n                                    </tr>\r\n                                    <tr>\r\n                                        <td>\r\n                                            <table cellpadding=\'0\' cellspacing=\'0\' border=\'0\' align=\'center\' width=\'100%\' style=\" font-size: 11px;overflow: wrap\">\r\n                                                <tr>\r\n                                                    <td style=\' height: 30px; width: 180px;\' rowspan=\"2\"><strong>CHAIN OF COMMAND</strong></td>\r\n                                                    <td>Reporting To:<span style=\"float:right;\">{{reportingto}}</span></td>\r\n                                                    <td style=\"width: 300px;\"></td>\r\n                                                </tr>\r\n                                                <tr>\r\n                                                    <td>Supervises:<span style=\"float:right;\">{{supervises}}</span></td>\r\n                                                    <td></td>\r\n                                                </tr>\r\n                                            </table>\r\n                                        </td>\r\n                                    </tr>\r\n                                </table>\r\n\r\n                                <table  align=\'center\' style=\'width: 755px; height: auto; background: #fff; border: 1px solid #e4e4e4; margin-bottom: 10px;\'>\r\n                                    <tr>\r\n                                        <td>\r\n                                            <table cellpadding=\'0\' cellspacing=\'0\' border=\'0\' align=\'center\' width=\'100%\' style=\" font-size: 11px;overflow: wrap\">\r\n                                                <tr>\r\n                                                    <td style=\'height: 30px; width: 200px;\'><strong>REASON FOR REQUEST</strong></td>\r\n                                                    <td>Additional Manpower</td>\r\n                                                    <td><input type=\"checkbox\" {{budgeted}}>Budgeted</td>\r\n                                                    <td><input type=\"checkbox\" {{unbudgeted}}>Unbudgeted</td>\r\n                                                </tr>\r\n                                                <tr>\r\n                                                    <td style=\'height: 10px; width: 200px;\'></td>\r\n                                                    <td colspan=\"3\">Replacement of</td>\r\n                                                </tr>\r\n                                            </table>\r\n                                        </td>\r\n                                    </tr>\r\n                                    <tr>\r\n                                        <td>\r\n                                            <table cellpadding=\'0\' cellspacing=\'0\' border=\'0\' align=\'center\' width=\'100%\' style=\" font-size: 11px;overflow: wrap\">\r\n                                                <tr>\r\n                                                    <td style=\'height: 20px; width: 200px;\'><strong>APPROVED SOURCING</strong></td>\r\n                                                    <td style=\'height: 20px; width: 300px;\'>1.</td>\r\n                                                    <td style=\'height: 20px; width: 300px;\'>3.</td>\r\n                                                </tr>\r\n                                                <tr>\r\n                                                    <td style=\'height: 20px; width: 200px;\'><strong>TOOLS WITH COST</strong></td>\r\n                                                    <td style=\'height: 20px; width: 300px;\'>2.</td>\r\n                                                    <td style=\'height: 20px; width: 300px;\'>4.</td>\r\n                                                </tr>\r\n                                            </table>\r\n                                        </td>\r\n                                    </tr>\r\n                                </table>\r\n\r\n                                <table  align=\'center\' style=\'width: 755px; height: auto; background: #fff; border: 1px solid #e4e4e4; margin-bottom: 10px;\'>\r\n                                    <tr>\r\n                                        <td>\r\n                                            <table cellpadding=\'0\' cellspacing=\'0\' border=\'0\' align=\'center\' width=\'100%\' style=\" font-size: 11px;overflow: wrap\">\r\n                                                <tr>\r\n                                                    <td style=\'height: 30px; width: 200px;\'><strong>JOB SUMMARY</strong></td>\r\n                                                </tr>\r\n                                                <tr>\r\n                                                    <td style=\' width: 200px; padding: 0 10px;\' >{{job_description}}</td>\r\n                                                </tr>\r\n                                            </table>\r\n                                        </td>\r\n                                    </tr>\r\n                                </table>\r\n\r\n                                <table  align=\'center\' style=\'width: 755px; height: auto; background: #fff; border: 1px solid #e4e4e4; margin-bottom: 10px;\'>\r\n                                    <tr>\r\n                                        <td>\r\n                                            <table cellpadding=\'0\' cellspacing=\'0\' border=\'0\' align=\'center\' width=\'100%\' style=\"font-size: 11px;overflow: wrap\">\r\n                                                <tr>\r\n                                                    <td style=\'height: 30px; \'><strong>TOP 3 KEY REQUIREMENTS</strong></td>\r\n                                                </tr>\r\n                                                <tr>\r\n                                                    <td style=\'height: 20px;\'>1. </td>\r\n                                                </tr>\r\n                                                <tr>\r\n                                                    <td style=\'height: 20px;\'>2. </td>\r\n                                                </tr>\r\n                                                <tr>\r\n                                                    <td style=\'height: 20px;\'>3. </td>\r\n                                                </tr>\r\n                                            </table>\r\n                                        </td>\r\n                                    </tr>\r\n                                </table>\r\n\r\n                                <table  align=\'center\' style=\'width: 755px; height: auto; background: #fff; border: 1px solid #e4e4e4; margin-bottom: 10px;\'>\r\n                                    <tr>\r\n                                        <td>\r\n                                            <table cellpadding=\'0\' cellspacing=\'0\' border=\'0\' align=\'center\' width=\'100%\' style=\" font-size: 11px;overflow: wrap\">\r\n                                                <tr>\r\n                                                    <td style=\'height: 30px; \'><strong>TOP 3 OPTIONAL QUALIFICATIONS</strong></td>\r\n                                                </tr>\r\n                                                <tr>\r\n                                                    <td style=\'height: 20px;\'>1. </td>\r\n                                                </tr>\r\n                                                <tr>\r\n                                                    <td style=\'height: 20px;\'>2. </td>\r\n                                                </tr>\r\n                                                <tr>\r\n                                                    <td style=\'height: 20px;\'>3. </td>\r\n                                                </tr>\r\n                                            </table>\r\n                                        </td>\r\n                                    </tr>\r\n                                </table>\r\n\r\n                                <table  align=\'center\' style=\'width: 755px; height: auto; background: #fff; margin-bottom: 10px;\'>\r\n                                    <tr>\r\n                                        <td>\r\n                                            <table cellpadding=\'0\' cellspacing=\'0\' border=\'0\' align=\'center\' width=\'100%\' style=\"background: #fff; font-size: 11px;overflow: wrap\">\r\n                                                <tr>\r\n                                                    <td style=\'height: 30px; width: 200px; \'><strong>Requested by</strong></td>\r\n                                                    <td style=\'height: 30px; width: 350px;\'><strong><center>Concurred by</center></strong></td>\r\n                                                    <td style=\'height: 30px; width: 250px;\'><strong>Approved by</strong></td>\r\n                                                </tr>\r\n                                                <tr>\r\n                                                    <td style=\'height: 40px;\'>{{requested_by}}</td>\r\n                                                    <td style=\'height: 40px;\'><center>{{HRmanager}}</center></td>\r\n                                                    <td style=\'height: 40px;\'>{{subHead}}</td>\r\n                                                </tr>\r\n                                                <tr>\r\n                                                    <td style=\'height: 20px;\'>Supervisor/Department Manager</td>\r\n                                                    <td style=\'height: 20px;\'><center>HR/OD Manager</center></td>\r\n                                                    <td style=\'height: 20px;\'>Director/Subsidiary Head</td>\r\n                                                </tr>\r\n                                            </table>\r\n                                        </td>\r\n                                    </tr>\r\n                                </table>\r\n\r\n                                <center>\r\n                                    <p style=\"font-size: 10px; color: #999999;\">Please attached Job Description to processyour request (not required for internship). Turnaround time (TAT) for processing:<br>\r\n                                    Managerial/Executive and Supervisory - 2 months, Technical/Specialist - 45 days and Rank and File - 30 days. TAT does not factorin notice period given by candidates to their existing employer/s and delays attributable to the requesting party.</p>\r\n                                </center>\r\n<!-- \r\n                            </td>\r\n                        </tr> \r\n                        \r\n                    </table>\r\n\r\n                </td>\r\n            </tr> \r\n        </table>  -->\r\n    </body>\r\n<!-- BEGIN BODY -->\r\n</html>\r\n',NULL,0),(39,123,'APPLICATION-FORM','Application Form',NULL,'<!DOCTYPE html PUBLIC \"-//W3C//DTD HTML 4.01 Transitional//EN\">\r\n\r\n<html lang=\"en\">\r\n    <!-- BEGIN HEAD-->\r\n    <head>\r\n        <meta http-equiv=\"Content-Type\" content=\"text/html; charset=utf-8\">\r\n        <title></title>\r\n        <style>\r\n            body\r\n            {\r\n                \r\n\r\n            font-family:Arial;\r\n            font-size: 10px;\r\n\r\n            \r\n            }\r\n\r\n\r\n            td\r\n            {\r\n                \r\n                padding:0;\r\n            }\r\n            .header h2\r\n            {\r\n                padding-left: 20px;\r\n                padding-right: 20px;\r\n                padding-top: 20px;\r\n                font-size: 18px;\r\n            }\r\n\r\n            .header h3\r\n            {\r\n                padding-bottom: 15px;\r\n                padding-left: 20px;\r\n                padding-right: 20px;\r\n                font-size: 12px;\r\n                color: #666666;\r\n            }\r\n\r\n            .np1\r\n            {\r\n                color: #666;\r\n                font-size: 14px;\r\n                margin: -18px 18px 0;\r\n            }\r\n\r\n            .mp1\r\n            {\r\n                float: right;\r\n                margin: 0 22px 0 0;\r\n            }\r\n\r\n            .header_sub\r\n            {\r\n                width: 755px;\r\n                margin: 5px 0 0;\r\n                border-radius: 5px 5px 0 0;\r\n            }\r\n\r\n                .header_sub h2\r\n                {\r\n                    padding: 10px;\r\n                    font-size: 12px;\r\n                    color: #f1f1f1;\r\n                    margin: -3px 3px 0 0;\r\n                    height: 10px;\r\n                }\r\n\r\n            #f1\r\n            {\r\n                padding-top: 10px;\r\n            }\r\n\r\n            #ip1\r\n            {\r\n                width: 100%;\r\n                text-align: justify;\r\n                font-size: 12px;\r\n                color: #333;\r\n            }\r\n\r\n                #ip1 h3\r\n                {\r\n                    font-size: 12px;\r\n                }\r\n\r\n            .im1\r\n            {\r\n                float: right;\r\n                margin: -40px 0 0 0;\r\n                font-size: 10px;\r\n            }\r\n\r\n            .alfin\r\n            {\r\n                margin-left: 18px;\r\n                width: 300px;\r\n                color: #2b2b2b;\r\n                width: 400px;\r\n                font-size: 13px;\r\n                background: url(\"/images/bg.widget.png\") repeat scroll;\r\n                border: 0.3px solid #b6b6b6;\r\n            }\r\n\r\n                .p th\r\n                {\r\n                    font-size: 12px;\r\n                    width: 140px;\r\n                }\r\n\r\n                .prdt tr\r\n                {\r\n                    background: #fff;\r\n                }\r\n\r\n            .espaco\r\n            {\r\n                height: 5px;\r\n            }\r\n\r\n            #borderrightCF\r\n            {\r\n                border-right: 1px solid #ccc;\r\n            }\r\n\r\n            .alfin\r\n            {\r\n                padding: 10px 20px 10px;\r\n                font-size: 10px;\r\n                border-bottom: 1px solid #f1f1f1;\r\n            }\r\n\r\n            .alrsp\r\n            {\r\n                margin: -18px 0px 0;\r\n                font-size: 10px;\r\n            }\r\n\r\n                .alrsp span\r\n                {\r\n                    color: #000;\r\n                    text-decoration: underline;\r\n                    margin: 0 5px;\r\n                }\r\n\r\n            .albr\r\n            {\r\n                padding: 10px 0 0 0;\r\n            }\r\n\r\n            .iwg\r\n            {\r\n                font-size: 9px;\r\n                color: #0A73C3;\r\n                width: 200px;\r\n                text-align: justify;\r\n            }\r\n\r\n            .tp01\r\n            {\r\n                border-collapse: collapse;\r\n            }\r\n\r\n                .tp01 th\r\n                {\r\n                    color: white;\r\n                    border: 1px solid #e4e4e4;\r\n                }\r\n\r\n                .tp01 td, .myTable th\r\n                {\r\n                    padding: 5px;\r\n                    border: 1px solid #e4e4e4;\r\n                }\r\n            .auto-style1\r\n            {\r\n                height: 30px;\r\n                width: 566px;\r\n            }\r\n            .auto-style3\r\n            {\r\n                width: 900px;\r\n            }\r\n        </style>\r\n    </head>\r\n    <!-- END HEAD -->\r\n    <!-- BEGIN BODY -->\r\n    <body bgcolor=\"#ffffff\" style=\"-webkit-font-smoothing: antialiased; width: 100% !important; -webkit-text-size-adjust: none;\">\r\n\r\n                                <!-- BEGIN HEADER CONTAINER -->\r\n                                <!-- <table style=\"width: 755px; height: auto; background: #fff; margin-bottom: 10px;overflow: wrap\">\r\n                                    <tr style=\"border: 1px solid #ccc;\">\r\n                                        <td class=\"auto-style3\"> -->\r\n                                            <table style=\"width: 755px; background: #fff; overflow: wrap;\" class=\"auto-style3\">\r\n                                                <tr>\r\n                                                    <td style=\"width:80%;\">\r\n                                                        <img src=\"assets/img/hdi_resource-logo.png\" style=\"width: 160px;\">\r\n                                                    </td>\r\n                                                    <td rowspan=\"2\" style=\"width:20%;\">\r\n                                                        <div style=\"border: 1px solid #ccc; width:150; height:150px;\">\r\n                                                            <span style=\"font-size:11px;\">\r\n                                                                {{profilePic}}\r\n                                                            </span>\r\n                                                        </div>\r\n                                                    </td>\r\n                                                </tr>\r\n                                                <br><br><br>\r\n                                                <tr>\r\n                                                    <td style=\"padding-right: 20px;\">\r\n                                                        <div>\r\n                                                            <h4 style=\"font-size:14px;\"><strong>APPLICATION INFORMATION SHEET</strong></h4><br>\r\n                                                            <p style=\"font-size: 10px; \">To the Interviewer: As you complete your interview, please tick the box that closely or represents your assessment of the candidate. You may also use the space provided to include other inputs or remarks you may have which will help in further assessing the candidate.</p>\r\n                                                            <br>\r\n                                                            <p style=\"font-size: 10px;\"><strong>POSITION APPLIED FOR:</strong> &nbsp;<span style=\"font-size:11px\"> {{positionApplied}}</span></p>\r\n                                                    \r\n                                                        </div>\r\n                                                    </td>\r\n                                                </tr>\r\n                                            </table>\r\n                                        <!-- </td>\r\n                                    </tr>\r\n                                </table> -->\r\n\r\n\r\n                                <!-- BEGIN SECTION 1-->\r\n                                <p style=\"font-size: 11px;\" ><strong>PERSONAL DATA</strong></p>\r\n                               <!--  <table  style=\'width: 755px; height: auto; background: #fff; border: 1px solid #e4e4e4;overflow: wrap\'>\r\n                                    <tr>\r\n                                        <td> -->\r\n                                            <table cellpadding=\'0\' cellspacing=\'0\' border=\'0\' width=\'100%\' style=\"width: 755px; height: auto; background: #fff; border: 1px solid #e4e4e4; font-size: 15px; overflow: wrap\">\r\n                                                <tr>\r\n                                                    <td style=\'padding-left: 5px; height: 11px;\' colspan=\"7\">\r\n                                                        <span style=\"font-weight:bold\">\r\n                                                            <strong>Name</strong>\r\n                                                        </span>\r\n                                                    </td>\r\n                                                </tr>\r\n                                                <tr>\r\n                                                    <td colspan=\"2\" style=\'height: 20px;\'><center>{{lastname}}</center></td>\r\n                                                    <td colspan=\"2\"><center>{{firstname}}</center></td>\r\n                                                    <td><center>{{middlename}}</center></td>\r\n                                                    <td><center>{{maidenname}}</center></td>\r\n                                                    <td><center>{{nickname}}</center></td>\r\n                                                </tr>\r\n                                                <tr>\r\n                                                    <td style=\'height: 10px; width:180px; font-size: 10px; color:#999999;\' colspan=\"2\"><center>Last</center></td>\r\n                                                    <td style=\'font-size: 10px; width:150px; color:#999999;\' colspan=\"2\"><center>First</center></td>\r\n                                                    <td style=\'font-size: 10px; width:150px; color:#999999;\'><center>Middle</center></td>\r\n                                                    <td style=\'font-size: 10px; width:150px; color:#999999;\'><center>Maiden</center></td>\r\n                                                    <td style=\'font-size: 10px; width:150px; color:#999999;\'><center>Nickname</center></td>\r\n                                                </tr>\r\n                                                <tr>\r\n                                                    <td style=\'padding-left: 5px; height: 10px;\' colspan=\"7\"><strong>Present Address</strong></td>\r\n                                                </tr>\r\n                                                <tr>\r\n                                                    <td style=\'height: 20px;\'><center>{{presentadd_no}} </center></td>\r\n                                                    <td><center>{{address_1}}</center></td>\r\n                                                    <td><center>{{presentadd_village}}</center></td>\r\n                                                    <td><center>{{address_2}}</center></td>\r\n                                                    <td><center>{{town}}</center></td>\r\n                                                    <td><center>{{city_town}}</center></td>\r\n                                                    <td><center>{{province}}</center></td>\r\n                                                </tr>\r\n                                                <tr>\r\n                                                    <td style=\'height: 10px; width:180px; font-size: 10px; color:#999999;\'><center>No. </center></td>\r\n                                                    <td style=\'height: 10px; width:180px; font-size: 10px; color:#999999;\'><center>Street</center></td>\r\n                                                    <td style=\'font-size: 10px; width:150px; color:#999999;\'><center>Subdivision/Village</center></td>\r\n                                                    <td style=\'font-size: 10px; width:150px; color:#999999;\'><center>Barangay</center></td>\r\n                                                    <td style=\'font-size: 10px; width:150px; color:#999999;\'><center>Town</center></td>\r\n                                                    <td style=\'font-size: 10px; width:150px; color:#999999;\'><center>City</center></td>\r\n                                                    <td style=\'font-size: 10px; width:150px; color:#999999;\'><center>Province</center></td>\r\n                                                </tr>\r\n                                                <tr>\r\n                                                    <td style=\'padding-left: 5px; height: 30px;\' colspan=\"7\"><strong>Duration of Residency in the above address:</strong> &nbsp;{{duration_years}}<strong>years</strong>&nbsp; {{duration_month}}<strong>months</strong></td>\r\n                                                </tr>\r\n                                                <tr>\r\n                                                    <td style=\'padding-left: 5px; height: 10px;\' colspan=\"7\"><strong>Permanent Address:</strong>&nbsp; same as present? &nbsp;<input type=\"checkbox\" {{same_as_present_address}} ></td>\r\n                                                </tr>\r\n                                                <tr>\r\n                                                    <td style=\'height: 20px;\'><center>{{permanent_add_no}} </center></td>\r\n                                                    <td><center>{{permanent_address_1}}</center></td>\r\n                                                    <td><center>{{permanent_add_village}}</center></td>\r\n                                                    <td><center>{{permanent_address_2}}</center></td>\r\n                                                    <td><center>{{permanent_town}}</center></td>\r\n                                                    <td><center>{{permanent_city_town}}</center></td>\r\n                                                    <td><center>{{permanent_province}}</center></td>\r\n                                                </tr>\r\n                                                <tr>\r\n                                                    <td style=\'height: 10px; width:180px; font-size: 10px; color:#999999;\'><center>No. </center></td>\r\n                                                    <td style=\'height: 10px; width:180px; font-size: 10px; color:#999999;\'><center>Street</center></td>\r\n                                                    <td style=\'font-size: 10px; width:150px; color:#999999;\'><center>Subdivision/Village</center></td>\r\n                                                    <td style=\'font-size: 10px; width:150px; color:#999999;\'><center>Barangay</center></td>\r\n                                                    <td style=\'font-size: 10px; width:150px; color:#999999;\'><center>Town</center></td>\r\n                                                    <td style=\'font-size: 10px; width:150px; color:#999999;\'><center>City</center></td>\r\n                                                    <td style=\'font-size: 10px; width:150px; color:#999999;\'><center>Province</center></td>\r\n                                                </tr>\r\n                                                <tr>\r\n                                                    <td style=\'padding-left: 5px; height: 30px;\' colspan=\"2\"><strong>Contact Number/s: </strong>&nbsp;{{mobile}}</td>\r\n                                                    <td style=\'padding-left: 5px; height: 30px;\' colspan=\"3\"><strong>Email Address:</strong>&nbsp;{{emailAdd}}</td>\r\n                                                    <td style=\'padding-left: 5px; height: 30px;\' colspan=\"2\"><strong>Citizenship:</strong>&nbsp;{{nationality}}</td>\r\n                                                </tr>\r\n                                                <tr>\r\n                                                    <td style=\'padding-left: 5px; height: 30px;\' colspan=\"2\"><strong>Date of Birth:</strong>&nbsp;{{birthday}}</td>\r\n                                                    <td style=\'padding-left: 5px; height: 30px;\' colspan=\"3\"><strong>Place of Birth:</strong>&nbsp;{{birth_place}}</td>\r\n                                                    <td style=\'padding-left: 5px; height: 30px;\' colspan=\"2\"><strong>Civil Status:</strong>&nbsp;{{profile_civil_status}}</td>\r\n                                                </tr>\r\n                                                <tr>\r\n                                                    <td style=\'padding-left: 5px; height: 30px;\' colspan=\"2\"><strong>Tax Identification Number:</strong>&nbsp;{{tin_number}}</td>\r\n                                                    <td style=\'padding-left: 5px; height: 30px;\' colspan=\"5\"><strong>SSS Number:</strong>&nbsp;{{sss_number}}</td>\r\n                                                </tr>\r\n                                            </table>\r\n                                        <!-- </td>\r\n                                    </tr>\r\n                                </table> -->\r\n\r\n                                <p style=\"font-size: 11px;\"><strong>FAMILY BACKGROUND</strong> <span style=\"font-size: 9px; color:#999999; font-weight: none;\">single: parents and siblings; married:spouse, children and parents</span></p>\r\n                                <table class=\'tp01\' cellpadding=\'0\' cellspacing=\'0\' border=\'0\' width=\'100%\' style=\" font-size: 9px; overflow: wrap\">\r\n                                    <tr style=\'border: 1px solid #ccc;\'>\r\n                                        <td style=\'padding-left: 20px; height: 30px; width: 200px;\'><strong><center>Name</center></strong></td>\r\n                                        <td style=\'padding-left: 20px; height: 30px;\'><strong><center>Relationship</center></strong></td>\r\n                                        <td style=\'padding-left: 20px; height: 30px;\'><strong><center>Age</center></strong></td>\r\n                                        <td style=\'padding-left: 20px; height: 30px;\'><strong><center>Occupation</center></strong></td>\r\n                                        <td style=\'padding-left: 20px; height: 30px;\'><strong><center>Employer</center></strong></td>\r\n                                    </tr>\r\n                                    {{family_tab}}\r\n                                    <!--  -->\r\n                                </table>\r\n                                <br>\r\n                                <span style=\"font-size: 8px; color:#999999; \" >Note: Inform interviewwer in case of additional immediate family members.</span>\r\n\r\n                                <p style=\"font-size: 11px;\">\r\n                                    <strong>EDUCATIONAL ATTAINMENT </strong>\r\n                                </p>\r\n                                <table class=\'tp01\' cellpadding=\'0\' cellspacing=\'0\' border=\'0\' width=\'100%\' style=\" font-size: 9px; overflow: wrap\">\r\n                                    {{education}}\r\n                                    <tr style=\'border: 1px solid #ccc;\'>\r\n                                        <td style=\'padding-left: 20px; height: 30px; width:100px;\'><strong><center>Education Level</center></strong></td>\r\n                                        <td style=\'padding-left: 20px; height: 30px; width:200px;\'><strong><center>School/University</center></strong></td>\r\n                                        <td style=\'padding-left: 20px; height: 30px;\'><center><strong><span style=\" \">Years Attended</span></strong> <br><span style=\'font-size: 10px;\'>From-To</span></center></td>\r\n                                        <td style=\'padding-left: 20px; height: 30px;\'><strong><center>Degree/Course</center></strong></td>\r\n                                        <td style=\'padding-left: 20px; height: 30px;\'><center><strong><span style=\"\">Graduated?</span></strong> <br><span style=\"font-size: 10px;\">(if undergraduate,last SY and Sem)</span></center></td>\r\n                                    </tr>\r\n                                    {{education_tab}}\r\n                                    <!--  -->\r\n                                </table>\r\n\r\n                                <p style=\"font-size: 11px;\"><strong>WORK EXPERIENCE</strong> <span style=\"font-size: 9px; color:#999999; font-weight: none;\">start with the most recent employment</span></p>\r\n                                {{employment_tab}}\r\n                                <!-- -->\r\n\r\n                                <p style=\"font-size: 11px;\"><strong>OTHERS</strong></p>\r\n                                <table class=\'tp01\' cellpadding=\'0\' cellspacing=\'0\' border=\'0\' width=\'100%\' style=\" font-size: 9px; overflow: wrap\">\r\n                                    <tr style=\'border: 1px solid #ccc;\'>\r\n                                        <td style=\'padding-left: 20px; height: 30px; width: 350px;\'><strong>Licence or Certified Membership to Trade/Profession</strong></td>\r\n                                        <td align=\"right\"><span style=\"float:right;\">{{cert_member_to_trade}}</span></td>\r\n                                    </tr>\r\n                                    <tr style=\'border: 1px solid #ccc;\'>\r\n                                        <td style=\'padding-left: 20px; height: 30px; \'><strong>Languange/Dialects Spoken</strong></td>\r\n                                        <td align=\"right\"><span style=\"float:right;\">{{language}}</span></td>\r\n                                    </tr>\r\n                                    <tr style=\'border: 1px solid #ccc;\'>\r\n                                        <td style=\'padding-left: 20px; height: 30px; \'><strong>Were you previously employed at HDI?</strong></td>\r\n                                        <td align=\"right\"><span style=\"float:right;\">{{previously_employed_at_hdi}}</span></td>\r\n                                    </tr>\r\n                                    <tr style=\'border: 1px solid #ccc;\'>\r\n                                        <td style=\'padding-left: 20px; height: 30px; \'><strong>List known person working at HDI prior to application?</strong></td>\r\n                                        <td align=\"right\"><span style=\"float:right;\">{{known_people_at_hdi}}</span></td>\r\n                                    </tr>\r\n                                    <tr style=\'border: 1px solid #ccc;\'>\r\n                                        <td style=\'padding-left: 20px; height: 30px; \'><strong>Do you have any physical disabilities which preclude you from performing certain kinds of work? (if yes, speifywork limitations)</strong></td>\r\n                                        <td align=\"right\"><span style=\"float:right;\">{{physical_disabilities}}</span></td>\r\n                                    </tr>\r\n                                    <tr style=\'border: 1px solid #ccc;\'>\r\n                                        <td style=\'padding-left: 20px; height: 30px; \'><strong>Have you have any major illnesses/injuries in the past? (if yes, describe)</strong></td>\r\n                                        <td align=\"right\"><span style=\"float:right;\">{{illness_injuries}}</span></td>\r\n                                    </tr>\r\n                                    <tr style=\'border: 1px solid #ccc;\'>\r\n                                        <td style=\'padding-left: 20px; height: 30px; \'><strong>Did you receive compensation for these illnesses/injuries?</strong></td>\r\n                                        <td align=\"right\"><span style=\"float:right;\">{{illness_compensated}}</span></td>\r\n                                    </tr>\r\n                                    <tr style=\'border: 1px solid #ccc;\'>\r\n                                        <td style=\'padding-left: 20px; height: 30px; \'><strong>Are you willing to be relocated</strong></td>\r\n                                        <td align=\"right\"><span style=\"float:right;\">{{willing_to_relocate}}</span></td>\r\n                                    </tr>\r\n                                    <tr style=\'border: 1px solid #ccc;\'>\r\n                                        <td style=\'padding-left: 20px; height: 30px; \'><strong>How many days notice do you need to be available for work?</strong></td>\r\n                                        <td align=\"right\"><span style=\"float:right;\">{{days_notice_to_work}}</span></td>\r\n                                    </tr>\r\n                                </table>\r\n\r\n                                <p style=\"font-size: 11px;\"><strong>CHARACTER REFERENCE</strong> <span style=\"font-size: 9px; color:#999999; font-weight: none;\">(immediate superior and colleagues; if none, friends known for atleast 2 years; relatives not included)</span></p>\r\n                                <table class=\'tp01\' cellpadding=\'0\' cellspacing=\'0\' border=\'0\' width=\'100%\' style=\" font-size: 9px; overflow: wrap\">\r\n                                    {{characterRef}}\r\n                                    <tr style=\'border: 1px solid #ccc;\'>\r\n                                        <td style=\'padding-left: 20px; height: 30px; width: 200px;\'><strong><center>Name</center></strong></td>\r\n                                        <td style=\'padding-left: 20px; height: 30px;\'><strong><center>Relationship</center></strong></td>\r\n                                        <td style=\'padding-left: 20px; height: 30px;\'><strong><center>Occupation</center></strong></td>\r\n                                        <td style=\'padding-left: 20px; height: 30px;\'><strong><center>Employer</center></strong></td>\r\n                                        <td style=\'padding-left: 20px; height: 30px;\'><strong><center>Contact Number/s</center></strong></td>\r\n                                    </tr>\r\n                                    {{charref_tab}}\r\n                                    <!--  -->\r\n                                </table>\r\n                                <br>\r\n                                <p style=\"font-size: 8px; \">The facts set forth in my application are true complete. I understand that if hired, false statements on this application shall be considered sufficient cause for dismissal. You are hereby authorized to make any investigation of my personal history, educational ad employment background.</p>\r\n                                <br>\r\n                                <table align=\"center\" cellpadding=\'0\' cellspacing=\'0\' border=\'0\' width=\'100%\' style=\" font-size: 9px; overflow: wrap\">\r\n                                    <tr style=\'border: 1px solid #ccc;\'>\r\n                                        <td colspan=\"3\" align=\"center\">{{fullname}}</td>\r\n                                        <td colspan=\"3\"></td>\r\n                                    </tr>\r\n                                    <tr style=\'border: 1px solid #ccc;\'>\r\n                                        <td style=\'width:50px;\'></td>\r\n                                        <td style=\'height: 30px; border-top: 1px solid #000000; padding: 10px;\'><strong><center>Signature Over Printed Name</center></strong></td>\r\n                                        <td style=\'width:50px;\'></td>\r\n                                        <td style=\'height: 30px; border-top: 1px solid #000000;width:150px;\'><center>Date</center></td>\r\n                                        <td style=\'width:100px;\'></td>\r\n                                    </tr>\r\n                                </table>\r\n\r\n\r\n\r\n\r\n\r\n\r\n\r\n\r\n                        \r\n    </body>\r\n<!-- BEGIN BODY -->\r\n</html>\r\n',NULL,0),(40,123,'JOB-OFFER-FORM','Job Offer Form',NULL,'<!DOCTYPE html PUBLIC \"-//W3C//DTD HTML 4.01 Transitional//EN\">\r\n\r\n<html lang=\"en\">\r\n    <!-- BEGIN HEAD-->\r\n    <head>\r\n        <meta http-equiv=\"Content-Type\" content=\"text/html; charset=utf-8\">\r\n        <title></title>\r\n        <style>\r\n            body, p\r\n            {\r\n                \r\n\r\n            font-family:Arial;\r\n            font-size: 10px;\r\n\r\n            \r\n            }\r\n\r\n\r\n        </style>\r\n    </head>\r\n    <!-- END HEAD -->\r\n    <!-- BEGIN BODY -->\r\n    <body bgcolor=\"#ffffff\" topmargin=\"0\" leftmargin=\"0\" marginheight=\"0\" marginwidth=\"0\" style=\"-webkit-font-smoothing: antialiased; width: 100% !important; -webkit-text-size-adjust: none;\">\r\n\r\n        <!-- <table width=\"100%\" cellpadding=\"0\" cellspacing=\"0\" border=\"0\" style=\"padding: 40px 40px 40px 40px;\">\r\n            <tr>\r\n                <td width=\"100%\"> -->\r\n\r\n                    <table width=\"755\" cellpadding=\"0\" cellspacing=\"0\" border=\"0\" align=\"center\" class=\"table\" style=\"overflow: wrap;\">\r\n                        <tr>\r\n                            <td width=\"755\" class=\"cell\">\r\n                                <!-- BEGIN HEADER CONTAINER -->\r\n                                <p style=\"font-size: 11px; margin-bottom: 30px;\">{{date}}</p>\r\n\r\n                                <br>\r\n                                <p style=\"font-size: 12px; margin:0 0 3px 0;\"><strong>{{recipients}}</strong></p>\r\n                                <p style=\"font-size: 11px; margin: 0 0 3px 0;\">{{address1}}</p>\r\n                                <p style=\"font-size: 11px; margin: 0 0 3px 0;\">{{address2}}</p>\r\n                                <br>\r\n                                <br>\r\n                                \r\n\r\n                                <p style=\"font-size: 11px;\">Dear Mr./Ms. &nbsp;{{dear}},</p>\r\n                                \r\n                                <br>\r\n\r\n                                <p style=\"font-size: 11px; line-height: 30px;\">Your application for employment with HDI &nbsp;<strong>{{company_code}}</strong>&nbsp; for the position of &nbsp;<strong>{{position}}</strong>&nbsp; has been given due consideration and we are pleased to present this <strong><i>OFFER SHEET</i></strong> to you.</p>\r\n\r\n                                <br>\r\n                                <p style=\"font-size: 11px; line-height: 16px;\">Assuming you accept HDI\'s offer, your engagement with the company will be under the following conditions:</p>\r\n\r\n                                <br>\r\n                                <p style=\"font-size: 11px; line-height: 16px;\"><strong>1. PROBATIONARY ENGAGEMENT</strong><br>\r\n                                Your probationary period will be for six (6) months from <strong>{{start_date}}</strong> to <strong>{{end_probi_date}}</strong> .\r\n                                </p>\r\n\r\n                                <br>\r\n                                <p style=\"font-size: 11px; line-height: 16px;\"><strong>2. SALARY AND BENEFITS</strong><br>\r\n                                Your monthly basic salary shall be <strong>amount in peso {{basicsalary}}</strong>, subject to all government-mandated deductions such as taxes, SSS, etc. You shall be entitiled to all benefits granted to all probationary employees.<br><br>\r\n                                You will also be entitled to the following benefits:<br>\r\n                                </p>\r\n\r\n                                <br>\r\n                                <ul style=\"list-style:none; font-size:11px;\">\r\n                                    {{benefits}}\r\n                                </ul>\r\n\r\n\r\n                                <br>\r\n                                <p style=\"font-size: 11px; line-height: 16px;\"><strong>3. HOURS OF WORK</strong><br>\r\n                                Your normal working hours will be as follows:\r\n                                </p>\r\n\r\n                                <br>\r\n                                <table style=\"width:400px; margin-left: 50px; font-size:11px;overflow: wrap;\">\r\n                                    <tr>\r\n                                        <td>{{daysofwork}}</td>\r\n                                        <td>:</td>\r\n                                        <td style=\"float:right;\">{{timeshift}}</td>\r\n                                    </tr>\r\n                                    <tr>\r\n                                        <td>Lunch Breaks</td>\r\n                                        <td>:</td>\r\n                                        <td style=\"float:right;\">{{breaktime}}</td>\r\n                                    </tr>\r\n                                </table>\r\n\r\n                                <br>\r\n                                <p style=\"font-size: 11px; line-height: 16px;\">The company reserves the right to change your work schedule to meet the requirements of your work, subject to local labor law.</p>\r\n\r\n                                <br>\r\n                                <p style=\"font-size: 11px; line-height: 16px;\"><strong>4. DUTIES AND RESPONSIBILITIES</strong><br>\r\n                                You shall be under the direct supervision of the &nbsp;<strong>{{immediateposition}}</strong>&nbsp;. You shall perform the duties and responsibilities required of yourposition as outlined in the attached job description as well as other tasks which you may be reasonably assigned to perform from time to time.\r\n                                </p>\r\n\r\n                                <br>\r\n                                <p style=\"font-size: 11px; line-height: 16px;\"><strong>5. REGULARIZATION OF EMPLOYMENT</strong><br>\r\n                                During probationary employment, your performance shall be subject to a periodic performance appraisal by your superior who shall determine your competencies and contributions to determine your fit for the position. Performance evaluation will be done on your third <strong>(3rd)</strong> and <strong>fifth (5th)</strong> month.\r\n                                </p>\r\n\r\n                                <br>\r\n                                <p style=\"font-size: 11px; line-height: 16px;\">Upon satisfactory completion of your probationary period and confirmation of regular status, you will then be entitled to other benefits available to regular employees of the Company.</p>\r\n\r\n                                <br>\r\n                                <p style=\"font-size: 11px; line-height: 16px;\">This <strong>OFFER SHEET</strong> is not an employment contract. You will still be subject to the requisite background checks, testing and successful completion of all the pre-employment requirements and other necessary activities as per our hiring policy. Please note that misrepresentation or falsification of anything that you establish as well as failure to complete the required pre-employment requirements within 15 days from start date can be basis for the company to withdraw its offer of employment at any given time. If already commenced employment, a ground for termination.</p>\r\n\r\n                                <br>\r\n                                <p style=\"font-size: 11px; line-height: 16px;\">Kindly sign on the space indicated below to confirm that you fully understand and accept our invitation to join HDI.</p><br>\r\n\r\n                                <br>\r\n                                <p style=\"font-size: 11px; line-height: 16px;\">Very truly yours,</p>\r\n\r\n                                <br>\r\n                                <br>\r\n\r\n                                <p style=\"font-size: 11px; line-height: 16px;\"><strong>{{HRmanager}}</strong>\r\n                                 <br>   HR/OD Manager \r\n                                <br>    HDI Group of Companies</p>\r\n\r\n                                <table cellpadding=\'0\' cellspacing=\'0\' border=\'0\' width=\'600px\' style=\" font-size: 11px; margin: 30px 0 20px 0;overflow: wrap;\">\r\n                                    <tr>\r\n                                        <td colspan=\"2\" style=\'height: 30px;\'><strong><strong>ACCEPTED BY:</strong> </td>\r\n                                        <td colspan=\"2\"><strong>AGREED DATE TO START:</strong></td>\r\n                                    </tr>\r\n                                     <tr>\r\n                                        <td colspan=\"2\" style=\'height: 40px;\'></td>\r\n                                        <td colspan=\"2\">{{start_date}}</td>\r\n                                    </tr>\r\n                                    <tr>\r\n                                        <td style=\'height: 30px; border-top: 1px solid #000000;\'><strong><center>Printed Name/Date/Signature of Employee</center></td>\r\n                                        <td style=\'width:50px;\'></td>\r\n                                        <td style=\'height: 30px; border-top: 1px solid #000000;width:150px;\'><center>Date</center></td>\r\n                                        <td style=\'width:100px;\'></td>\r\n                                    </tr>\r\n                                </table>\r\n\r\n\r\n                                \r\n\r\n\r\n                                <!-- BEGIN SECTION 1-->\r\n                                \r\n\r\n\r\n\r\n\r\n\r\n                            </td>\r\n                        </tr> \r\n                        \r\n                    </table>\r\n<!-- \r\n                </td>\r\n            </tr> \r\n        </table>  -->\r\n    </body>\r\n<!-- BEGIN BODY -->\r\n</html>\r\n',NULL,0),(41,123,'EMPLOYMENT-AGREEMENT','Employment Agreement',NULL,'<!DOCTYPE html PUBLIC \"-//W3C//DTD HTML 4.01 Transitional//EN\">\r\n\r\n<html lang=\"en\">\r\n    <!-- BEGIN HEAD-->\r\n    <head>\r\n        <meta http-equiv=\"Content-Type\" content=\"text/html; charset=utf-8\">\r\n        <title></title>\r\n        <style>\r\n            body, p\r\n            {\r\n                \r\n\r\n            font-family:Arial;\r\n            font-size: 10px;\r\n\r\n            \r\n            }\r\n\r\n\r\n        </style>\r\n    </head>\r\n    <!-- END HEAD -->\r\n    <!-- BEGIN BODY -->\r\n    <body bgcolor=\"#ffffff\" topmargin=\"0\" leftmargin=\"0\" marginheight=\"0\" marginwidth=\"0\" style=\"-webkit-font-smoothing: antialiased; width: 100% !important; -webkit-text-size-adjust: none;\">\r\n\r\n     <!--    <table width=\"100%\" cellpadding=\"0\" cellspacing=\"0\" border=\"0\" style=\"padding: 40px 40px 40px 40px;\">\r\n            <tr>\r\n                <td width=\"100%\">\r\n\r\n                    <table width=\"755\" cellpadding=\"0\" cellspacing=\"0\" border=\"0\" align=\"center\" class=\"table\">\r\n                        <tr>\r\n                            <td width=\"755\" class=\"cell\"> -->\r\n                                <!-- BEGIN HEADER CONTAINER -->\r\n\r\n\r\n                                <img src=\"assets/img/logoHDI1.jpg\">\r\n\r\n                                <table align=\"center\" style=\"overflow: wrap;\">\r\n                                    <tr>\r\n                                        <td>\r\n                                            <h4 style=\"font-size: 18px; margin: 0 0 30px 0;\"><center>EMPLOYMENT AGREEMENT</center></h4>\r\n                                        </td>\r\n                                    </tr>\r\n                                </table>\r\n\r\n                                <br>\r\n                                <p style=\"font-size: 12px; margin:0 0 3px 0;\">{{recipients}}</p>\r\n                                <p style=\"font-size: 11px; margin: 0 0 3px 0;\">{{address1}}</p>\r\n                                <p style=\"font-size: 11px; margin: 0 0 3px 0;\">{{address2}}</p>\r\n                                <br>\r\n                                \r\n\r\n                                <p style=\"font-size: 11px;\">Dear Mr./Ms. &nbsp;{{dear}},</p>\r\n                                \r\n\r\n                                <p style=\"font-size: 11px; line-height: 16px;\">\r\n                                    We are pleased to offer you the position of &nbsp;<strong>{{position}}</strong>&nbsp;in &nbsp;<strong>{{company_code}}</strong>&nbsp;subject to the following terms and conditions:</p>\r\n\r\n                        \r\n\r\n                                <p style=\"font-size: 11px; line-height: 16px;\"><strong>1. DATE OF COMMENCEMENT</strong>\r\n                                </p>\r\n                                <ul style=\"list-style:none; font-size:11px; line-height: 16px;\">\r\n                                    <li>1.1. Your probationary employment shall be for a period of six (6) months from your start date, which will commence <strong>on start date {{start_date}} to end of probationary date {{end_probi_date}}.</strong></li>\r\n                                </ul>\r\n\r\n                                <p style=\"font-size: 11px; line-height: 16px;\"><strong>2. SALARY AND BENEFITS</strong>\r\n                                </p>\r\n                                <ul style=\"list-style:none; font-size:11px; line-height: 16px;\">\r\n                                    <li>2.1. Your monthly basic salary shall be <strong>AMOUNT IN PESO PHP {{basicsalary}}</strong> - inclusive of all government mandated deductions. This will be paid at the mid and the end of every calendar month.</li>\r\n                                    <li>2.2. The Company shall deduct from your salary and bonus all such sums it is authorised to deduct under the Philippine Labor Law and other applicable laws, whether for your share of Social Security Contributions, withholding tax or otherwise.</li>\r\n                                    <li>2.3. While you are under probationary employment, you will only be entitled to statutory benefits.You will not be entitled to any leave or regular Company benefits. It is therefore understood that you will not receive any salary for the days you do not work.</li>\r\n                                    <li>2.4. You shall be subject to a periodic evaluation/appraisal by your superior who will determineand as much as possible quantify your skills, competencies, attitude and qualification for the position.</li>\r\n                                    <li>2.5. Upon satisfactory completion of the probationary period and a successful performanceevaluation, you will be entitled to regular employment. Your entitlement to leave and company benefits will be based on applicable provisions of the Philippine Labor Code and pertinent policies and procedures as stipulated in HDI Human Resource Manual.</li>\r\n                                </ul>\r\n\r\n                                <p style=\"font-size: 11px; line-height: 16px;\"><strong>3. DUTIES</strong>\r\n                                </p>\r\n                                <ul style=\"list-style:none; font-size:11px; line-height: 16px;\">\r\n                                    <li>3.1. You will report directly to the {{immediateposition}} and you shall perform the duties and responsibilities required of your position as outlined in the attached job description as well as other tasks which you may be reasonably assigned to perform from time to time.</li>\r\n                                </ul>\r\n\r\n                                <p style=\"font-size: 11px; line-height: 16px;\"><strong>4. WORKING HOURS</strong>\r\n                                </p>\r\n                                <ul style=\"list-style:none; font-size:11px; line-height: 16px;\">\r\n                                    <li>4.1. Your working hours are from {{timeshift}}, {{daysofwork}}. You are entitled to one hour of lunch break every day. However, it is understood that the Company has the right to change, from time to time, your work schedule and the place of work. No additional compensation shall be given for such changes unless the Company deems it necessary.</li>\r\n                                    <li>4.2. On occasion, you may be required to work, at the sole discretion of the Company, beyond the usual working hours to discharge your duties. You shall be compensated for all work performed in excess of the regular eight (8) hours as prescribed above pursuant to the established Company policies and the provisions of the Philippine Labor Code.</li>\r\n                                </ul>\r\n\r\n                                <p style=\"font-size: 11px; line-height: 16px;\"><strong>5. TERMINATION AND NOTICE</strong>\r\n                                </p>\r\n                                <ul style=\"list-style:none; font-size:11px; line-height: 16px;\">\r\n                                    <li>5.1. Either party may terminate this Agreement by giving two (2) weeks of notice prior to the termination of the probationary period. After regularization, one (1) month of notice is required. Accumulated annual leave however cannot be taken to offset the notice required for termination of employment unless approved by the Company.</li>\r\n                                    <li>5.2. Should the Company find after notice and investigation that you are guilty of misdemeanour, misconduct, negligence or breach of any of the terms of this Employment Agreement, the Company shall give immediate notice before terminating your services, subject to the requirements under prevailing labor laws.</li>\r\n                                    <li>5.3. Upon the termination of your employment you shall return to the Company all documents,records, items and materials in your possession or custody belonging to the Company or its clients and you shall not retain any copies (including electronic or soft copies) thereof.</li>\r\n                                    <li>5.4. During your notice period, you shall handover all documents and materials relating to yourwork and ensure a smooth transition of your duties and responsibilities. You are required to complete the handover during the notice period.</li>\r\n                                </ul>\r\n\r\n                                <p style=\"font-size: 11px; line-height: 16px;\"><strong>6. CONFIDENTIALITY</strong>\r\n                                </p>\r\n                                <ul style=\"list-style:none; font-size:11px; line-height: 16px;\">\r\n                                    <li>6.1. You shall not disclose to any third party any confidential information obtained during your course of employment unless expressly authorised by the Company. Should your work be confidential in nature, the Company can at its discretion require you to sign a non-disclosure agreement.</li>\r\n                                    <li>6.2. Confidential information for the purposes of this Agreement includes and is not limited tofiles, employment records, database reports, report formats, financial statements, financial figures, products, product listings, product prices and all other information designated as confidential in the course of your employment. It also includes intellectual property, proprietary information, business plans, strategies, financial information and any other information that will affect the Company\'s competitive position..</li>\r\n                                    <li>6.3. You shall not without prior written consent of the Company destroy, make copies, duplicate or reproduce in any form the Company\'s confidential information.</li>\r\n                                    <li>6.4. Your obligations to maintain confidentiality and secrecy shall apply after your employment until such time that the information is no longer confidential or has been made public by the Company.</li>\r\n                                </ul>\r\n\r\n                                <p style=\"font-size: 11px; line-height: 16px;\"><strong>7. OUTSIDE EMPLOYMENT</strong>\r\n                                </p>\r\n                                <ul style=\"list-style:none; font-size:11px; line-height: 16px;\">\r\n                                    <li>7.1. You are expected to devote your time, skill and attention during working hours to your workfor the Company. Should the Company find out that you are working on unauthorized projects or businesses outside of the Company, it will be considered a valid ground for termination.</li>\r\n                                </ul>\r\n\r\n                                <p style=\"font-size: 11px; line-height: 16px;\"><strong>8. STANDARD OF CONDUCT</strong>\r\n                                </p>\r\n                                <ul style=\"list-style:none; font-size:11px; line-height: 16px;\">\r\n                                    <li>8.1. You should carry out your role in the Company with utmost good faith, diligence, efficiency and effectiveness. You shall at all times observe and obey the Company’s policies, rules and regulations and conduct yourself in a manner consistent with the Company’s norms, values and standards.</li>\r\n                                    <li>8.2. You shall not enter into any transaction of whatever nature which may directly or indirectly adversely affect the Company or may give rise to a situation where there is conflict of interest.</li>\r\n                                    <li>8.3. Should you be found guilty of misdemeanor, misconduct, soliciting business for personal gains through the Company, negligence or breach of any terms and conditions of service or policies, rules and regulations laid down by the Company, the Company reserves the right to terminate your service subject to the requirements provided under the Philippine Labor Laws.</li>\r\n                                </ul>\r\n\r\n                                <p style=\"font-size: 11px; line-height: 16px;\"><strong>9. GOVERNING LAW</strong>\r\n                                </p>\r\n                                <ul style=\"list-style:none; font-size:11px; line-height: 16px;\">\r\n                                    <li>9.1. This Employment Agreement shall be governed by and construed in accordance with thePhilippine Labor Law. If any part of this Employment Agreement is void or unenforceable, such provision shall not affect the validity of any of its provisions.</li>\r\n                                </ul>\r\n\r\n                                <p style=\"font-size: 11px; line-height: 16px;\">Please confirm your acceptance of the above terms and conditions by initialling on each page, signing the <strong>Note of Acceptance</strong> below and returning to us the duplicate copy of this Agreement within <strong>seven (7) days</strong> from the date of this Letter.\r\n                                </p>\r\n\r\n                                <p style=\"font-size: 11px; line-height: 16px;\">We look forward to your joining our family and helping us inspire better lives.\r\n                                </p>\r\n\r\n                                <p style=\"font-size: 11px; line-height: 16px;\">For and on behalf of the Company and the HDI Group of Companies.\r\n                                </p>\r\n\r\n\r\n                                <table cellpadding=\'0\' cellspacing=\'0\' border=\'0\' width=\'250px\' style=\" font-size: 11px; margin: 30px 0 20px 0;\">\r\n                                    \r\n                                     <tr>\r\n                                        <td align=\"center\" colspan=\"2\" style=\'height: 40px;\'>{{HRmanager}}</td>\r\n                                    </tr>\r\n                                    <tr>\r\n                                        <td style=\'height: 30px; border-top: 1px solid #000000;\'><strong><center>HR/OD</center></td>\r\n                                    </tr>\r\n                                </table>\r\n\r\n                                <br><br>\r\n\r\n                                <hr>\r\n                                <h4 style=\"font-size: 18px; margin-bottom: 30px;\"><center>Note of Acceptance</center></h4>\r\n\r\n                                <p style=\"font-size: 11px; line-height: 16px;\">{{date}}\r\n                                </p>\r\n\r\n                                <p style=\"font-size: 11px; line-height: 16px;\">I, {{recipients}} of {{address1}} {{address2}}, {{idnumber}}, do hereby accept the terms and conditions of employment at {{company_code}} _____________ as laid out above.\r\n                                </p>\r\n\r\n                                <p style=\"font-size: 11px; line-height: 16px;\">In addition, I shall not disclose to any person, firm or company whatsoever, any information relating to business, trade or corporate secrets of the Company or any person of its subsidiaries or affiliates, or any other similar information of which I have or shall thereafter at anytime possess during or after termination for whatever reasons.\r\n                                </p>\r\n\r\n                                <p style=\"font-size: 11px; line-height: 16px;\">All books, files, forms, reports, accounts, papers and documents relating in any manner to the corporation’s business, vendors, supplies or customers, whether prepared by me or anyone else, are the exclusive property of the Company and shall be returned immediately to the Company upon termination of my employment for any cause whatsoever, or upon the Company’s request at any time.\r\n                                </p>\r\n\r\n                                <p style=\"font-size: 11px; line-height: 16px;\">I further confirm that I will not, during the period of six (6) months after termination of my employment, directly or indirectly, either for myself or for any other person, firm or corporation, call upon, compete for, solicit, divert, or take away, any of the customers, suppliers, endorsers or advertisers of the corporation. Neither shall I compete against the Company as an employee, investor, broker, consultant, etc. of a company engaged in the same business as the Company within the same six (6) month period stated above.\r\n                                </p>\r\n\r\n                                <table cellpadding=\'0\' cellspacing=\'0\' border=\'0\' width=\'250px\' style=\" font-size: 11px; margin: 30px 0 20px 0;\">\r\n                                    \r\n                                     <tr>\r\n                                        <td colspan=\"2\" style=\'height: 40px;\'></td>\r\n                                    </tr>\r\n                                    <tr>\r\n                                        <td style=\'height: 30px; border-top: 1px solid #000000;\'><strong><center>Printed Name and Signature Date</center></td>\r\n                                    </tr>\r\n                                </table>\r\n\r\n\r\n\r\n\r\n                                \r\n\r\n\r\n                                <!-- BEGIN SECTION 1-->\r\n                                \r\n\r\n\r\n\r\n\r\n<!-- \r\n                            </td>\r\n                        </tr> \r\n                        \r\n                    </table>\r\n\r\n                </td>\r\n            </tr> \r\n        </table>  -->\r\n    </body>\r\n<!-- BEGIN BODY -->\r\n</html>\r\n',NULL,0),(42,123,'INTERVIEW-ASSESSMENT','Interview Assessment Form',NULL,'<!DOCTYPE html PUBLIC \"-//W3C//DTD HTML 4.01 Transitional//EN\">\r\n\r\n<html lang=\"en\">\r\n    <!-- BEGIN HEAD-->\r\n    <head>\r\n        <meta http-equiv=\"Content-Type\" content=\"text/html; charset=utf-8\">\r\n        <title></title>\r\n        <style>\r\n            body\r\n            {\r\n                \r\n\r\n            font-family:Arial;\r\n            font-size: 10px;\r\n\r\n            \r\n            }\r\n\r\n\r\n            td\r\n            {\r\n                \r\n                padding:0;\r\n            }\r\n            .header h2\r\n            {\r\n                padding-left: 20px;\r\n                padding-right: 20px;\r\n                padding-top: 20px;\r\n                font-size: 18px;\r\n            }\r\n\r\n            .header h3\r\n            {\r\n                padding-bottom: 15px;\r\n                padding-left: 20px;\r\n                padding-right: 20px;\r\n                font-size: 12px;\r\n                color: #666666;\r\n            }\r\n\r\n            .np1\r\n            {\r\n                color: #666;\r\n                font-size: 14px;\r\n                margin: -18px 18px 0;\r\n            }\r\n\r\n            .mp1\r\n            {\r\n                float: right;\r\n                margin: 0 22px 0 0;\r\n            }\r\n\r\n            .header_sub\r\n            {\r\n                width: 755px;\r\n                margin: 5px 0 0;\r\n                border-radius: 5px 5px 0 0;\r\n            }\r\n\r\n                .header_sub h2\r\n                {\r\n                    padding: 10px;\r\n                    font-size: 12px;\r\n                    color: #f1f1f1;\r\n                    margin: -3px 3px 0 0;\r\n                    height: 10px;\r\n                }\r\n\r\n            #f1\r\n            {\r\n                padding-top: 10px;\r\n            }\r\n\r\n            #ip1\r\n            {\r\n                width: 100%;\r\n                text-align: justify;\r\n                font-size: 12px;\r\n                color: #333;\r\n            }\r\n\r\n                #ip1 h3\r\n                {\r\n                    font-size: 12px;\r\n                }\r\n\r\n            .im1\r\n            {\r\n                float: right;\r\n                margin: -40px 0 0 0;\r\n                font-size: 8px;\r\n            }\r\n\r\n            .alfin\r\n            {\r\n                margin-left: 18px;\r\n                width: 300px;\r\n                color: #2b2b2b;\r\n                width: 400px;\r\n                font-size: 13px;\r\n                background: url(\"/images/bg.widget.png\") repeat scroll;\r\n                border: 0.3px solid #b6b6b6;\r\n            }\r\n\r\n                .p th\r\n                {\r\n                    font-size: 12px;\r\n                    width: 140px;\r\n                }\r\n\r\n                .prdt tr\r\n                {\r\n                    background: #fff;\r\n                }\r\n\r\n            .espaco\r\n            {\r\n                height: 5px;\r\n            }\r\n\r\n            #borderrightCF\r\n            {\r\n                border-right: 1px solid #ccc;\r\n            }\r\n\r\n            .alfin\r\n            {\r\n                padding: 10px 20px 10px;\r\n                font-size: 10px;\r\n                border-bottom: 1px solid #f1f1f1;\r\n            }\r\n\r\n            .alrsp\r\n            {\r\n                margin: -18px 0px 0;\r\n                font-size: 10px;\r\n            }\r\n\r\n                .alrsp span\r\n                {\r\n                    color: #000;\r\n                    text-decoration: underline;\r\n                    margin: 0 5px;\r\n                }\r\n\r\n            .albr\r\n            {\r\n                padding: 10px 0 0 0;\r\n            }\r\n\r\n            .iwg\r\n            {\r\n                font-size: 9px;\r\n                color: #0A73C3;\r\n                width: 200px;\r\n                text-align: justify;\r\n            }\r\n\r\n            .tp01\r\n            {\r\n                border-collapse: collapse;\r\n            }\r\n\r\n                .tp01 th\r\n                {\r\n                    color: white;\r\n                    border: 1px solid #e4e4e4;\r\n                }\r\n\r\n                .tp01 td, .myTable th\r\n                {\r\n                    padding: 5px;\r\n                    border: 1px solid #e4e4e4;\r\n                }\r\n            .auto-style1\r\n            {\r\n                height: 30px;\r\n                width: 566px;\r\n            }\r\n            .auto-style3\r\n            {\r\n                width: 609px;\r\n            }\r\n        </style>\r\n    </head>\r\n    <!-- END HEAD -->\r\n    <!-- BEGIN BODY -->\r\n    <body bgcolor=\"#ffffff\" topmargin=\"0\" leftmargin=\"0\" marginheight=\"0\" marginwidth=\"0\" style=\"-webkit-font-smoothing: antialiased; width: 100% !important; -webkit-text-size-adjust: none;\">\r\n\r\n      <!--   <table width=\"100%\" cellpadding=\"0\" cellspacing=\"0\" border=\"0\">\r\n            <tr>\r\n                <td width=\"100%\">\r\n\r\n                    <table width=\"755\" cellpadding=\"0\" cellspacing=\"0\" border=\"0\" align=\"center\" class=\"table\">\r\n                        <tr>\r\n                            <td width=\"755\" class=\"cell\"> -->\r\n                                <!-- BEGIN HEADER CONTAINER -->\r\n                                <table align=\"center\" style=\"width: 755px; height: auto; background: #fff; margin-bottom: 10px;overflow: wrap;\">\r\n                                    <tr style=\"border: 1px solid #ccc;\">\r\n                                      <!--   <td class=\"auto-style3\">\r\n                                            <table>\r\n                                                <tr> -->\r\n                                                    <td style=\"width: 200px;\">\r\n                                                        <img src=\"assets/img/hdi_resource-logo.png\" style=\"width: 160px;\">\r\n                                                    </td>\r\n                                                    <td >\r\n                                                        <div class=\"header\">\r\n                                                            <h2>INTERVIEW ASSESSMENT FORM</h2>\r\n                                                        </div>\r\n                                                    </td>\r\n                                              <!--   </tr>\r\n                                            </table>\r\n                                        </td> -->\r\n                                        <!-- <td>\r\n                                            <table>\r\n                                                <tr>\r\n                                                    <td style=\"padding-left: 20px; \" class=\"auto-style1\">\r\n                                                        <div class=\"mp1\">\r\n                                                        </div>\r\n                                                    </td>\r\n                                                </tr>\r\n                                            </table>\r\n                                        </td> -->\r\n                                    </tr>\r\n                                </table>\r\n\r\n                                <br>\r\n                                <!-- EMPLOYEE INFORMATION -->\r\n                              <!--   <table align=\"center\" style=\"width: 755px; height: auto; background: #fff; margin-bottom: 10px;overflow: wrap;\">\r\n                                    <tr>\r\n                                        <td> -->\r\n                                            <div class=\"header_sub\">\r\n                                                <table class=\"tp01\" cellpadding=\"0\" cellspacing=\"0\" border=\"0\" align=\"left\" width=\"755px\" style=\" font-size: 11px; \">\r\n                                                    <tr style=\"border: 1px solid #ccc; \">\r\n                                                        <td style=\"padding-left: 20px; height: 30px; padding-bottom: 15px;\" width=\"280\"><strong>Name</strong>&nbsp;{{recipients}}</td>\r\n                                                        <td  style=\"padding-bottom: 15px;\" width=\"250\"><strong>Position Applied For</strong>&nbsp;{{position}}</td>\r\n                                                        <td style=\"padding-bottom: 15px;\"><strong>Date</strong>&nbsp;{{date}}</td>\r\n                                                    </tr>\r\n                                                </table>\r\n\r\n                                            </div>\r\n                                   <!--      \r\n                                    <tr>\r\n                                        <td> -->\r\n                                            <br>\r\n                                        <p style=\"font-size: 10px; margin-top: 5px;\">To the Interviewer: As you complete your interview, please tick the box that closely or represents your assessment of the candidate. You may also use the space provided to include other inputs or remarks you may have which will help in further assessing the candidate.</p>\r\n                                    <!--     </td>\r\n                                    </tr>\r\n                                </table> -->\r\n\r\n                                <!-- BEGIN SECTION 1-->\r\n                                <!-- <table  align=\'center\' style=\'width: 755px; height: auto; background: #fff;overflow: wrap;\'>\r\n                                    <tr>\r\n                                        <td> -->\r\n                                            <div class=\'header_sub\' >\r\n                                                <table style=\"width: 755px; height: auto;background: #575757; margin-bottom: 5px;color: #f1f1f1;\">\r\n                                                    <tr > \r\n                                                        <td >\r\n                                                            <h2>ELIGIBILITY </h2>\r\n                                                        </td>\r\n                                                    </tr>\r\n                                                </table>\r\n                                                <table class=\'tp01\' cellpadding=\'0\' cellspacing=\'0\' border=\'0\' align=\'center\' width=\'100%\' style=\" font-size: 11px; margin-bottom: 10px;\">\r\n                                                    <tr style=\'border: 1px solid #ccc;background: #EAEAEA;\'>\r\n                                                        <td style=\'padding-left: 20px; height: 30px;\' colspan=\"2\"><strong><center>Evidence of Skills</center></strong></td>\r\n                                                        <td width=\'300px\'><strong>Other Remarks</td>\r\n                                                    </tr>\r\n                                                    <tr style=\'border: 1px solid #ccc;\'>\r\n                                                        <td style=\'padding-left: 20px; height: 30px;\'><strong>Education</strong></td>\r\n                                                        <td width=\'300px\'></td>\r\n                                                        <td style=\'color:#666\'>Text</td>\r\n                                                    </tr>\r\n                                                    <tr>\r\n                                                        <td style=\'padding-left: 20px; height: 30px;\'><strong>Skill</strong></td>\r\n                                                        <td></td>\r\n                                                        <td style=\'color:#666\'>Text</td>\r\n                                                    </tr>\r\n                                                    <tr>\r\n                                                        <td style=\'padding-left: 20px; height: 30px;\'><strong>Exprerience</strong></td>\r\n                                                        <td ></td>\r\n                                                        <td style=\'color:#666\'>Text</td>\r\n                                                    </tr>\r\n                                                </table>\r\n\r\n                                            </div>\r\n                                       <!--  </td>\r\n                                    </tr>\r\n                                </table> -->\r\n\r\n                                <!-- BEGIN SECTION 2-->\r\n                               <!--  <table  align=\'center\' style=\'width: 755px; height: auto; background: #fff;overflow: wrap;\'>\r\n                                    <tr>\r\n                                        <td> -->\r\n                                            <div class=\'header_sub\' >\r\n                                                <table style=\"width: 755px; background: #575757; margin-bottom: 5px;overflow: wrap;color: #f1f1f1;\">\r\n                                                    <tr > \r\n                                                        <td >\r\n                                                            <h2>SUITABILITY</h2>\r\n                                                        </td>\r\n                                                    </tr>\r\n                                                </table>\r\n                                                <table class=\'tp01\' cellpadding=\'0\' cellspacing=\'0\' border=\'0\' align=\'center\' width=\'100%\' style=\" font-size: 11px; margin-bottom: 10px;overflow: wrap;\">\r\n                                                    <tr style=\'border: 1px solid #ccc;background: #EAEAEA;\'>\r\n                                                        <td style=\'padding-left: 20px; height: 30px;\' colspan=\"2\"><strong><center>Evidence of Skills</center></strong></td>\r\n                                                        <td width=\'300px\'><strong>Other Remarks</td>\r\n                                                    </tr>\r\n                                                    <tr style=\'border: 1px solid #ccc;\'>\r\n                                                        <td style=\'padding-left: 20px; height: 30px;\'><strong>Education</strong></td>\r\n                                                        <td width=\'300px\'></td>\r\n                                                        <td style=\'color:#666\'>Text</td>\r\n                                                    </tr>\r\n                                                    <tr>\r\n                                                        <td style=\'padding-left: 20px; height: 30px;\'><strong>Skill</strong></td>\r\n                                                        <td></td>\r\n                                                        <td style=\'color:#666\'>Text</td>\r\n                                                    </tr>\r\n                                                    <tr>\r\n                                                        <td style=\'padding-left: 20px; height: 30px;\'><strong>Exprerience</strong></td>\r\n                                                        <td ></td>\r\n                                                        <td style=\'color:#666\'>Text</td>\r\n                                                    </tr>\r\n                                                </table>\r\n\r\n                                            </div>\r\n                                       <!--  </td>\r\n                                    </tr>\r\n                                </table> -->\r\n\r\n                                <!-- BEGIN SECTION 3-->\r\n                               <!--  <table  align=\'center\' style=\'width: 755px; height: auto; background: #fff;overflow: wrap;\'>\r\n                                    <tr>\r\n                                        <td> -->\r\n                                            <div class=\'header_sub\' >\r\n                                                <table style=\"width: 755px; background: #575757; margin-bottom: 5px;overflow: wrap;color: #f1f1f1;\">\r\n                                                    <tr > \r\n                                                        <td >\r\n                                                            <h2>FUNCTIONAL</h2>\r\n                                                        </td>\r\n                                                    </tr>\r\n                                                </table>\r\n                                                <table class=\'tp01\' cellpadding=\'0\' cellspacing=\'0\' border=\'0\' align=\'center\' width=\'100%\' style=\" font-size: 11px; margin-bottom: 10px;overflow: wrap;\">\r\n                                                    <tr>\r\n                                                        <td style=\'padding-left: 20px; height: 30px;\'><strong>Competency</strong></td>\r\n                                                        <td >Interviewer 1</td>\r\n                                                        <td>Interviewer 2</td>\r\n                                                        <td>Interviewer 3</td>\r\n                                                    </tr>\r\n                                                    <tr>\r\n                                                        <td style=\'padding-left: 20px; height: 30px;\'>1.</td>\r\n                                                        <td ></td>\r\n                                                        <td></td>\r\n                                                        <td></td>\r\n                                                    </tr>\r\n                                                    <tr>\r\n                                                        <td style=\'padding-left: 20px; height: 30px;\'>2.</td>\r\n                                                        <td ></td>\r\n                                                        <td></td>\r\n                                                        <td></td>\r\n                                                    </tr>\r\n                                                    <tr>\r\n                                                        <td style=\'padding-left: 20px; height: 30px;\'>3.</td>\r\n                                                        <td ></td>\r\n                                                        <td></td>\r\n                                                        <td></td>\r\n                                                    </tr>\r\n                                                    <tr>\r\n                                                        <td style=\'padding-left: 20px; height: 30px;\'>4.</td>\r\n                                                        <td ></td>\r\n                                                        <td></td>\r\n                                                        <td></td>\r\n                                                    </tr>\r\n                                                    <tr>\r\n                                                        <td style=\'padding-left: 20px; height: 30px;\'>5.</td>\r\n                                                        <td ></td>\r\n                                                        <td></td>\r\n                                                        <td></td>\r\n                                                    </tr>\r\n                                                </table>\r\n\r\n                                            </div>\r\n                                        <!-- </td>\r\n                                    </tr>\r\n                                </table> -->\r\n\r\n                                <!-- BEGIN SECTION 4-->\r\n                                <!-- <table  align=\'center\' style=\'width: 755px; height: auto; background: #fff;overflow: wrap;\'>\r\n                                    <tr>\r\n                                        <td> -->\r\n                                            <div class=\'header_sub\' >\r\n                                                <table style=\"width: 755px; background: #575757; margin-bottom: 5px;overflow: wrap;color: #f1f1f1;\">\r\n                                                    <tr > \r\n                                                        <td >\r\n                                                            <h2>OVERALL ASSESSMENT</h2>\r\n                                                        </td>\r\n                                                    </tr>\r\n                                                </table>\r\n                                                <table class=\'tp01\' cellpadding=\'0\' cellspacing=\'0\' border=\'0\' align=\'center\' width=\'100%\' style=\" font-size: 11px; margin-bottom: 10px;overflow: wrap;\">\r\n                                                    <tr>\r\n                                                        <td style=\'padding-left: 20px; height: 100px;\' width=\"100%\"></td>\r\n                                                    </tr>\r\n                                                    <tr>\r\n                                                        <td style=\'padding-left: 20px;\' width=\"100%\">Salary Expectation:&nbsp;{{desired_salary}}</td>\r\n                                                    </tr>\r\n                                                </table>\r\n\r\n                                            </div>\r\n                                        <!-- </td>\r\n                                    </tr>\r\n                                </table> -->\r\n\r\n                                <!-- BEGIN SECTION 3-->\r\n                               <!--  <table  align=\'center\' style=\'width: 755px; height: auto; background: #fff;overflow: wrap;\'>\r\n                                    <tr>\r\n                                        <td> -->\r\n                                            <div class=\'header_sub\' >\r\n                                                <table style=\"width: 755px; background: #575757; margin-bottom: 5px;overflow: wrap;color: #f1f1f1;\">\r\n                                                    <tr > \r\n                                                        <td >\r\n                                                            <h2>RECOMMENDATION</h2>\r\n                                                        </td>\r\n                                                    </tr>\r\n                                                </table>\r\n                                                <table class=\'tp01\' cellpadding=\'0\' cellspacing=\'0\' border=\'0\' align=\'center\' width=\'100%\' style=\" font-size: 11px; margin-bottom: 10px;overflow: wrap;\">\r\n                                                    <tr>\r\n                                                        <td style=\'padding: 0 0 20px 0; height: 50px; font-weight:bold;\'><center>Interviewer 1</center></td>\r\n                                                        <td style=\'padding: 0 0 20px 0; height: 50px; font-weight:bold;\'><center>Interviewer 2</center></td>\r\n                                                        <td style=\'padding: 0 0 20px 0; height: 50px; font-weight:bold;\'><center>Interviewer 3</center></td>\r\n                                                    </tr>\r\n                                                    <tr>\r\n                                                        <td style=\'padding: 20px 0 0 0; height: 50px;\'><center>Name & Signature</center></td>\r\n                                                        <td style=\'padding: 20px 0 0 0; height: 50px;\'><center>Name & Signature</center></td>\r\n                                                        <td style=\'padding: 20px 0 0 0; height: 50px;\'><center>Name & Signature</center></td>\r\n                                                    </tr>\r\n                                            \r\n                                                </table>\r\n\r\n                                            </div>\r\n                                     <!--    </td>\r\n                                    </tr>\r\n                                </table> -->\r\n\r\n\r\n<!-- \r\n                            </td>\r\n                        </tr> \r\n                        \r\n                    </table>\r\n\r\n                </td>\r\n            </tr> \r\n        </table>  -->\r\n    </body>\r\n<!-- BEGIN BODY -->\r\n</html>\r\n',NULL,1),(43,123,'BACKGROUND-CHECK-FORM','Background Investigation Form',NULL,'<!DOCTYPE html PUBLIC \"-//W3C//DTD HTML 4.01 Transitional//EN\">\r\n\r\n<html lang=\"en\">\r\n    <!-- BEGIN HEAD-->\r\n    <head>\r\n        <meta http-equiv=\"Content-Type\" content=\"text/html; charset=utf-8\">\r\n        <title></title>\r\n        <style>\r\n            body\r\n            {\r\n                \r\n\r\n            font-family:Arial;\r\n            font-size: 10px;\r\n\r\n            \r\n            }\r\n\r\n\r\n            td\r\n            {\r\n                \r\n                padding:0;\r\n            }\r\n            .header h2\r\n            {\r\n                padding-left: 20px;\r\n                padding-right: 20px;\r\n                padding-top: 20px;\r\n                font-size: 18px;\r\n            }\r\n\r\n            .header h3\r\n            {\r\n                padding-bottom: 15px;\r\n                padding-left: 20px;\r\n                padding-right: 20px;\r\n                font-size: 12px;\r\n                color: #666666;\r\n            }\r\n\r\n            .np1\r\n            {\r\n                color: #666;\r\n                font-size: 14px;\r\n                margin: -18px 18px 0;\r\n            }\r\n\r\n            .mp1\r\n            {\r\n                float: right;\r\n                margin: 0 22px 0 0;\r\n            }\r\n\r\n            .header_sub\r\n            {\r\n                width: 755px;\r\n                margin: 5px 0 0;\r\n                border-radius: 5px 5px 0 0;\r\n            }\r\n\r\n                .header_sub h2\r\n                {\r\n                    padding: 10px;\r\n                    font-size: 12px;\r\n                    color: #f1f1f1;\r\n                    margin: -3px 3px 0 0;\r\n                    height: 10px;\r\n                }\r\n\r\n            #f1\r\n            {\r\n                padding-top: 10px;\r\n            }\r\n\r\n            #ip1\r\n            {\r\n                width: 100%;\r\n                text-align: justify;\r\n                font-size: 12px;\r\n                color: #333;\r\n            }\r\n\r\n                #ip1 h3\r\n                {\r\n                    font-size: 12px;\r\n                }\r\n\r\n            .im1\r\n            {\r\n                float: right;\r\n                margin: -40px 0 0 0;\r\n                font-size: 8px;\r\n            }\r\n\r\n            .alfin\r\n            {\r\n                margin-left: 18px;\r\n                width: 300px;\r\n                color: #2b2b2b;\r\n                width: 400px;\r\n                font-size: 13px;\r\n                background: url(\"/images/bg.widget.png\") repeat scroll;\r\n                border: 0.3px solid #b6b6b6;\r\n            }\r\n\r\n                .p th\r\n                {\r\n                    font-size: 12px;\r\n                    width: 140px;\r\n                }\r\n\r\n                .prdt tr\r\n                {\r\n                    background: #fff;\r\n                }\r\n\r\n            .espaco\r\n            {\r\n                height: 5px;\r\n            }\r\n\r\n            #borderrightCF\r\n            {\r\n                border-right: 1px solid #ccc;\r\n            }\r\n\r\n            .alfin\r\n            {\r\n                padding: 10px 20px 10px;\r\n                font-size: 10px;\r\n                border-bottom: 1px solid #f1f1f1;\r\n            }\r\n\r\n            .alrsp\r\n            {\r\n                margin: -18px 0px 0;\r\n                font-size: 10px;\r\n            }\r\n\r\n                .alrsp span\r\n                {\r\n                    color: #000;\r\n                    text-decoration: underline;\r\n                    margin: 0 5px;\r\n                }\r\n\r\n            .albr\r\n            {\r\n                padding: 10px 0 0 0;\r\n            }\r\n\r\n            .iwg\r\n            {\r\n                font-size: 9px;\r\n                color: #0A73C3;\r\n                width: 200px;\r\n                text-align: justify;\r\n            }\r\n\r\n            .tp01\r\n            {\r\n                border-collapse: collapse;\r\n            }\r\n\r\n                .tp01 th\r\n                {\r\n                    color: white;\r\n                    border: 1px solid #e4e4e4;\r\n                }\r\n\r\n                .tp01 td, .myTable th\r\n                {\r\n                    padding: 5px;\r\n                    border: 1px solid #e4e4e4;\r\n                }\r\n            .auto-style1\r\n            {\r\n                height: 30px;\r\n                width: 566px;\r\n            }\r\n            .auto-style3\r\n            {\r\n                width: 900px;\r\n            }\r\n        </style>\r\n    </head>\r\n    <!-- END HEAD -->\r\n    <!-- BEGIN BODY -->\r\n    <body bgcolor=\"#ffffff\" topmargin=\"0\" leftmargin=\"0\" marginheight=\"0\" marginwidth=\"0\" style=\"-webkit-font-smoothing: antialiased; width: 100% !important; -webkit-text-size-adjust: none;\">\r\n\r\n       <!--  <table width=\"100%\" cellpadding=\"0\" cellspacing=\"0\" border=\"0\" style=\"padding: 20px 0 20px 0\">\r\n            <tr>\r\n                <td width=\"100%\">\r\n\r\n                    <table width=\"755\" cellpadding=\"0\" cellspacing=\"0\" border=\"0\" align=\"center\" class=\"table\">\r\n                        <tr>\r\n                            <td width=\"755\" class=\"cell\"> -->\r\n                                <!-- BEGIN HEADER CONTAINER -->\r\n                               <!--  <table align=\"center\" style=\"width: 755px; height: auto; background: #fff; margin-bottom: 10px;overflow: wrap;\">\r\n                                    <tr style=\"border: 1px solid #ccc;\">\r\n                                        <td class=\"auto-style3\"> -->\r\n                                            <table style=\"width: 755px; height: auto; background: #fff; margin-bottom: 10px;overflow: wrap;\">\r\n                                                <tr>\r\n                                                    <td style=\"width: 200px;\">\r\n                                                        <img src=\"assets/img/hdi_resource-logo.png\" style=\"width: 160px;\">\r\n                                                    </td>\r\n                                                    <td >\r\n                                                        <div class=\"header\">\r\n                                                            <h1>Background Investigation Report</h1>\r\n                                                        </div>\r\n                                                    </td>\r\n                                                </tr>\r\n                                            </table>\r\n                                       <!--  </td>\r\n                                        <td> -->\r\n                                            <table>\r\n                                                <tr>\r\n                                                    <td style=\"padding-left: 20px; \" class=\"auto-style1\">\r\n                                                        <div class=\"mp1\">\r\n                                                        </div>\r\n                                                    </td>\r\n                                                </tr>\r\n                                            </table>\r\n                                       <!--  </td>\r\n                                    </tr>\r\n                                </table> -->\r\n\r\n\r\n                                <!-- BEGIN SECTION 1-->\r\n                                <table cellpadding=\'0\' cellspacing=\'0\' border=\'0\' align=\'center\' width=\'100%\' style=\" font-size: 11px; margin-bottom: 20px;overflow: wrap;\">\r\n                                    <tr>\r\n                                        <td style=\' height: 30px; width: 180px;\'><strong>CLIENT :</strong></td>\r\n                                        <td >{{company_code}}</td>\r\n                                        <td ><strong>REPORT DATE :</strong></td>\r\n                                        <td >{{date}}</span></td>\r\n                                    </tr>\r\n                                    <tr>\r\n                                        <td style=\' height: 30px; width: 180px;\'><strong>POSITION APPLIED FOR :</strong></td>\r\n                                        <td >{{position}}</td>\r\n                                        <td ><strong>LEVEL/ DEPT. :</strong></td>\r\n                                        <td >{{department}}</span></td>\r\n                                    </tr>\r\n                                </table>\r\n\r\n\r\n                                <table  align=\'center\' style=\'width: 755px; height: auto; background: #fff; border: 1px solid #e4e4e4;margin-bottom: 10px;overflow: wrap;\'>\r\n                                    <tr>\r\n                                        <td>\r\n                                            <table cellpadding=\'0\' cellspacing=\'0\' border=\'0\' align=\'center\' width=\'100%\' style=\" font-size: 11px;\">\r\n                                                <tr>\r\n                                                    <td style=\' height: 20px; width: 350px;\' colspan=\"4\"><strong>APPLICANT’S</strong></td>\r\n                                                \r\n                                                </tr>\r\n                                                <tr>\r\n                                                    <td style=\' height: 10px;\' colspan=\"4\"><strong>NAME:</strong></td>\r\n                                                </tr>\r\n                                                <tr>\r\n                                                    <td style=\' height: 5px; font-size: 11px;\' colspan=\"2\"><center>{{lastname}}</center></td>\r\n                                                    <td style=\' height: 5px; font-size: 11px;\'><center>{{firstname}}</center></td>\r\n                                                    <td style=\' height: 5px; font-size: 11px;\'><center>{{middlename}}</center></td>\r\n                                                </tr>\r\n                                                <tr>\r\n                                                    <td style=\' height: 5px; font-size: 9px; color: #CCCCCC;\' colspan=\"2\"><center>Last Name</center></td>\r\n                                                    <td style=\' height: 5px; font-size: 9px; color: #CCCCCC;\'><center>Given Name</center></td>\r\n                                                    <td style=\' height: 5px; font-size: 9px; color: #CCCCCC;\'><center>Middle Name</center></td>\r\n                                                </tr>\r\n                                                <tr>\r\n                                                    <td style=\' height: 5px; font-size: 11px;\'><strong>GENDER:</strong></td>\r\n                                                    <td style=\' height: 3px; font-size: 9px;\'><input type=\"checkbox\" {{male}}> Male <input type=\"checkbox\" {{female}}> Female</td>\r\n                                                    <td style=\' height: 5px; font-size: 11px; width: 100px;\' rowspan=\"4\"><strong>CIVIL STATUS:</strong></td>\r\n                                                    <td style=\' height: 3px; font-size: 9px;\'><input type=\"checkbox\" {{single}}> Single </td>\r\n                                                </tr>\r\n                                                 <tr>\r\n                                                    <td style=\' height: 5px; font-size: 11px;\' rowspan=\"3\"><strong>AGE/DOB:</strong></td>\r\n                                                    <td style=\' height: 5px; font-size: 11px;\' rowspan=\"3\">{{age/db}}</td>\r\n                                                    <td style=\' height: 5px; font-size: 9px;\'><input type=\"checkbox\" {{married}}> Married </td>\r\n                                                </tr>\r\n                                                <tr>\r\n\r\n                                                    <td style=\' height: 3px; font-size: 9px;\'><input type=\"checkbox\" {{divorced}}> Separated/Annulled</td>\r\n                                                </tr>\r\n                                                <tr>\r\n                                                    <td style=\' height: 3px; font-size: 9px;\'><input type=\"checkbox\" {{widow}}> Widow Widower</td>\r\n                                                </tr>\r\n                                            </table>\r\n                                        </td>\r\n                                        <td style=\' height: 30px; width: 132px; border: 1px solid #cccccc;\' rowspan=\"3\"><center>{{profilePic}}</center></td>\r\n                                    </tr>\r\n                                </table>\r\n\r\n                                <table  align=\'center\' style=\'width: 755px; height: auto; background: #fff;  margin-bottom: 10px;\'>\r\n                                    <tr>\r\n                                        <td>\r\n                                            <table cellpadding=\'0\' cellspacing=\'0\' border=\'0\' align=\'center\' width=\'100%\' style=\" font-size: 11px;\">\r\n                                                <tr>\r\n                                                    <td style=\'height: 30px; width: 150px;\'><strong>RECOMMENDED</strong></td>\r\n                                                    <td style=\'height: 30px; width: 200px;\'><input type=\"checkbox\" {{recommend_yes}}>YES &nbsp;&nbsp;&nbsp;<input type=\"checkbox\" {{recommend_no}}>NO</td>\r\n                                                    <td style=\'height: 30px; width: 100px;\'>Remarks: </td>\r\n                                                    <td>{{remarks_here}} </td>\r\n                                                </tr>\r\n                                            </table>\r\n                                        </td>\r\n                                    </tr>\r\n                                </table>\r\n\r\n                                <table class=\'tp01\' cellpadding=\'0\' cellspacing=\'0\' border=\'0\' align=\'center\' width=\'100%\' style=\" font-size: 11px; margin-bottom: 10px;overflow: wrap;\">\r\n                                    <tr style=\'border: 1px solid #ccc;background: #EAEAEA;\'>\r\n                                        <td style=\'padding-left: 20px; height: 30px;\' colspan=\"4\"><strong><center>VERIFICATION SUMMARY</center></strong></td>\r\n                                    </tr>\r\n                                    <tr >\r\n                                        <td style=\'padding-left: 20px; height: 30px;\'><center>EMPLOYMENT HISTORY</center></td>\r\n                                        <td style=\'padding-left: 20px; height: 30px;\'><center>EDUCATION CHECK</center></td>\r\n                                        <td style=\'padding-left: 20px; height: 30px;\'><center>RESIDENCE CHECK</center></td>\r\n                                        <td style=\'padding-left: 20px; height: 30px;\'><center>SOCIAL MEDIA CHECK</center></td>\r\n                                    </tr>\r\n                                    <tr>\r\n                                        <td style=\'padding-left: 20px; height: 30px;\'>{{employment_history}}</td>\r\n                                        <td style=\'padding-left: 20px; height: 30px;\'>{{education_check}}</td>\r\n                                        <td style=\'padding-left: 20px; height: 30px;\'>{{residence_check}}</td>\r\n                                        <td style=\'padding-left: 20px; height: 30px;\'>{{socialmedia_check}}</td>\r\n                                    </tr>\r\n                                    <tr>\r\n                                        <td style=\'padding-left: 20px; padding-bottom: 30px;height: 30px;\'>SSS<br>{{sss_number}}</td>\r\n                                        <td style=\'padding-left: 20px; padding-bottom: 30px;height: 30px;\'>TIN<br>{{tin_number}}</td>\r\n                                        <td style=\'padding-left: 20px; padding-bottom: 30px;height: 30px;\'>CREDIT RECORD<br>{{credit_record}}</td>\r\n                                        <td style=\'padding-left: 20px; padding-bottom: 30px; height: 30px;\'>CRIMINAL RECORD<br>{{criminal_record}}</td>\r\n                                    </tr>\r\n\r\n\r\n                                </table>\r\n\r\n                                <table cellpadding=\'0\' cellspacing=\'0\' border=\'0\' align=\'center\' width=\'100%\' style=\"font-size: 17px; margin-bottom: 10px; border: 1px solid #e4e4e4;overflow: wrap;\">\r\n                                    <tr >\r\n                                        <td style=\'padding-left: 20px; height: 30px;width: 600px;\' colspan=\"2\"><strong>EMPLOYMENT HISTORY</strong></td>\r\n                                        <td style=\'width: 200px;\'>Status: <strong>{{employment_status}}</strong></td>\r\n                                    </tr>\r\n                                    <tr >\r\n                                        <td style=\'padding-left: 20px; height: 20px; width: 150px;\'>COMPANY</td>\r\n                                        <td style=\'padding-left: 20px; height: 20px; width: 500px;\' colspan=\"2\">{{employment-company}}</td>\r\n                                    </tr>\r\n                                    <tr >\r\n                                        <td style=\'padding-left: 20px; height: 20px; width: 150px;\'>ADDRESS</td>\r\n                                        <td style=\'padding-left: 20px; height: 20px; width: 500px;\' colspan=\"2\">{{employment-location}}</td>\r\n                                    </tr>\r\n                                    <tr >\r\n                                        <td style=\'padding-left: 20px; height: 20px; width: 150px;\'>CONTACT NO.</td>\r\n                                        <td style=\'padding-left: 20px; height: 20px; width: 500px;\' colspan=\"2\">{{employment-contact-number}}</td>\r\n                                    </tr>\r\n                                    <tr >\r\n                                        <td style=\'padding-left: 20px; height: 20px; width: 150px;\'>DATE START</td>\r\n                                        <td style=\'padding-left: 20px; height: 20px; width: 500px;\' colspan=\"2\">{{employment-month-hired}}, {{employment-year-hired}}</td>\r\n                                    </tr>\r\n                                    <tr >\r\n                                        <td style=\'padding-left: 20px; height: 20px; width: 150px;\'>POSITION</td>\r\n                                        <td style=\'padding-left: 20px; height: 20px; width: 500px;\' colspan=\"2\">{{employment-position-title}}</td>\r\n                                    </tr>\r\n                                    <tr >\r\n                                        <td style=\'padding-left: 20px; height: 20px; width: 150px;\'>REASON FOR LEAVING</td>\r\n                                        <td style=\'padding-left: 20px; height: 20px; width: 500px;\' colspan=\"2\">{{employment-reason-for-leaving}}</td>\r\n                                    </tr>\r\n                                    <tr >\r\n                                        <td style=\'padding-left: 20px; height: 20px; width: 150px;\'>SALARY</td>\r\n                                        <td style=\'padding-left: 20px; height: 20px; width: 500px;\' colspan=\"2\">{{employment-last-salary}}</td>\r\n                                    </tr>\r\n                                    <tr >\r\n                                        <td style=\'padding-left: 20px; height: 20px; width: 150px;\'>CONTACT PERSON</td>\r\n                                        <td style=\'padding-left: 20px; height: 20px; width: 500px;\' colspan=\"2\">{{employment-supervisor}}</td>\r\n                                    </tr>\r\n                                    <tr >\r\n                                        <td style=\'padding-left: 20px; height: 20px; width: 150px;\'>REMARKS</td>\r\n                                        <td style=\'padding-left: 20px; height: 20px; width: 500px;\' colspan=\"2\">{{employment_remarks}}</td>\r\n                                    </tr>\r\n                                </table>\r\n\r\n                                <table cellpadding=\'0\' cellspacing=\'0\' border=\'0\' align=\'center\' width=\'100%\' style=\" font-size: 17px; margin-bottom: 10px; border: 1px solid #e4e4e4;\">\r\n                                    <tr >\r\n                                        <td style=\'padding-left: 20px; height: 30px;width: 600px; \' colspan=\"2\"><strong>EDUCATION CHECK</strong></td>\r\n                                        <td style=\'width: 200px;\'>Status: <strong>{{educ_completed}}</strong></td>\r\n                                    </tr>\r\n                                    <tr >\r\n                                        <td style=\'padding-left: 20px; height: 20px; width: 150px;\'>SCHOOL</td>\r\n                                        <td style=\'padding-left: 20px; height: 20px; width: 500px;\' colspan=\"2\">{{education-school}}</td>\r\n                                    </tr>\r\n                                    <tr >\r\n                                        <td style=\'padding-left: 20px; height: 20px; width: 150px;\'>COURSE/DEGREE</td>\r\n                                        <td style=\'padding-left: 20px; height: 20px; width: 500px;\' colspan=\"2\">{{education-degree}}</td>\r\n                                    </tr>\r\n                                    <tr >\r\n                                        <td style=\'padding-left: 20px; height: 20px; width: 150px;\'>REMARKS</td>\r\n                                        <td style=\'padding-left: 20px; height: 20px; width: 500px;\' colspan=\"2\">{{education_remarks}}</td>\r\n                                    </tr>\r\n                                </table>\r\n\r\n                                <table cellpadding=\'0\' cellspacing=\'0\' border=\'0\' align=\'center\' width=\'100%\' style=\" font-size: 17px; margin-bottom: 10px; border: 1px solid #e4e4e4;\">\r\n                                    <tr >\r\n                                        <td style=\'padding-left: 20px; height: 30px;width: 600px; \' colspan=\"2\"><strong>RESIDENCE CHECK</strong></td>\r\n                                        <td style=\'width: 200px;\'>Status: <strong>{{residents_status}}</strong></td>\r\n                                    </tr>\r\n                                    <tr >\r\n                                        <td style=\'padding-left: 20px; height: 20px; width: 150px;\'>ADDRESS</td>\r\n                                        <td style=\'padding-left: 20px; height: 20px; width: 500px;\' colspan=\"2\">{{address1}}, {{address2}}</td>\r\n                                    </tr>\r\n                                    <tr >\r\n                                        <td style=\'padding-left: 20px; height: 20px; width: 150px;\'>REMARKS</td>\r\n                                        <td style=\'padding-left: 20px; height: 20px; width: 500px;\' colspan=\"2\">{{residence_remarks}}</td>\r\n                                    </tr>\r\n                                    <tr >\r\n                                        <td style=\'padding-left: 20px; height: 20px; width: 150px;\'>PHOTOS</td>\r\n                                        <td style=\'padding-left: 20px; height: 20px; width: 500px;\' colspan=\"2\">{{residents_photo}}</td>\r\n                                    </tr>\r\n                                </table>\r\n\r\n                                <table cellpadding=\'0\' cellspacing=\'0\' border=\'0\' align=\'center\' width=\'100%\' style=\" font-size: 17px; margin-bottom: 10px; border: 1px solid #e4e4e4;\">\r\n                                    <tr >\r\n                                        <td style=\'padding-left: 20px; height: 30px;width: 600px; \' colspan=\"2\"><strong>SOCIAL MEDIA CHECK</strong></td>\r\n                                        <td style=\'width: 200px;\'>Status: <strong>{{socialmedia_status}}</strong></td>\r\n                                    </tr>\r\n                                    <tr >\r\n                                        <td style=\'padding-left: 20px; height: 20px; width: 150px;\'>REMARKS</td>\r\n                                        <td style=\'padding-left: 20px; height: 20px; width: 500px;\' colspan=\"2\">{{socialmedia_remarks}}</td>\r\n                                    </tr>\r\n                                </table>\r\n\r\n                                <table cellpadding=\'0\' cellspacing=\'0\' border=\'0\' align=\'center\' width=\'100%\' style=\" font-size: 17px; margin-bottom: 10px; border: 1px solid #e4e4e4;\">\r\n                                    <tr >\r\n                                        <td style=\'padding-left: 20px; height: 30px;width: 600px; \' colspan=\"2\"><strong>SSS RECORD VERIFICATION</strong></td>\r\n                                        <td style=\'width: 200px;\'>Status: <strong>{{sss_status}}</strong></td>\r\n                                    </tr>\r\n                                    <tr >\r\n                                        <td style=\'padding-left: 20px; height: 20px; width: 150px;\'>SSS NUMBER</td>\r\n                                        <td style=\'padding-left: 20px; height: 20px; width: 500px;\' colspan=\"2\">{{sss_number}}</td>\r\n                                    </tr>\r\n                                    <tr>\r\n                                        <td style=\'padding-left: 20px; height: 20px; width: 150px;\'>REMARKS</td>\r\n                                        <td style=\'padding-left: 20px; height: 20px; width: 500px;\' colspan=\"2\">{{sss_remarks}}</td>\r\n                                    </tr>\r\n                                </table>\r\n\r\n                                <table cellpadding=\'0\' cellspacing=\'0\' border=\'0\' align=\'center\' width=\'100%\' style=\" font-size: 17px; margin-bottom: 10px; border: 1px solid #e4e4e4;\">\r\n                                    <tr >\r\n                                        <td style=\'padding-left: 20px; height: 30px;width: 600px;\' colspan=\"2\"><strong>TIN RECORD VERIFICATION</strong></td>\r\n                                        <td style=\'width: 200px;\'>Status: <strong>{{tin_status}}</strong></td>\r\n                                    </tr>\r\n                                    <tr >\r\n                                        <td style=\'padding-left: 20px; height: 20px; width: 150px;\'>TIN</td>\r\n                                        <td style=\'padding-left: 20px; height: 20px; width: 500px;\' colspan=\"2\">{{tin_number}}</td>\r\n                                    </tr>\r\n                                    <tr>\r\n                                        <td style=\'padding-left: 20px; height: 20px; width: 150px;\'>REMARKS</td>\r\n                                        <td style=\'padding-left: 20px; height: 20px; width: 500px;\' colspan=\"2\">{{tin_remarks}}</td>\r\n                                    </tr>\r\n                                </table>\r\n\r\n                                <table cellpadding=\'0\' cellspacing=\'0\' border=\'0\' align=\'center\' width=\'100%\' style=\" font-size: 17px; margin-bottom: 10px; border: 1px solid #e4e4e4;\">\r\n                                    <tr >\r\n                                        <td style=\'padding-left: 20px; height: 30px;width: 600px; \' colspan=\"2\"><strong>CREDIT INVESTIGATION</strong></td>\r\n                                        <td style=\'width: 200px;\'>Status: <strong>{{credit_status}}</strong></td>\r\n                                    </tr>\r\n                                    <tr >\r\n                                        <td style=\'padding-left: 20px; height: 20px; width: 150px;\'>RESULTS</td>\r\n                                        <td style=\'padding-left: 20px; height: 20px; width: 500px;\' colspan=\"2\">{{credit_remarks}}</td>\r\n                                    </tr>\r\n                                </table>\r\n\r\n                                <table cellpadding=\'0\' cellspacing=\'0\' border=\'0\' align=\'center\' width=\'100%\' style=\" font-size: 17px; margin-bottom: 10px; border: 1px solid #e4e4e4;\">\r\n                                    <tr >\r\n                                        <td style=\'padding-left: 20px; height: 30px;width: 600px;\' colspan=\"2\"><strong>CRIMINAL RECORD</strong></td>\r\n                                        <td style=\'width: 200px;\'>Status: <strong>{{criminal_status}}</strong></td>\r\n                                    </tr>\r\n                                    <tr >\r\n                                        <td style=\'padding-left: 20px; height: 20px; width: 150px;\'>RESULTS</td>\r\n                                        <td style=\'padding-left: 20px; height: 20px; width: 500px;\' colspan=\"2\">{{criminal_remarks}}</td>\r\n                                    </tr>\r\n                                </table>\r\n\r\n                                <table  align=\'center\' style=\'width: 755px; height: auto; background: #fff;\'>\r\n                                    <tr>\r\n                                        <td>\r\n                                            <table cellpadding=\'0\' cellspacing=\'0\' border=\'0\' align=\'center\' width=\'100%\' style=\" font-size: 11px; margin: 30px 0 10px 0;\">\r\n                                                <tr>\r\n                                                    <td style=\'padding: 0 0 20px 0; height: 50px; font-weight:bold;\'>Conducted by:</td>\r\n                                                    <td style=\'padding: 0 0 20px 0; height: 50px; font-weight:bold;\'>Noted by:</td>\r\n                                                </tr>\r\n                                                <tr>\r\n                                                    <td style=\'padding: 20px 0 0 0; height: 30px;font-weight:bold;\'>{{conducted_by}}</td>\r\n                                                    <td style=\'padding: 20px 0 0 0; height: 30px;font-weight:bold;\'>{{noted_by}}</td>\r\n                                                </tr>\r\n                                                <tr>\r\n                                                    <td style=\'height: 10px;\'>Position</td>\r\n                                                    <td style=\'height: 10px;\'>Position</td>\r\n                                                </tr>\r\n                                        \r\n                                            </table>\r\n                                        </td>\r\n                                    </tr>\r\n                                </table>\r\n\r\n                          <!--   </td>\r\n                        </tr> \r\n                        \r\n                    </table>\r\n\r\n                </td>\r\n            </tr> \r\n        </table>  -->\r\n    </body>\r\n<!-- BEGIN BODY -->\r\n</html>\r\n',NULL,0),(44,123,'PRE-EMPLOYMENT-CHECKLIST','Pre-employment Checklist',NULL,'<!DOCTYPE html PUBLIC \"-//W3C//DTD HTML 4.01 Transitional//EN\">\r\n\r\n<html lang=\"en\">\r\n    <!-- BEGIN HEAD-->\r\n    <head>\r\n        <meta http-equiv=\"Content-Type\" content=\"text/html; charset=utf-8\">\r\n        <title></title>\r\n        <style>\r\n            body\r\n            {\r\n                \r\n\r\n            font-family:Arial;\r\n            font-size: 10px;\r\n\r\n            \r\n            }\r\n\r\n\r\n            td\r\n            {\r\n                \r\n                padding:0;\r\n            }\r\n            .header h2\r\n            {\r\n                padding-left: 20px;\r\n                padding-right: 20px;\r\n                padding-top: 20px;\r\n                font-size: 18px;\r\n            }\r\n\r\n            .header h3\r\n            {\r\n                padding-bottom: 15px;\r\n                padding-left: 20px;\r\n                padding-right: 20px;\r\n                font-size: 12px;\r\n                color: #666666;\r\n            }\r\n\r\n            .np1\r\n            {\r\n                color: #666;\r\n                font-size: 14px;\r\n                margin: -18px 18px 0;\r\n            }\r\n\r\n            .mp1\r\n            {\r\n                float: right;\r\n                margin: 0 22px 0 0;\r\n            }\r\n\r\n            .header_sub\r\n            {\r\n                width: 755px;\r\n                margin: 5px 0 0;\r\n                border-radius: 5px 5px 0 0;\r\n            }\r\n\r\n                .header_sub h2\r\n                {\r\n                    padding: 10px;\r\n                    font-size: 12px;\r\n                    color: #f1f1f1;\r\n                    margin: -3px 3px 0 0;\r\n                    height: 10px;\r\n                }\r\n\r\n            #f1\r\n            {\r\n                padding-top: 10px;\r\n            }\r\n\r\n            #ip1\r\n            {\r\n                width: 100%;\r\n                text-align: justify;\r\n                font-size: 12px;\r\n                color: #333;\r\n            }\r\n\r\n                #ip1 h3\r\n                {\r\n                    font-size: 12px;\r\n                }\r\n\r\n            .im1\r\n            {\r\n                float: right;\r\n                margin: -40px 0 0 0;\r\n                font-size: 8px;\r\n            }\r\n\r\n            .alfin\r\n            {\r\n                margin-left: 18px;\r\n                width: 300px;\r\n                color: #2b2b2b;\r\n                width: 400px;\r\n                font-size: 13px;\r\n                background: url(\"/images/bg.widget.png\") repeat scroll;\r\n                border: 0.3px solid #b6b6b6;\r\n            }\r\n\r\n                .p th\r\n                {\r\n                    font-size: 12px;\r\n                    width: 140px;\r\n                }\r\n\r\n                .prdt tr\r\n                {\r\n                    background: #fff;\r\n                }\r\n\r\n            .espaco\r\n            {\r\n                height: 5px;\r\n            }\r\n\r\n            #borderrightCF\r\n            {\r\n                border-right: 1px solid #ccc;\r\n            }\r\n\r\n            .alfin\r\n            {\r\n                padding: 10px 20px 10px;\r\n                font-size: 10px;\r\n                border-bottom: 1px solid #f1f1f1;\r\n            }\r\n\r\n            .alrsp\r\n            {\r\n                margin: -18px 0px 0;\r\n                font-size: 10px;\r\n            }\r\n\r\n                .alrsp span\r\n                {\r\n                    color: #000;\r\n                    text-decoration: underline;\r\n                    margin: 0 5px;\r\n                }\r\n\r\n            .albr\r\n            {\r\n                padding: 10px 0 0 0;\r\n            }\r\n\r\n            .iwg\r\n            {\r\n                font-size: 9px;\r\n                color: #0A73C3;\r\n                width: 200px;\r\n                text-align: justify;\r\n            }\r\n\r\n            .tp01\r\n            {\r\n                border-collapse: collapse;\r\n            }\r\n\r\n                .tp01 th\r\n                {\r\n                    color: white;\r\n                    border: 1px solid #e4e4e4;\r\n                }\r\n\r\n                .tp01 td, .myTable th\r\n                {\r\n                    padding: 5px;\r\n                    border: 1px solid #e4e4e4;\r\n                }\r\n            .auto-style1\r\n            {\r\n                height: 30px;\r\n                width: 566px;\r\n            }\r\n            .auto-style3\r\n            {\r\n                width: 900px;\r\n            }\r\n        </style>\r\n    </head>\r\n    <!-- END HEAD -->\r\n    <!-- BEGIN BODY -->\r\n    <body bgcolor=\"#ffffff\" topmargin=\"0\" leftmargin=\"0\" marginheight=\"0\" marginwidth=\"0\" style=\"-webkit-font-smoothing: antialiased; width: 100% !important; -webkit-text-size-adjust: none;\">\r\n\r\n        <!-- <table width=\"100%\" cellpadding=\"0\" cellspacing=\"0\" border=\"0\" style=\"padding: 20px 0 20px 0\">\r\n            <tr>\r\n                <td width=\"100%\">\r\n\r\n                    <table width=\"755\" cellpadding=\"0\" cellspacing=\"0\" border=\"0\" align=\"center\" class=\"table\">\r\n                        <tr>\r\n                            <td width=\"755\" class=\"cell\" style=\"padding: 0 40px;\"> -->\r\n                                <!-- BEGIN HEADER CONTAINER -->\r\n                              <!--   <table align=\"center\" style=\"width: 755px; height: auto; background: #fff; margin-bottom: 10px;\">\r\n                                    <tr style=\"border: 1px solid #ccc;\">\r\n                                        <td class=\"auto-style3\"> -->\r\n                                            <table align=\"center\" style=\"width: 755px; height: auto; background: #fff; margin-bottom: 10px;\">\r\n                                                <tr>\r\n                                                    <td style=\"width: 200px;\">\r\n                                                        <img src=\"assets/img/hdi_resource-logo.png\" style=\"width: 160px;\">\r\n                                                    </td>\r\n                                                    <td >\r\n                                                        <div class=\"header\">\r\n                                                            <h2>Pre-employment Checklist</h2>\r\n                                                        </div>\r\n                                                    </td>\r\n                                                </tr>\r\n                                            </table>\r\n                                        <!-- </td>\r\n                                        <td> -->\r\n                                            <table>\r\n                                                <tr>\r\n                                                    <td style=\"padding-left: 20px; \" class=\"auto-style1\">\r\n                                                        <div class=\"mp1\">\r\n                                                        </div>\r\n                                                    </td>\r\n                                                </tr>\r\n                                            </table>\r\n                                        <!-- </td>\r\n                                    </tr>\r\n                                </table> -->\r\n\r\n\r\n                                <!-- BEGIN SECTION 1-->\r\n                                <table cellpadding=\'0\' cellspacing=\'0\' border=\'0\' align=\'center\' width=\'100%\' style=\" font-size: 11px; margin-bottom: 20px;\">\r\n                                    <tr>\r\n                                        <td style=\' height: 30px; width: 380px;\'><strong>NAME:</strong>\r\n                                            <span style=\"float:right; padding-right:10px;\">{{recipients}}</span></td>\r\n                                        <td ><strong>START DATE:</strong><span style=\"float:right; padding-right:10px;\"> {{start_date}}</span></td>\r\n                                    </tr>\r\n                                    <tr>\r\n                                        <td style=\' height: 20px; width: 380px;\'><strong>SUBSIDIARY:</strong>\r\n                                            <span style=\"float:right; padding-right:10px;\">{{company_code}}</span></td>\r\n                                        <td ><strong>DEPARTMENT:</strong><span style=\"float:right; padding-right:10px;\"> {{department}}</span></td>\r\n                                    </tr>\r\n                                </table>\r\n\r\n\r\n                                <p style=\"\"></p>\r\n\r\n                                <table cellpadding=\'0\' cellspacing=\'0\' border=\'0\' align=\'center\' width=\'100%\' style=\" font-size: 11px; margin-bottom: 20px;\">\r\n                                    <tr>\r\n                                        <td style=\' height: 20px; width: 30px; font-size: 11px;\' colspan=\"2\"><strong>The following must be submitted on or before your first day of work:</strong></td>\r\n                                    </tr>\r\n                                    <tr>\r\n                                        <td style=\' height: 20px; width: 30px;\'><input type=\"checkbox\"></td>\r\n                                        <td >Signed copy of the job offer sheet</td>\r\n                                    </tr>\r\n                                    <tr>\r\n                                        <td style=\' height: 20px; width: 30px;\'><input type=\"checkbox\"></td>\r\n                                        <td >Court Clearance (MTC and RTC)</td>\r\n                                    </tr>\r\n                                    <tr>\r\n                                        <td style=\' height: 20px; width: 30px;\'><input type=\"checkbox\"></td>\r\n                                        <td >2 pcs 1 x 1 ID photo</td>\r\n                                    </tr>\r\n                                    <tr>\r\n                                        <td style=\' height: 20px; width: 30px;\'><input type=\"checkbox\"></td>\r\n                                        <td >1 pc 2 x 2 ID photo</td>\r\n                                    </tr>\r\n                                    <tr>\r\n                                        <td style=\' height: 20px; width: 30px;\'><input type=\"checkbox\"></td>\r\n                                        <td >NBI Clearance and photocopy</td>\r\n                                    </tr>\r\n                                    <tr>\r\n                                        <td style=\' height: 20px; width: 30px;\'><input type=\"checkbox\"></td>\r\n                                        <td >Transcript of Records/Diploma (1 photocopy each)</td>\r\n                                    </tr>\r\n                                    <tr>\r\n                                        <td style=\' height: 20px; width: 30px;\'><input type=\"checkbox\"></td>\r\n                                        <td >BIR Form 1905 - accomplished and duly received by previous employer\'s RDO </td>\r\n                                    </tr>\r\n                                    <tr>\r\n                                        <td style=\' height: 20px; width: 30px;\'><input type=\"checkbox\"></td>\r\n                                        <td >Accomplished BIR Form 2305</td>\r\n                                    </tr>\r\n                                    <tr>\r\n                                        <td style=\' height: 20px; width: 30px;\'><input type=\"checkbox\"></td>\r\n                                        <td >Accomplished PhilHealth PMRF </td>\r\n                                    </tr>\r\n                                    <tr>\r\n                                        <td style=\' height: 20px; width: 30px;\'><input type=\"checkbox\"></td>\r\n                                        <td >Accomplished Pag-Ibig RTMRLD Form</td>\r\n                                    </tr>\r\n                                    <tr>\r\n                                        <td style=\' height: 20px; width: 30px;\'><input type=\"checkbox\"></td>\r\n                                        <td >Accomplished Bank Forms for Payroll</td>\r\n                                    </tr>\r\n                                    <tr>\r\n                                        <td style=\' height: 20px; width: 30px;\'><input type=\"checkbox\"></td>\r\n                                        <td >Accomplished ID Form</td>\r\n                                    </tr>\r\n                                    <tr>\r\n                                        <td style=\' height: 20px; width: 30px;\'><input type=\"checkbox\"></td>\r\n                                        <td >Accomplished Generali Pilipinas (GTLI) Form </td>\r\n                                    </tr>\r\n                                    <tr>\r\n                                        <td style=\' height: 20px; width: 30px;\'><input type=\"checkbox\"></td>\r\n                                        <td >2 photocopies of the following (with signature on copies, present original upon submission)</td>\r\n                                    </tr>\r\n                                    <tr>\r\n                                        <td style=\' height: 20px; width: 30px;\'><input type=\"checkbox\"></td>\r\n                                        <td >SSS digitized ID, E1, or E6 </td>\r\n                                    </tr>\r\n                                    <tr>\r\n                                        <td style=\' height: 20px; width: 30px;\'><input type=\"checkbox\"></td>\r\n                                        <td >TIN Card, if any</td>\r\n                                    </tr>\r\n                                    <tr>\r\n                                        <td style=\' height: 20px; width: 30px;\'><input type=\"checkbox\"></td>\r\n                                        <td >Philhealth Card or Number, if any</td>\r\n                                    </tr>\r\n                                    <tr>\r\n                                        <td style=\' height: 20px; width: 30px;\'><input type=\"checkbox\"></td>\r\n                                        <td >Pag-Ibig MID number</td>\r\n                                    </tr>\r\n                                    <tr>\r\n                                        <td style=\' height: 20px; width: 30px;\'><input type=\"checkbox\"></td>\r\n                                        <td >Birth certificate (NSO-certified)</td>\r\n                                    </tr>\r\n                                    <tr>\r\n                                        <td style=\' height: 20px; width: 30px;\'><input type=\"checkbox\"></td>\r\n                                        <td >Marriage contract (NSO-certified), if married</td>\r\n                                    </tr>\r\n                                    <tr>\r\n                                        <td style=\' height: 20px; width: 30px;\'><input type=\"checkbox\"></td>\r\n                                        <td >Birth certificate of children (NSO-certified), if any </td>\r\n                                    </tr>\r\n                                    <tr>\r\n                                        <td style=\' height: 20px; width: 30px;\'><input type=\"checkbox\"></td>\r\n                                        <td >2 Valid ID, with signature on the photocopies</td>\r\n                                    </tr>\r\n\r\n                                </table>\r\n\r\n                                <table cellpadding=\'0\' cellspacing=\'0\' border=\'0\' align=\'center\' width=\'100%\' style=\" font-size: 11px; margin-bottom: 20px;\">\r\n                                    <tr>\r\n                                        <td style=\' height: 20px; width: 30px; font-size: 11px;\' colspan=\"2\"><strong>The following must be submitted on or before your first day of work:</strong></td>\r\n                                        <td style=\' height: 20px; width: 30px; font-size: 11px;\'><strong>Status and Date of Submission</strong></td>\r\n                                    </tr>\r\n                                    <tr>\r\n                                        <td style=\' height: 20px; width: 30px;\'><input type=\"checkbox\"></td>\r\n                                        <td style=\"width: 450px;\">Signed copy of the job offer sheet</td>\r\n                                        <td style=\"border-bottom:1px solid #999999; width: 300px;\">&nbsp;</td>\r\n                                    </tr>\r\n                                    <tr>\r\n                                        <td style=\' height: 20px; width: 30px;\'><input type=\"checkbox\"></td>\r\n                                        <td style=\"width: 450px;\">Completed PPE form signed by the clinic</td>\r\n                                        <td style=\"border-bottom:1px solid #999999; width: 300px;\">&nbsp;</td>\r\n                                    </tr>\r\n                                    <tr>\r\n                                        <td style=\' height: 20px; width: 30px;\'><input type=\"checkbox\"></td>\r\n                                        <td style=\"width: 450px;\">BIR Form 2316, if employed within the year</td>\r\n                                        <td style=\"border-bottom:1px solid #999999; width: 300px;\">&nbsp;</td>\r\n                                    </tr>\r\n                                    <tr>\r\n                                        <td style=\' height: 20px; width: 30px;\'><input type=\"checkbox\"></td>\r\n                                        <td style=\"width: 450px; padding-right: 20px;\">Certificate of employment from previous employer (if closed, submit Undertaking/Affidavit attesting that it ceased operations, you do not have no derogatory record and cleared of all accountabilities)</td>\r\n                                        <td style=\"border-bottom:1px solid #999999; width: 300px;\">&nbsp;</td>\r\n                                    </tr>\r\n                                </table>\r\n                                <br>\r\n\r\n                                <p style=\"font-size: 11px; font-style:italic;\">Failure to complete pre-employment requirements within the given time frame will be subject to proper management action.</p>\r\n\r\n                                <table cellpadding=\'0\' cellspacing=\'0\' border=\'0\' width=\'250px\' style=\" font-size: 11px; margin: 30px 0 20px 0;\">\r\n\r\n                                    <tr>\r\n                                        <td style=\'height: 30px;\'><center>{{recipients}}</center></td>\r\n                                    </tr>\r\n                                    <tr>\r\n                                        <td style=\'height: 30px; border-top: 1px solid #000000;\'><strong><center>\r\n                                            {{position}}</center></td>\r\n                                    </tr>\r\n                                </table>\r\n\r\n                                \r\n<!-- \r\n                            </td>\r\n                        </tr> \r\n                        \r\n                    </table>\r\n\r\n                </td>\r\n            </tr> \r\n        </table>  -->\r\n    </body>\r\n<!-- BEGIN BODY -->\r\n</html>\r\n',NULL,0),(45,123,'NON-DISCLOSURE','Non-Disclosure Agreement',NULL,'<!DOCTYPE html PUBLIC \"-//W3C//DTD HTML 4.01 Transitional//EN\">\r\n\r\n<html lang=\"en\">\r\n    <!-- BEGIN HEAD-->\r\n    <head>\r\n        <meta http-equiv=\"Content-Type\" content=\"text/html; charset=utf-8\">\r\n        <title></title>\r\n        <style>\r\n            body, p\r\n            {\r\n                \r\n\r\n            font-family:Arial;\r\n            font-size: 10px;\r\n\r\n            \r\n            }\r\n\r\n\r\n        </style>\r\n    </head>\r\n    <!-- END HEAD -->\r\n    <!-- BEGIN BODY -->\r\n    <body bgcolor=\"#ffffff\" topmargin=\"0\" leftmargin=\"0\" marginheight=\"0\" marginwidth=\"0\" style=\"-webkit-font-smoothing: antialiased; width: 100% !important; -webkit-text-size-adjust: none;\">\r\n\r\n       <!--  <table width=\"100%\" cellpadding=\"0\" cellspacing=\"0\" border=\"0\" style=\"padding: 40px 40px 40px 40px;\">\r\n            <tr>\r\n                <td width=\"100%\"> -->\r\n\r\n                    <img src=\"assets/img/logoHDI1.jpg\">\r\n                    <table width=\"755\" cellpadding=\"0\" cellspacing=\"0\" border=\"0\" align=\"center\" class=\"table\">\r\n                        <tr>\r\n                            <td width=\"755\" class=\"cell\">\r\n                                <!-- BEGIN HEADER CONTAINER -->\r\n                                <h4 style=\"font-size: 18px; margin: 0 0 30px 0;\"><center>Non-Disclosure Agreement</center></h4>\r\n                            </td>\r\n                        </tr>\r\n                    </table>\r\n\r\n                                <br>\r\n                                <br>\r\n                                <p style=\"font-size: 12px; margin:0 0 30px 0;\">KNOW ALL MEN BY THESE PRESENTS:</p>\r\n                                <p style=\"font-size: 11px;\">This Non-Disclosure Agreement executed this {{date}} by:</p>\r\n                                \r\n\r\n                                <p style=\"font-size: 11px; line-height: 16px; padding: 0 40px;\">\r\n                                    {{company_code}} a corporation duly organized and existing in accordance with laws of the Republic of the Philippines, with principal office at {{company_address}} represented in this act by its HR/OD Manager, {{HRmanager}} hereinafter referred to as the EMPLOYER;\r\n                                </p>\r\n\r\n                                <p style=\"font-size: 11px; line-height: 16px; padding: 0 40px; text-align: center;\">\r\n                                    &mdash; and &mdash;\r\n                                 </p>\r\n\r\n                                 <p style=\"font-size: 11px; line-height: 16px; padding: 0 40px; text-align: center;\">Your probationary employment will commence on <strong>{{start_date}}</strong> to <strong>{{end_probi_date}}</strong>.\r\n                                 </p>\r\n\r\n                                 <p style=\"font-size: 11px; line-height: 16px; padding: 0 40px; text-align: center;\">{{recipients}}, of legal age, Filipino and a resident of {{address1}}, {{address2}}, herein referred to as the EMPLOYEE.\r\n                                 </p>\r\n\r\n                                 <p style=\"font-size: 11px; line-height: 16px; text-align: center;\">\r\n                                    Witnesseth:\r\n                                 </p>\r\n\r\n                                 <p style=\"font-size: 11px; line-height: 16px;\">\r\n                                    WHEREAS, the Employer is engaged in the management and support to the other companiessubsidiaries in various fields of industry.\r\n                                </p>\r\n                                <p style=\"font-size: 11px; line-height: 16px;\">\r\n                                    WHEREAS, Employee, in view of his position and nature of his work with the EMPLOYER, has and is acquiring confidential information related to business, market, customer and similar relevant knowledge and information critical to Employer’s business and competitiveness.\r\n                                </p>\r\n                                <p style=\"font-size: 11px; line-height: 16px;\">\r\n                                    NOW THEREFORE, the parties hereby agree as follows:\r\n                                </p>\r\n\r\n                                <p style=\"font-size: 11px; line-height: 16px;\">\r\n                                    1. During the course of Employee’s employment and engagement, there may be disclosed to him/hercertain trade secrets of the Company, said trade secrets consisting but not necessarily limited to:\r\n                                </p>\r\n                                <ul style=\"list-style:none; font-size:11px; line-height: 16px;\">\r\n                                    <li>a. Technical information: Methods, processes, compositions, systems, techniques, inventions,machines, computer programs and research projects.</li>\r\n                                    <li>b. Business information: Customer lists, pricing data, sources of supply, distributor information, financial data and marketing, production, or merchandising systems or plans.</li>\r\n                                    <li>Other such related information and documents which are designated by EMPLOYER as confidential and sensitive.</li>\r\n                                </ul>\r\n\r\n                                <p style=\"font-size: 11px; line-height: 16px;\">\r\n                                    2. Employee shall not during, or at any time after the termination of his/her employment with the Employer, use for himself/herself or others, or disclose or divulge to others including future employees, any trade secrets, confidential information, or any other proprietary data of the Employer in violation of this agreement.\r\n                                </p>\r\n\r\n                                <p style=\"font-size: 11px; line-height: 16px;\">\r\n                                    3. Upon the termination of Employee, he/she shall return to Employer all documents and companyproperty, including but not necessarily limited to drawings, blueprints, reports, manuals, correspondence, customer lists, computer programs, and all other materials and all copies thereof relating in any way to the Employer’s business, or in any way obtained by Employee during the course of employ, or retain copies, notes or abstracts of the foregoing.\r\n                                </p>\r\n\r\n                                <p style=\"font-size: 11px; line-height: 16px;\">\r\n                                    4. Employer may notify any future or prospective employer of Employee or third party of the existence of this agreement, and shall be entitled to full injunctive relief and damages for any breach hereof.\r\n                                </p>\r\n\r\n                                <p style=\"font-size: 11px; line-height: 16px;\">\r\n                                    5. Any violation of this Agreement, regardless of whether damage was caused to the Employer or not shall constitute as just cause for the dismissal of the Employee. Moreover, the Employee shall be liable to the Employer for liquidated damages in the amount of Two Hundred Fifty Thousand Pesos (PHP 250,000.00), exclusive of any and all other damages which the Employee may be found liable under the law.\r\n                                </p>\r\n\r\n                                <p style=\"font-size: 11px; line-height: 16px;\">\r\n                                    6. This Agreement shall be binding upon and inure to the benefit of the parties, their successors, assigns, and personal representatives.\r\n                                </p>\r\n\r\n                                <p style=\"font-size: 11px; line-height: 16px;\">\r\n                                    7. The obligation of confidentiality shall be in full force and effect for the duration of the employment relationship between the parties and two years after the termination of such relationship.\r\n                                </p>\r\n\r\n                                <p style=\"font-size: 11px; line-height: 16px;\">\r\n                                    IN WITNESS WHEREOF, we have set our hands this {{date}} at {{company_address}}.\r\n                                </p>\r\n\r\n\r\n\r\n                                <table cellpadding=\'0\' cellspacing=\'0\' border=\'0\' align=\'center\' width=\'100%\' style=\" font-size: 11px; margin: 30px 0 20px 0;\">\r\n                                    <tr>\r\n                                        <td colspan=\"5\" style=\'height: 40px;\'>Signed and Witnessed by:</td>\r\n                                    </tr>\r\n                                    <tr>\r\n                                        <td style=\'height: 40px;width: 50px;\'></td>\r\n                                        <td style=\'height: 30px;\'>Employer Name:</td>\r\n                                        <td style=\'height: 40px; width: 50px;\'></td>\r\n                                        <td style=\'height: 30px;\'>Employee Name:</td>\r\n                                        <td style=\'height: 40px;width: 50px;\'></td>\r\n                                    </tr>\r\n                                    \r\n                                    <tr>\r\n                                        <td colspan=\"2\" style=\'height: 40px;\'></td>\r\n                                        <td colspan=\"2\" style=\'height: 40px;\'></td>\r\n                                    </tr>\r\n                                    <tr>\r\n                                        <td style=\'height: 40px;width: 50px;\'></td>\r\n                                        <td style=\'height: 30px; border-top: 1px solid #000000;\'><strong><center>Printed Name and Signature Date</center></td>\r\n                                        <td style=\'height: 40px; width: 50px;\'></td>\r\n                                        <td style=\'height: 30px; border-top: 1px solid #000000;\'><strong><center>Printed Name and Signature Date</center></td>\r\n                                        <td style=\'height: 40px;width: 50px;\'></td>\r\n                                    </tr>\r\n                                </table>\r\n\r\n\r\n\r\n\r\n                                \r\n\r\n\r\n                                <!-- BEGIN SECTION 1-->\r\n                                \r\n\r\n\r\n\r\n\r\n<!-- \r\n                            </td>\r\n                        </tr> \r\n                        \r\n                    </table>\r\n\r\n                </td>\r\n            </tr> \r\n        </table>  -->\r\n    </body>\r\n<!-- BEGIN BODY -->\r\n</html>\r\n',NULL,0),(46,123,'JOB-DESCRIPTION','Job Description',NULL,'<!DOCTYPE html PUBLIC \"-//W3C//DTD HTML 4.01 Transitional//EN\">\r\n\r\n<html lang=\"en\">\r\n    <!-- BEGIN HEAD-->\r\n    <head>\r\n        <meta http-equiv=\"Content-Type\" content=\"text/html; charset=utf-8\">\r\n        <title></title>\r\n        <style>\r\n            body\r\n            {\r\n                \r\n\r\n            font-family:Arial;\r\n            font-size: 10px;\r\n\r\n            \r\n            }\r\n\r\n\r\n            td\r\n            {\r\n                \r\n                padding:0;\r\n            }\r\n            .header h2\r\n            {\r\n                padding-left: 20px;\r\n                padding-right: 20px;\r\n                padding-top: 20px;\r\n                font-size: 18px;\r\n            }\r\n\r\n            .header h3\r\n            {\r\n                padding-bottom: 15px;\r\n                padding-left: 20px;\r\n                padding-right: 20px;\r\n                font-size: 12px;\r\n                color: #666666;\r\n            }\r\n\r\n            .np1\r\n            {\r\n                color: #666;\r\n                font-size: 14px;\r\n                margin: -18px 18px 0;\r\n            }\r\n\r\n            .mp1\r\n            {\r\n                float: right;\r\n                margin: 0 22px 0 0;\r\n            }\r\n\r\n            .header_sub\r\n            {\r\n                width: 755px;\r\n                margin: 5px 0 0;\r\n                border-radius: 5px 5px 0 0;\r\n            }\r\n\r\n                .header_sub h2\r\n                {\r\n                    padding: 10px;\r\n                    font-size: 12px;\r\n                    color: #f1f1f1;\r\n                    margin: -3px 3px 0 0;\r\n                    height: 10px;\r\n                }\r\n\r\n            #f1\r\n            {\r\n                padding-top: 10px;\r\n            }\r\n\r\n            #ip1\r\n            {\r\n                width: 100%;\r\n                text-align: justify;\r\n                font-size: 12px;\r\n                color: #333;\r\n            }\r\n\r\n                #ip1 h3\r\n                {\r\n                    font-size: 12px;\r\n                }\r\n\r\n            .im1\r\n            {\r\n                float: right;\r\n                margin: -40px 0 0 0;\r\n                font-size: 8px;\r\n            }\r\n\r\n            .alfin\r\n            {\r\n                margin-left: 18px;\r\n                width: 300px;\r\n                color: #2b2b2b;\r\n                width: 400px;\r\n                font-size: 13px;\r\n                background: url(\"/images/bg.widget.png\") repeat scroll;\r\n                border: 0.3px solid #b6b6b6;\r\n            }\r\n\r\n                .p th\r\n                {\r\n                    font-size: 12px;\r\n                    width: 140px;\r\n                }\r\n\r\n                .prdt tr\r\n                {\r\n                    background: #fff;\r\n                }\r\n\r\n            .espaco\r\n            {\r\n                height: 5px;\r\n            }\r\n\r\n            #borderrightCF\r\n            {\r\n                border-right: 1px solid #ccc;\r\n            }\r\n\r\n            .alfin\r\n            {\r\n                padding: 10px 20px 10px;\r\n                font-size: 10px;\r\n                border-bottom: 1px solid #f1f1f1;\r\n            }\r\n\r\n            .alrsp\r\n            {\r\n                margin: -18px 0px 0;\r\n                font-size: 10px;\r\n            }\r\n\r\n                .alrsp span\r\n                {\r\n                    color: #000;\r\n                    text-decoration: underline;\r\n                    margin: 0 5px;\r\n                }\r\n\r\n            .albr\r\n            {\r\n                padding: 10px 0 0 0;\r\n            }\r\n\r\n            .iwg\r\n            {\r\n                font-size: 9px;\r\n                color: #0A73C3;\r\n                width: 200px;\r\n                text-align: justify;\r\n            }\r\n\r\n            .tp01\r\n            {\r\n                border-collapse: collapse;\r\n            }\r\n\r\n                .tp01 th\r\n                {\r\n                    color: white;\r\n                    border: 1px solid #e4e4e4;\r\n                }\r\n\r\n                .tp01 td, .myTable th\r\n                {\r\n                    padding: 5px;\r\n                    border: 1px solid #e4e4e4;\r\n                }\r\n            .auto-style1\r\n            {\r\n                height: 30px;\r\n                width: 566px;\r\n            }\r\n            .auto-style3\r\n            {\r\n                width: 900px;\r\n            }\r\n        </style>\r\n    </head>\r\n    <!-- END HEAD -->\r\n    <!-- BEGIN BODY -->\r\n    <body bgcolor=\"#ffffff\" topmargin=\"0\" leftmargin=\"0\" marginheight=\"0\" marginwidth=\"0\" style=\"-webkit-font-smoothing: antialiased; width: 100% !important; -webkit-text-size-adjust: none;\">\r\n\r\n        <!-- <table width=\"100%\" cellpadding=\"0\" cellspacing=\"0\" border=\"0\" style=\"padding: 20px 0 20px 0\">\r\n            <tr>\r\n                <td width=\"100%\">\r\n\r\n                    <table width=\"755\" cellpadding=\"0\" cellspacing=\"0\" border=\"0\" align=\"center\" class=\"table\">\r\n                        <tr>\r\n                            <td width=\"755\" class=\"cell\"> -->\r\n                                <!-- BEGIN HEADER CONTAINER -->\r\n                                <table align=\"center\" style=\"width: 755px; height: auto; background: #fff; margin-bottom: 10px;\">\r\n                                    <tr style=\"border: 1px solid #ccc;\">\r\n                                        <td class=\"auto-style3\">\r\n                                            <table>\r\n                                                <tr>\r\n                                                    <td >\r\n                                                        <div>\r\n                                                            <h1><b>JOB DESCRIPTION</b></h1>\r\n                                                        </div>\r\n                                                    </td>\r\n                                                </tr>\r\n                                            </table>\r\n                                        </td>\r\n                                    </tr>\r\n                                </table>\r\n\r\n                                <br>\r\n                                <br>\r\n                                <br>\r\n                                <!-- BEGIN SECTION 1-->\r\n                                <table cellpadding=\'0\' cellspacing=\'0\' border=\'0\' align=\'center\' width=\'100%\' style=\" font-size: 11px; margin-bottom: 20px;\">\r\n                                    <tr>\r\n                                        <td style=\' height: 20px; width: 180px; border-bottom: 1px solid #999999; font-size:14px;\' colspan=\"4\"><strong>JOB INFORMATION</strong></td>\r\n                                    </tr>\r\n                                    <tr>\r\n                                        <td style=\' height: 20px; width: 180px;\'><strong>CLIENT :</strong></td>\r\n                                        <td >{{company_code}}</td>\r\n                                        <td ><strong>REPORT DATE :</strong></td>\r\n                                        <td >{{start_date}}</span></td>\r\n                                    </tr>\r\n                                    <tr>\r\n                                        <td style=\' height:20px; width: 180px;\'><strong>POSITION APPLIED FOR :</strong></td>\r\n                                        <td >{{position}}</td>\r\n                                        <td ><strong>LEVEL/ DEPT. :</strong></td>\r\n                                        <td >{{department}}</span></td>\r\n                                    </tr>\r\n                                </table>\r\n\r\n                                <br>\r\n                                <table cellpadding=\'0\' cellspacing=\'0\' border=\'0\' align=\'center\' width=\'100%\' style=\" font-size: 11px; margin-bottom: 20px;\">\r\n                                    <tr>\r\n                                        <td style=\' height: 20px; width: 180px; border-bottom: 1px solid #999999; font-size:14px;\' colspan=\"2\"><strong>ORGANIZATIONAL RELATIONSHIPS</strong></td>\r\n                                    </tr>\r\n                                    <tr>\r\n                                        <td style=\' height: 20px; width: 180px;\'><strong>Reports To</strong></td>\r\n                                        <td >{{reportsto}}</td>\r\n                                    </tr>\r\n                                    <tr>\r\n                                        <td style=\' height:20px; width: 180px;\'><strong>Next Level Superior</strong></td>\r\n                                        <td >{{nextlevelsuperior}}</td>\r\n                                    </tr>\r\n                                    <tr>\r\n                                        <td style=\' height: 20px; width: 180px;\'><strong>Supervises</strong></td>\r\n                                        <td >{{supervises}}</td>\r\n                                    </tr>\r\n                                    <tr>\r\n                                        <td style=\' height:20px; width: 180px;\'><strong>Coordinates With</strong></td>\r\n                                        <td >{{coordinates}}</td>\r\n                                    </tr>\r\n                                </table>\r\n\r\n                                <br>\r\n                                <table cellpadding=\'0\' cellspacing=\'0\' border=\'0\' align=\'center\' width=\'100%\' style=\" font-size: 11px; margin-bottom: 20px;\">\r\n                                    <tr>\r\n                                        <td style=\' height: 20px; width: 180px; border-bottom: 1px solid #999999; font-size:14px;\'><strong>JOB MISSION/PURPOSE</strong></td>\r\n                                    </tr>\r\n                                    <tr>\r\n                                        <td style=\' height: 20px;\'>{{jobmissions_purpose}}</td>\r\n                                    </tr>\r\n                                </table>\r\n\r\n                                <table cellpadding=\'0\' cellspacing=\'0\' border=\'0\' align=\'center\' width=\'100%\' style=\" font-size: 11px; margin-bottom: 20px;\">\r\n                                    <tr>\r\n                                        <td style=\' height: 20px; font-size: 13px;\'><i>Key Result Areas – Functional</i></td>\r\n                                    </tr>\r\n                                    <tr>{{kras}}\r\n                                        <td style=\' height: 20px; padding-left: 30px; font-size: 12px;\'>1. </td>\r\n                                    \r\n                                    </tr>\r\n                                    <tr>\r\n                                        <td style=\' height: 20px; padding-left: 60px; color: #CCCCCC;\'>a. </td>\r\n                                    </tr>\r\n                                    <tr>\r\n                                        <td style=\' height: 20px; padding-left: 60px; color: #CCCCCC;\'>b. </td>\r\n                                    </tr>\r\n                                    <tr>\r\n                                        <td style=\' height: 20px; padding-left: 30px; font-size: 12px;\'>2. </td>\r\n                                    </tr>\r\n                                    <tr>\r\n                                        <td style=\' height: 20px; padding-left: 60px; color: #CCCCCC;\'>a. </td>\r\n                                    </tr>\r\n                                    <tr>\r\n                                        <td style=\' height: 20px; padding-left: 60px; color: #CCCCCC;\'>b. </td>\r\n                                    </tr>\r\n                                    <tr>\r\n                                        <td style=\' height: 20px; padding-left: 30px; font-size: 12px;\'>3. </td>\r\n                                    </tr>\r\n                                    <tr>\r\n                                        <td style=\' height: 20px; padding-left: 60px; color: #CCCCCC;\'>a. </td>\r\n                                    </tr>\r\n                                    <tr>\r\n                                        <td style=\' height: 20px; padding-left: 60px; color: #CCCCCC;\'>b. </td>\r\n                                    </tr>\r\n                                </table>\r\n\r\n                                <br>\r\n                                <table cellpadding=\'0\' cellspacing=\'0\' border=\'0\' align=\'center\' width=\'100%\' style=\" font-size: 11px; margin-bottom: 20px;\">\r\n                                    <tr>\r\n                                        <td style=\' height: 20px; width: 180px; border-bottom: 1px solid #999999; font-size:14px;\' colspan=\"2\"><strong>COMPANY CORE VALUES</strong></td>\r\n                                    </tr>\r\n                                    <tr>\r\n                                        <td style=\' height: 20px; padding-left: 30px; font-size: 12px;\'>1. Live</td>\r\n                                    </tr>\r\n                                    <tr>\r\n                                        <td style=\' height: 20px; padding-left: 60px; color: #CCCCCC;\'>a. </td>\r\n                                    </tr>\r\n                                    <tr>\r\n                                        <td style=\' height: 20px; padding-left: 30px; font-size: 12px;\'>2. Learn</td>\r\n                                    </tr>\r\n                                    <tr>\r\n                                        <td style=\' height: 20px; padding-left: 60px; color: #CCCCCC;\'>a. </td>\r\n                                    </tr>\r\n                                    <tr>\r\n                                        <td style=\' height: 20px; padding-left: 60px; color: #CCCCCC;\'>b. </td>\r\n                                    </tr>\r\n                                    <tr>\r\n                                        <td style=\' height: 20px; padding-left: 30px; font-size: 12px;\'>3. Love</td>\r\n                                    </tr>\r\n                                    <tr>\r\n                                        <td style=\' height: 20px; padding-left: 60px; color: #CCCCCC;\'>a. </td>\r\n                                    </tr>\r\n                                    <tr>\r\n                                        <td style=\' height: 20px; padding-left: 60px; color: #CCCCCC;\'>b. </td>\r\n                                    </tr>\r\n                                </table>\r\n\r\n                                <br>\r\n                                <table cellpadding=\'0\' cellspacing=\'0\' border=\'0\' align=\'center\' width=\'100%\' style=\" font-size: 11px; margin-bottom: 20px;\">\r\n                                    <tr>\r\n                                        <td style=\' height: 20px; width: 180px; border-bottom: 1px solid #999999; font-size:14px;\' colspan=\"2\"><strong>JOB SPECIFICATION/COMPETENCY REQUIRED</strong></td>\r\n                                    </tr>\r\n                                    <tr>\r\n                                        <td style=\' height: 20px; width: 180px;\'><strong>Knowledge</strong></td>\r\n                                        <td >{{knowledge}}</td>\r\n                                    </tr>\r\n                                    <tr>\r\n                                        <td style=\' height:20px; width: 180px;\'><strong>Skills</strong></td>\r\n                                        <td >{{skills}}</td>\r\n                                    </tr>\r\n                                    <tr>\r\n                                        <td style=\' height: 20px; width: 180px;\'><strong>Abilities and Behavior</strong></td>\r\n                                        <td >{{abilities_behavior}}</td>\r\n                                    </tr>\r\n                                    <tr>\r\n                                        <td style=\' height:20px; width: 180px;\'><strong>Academic and Professional</strong></td>\r\n                                        <td >{{academic_professional}}</td>\r\n                                    </tr>\r\n                                    <tr>\r\n                                        <td style=\' height:20px; width: 180px;\'><strong>Requirements</strong></td>\r\n                                        <td >{{requirements}}</td>\r\n                                    </tr>\r\n                                    <tr>\r\n                                        <td style=\' height:20px; width: 180px;\'><strong>Licensure/Special Permits</strong></td>\r\n                                        <td >{{licensure}}</td>\r\n                                    </tr>\r\n                                    <tr>\r\n                                        <td style=\' height:20px; width: 180px;\'><strong>Certificates Required</strong></td>\r\n                                        <td >{{certificates}}</td>\r\n                                    </tr>\r\n                                </table>\r\n\r\n\r\n                                <br>\r\n                               \r\n\r\n                                <table  align=\'center\' style=\'width: 755px; height: auto; background: #fff;\'>\r\n                                    <tr>\r\n                                        <td>\r\n                                            <table cellpadding=\'0\' cellspacing=\'0\' border=\'0\' align=\'center\' width=\'100%\' style=\" font-size: 11px; margin: 30px 0 10px 0;\">\r\n                                                <tr>\r\n                                                    <td style=\'padding: 0 0 20px 0; height: 50px; font-weight:bold;\'>Understood and accepted:</td>\r\n                                                </tr>\r\n                                                <tr>\r\n                                                    <td style=\'padding: 20px 0 0 0; height: 30px;font-weight:bold;\'>{{recipients}}</td>\r\n                                                </tr>\r\n                                                <tr>\r\n                                                    <td style=\'height: 10px;\'>Incumbent’s Signature over Printed Name</td>\r\n                                                </tr>\r\n                                        \r\n                                            </table>\r\n                                        </td>\r\n                                    </tr>\r\n                                </table>\r\n\r\n                                <p style=\"font-size:11px;\">Some parts of this document are proprietary and confidential. Please ensure strict compliance to policies and procedures pertaining to handling, safekeeping, and disposal of classified documents.</p>\r\n<!-- \r\n                            </td>\r\n                        </tr> \r\n                        \r\n                    </table>\r\n\r\n                </td>\r\n            </tr> \r\n        </table>  -->\r\n    </body>\r\n<!-- BEGIN BODY -->\r\n</html>\r\n',NULL,0),(47,123,'NON-COMPETE-AGREEMENT','Non-compete Agreement',NULL,'<!DOCTYPE html PUBLIC \"-//W3C//DTD HTML 4.01 Transitional//EN\">\r\n\r\n<html lang=\"en\">\r\n    <!-- BEGIN HEAD-->\r\n    <head>\r\n        <meta http-equiv=\"Content-Type\" content=\"text/html; charset=utf-8\">\r\n        <title></title>\r\n        <style>\r\n            body, p\r\n            {\r\n                \r\n\r\n            font-family:Arial;\r\n            font-size: 10px;\r\n\r\n            \r\n            }\r\n\r\n\r\n        </style>\r\n    </head>\r\n    <!-- END HEAD -->\r\n    <!-- BEGIN BODY -->\r\n    <body bgcolor=\"#ffffff\" topmargin=\"0\" leftmargin=\"0\" marginheight=\"0\" marginwidth=\"0\" style=\"-webkit-font-smoothing: antialiased; width: 100% !important; -webkit-text-size-adjust: none;\">\r\n\r\n        <!-- <table width=\"100%\" cellpadding=\"0\" cellspacing=\"0\" border=\"0\" style=\"padding: 40px 40px 40px 40px;\">\r\n            <tr>\r\n                <td width=\"100%\">\r\n\r\n                    <table width=\"755\" cellpadding=\"0\" cellspacing=\"0\" border=\"0\" align=\"center\" class=\"table\">\r\n                        <tr>\r\n                            <td width=\"755\" class=\"cell\"> -->\r\n                                <!-- BEGIN HEADER CONTAINER -->\r\n\r\n\r\n                                <img src=\"assets/img/logoHDI1.jpg\">\r\n\r\n                        <table width=\"755\" cellpadding=\"0\" cellspacing=\"0\" border=\"0\" align=\"center\" class=\"table\">\r\n                            <tr>\r\n                                <td width=\"755\" class=\"cell\">\r\n                                    <h4 style=\"font-size: 16px; margin: 0 0 30px 0;\"><center>EMPLOYEE NON-COMPETE/NON-SOLICITATION AGREEMENT</center></h4>\r\n                                </td>\r\n                            </tr>\r\n                        </table>\r\n                        \r\n                                <br>\r\n                                <br>\r\n                                <p style=\"font-size: 12px; margin:0 0 30px 0;\"><strong>KNOW ALL MEN BY THESE PRESENTS:</strong></p>\r\n                                <p style=\"font-size: 11px;\">This Non-Competition/Non-Solicitation Agreement (the “Agreement”) executed this {{date}} by:</p>\r\n                                \r\n\r\n                                <p style=\"font-size: 11px; line-height: 16px; padding: 0 40px;\">\r\n                                    <strong>{{company_code}}</strong> a corporation duly organized and existing in accordance with the laws of the Republic of the Philippines, with principal office at {{company_address}}, represented in this act by its HR/OD Manager, {{HRmanager}}, hereinafter referred to as the Employer;\r\n                                </p>\r\n\r\n                                 <p style=\"font-size: 11px; line-height: 16px;\"><strong>{{recipients}}</strong>, legal age, Filipino and a resident of {{address1}}, {{address2}} hereinafter referred to as the Employee.\r\n                                 </p>\r\n\r\n                                <p style=\"font-size: 11px; line-height: 16px;\">WHEREAS, the Employer is engaged in management and support to the other companies subsidiaries in various fields of industry.\r\n                                </p>\r\n\r\n                                <p style=\"font-size: 11px; line-height: 16px;\">WHEREAS, Employee, in view of his position and nature of his work with the Employer has and is acquiring business, market, costumer and relevant knowledge and information critical to Employer’s business and competitiveness.\r\n                                </p>\r\n\r\n                                <p style=\"font-size: 11px; line-height: 16px;\">NOW THEREFORE, the parties, in consideration of the above recitals, hereby agree as follows:\r\n                                </p>\r\n                                \r\n                                <p style=\"font-size: 11px; line-height: 16px;\"><strong>{{company_code}}</strong> to employ <strong>{{recipients}}</strong>, the undersigned Employee hereby agrees not to directly or indirectly compete with the business of the Company and its successors and assigns during the period of employment and for a period of one (1) year following termination of employment and notwithstanding the cause or reason for termination.\r\n                                </p>\r\n\r\n                                <p style=\"font-size: 11px; line-height: 16px;\">The term \"not compete\" as used herein shall mean that the Employee shall not own, engage, manage, operate, directly or indirectly, as an employee, officer, director, partner, manager, consultant, agent, owner or in any other capacity, in a business substantially similar to, or competitive with, the present business of the Company and any of the companies within the group of companies, or such other business activity in which the Company or its subsidiaries, may substantially engage during the term of employment.</p>\r\n\r\n                                <p style=\"font-size: 11px; line-height: 16px;\">As mentioned above, the Employee agrees that for a one (1) year period following the termination of Employee’s employment for any reason or without reason, Employee shall not own, engage, manage, operate, directly or indirectly, as an employee, officer, director, partner, manager, consultant, agent, owner or in any other capacity, in a business substantially similar to, or competitive with, the present business of the Company and any of the companies within the group of companies.</p>\r\n\r\n                                <p style=\"font-size: 11px; line-height: 16px;\">For a one (1) year period following the termination of Employee’s employment for any reason or without reason, Employee shall not solicit or induce any person who was an employee of the Employer or any of its subsidiaries on the date of Employee’s termination or within three months prior to leaving her employment with the Employer or any of its subsidiaries to leave their employment with the Employer.</p>\r\n\r\n                                <p style=\"font-size: 11px; line-height: 16px;\">In addition, Employee, for a one (1) year period following the termination of his/her employment, for any reason or without reason, shall not solicit or induce any supplier, vendor, business partner or other business entities connected with or having direct and indirect business relations with the Employer orany of its subsidiaries or any company within the Employer’s group of companies.</p>\r\n\r\n                                <p style=\"font-size: 11px; line-height: 16px;\">The Employee acknowledges that the Company shall or may in reliance of this agreement provide Employee access to trade secrets, customers and other confidential data and good will. Employee agrees to retain said information as confidential and not to use said information on his or her own behalf or disclose same to any third party.</p>\r\n\r\n                                <p style=\"font-size: 11px; line-height: 16px;\">This non-compete agreement shall be in full force from the signing of this Agreement and effect for one (1) year from the date of employment termination.</p>\r\n\r\n                                <p style=\"font-size: 11px; line-height: 16px;\">Employee acknowledges that any breach of this Agreement will cause substantial and irreparable harm to the Employer for which money damages will be incurred by the Employee in the maximum amount of Five Hundred Thousand Pesos (Php 500,000.00). Accordingly, notwithstanding the provisions above, the Employer shall in any such event be entitled to seek injunctive and other forms of equitable relief toprevent such breach and the prevailing party shall be entitled to recover from the other, the prevailing party’s costs (including, without limitation, reasonable attorneys’ fees) incurred in connection with enforcing this Agreement, in addition to any other rights or remedies available at law, in equity, or by statute.</p>\r\n\r\n                                <p style=\"font-size: 11px; line-height: 16px;\">This agreement shall be binding upon and inure to the benefit of the parties, their successors, assigns, and personal representatives.</p>\r\n\r\n                                 \r\n\r\n\r\n                                <table cellpadding=\'0\' cellspacing=\'0\' border=\'0\' width=\'250px\' style=\" font-size: 11px; margin: 30px 0 20px 0;\">\r\n                                    <tr>\r\n                                        <td colspan=\"2\" style=\'height: 40px;\'>Signed this {{date}}</td>\r\n                                    </tr>\r\n                                     <tr>\r\n                                        <td colspan=\"2\" style=\'height: 50px;\'></td>\r\n                                    </tr>\r\n                                    <tr>\r\n                                        <td style=\'height: 30px; border-top: 1px solid #000000;\'><strong><center>Incumbent’s Name\r\n                                            <br>HR/OD Manager – HDI Group of Companies</center></td>\r\n                                    </tr>\r\n\r\n                                    <tr>\r\n                                        <td colspan=\"2\" style=\'height: 50px;\'></td>\r\n                                    </tr>\r\n                                    <tr>\r\n                                        <td style=\'height: 30px; border-top: 1px solid #000000;\'><strong><center>\r\n                                            {{recipients}}</center></td>\r\n                                    </tr>\r\n                                </table>\r\n\r\n\r\n\r\n\r\n                                \r\n\r\n\r\n                                <!-- BEGIN SECTION 1-->\r\n                                \r\n\r\n\r\n\r\n\r\n\r\n                         <!--    </td>\r\n                        </tr> \r\n                        \r\n                    </table>\r\n\r\n                </td>\r\n            </tr> \r\n        </table>  -->\r\n    </body>\r\n<!-- BEGIN BODY -->\r\n</html>\r\n',NULL,0),(48,0,'CHANGE-REQUEST','Change Request Notification','Change Request','<style>\r\n   body {font-family: sans-serif, arial; font-size: 14px; }\r\n   p, span {line-height: 18px;}\r\n   th, td {border-right:1px solid #e0e0e0; border-top:1px solid #e0e0e0; padding:8px; text-align:center; }\r\n\r\n   .table {border-bottom:1px solid #e0e0e0; border-left:1px solid #e0e0e0; font-size:12px; width:60%;}\r\n   .note {font-size:12px;}\r\n</style>\r\n\r\n<p>Good day!</p>\r\n<p>You are receiving this email due to application of {{alias}} that awaits your approval. Please do the necesary action in relation to the request.</p>\r\n<p>&nbsp;</p>\r\n<p>List of application for approval:</p>\r\n<table border=0 cellspacing=0 cellpadding=0 class=\"table\">\r\n	<thead>\r\n		<tr style=\"border-bottom:1px solid #e0e0e0;\">\r\n			<td style=\"width:15%\">INFO</td>\r\n			<td style=\"width:10%\">FROM</td>\r\n			<td style=\"width:25%\">TO</td>\r\n		</tr>\r\n	</thead>\r\n    <tbody>\r\n	    {{table_body}}\r\n    </tbody>\r\n</table>\r\n<p>&nbsp;</p>\r\n<p>Kindly disregard this message if action has been made. To approve/disapprove, just click <a href=\"{{link}}\">here</a>.</p>\r\n<p>{{system_title}}</p>\r\n<p>&nbsp;</p>\r\n<p class=\"note\">Note: This is a system generated message.</p>',NULL,0),(49,0,'CHANGE-REQUEST-RECEIVED','Change Request Confirmation','Change Request Confirmation','<style>\r\n   body {font-family: sans-serif, arial; font-size: 14px; }\r\n   p, span {line-height: 18px;}\r\n   th, td {border-right:1px solid #e0e0e0; border-top:1px solid #e0e0e0; padding:8px; text-align:center; }\r\n\r\n   .table {border-bottom:1px solid #e0e0e0; border-left:1px solid #e0e0e0; font-size:12px; width:60%;}\r\n   .note {font-size:12px;}\r\n</style>\r\n\r\n<p>Good day!</p>\r\n<p>Your request has been received and is currently in verification process. Please expect to receive another email update once there is a movement on your request.</p>\r\n<p>&nbsp;</p>\r\n<p>&nbsp;</p>\r\n<p>Kindly disregard this message if approval has been made.</p>\r\n<p>{{system_title}}</p>\r\n<p>&nbsp;</p>\r\n<p class=\"note\">Note: This is a system generated message.</p>',NULL,0),(50,0,'CHANGE-REQUEST-UPDATE','Change Request Notification','Change Request','<style>\r\n   body {font-family: sans-serif, arial; font-size: 14px; }\r\n   p, span {line-height: 18px;}\r\n   th, td {border-right:1px solid #e0e0e0; border-top:1px solid #e0e0e0; padding:8px; text-align:center; }\r\n\r\n   .table {border-bottom:1px solid #e0e0e0; border-left:1px solid #e0e0e0; font-size:12px; width:60%;}\r\n   .note {font-size:12px;}\r\n</style>\r\n\r\n<p>Good day!</p>\r\n<p>Your request to change your information has been {{status}}.</p>\r\n<p>&nbsp;</p>\r\n<p>&nbsp;</p>\r\n<p>Kindly disregard this message if approval has been made.</p>\r\n<p>{{system_title}}</p>\r\n<p>&nbsp;</p>\r\n<p class=\"note\">Note: This is a system generated message.</p>',NULL,0),(51,0,'BIRTHDAY-GREETING','Birthday Greeting','Happy Birthday !','<html><head><meta charset=\"utf-8\"></head>\r\n<body style=\"background-color:#F9F9F9;padding-top: 18px;\">\r\n<div style=\"width: 580px; font-family: \'Helvetica Neue\', Helvetica, Arial, sans-serif; font-size: 13px; font-weight: normal; line-height: 18px; color: #333; margin: 0 auto; background-color: #fff;border: 1px solid #DDD; border-radius: 4px; padding: 15px;\">\r\n    <p style=\"margin:0 0 30px 0;\"><img height=\"50px\" src=\"{{system_url}}/uploads/system/print/workwise_stacked_black_720w.png\" alt=\"Please enable images to load system logo\" title=\"Please enable images\"></p>\r\n\r\n    <h2>\r\n        {{memo_title}}\r\n        <!-- BIRTHDAY GREETINGS JOHN ! -->\r\n    </h2>\r\n\r\n    <div style=\"color: #dddddd;font-size: 13px;\">\r\n        <p>\r\n            {{memo_created}}\r\n            <!-- May 22, 2015 - Friday -->\r\n        </p>\r\n    </div>\r\n\r\n    <div style=\"text-align:center;text-align: center\">\r\n        <p>\r\n            <img src=\"{{system_url}}/{{memo_attachment}}\" width=\"100px\" alt=\"Please enable images\" style=\"border-radius: 50%\">\r\n        </p>\r\n        <p>\r\n            <img src=\"{{system_url}}/uploads/system/happy_birthday.png\" width=\"580px\" alt=\"Please enable images\">\r\n        </p>\r\n    </div>\r\n\r\n    <div style=\"font-size: 13px;line-height:150%;margin-bottom: 50px;text-align: center\">\r\n        <p>\r\n            {{memo_body}}\r\n            May you always <strong>LIVE</strong> in joy and happiness, <br>\r\n            <strong>LEARN</strong> all the good things in life, showered with lots of <strong>LOVE</strong><br>\r\n            and be an inspiration wherever you are.\r\n        </p>\r\n\r\n    </div>\r\n\r\n    <div style=\"text-align:center\">\r\n        <p style=\"margin-top: 0;\">\r\n            <a target=\"_blank\" href=\"{{system_route}}\" style=\"width:200px;padding: 10px 0;font-size: 18px;line-height: 1.33;border-radius: 6px;display: inline-block;margin-bottom: 0;font-weight: normal;text-align: center;vertical-align: middle;cursor: pointer;border: 1px solid transparent;border-radius: 4px;white-space: nowrap;-webkit-user-select: none;-moz-user-select: none;-ms-user-select: none;-o-user-select: none;user-select: none;color: #ffffff;background-color: #4d90fe;border-color: #4d90fe;text-shadow: 0 -1px 0 rgba(0, 0, 0, 0.2);-webkit-box-shadow: inset 0 1px 0 rgba(255, 255, 255, 0.15), 0 1px 1px rgba(0, 0, 0, 0.075);box-shadow: inset 0 1px 0 rgba(255, 255, 255, 0.15), 0 1px 1px rgba(0, 0, 0, 0.075);background-image: -webkit-gradient(linear, left 0%, left 100%, from(#4d90fe), to(#4d90fe));background-image: -webkit-linear-gradient(top, #4d90fe, 0%, #4d90fe, 100%);background-image: -moz-linear-gradient(top, #4d90fe 0%, #4d90fe 100%);background-image: linear-gradient(to bottom, #4d90fe 0%, #4d90fe 100%);background-repeat: repeat-x; filter: progid:DXImageTransform.Microsoft.gradient(startColorstr=\'#4d90fe\', endColorstr=\'#4d90fe\', GradientType=0);text-decoration:none;\">View Dashboard</a>\r\n        </p>\r\n    </div>\r\n\r\n    <div style=\"font-size: 11px;text-align:center;background-color: #f9f9f9;padding: 5px;\">\r\n        <p>\r\n            This is a system generated message. Powered by <a style=\"color:#4d90fe;\" href=\"http://www.hdisystech.com\">HDI System Technologies, Inc.</a>\r\n        </p>\r\n    </div>\r\n\r\n</div>\r\n</body>\r\n</html>\r\n',NULL,0),(52,0,'SL-STATUS','Sick Leave Status','Sick Leave Status','<html><head><meta charset=\"utf-8\"></head>\r\n<body style=\"background-color:#F9F9F9;padding-top: 18px;\">\r\n<div style=\"width: 90%; font-family: \'Helvetica Neue\', Helvetica, Arial, sans-serif; font-size: 13px; font-weight: normal; line-height: 18px; color: #333; margin: 0 auto; background-color: #fff;border: 1px solid #DDD; border-radius: 4px; padding: 15px;\">\r\n    <p style=\"margin:0 0 30px 0;\"><img height=\"50px\" src=\"{{system_logo}}\" alt=\"Please enable images to load system logo\" title=\"Please enable images\"></p>\r\n\r\n    <h3>Dear {{alias}},</h3>\r\n\r\n    <div style=\"margin-right: 10%;\">\r\n        <p>\r\n            We would like to inform you that your <strong>{{form}}</strong> filed has been {{status}}.\r\n        </p>\r\n\r\n        <p>\r\n            <span>Comment : {{comments}}</span>\r\n        </p>\r\n\r\n        <p>\r\n            <span>Filed on : {{createdon}}<br></span>\r\n            <span>Duration : {{days}}<br></span>\r\n            <span>Inclusive Date : <strong>{{inclusive}}</strong><br></span>\r\n        </p>\r\n\r\n        <div style=\"clear: both;-webkit-box-shadow: 0 1px 2px rgba(0, 0, 0, 0.05);box-shadow: 0 1px 2px rgba(0, 0, 0, 0.05);margin-bottom: 20px;background-color: #ffffff;border: 1px solid #dddddd;border-radius: 4px;\">\r\n            <div style=\"color: #777777;background-color: #f5f5f5;text-shadow: 0 1px 0 #fff;padding: 10px 10px;border-bottom: 1px solid #dddddd;border-top-right-radius: 3px;border-top-left-radius: 3px;background-image: -webkit-gradient(linear, left 0%, left 100%, from(#ffffff), to(#f5f5f5));background-image: -webkit-linear-gradient(top, #ffffff, 0%, #f5f5f5, 100%);background-image: -moz-linear-gradient(top, #ffffff 0%, #f5f5f5 100%);background-image: linear-gradient(to bottom, #ffffff 0%, #f5f5f5 100%);background-repeat: repeat-x;filter: progid:DXImageTransform.Microsoft.gradient(startColorstr=\'#ffffffff\', endColorstr=\'#fff5f5f5\', GradientType=0);\">\r\n                <h2 style=\"font-size: 14px;margin: 2px 0;\">Leave Credits as of</h2>\r\n            </div>\r\n\r\n            <table cellspacing=\"0\" style=\"width: 100%;margin-bottom:max-width: 100%;background-color: transparent;border-collapse: collapse;border-spacing: 0; font-size: 13px;\">\r\n                <thead>\r\n                    <tr>\r\n                        <th style=\"text-align:left;padding: 8px;vertical-align: top;background-image: -webkit-gradient(linear, left 0%, left 100%, from(#ffffff), to(#f8f8f8));background-image: -webkit-linear-gradient(top, #ffffff, 0%, #f8f8f8, 100%);background-image: -moz-linear-gradient(top, #ffffff 0%, #f8f8f8 100%);background-image: linear-gradient(to bottom, #ffffff 0%, #f8f8f8 100%);background-repeat: repeat-x;filter: progid:DXImageTransform.Microsoft.gradient(startColorstr=\'#ffffffff\', endColorstr=\'#fff8f8f8\', GradientType=0);color: #777777;text-shadow: 0 1px 0 #fff, 0 0 0 #000;font-size: 90%;padding-top: 10px;padding-bottom: 10px;width: 25%\">&nbsp;</th>\r\n                        <th style=\"text-align:left;padding: 8px;vertical-align: top;background-image: -webkit-gradient(linear, left 0%, left 100%, from(#ffffff), to(#f8f8f8));background-image: -webkit-linear-gradient(top, #ffffff, 0%, #f8f8f8, 100%);background-image: -moz-linear-gradient(top, #ffffff 0%, #f8f8f8 100%);background-image: linear-gradient(to bottom, #ffffff 0%, #f8f8f8 100%);background-repeat: repeat-x;filter: progid:DXImageTransform.Microsoft.gradient(startColorstr=\'#ffffffff\', endColorstr=\'#fff8f8f8\', GradientType=0);color: #777777;text-shadow: 0 1px 0 #fff, 0 0 0 #000;font-size: 90%;padding-top: 4px;padding-bottom: 4px;width: 15%\">Previous<br>Year (if any)</th>\r\n                        <th style=\"text-align:left;padding: 8px;vertical-align: top;background-image: -webkit-gradient(linear, left 0%, left 100%, from(#ffffff), to(#f8f8f8));background-image: -webkit-linear-gradient(top, #ffffff, 0%, #f8f8f8, 100%);background-image: -moz-linear-gradient(top, #ffffff 0%, #f8f8f8 100%);background-image: linear-gradient(to bottom, #ffffff 0%, #f8f8f8 100%);background-repeat: repeat-x;filter: progid:DXImageTransform.Microsoft.gradient(startColorstr=\'#ffffffff\', endColorstr=\'#fff8f8f8\', GradientType=0);color: #777777;text-shadow: 0 1px 0 #fff, 0 0 0 #000;font-size: 90%;padding-top: 4px;padding-bottom: 4px;white-space:nowrap;width: 15%\">Earned<br>this Year</th>\r\n                        <th style=\"text-align:left;padding: 8px;vertical-align: top;background-image: -webkit-gradient(linear, left 0%, left 100%, from(#ffffff), to(#f8f8f8));background-image: -webkit-linear-gradient(top, #ffffff, 0%, #f8f8f8, 100%);background-image: -moz-linear-gradient(top, #ffffff 0%, #f8f8f8 100%);background-image: linear-gradient(to bottom, #ffffff 0%, #f8f8f8 100%);background-repeat: repeat-x;filter: progid:DXImageTransform.Microsoft.gradient(startColorstr=\'#ffffffff\', endColorstr=\'#fff8f8f8\', GradientType=0);color: #777777;text-shadow: 0 1px 0 #fff, 0 0 0 #000;font-size: 90%;padding-top: 4px;padding-bottom: 4px;white-space:nowrap;width: 15%\">Used</th>\r\n                        <th style=\"text-align:left;padding: 8px;vertical-align: top;background-image: -webkit-gradient(linear, left 0%, left 100%, from(#ffffff), to(#f8f8f8));background-image: -webkit-linear-gradient(top, #ffffff, 0%, #f8f8f8, 100%);background-image: -moz-linear-gradient(top, #ffffff 0%, #f8f8f8 100%);background-image: linear-gradient(to bottom, #ffffff 0%, #f8f8f8 100%);background-repeat: repeat-x;filter: progid:DXImageTransform.Microsoft.gradient(startColorstr=\'#ffffffff\', endColorstr=\'#fff8f8f8\', GradientType=0);color: #777777;text-shadow: 0 1px 0 #fff, 0 0 0 #000;font-size: 90%;padding-top: 4px;padding-bottom: 4px;white-space:nowrap;width: 15%\">Balance</th>\r\n                        <th style=\"text-align:left;padding: 8px;vertical-align: top;background-image: -webkit-gradient(linear, left 0%, left 100%, from(#ffffff), to(#f8f8f8));background-image: -webkit-linear-gradient(top, #ffffff, 0%, #f8f8f8, 100%);background-image: -moz-linear-gradient(top, #ffffff 0%, #f8f8f8 100%);background-image: linear-gradient(to bottom, #ffffff 0%, #f8f8f8 100%);background-repeat: repeat-x;filter: progid:DXImageTransform.Microsoft.gradient(startColorstr=\'#ffffffff\', endColorstr=\'#fff8f8f8\', GradientType=0);color: #777777;text-shadow: 0 1px 0 #fff, 0 0 0 #000;font-size: 90%;padding-top: 4px;padding-bottom: 4px;white-space:nowrap;width: 15%\">Pending</th>\r\n                    </tr>\r\n                </thead>\r\n                <tbody>\r\n                    {{table_body}}\r\n                </tbody>\r\n            </table>\r\n        </div>\r\n\r\n        <br />\r\n\r\n    </div>\r\n\r\n\r\n    <p>\r\n        Best regards,\r\n        <br>\r\n        {{system_title}}\r\n    </p>\r\n\r\n    <p>\r\n        This is a system generated message. Please do not reply as your email may not be read.\r\n        <br>\r\n        Powered by <a style=\"color:#4d90fe;\" target=\"_blank\" href=\"http://www.hdisystech.com\">HDI System Technologies, Inc.</a>\r\n    </p>\r\n</div>\r\n</body>\r\n</html>',NULL,0),(53,0,'VL-STATUS','Vacation Leave Status','Vacation Leave Status','<html><head><meta charset=\"utf-8\"></head>\r\n<body style=\"background-color:#F9F9F9;padding-top: 18px;\">\r\n<div style=\"width: 90%; font-family: \'Helvetica Neue\', Helvetica, Arial, sans-serif; font-size: 13px; font-weight: normal; line-height: 18px; color: #333; margin: 0 auto; background-color: #fff;border: 1px solid #DDD; border-radius: 4px; padding: 15px;\">\r\n    <p style=\"margin:0 0 30px 0;\"><img height=\"50px\" src=\"{{system_logo}}\" alt=\"Please enable images to load system logo\" title=\"Please enable images\"></p>\r\n\r\n    <h3>Dear {{alias}},</h3>\r\n\r\n    <div style=\"margin-right: 10%;\">\r\n        <p>\r\n            We would like to inform you that your <strong>{{form}}</strong> filed has been {{status}}.\r\n        </p>\r\n\r\n        <p>\r\n            <span>Comment : {{comments}}</span>\r\n        </p>\r\n\r\n        <p>\r\n            <span>Filed on : {{createdon}}<br></span>\r\n            <span>Duration : {{days}}<br></span>\r\n            <span>Inclusive Date : <strong>{{inclusive}}</strong><br></span>\r\n        </p>\r\n\r\n        <div style=\"clear: both;-webkit-box-shadow: 0 1px 2px rgba(0, 0, 0, 0.05);box-shadow: 0 1px 2px rgba(0, 0, 0, 0.05);margin-bottom: 20px;background-color: #ffffff;border: 1px solid #dddddd;border-radius: 4px;\">\r\n            <div style=\"color: #777777;background-color: #f5f5f5;text-shadow: 0 1px 0 #fff;padding: 10px 10px;border-bottom: 1px solid #dddddd;border-top-right-radius: 3px;border-top-left-radius: 3px;background-image: -webkit-gradient(linear, left 0%, left 100%, from(#ffffff), to(#f5f5f5));background-image: -webkit-linear-gradient(top, #ffffff, 0%, #f5f5f5, 100%);background-image: -moz-linear-gradient(top, #ffffff 0%, #f5f5f5 100%);background-image: linear-gradient(to bottom, #ffffff 0%, #f5f5f5 100%);background-repeat: repeat-x;filter: progid:DXImageTransform.Microsoft.gradient(startColorstr=\'#ffffffff\', endColorstr=\'#fff5f5f5\', GradientType=0);\">\r\n                <h2 style=\"font-size: 14px;margin: 2px 0;\">Leave Credits as of</h2>\r\n            </div>\r\n\r\n            <table cellspacing=\"0\" style=\"width: 100%;margin-bottom:max-width: 100%;background-color: transparent;border-collapse: collapse;border-spacing: 0; font-size: 13px;\">\r\n                <thead>\r\n                    <tr>\r\n                        <th style=\"text-align:left;padding: 8px;vertical-align: top;background-image: -webkit-gradient(linear, left 0%, left 100%, from(#ffffff), to(#f8f8f8));background-image: -webkit-linear-gradient(top, #ffffff, 0%, #f8f8f8, 100%);background-image: -moz-linear-gradient(top, #ffffff 0%, #f8f8f8 100%);background-image: linear-gradient(to bottom, #ffffff 0%, #f8f8f8 100%);background-repeat: repeat-x;filter: progid:DXImageTransform.Microsoft.gradient(startColorstr=\'#ffffffff\', endColorstr=\'#fff8f8f8\', GradientType=0);color: #777777;text-shadow: 0 1px 0 #fff, 0 0 0 #000;font-size: 90%;padding-top: 10px;padding-bottom: 10px;width: 25%\">&nbsp;</th>\r\n                        <th style=\"text-align:left;padding: 8px;vertical-align: top;background-image: -webkit-gradient(linear, left 0%, left 100%, from(#ffffff), to(#f8f8f8));background-image: -webkit-linear-gradient(top, #ffffff, 0%, #f8f8f8, 100%);background-image: -moz-linear-gradient(top, #ffffff 0%, #f8f8f8 100%);background-image: linear-gradient(to bottom, #ffffff 0%, #f8f8f8 100%);background-repeat: repeat-x;filter: progid:DXImageTransform.Microsoft.gradient(startColorstr=\'#ffffffff\', endColorstr=\'#fff8f8f8\', GradientType=0);color: #777777;text-shadow: 0 1px 0 #fff, 0 0 0 #000;font-size: 90%;padding-top: 4px;padding-bottom: 4px;width: 15%\">Previous<br>Year (if any)</th>\r\n                        <th style=\"text-align:left;padding: 8px;vertical-align: top;background-image: -webkit-gradient(linear, left 0%, left 100%, from(#ffffff), to(#f8f8f8));background-image: -webkit-linear-gradient(top, #ffffff, 0%, #f8f8f8, 100%);background-image: -moz-linear-gradient(top, #ffffff 0%, #f8f8f8 100%);background-image: linear-gradient(to bottom, #ffffff 0%, #f8f8f8 100%);background-repeat: repeat-x;filter: progid:DXImageTransform.Microsoft.gradient(startColorstr=\'#ffffffff\', endColorstr=\'#fff8f8f8\', GradientType=0);color: #777777;text-shadow: 0 1px 0 #fff, 0 0 0 #000;font-size: 90%;padding-top: 4px;padding-bottom: 4px;white-space:nowrap;width: 15%\">Earned<br>this Year</th>\r\n                        <th style=\"text-align:left;padding: 8px;vertical-align: top;background-image: -webkit-gradient(linear, left 0%, left 100%, from(#ffffff), to(#f8f8f8));background-image: -webkit-linear-gradient(top, #ffffff, 0%, #f8f8f8, 100%);background-image: -moz-linear-gradient(top, #ffffff 0%, #f8f8f8 100%);background-image: linear-gradient(to bottom, #ffffff 0%, #f8f8f8 100%);background-repeat: repeat-x;filter: progid:DXImageTransform.Microsoft.gradient(startColorstr=\'#ffffffff\', endColorstr=\'#fff8f8f8\', GradientType=0);color: #777777;text-shadow: 0 1px 0 #fff, 0 0 0 #000;font-size: 90%;padding-top: 4px;padding-bottom: 4px;white-space:nowrap;width: 15%\">Used</th>\r\n                        <th style=\"text-align:left;padding: 8px;vertical-align: top;background-image: -webkit-gradient(linear, left 0%, left 100%, from(#ffffff), to(#f8f8f8));background-image: -webkit-linear-gradient(top, #ffffff, 0%, #f8f8f8, 100%);background-image: -moz-linear-gradient(top, #ffffff 0%, #f8f8f8 100%);background-image: linear-gradient(to bottom, #ffffff 0%, #f8f8f8 100%);background-repeat: repeat-x;filter: progid:DXImageTransform.Microsoft.gradient(startColorstr=\'#ffffffff\', endColorstr=\'#fff8f8f8\', GradientType=0);color: #777777;text-shadow: 0 1px 0 #fff, 0 0 0 #000;font-size: 90%;padding-top: 4px;padding-bottom: 4px;white-space:nowrap;width: 15%\">Balance</th>\r\n                        <th style=\"text-align:left;padding: 8px;vertical-align: top;background-image: -webkit-gradient(linear, left 0%, left 100%, from(#ffffff), to(#f8f8f8));background-image: -webkit-linear-gradient(top, #ffffff, 0%, #f8f8f8, 100%);background-image: -moz-linear-gradient(top, #ffffff 0%, #f8f8f8 100%);background-image: linear-gradient(to bottom, #ffffff 0%, #f8f8f8 100%);background-repeat: repeat-x;filter: progid:DXImageTransform.Microsoft.gradient(startColorstr=\'#ffffffff\', endColorstr=\'#fff8f8f8\', GradientType=0);color: #777777;text-shadow: 0 1px 0 #fff, 0 0 0 #000;font-size: 90%;padding-top: 4px;padding-bottom: 4px;white-space:nowrap;width: 15%\">Pending</th>\r\n                    </tr>\r\n                </thead>\r\n                <tbody>\r\n                    {{table_body}}\r\n                </tbody>\r\n            </table>\r\n        </div>\r\n\r\n        <br />\r\n\r\n    </div>\r\n\r\n\r\n    <p>\r\n        Best regards,\r\n        <br>\r\n        {{system_title}}\r\n    </p>\r\n\r\n    <p>\r\n        This is a system generated message. Please do not reply as your email may not be read.\r\n        <br>\r\n        Powered by <a style=\"color:#4d90fe;\" target=\"_blank\" href=\"http://www.hdisystech.com\">HDI System Technologies, Inc.</a>\r\n    </p>\r\n</div>\r\n</body>\r\n</html>',NULL,0),(54,0,'EL-STATUS','Emergency Leave Status','Emergency Leave Status','<html><head><meta charset=\"utf-8\"></head>\r\n<body style=\"background-color:#F9F9F9;padding-top: 18px;\">\r\n<div style=\"width: 90%; font-family: \'Helvetica Neue\', Helvetica, Arial, sans-serif; font-size: 13px; font-weight: normal; line-height: 18px; color: #333; margin: 0 auto; background-color: #fff;border: 1px solid #DDD; border-radius: 4px; padding: 15px;\">\r\n    <p style=\"margin:0 0 30px 0;\"><img height=\"50px\" src=\"{{system_logo}}\" alt=\"Please enable images to load system logo\" title=\"Please enable images\"></p>\r\n\r\n    <h3>Dear {{alias}},</h3>\r\n\r\n    <div style=\"margin-right: 10%;\">\r\n        <p>\r\n            We would like to inform you that your <strong>{{form}}</strong> filed has been {{status}}.\r\n        </p>\r\n\r\n        <p>\r\n            <span>Comment : {{comments}}</span>\r\n        </p>\r\n\r\n        <p>\r\n            <span>Filed on : {{createdon}}<br></span>\r\n            <span>Duration : {{days}}<br></span>\r\n            <span>Inclusive Date : <strong>{{inclusive}}</strong><br></span>\r\n        </p>\r\n\r\n        <div style=\"clear: both;-webkit-box-shadow: 0 1px 2px rgba(0, 0, 0, 0.05);box-shadow: 0 1px 2px rgba(0, 0, 0, 0.05);margin-bottom: 20px;background-color: #ffffff;border: 1px solid #dddddd;border-radius: 4px;\">\r\n            <div style=\"color: #777777;background-color: #f5f5f5;text-shadow: 0 1px 0 #fff;padding: 10px 10px;border-bottom: 1px solid #dddddd;border-top-right-radius: 3px;border-top-left-radius: 3px;background-image: -webkit-gradient(linear, left 0%, left 100%, from(#ffffff), to(#f5f5f5));background-image: -webkit-linear-gradient(top, #ffffff, 0%, #f5f5f5, 100%);background-image: -moz-linear-gradient(top, #ffffff 0%, #f5f5f5 100%);background-image: linear-gradient(to bottom, #ffffff 0%, #f5f5f5 100%);background-repeat: repeat-x;filter: progid:DXImageTransform.Microsoft.gradient(startColorstr=\'#ffffffff\', endColorstr=\'#fff5f5f5\', GradientType=0);\">\r\n                <h2 style=\"font-size: 14px;margin: 2px 0;\">Leave Credits as of</h2>\r\n            </div>\r\n\r\n            <table cellspacing=\"0\" style=\"width: 100%;margin-bottom:max-width: 100%;background-color: transparent;border-collapse: collapse;border-spacing: 0; font-size: 13px;\">\r\n                <thead>\r\n                    <tr>\r\n                        <th style=\"text-align:left;padding: 8px;vertical-align: top;background-image: -webkit-gradient(linear, left 0%, left 100%, from(#ffffff), to(#f8f8f8));background-image: -webkit-linear-gradient(top, #ffffff, 0%, #f8f8f8, 100%);background-image: -moz-linear-gradient(top, #ffffff 0%, #f8f8f8 100%);background-image: linear-gradient(to bottom, #ffffff 0%, #f8f8f8 100%);background-repeat: repeat-x;filter: progid:DXImageTransform.Microsoft.gradient(startColorstr=\'#ffffffff\', endColorstr=\'#fff8f8f8\', GradientType=0);color: #777777;text-shadow: 0 1px 0 #fff, 0 0 0 #000;font-size: 90%;padding-top: 10px;padding-bottom: 10px;width: 25%\">&nbsp;</th>\r\n                        <th style=\"text-align:left;padding: 8px;vertical-align: top;background-image: -webkit-gradient(linear, left 0%, left 100%, from(#ffffff), to(#f8f8f8));background-image: -webkit-linear-gradient(top, #ffffff, 0%, #f8f8f8, 100%);background-image: -moz-linear-gradient(top, #ffffff 0%, #f8f8f8 100%);background-image: linear-gradient(to bottom, #ffffff 0%, #f8f8f8 100%);background-repeat: repeat-x;filter: progid:DXImageTransform.Microsoft.gradient(startColorstr=\'#ffffffff\', endColorstr=\'#fff8f8f8\', GradientType=0);color: #777777;text-shadow: 0 1px 0 #fff, 0 0 0 #000;font-size: 90%;padding-top: 4px;padding-bottom: 4px;width: 15%\">Previous<br>Year (if any)</th>\r\n                        <th style=\"text-align:left;padding: 8px;vertical-align: top;background-image: -webkit-gradient(linear, left 0%, left 100%, from(#ffffff), to(#f8f8f8));background-image: -webkit-linear-gradient(top, #ffffff, 0%, #f8f8f8, 100%);background-image: -moz-linear-gradient(top, #ffffff 0%, #f8f8f8 100%);background-image: linear-gradient(to bottom, #ffffff 0%, #f8f8f8 100%);background-repeat: repeat-x;filter: progid:DXImageTransform.Microsoft.gradient(startColorstr=\'#ffffffff\', endColorstr=\'#fff8f8f8\', GradientType=0);color: #777777;text-shadow: 0 1px 0 #fff, 0 0 0 #000;font-size: 90%;padding-top: 4px;padding-bottom: 4px;white-space:nowrap;width: 15%\">Earned<br>this Year</th>\r\n                        <th style=\"text-align:left;padding: 8px;vertical-align: top;background-image: -webkit-gradient(linear, left 0%, left 100%, from(#ffffff), to(#f8f8f8));background-image: -webkit-linear-gradient(top, #ffffff, 0%, #f8f8f8, 100%);background-image: -moz-linear-gradient(top, #ffffff 0%, #f8f8f8 100%);background-image: linear-gradient(to bottom, #ffffff 0%, #f8f8f8 100%);background-repeat: repeat-x;filter: progid:DXImageTransform.Microsoft.gradient(startColorstr=\'#ffffffff\', endColorstr=\'#fff8f8f8\', GradientType=0);color: #777777;text-shadow: 0 1px 0 #fff, 0 0 0 #000;font-size: 90%;padding-top: 4px;padding-bottom: 4px;white-space:nowrap;width: 15%\">Used</th>\r\n                        <th style=\"text-align:left;padding: 8px;vertical-align: top;background-image: -webkit-gradient(linear, left 0%, left 100%, from(#ffffff), to(#f8f8f8));background-image: -webkit-linear-gradient(top, #ffffff, 0%, #f8f8f8, 100%);background-image: -moz-linear-gradient(top, #ffffff 0%, #f8f8f8 100%);background-image: linear-gradient(to bottom, #ffffff 0%, #f8f8f8 100%);background-repeat: repeat-x;filter: progid:DXImageTransform.Microsoft.gradient(startColorstr=\'#ffffffff\', endColorstr=\'#fff8f8f8\', GradientType=0);color: #777777;text-shadow: 0 1px 0 #fff, 0 0 0 #000;font-size: 90%;padding-top: 4px;padding-bottom: 4px;white-space:nowrap;width: 15%\">Balance</th>\r\n                        <th style=\"text-align:left;padding: 8px;vertical-align: top;background-image: -webkit-gradient(linear, left 0%, left 100%, from(#ffffff), to(#f8f8f8));background-image: -webkit-linear-gradient(top, #ffffff, 0%, #f8f8f8, 100%);background-image: -moz-linear-gradient(top, #ffffff 0%, #f8f8f8 100%);background-image: linear-gradient(to bottom, #ffffff 0%, #f8f8f8 100%);background-repeat: repeat-x;filter: progid:DXImageTransform.Microsoft.gradient(startColorstr=\'#ffffffff\', endColorstr=\'#fff8f8f8\', GradientType=0);color: #777777;text-shadow: 0 1px 0 #fff, 0 0 0 #000;font-size: 90%;padding-top: 4px;padding-bottom: 4px;white-space:nowrap;width: 15%\">Pending</th>\r\n                    </tr>\r\n                </thead>\r\n                <tbody>\r\n                    {{table_body}}\r\n                </tbody>\r\n            </table>\r\n        </div>\r\n\r\n        <br />\r\n\r\n    </div>\r\n\r\n\r\n    <p>\r\n        Best regards,\r\n        <br>\r\n        {{system_title}}\r\n    </p>\r\n\r\n    <p>\r\n        This is a system generated message. Please do not reply as your email may not be read.\r\n        <br>\r\n        Powered by <a style=\"color:#4d90fe;\" target=\"_blank\" href=\"http://www.hdisystech.com\">HDI System Technologies, Inc.</a>\r\n    </p>\r\n</div>\r\n</body>\r\n</html>',NULL,0),(55,0,'FL-STATUS','Funeral Leave Status','Bereavement Leave Status','<html><head><meta charset=\"utf-8\"></head>\r\n<body style=\"background-color:#F9F9F9;padding-top: 18px;\">\r\n<div style=\"width: 90%; font-family: \'Helvetica Neue\', Helvetica, Arial, sans-serif; font-size: 13px; font-weight: normal; line-height: 18px; color: #333; margin: 0 auto; background-color: #fff;border: 1px solid #DDD; border-radius: 4px; padding: 15px;\">\r\n    <p style=\"margin:0 0 30px 0;\"><img height=\"50px\" src=\"{{system_logo}}\" alt=\"Please enable images to load system logo\" title=\"Please enable images\"></p>\r\n\r\n    <h3>Dear {{alias}},</h3>\r\n\r\n    <div style=\"margin-right: 10%;\">\r\n        <p>\r\n            We would like to inform you that your <strong>{{form}}</strong> filed has been {{status}}.\r\n        </p>\r\n\r\n        <p>\r\n            <span>Comment : {{comments}}</span>\r\n        </p>\r\n\r\n        <p>\r\n            <span>Filed on : {{createdon}}<br></span>\r\n            <span>Duration : {{days}}<br></span>\r\n            <span>Inclusive Date : <strong>{{inclusive}}</strong><br></span>\r\n        </p>\r\n\r\n        <div style=\"clear: both;-webkit-box-shadow: 0 1px 2px rgba(0, 0, 0, 0.05);box-shadow: 0 1px 2px rgba(0, 0, 0, 0.05);margin-bottom: 20px;background-color: #ffffff;border: 1px solid #dddddd;border-radius: 4px;\">\r\n            <div style=\"color: #777777;background-color: #f5f5f5;text-shadow: 0 1px 0 #fff;padding: 10px 10px;border-bottom: 1px solid #dddddd;border-top-right-radius: 3px;border-top-left-radius: 3px;background-image: -webkit-gradient(linear, left 0%, left 100%, from(#ffffff), to(#f5f5f5));background-image: -webkit-linear-gradient(top, #ffffff, 0%, #f5f5f5, 100%);background-image: -moz-linear-gradient(top, #ffffff 0%, #f5f5f5 100%);background-image: linear-gradient(to bottom, #ffffff 0%, #f5f5f5 100%);background-repeat: repeat-x;filter: progid:DXImageTransform.Microsoft.gradient(startColorstr=\'#ffffffff\', endColorstr=\'#fff5f5f5\', GradientType=0);\">\r\n                <h2 style=\"font-size: 14px;margin: 2px 0;\">Leave Credits as of</h2>\r\n            </div>\r\n\r\n            <table cellspacing=\"0\" style=\"width: 100%;margin-bottom:max-width: 100%;background-color: transparent;border-collapse: collapse;border-spacing: 0; font-size: 13px;\">\r\n                <thead>\r\n                    <tr>\r\n                        <th style=\"text-align:left;padding: 8px;vertical-align: top;background-image: -webkit-gradient(linear, left 0%, left 100%, from(#ffffff), to(#f8f8f8));background-image: -webkit-linear-gradient(top, #ffffff, 0%, #f8f8f8, 100%);background-image: -moz-linear-gradient(top, #ffffff 0%, #f8f8f8 100%);background-image: linear-gradient(to bottom, #ffffff 0%, #f8f8f8 100%);background-repeat: repeat-x;filter: progid:DXImageTransform.Microsoft.gradient(startColorstr=\'#ffffffff\', endColorstr=\'#fff8f8f8\', GradientType=0);color: #777777;text-shadow: 0 1px 0 #fff, 0 0 0 #000;font-size: 90%;padding-top: 10px;padding-bottom: 10px;width: 25%\">&nbsp;</th>\r\n                        <th style=\"text-align:left;padding: 8px;vertical-align: top;background-image: -webkit-gradient(linear, left 0%, left 100%, from(#ffffff), to(#f8f8f8));background-image: -webkit-linear-gradient(top, #ffffff, 0%, #f8f8f8, 100%);background-image: -moz-linear-gradient(top, #ffffff 0%, #f8f8f8 100%);background-image: linear-gradient(to bottom, #ffffff 0%, #f8f8f8 100%);background-repeat: repeat-x;filter: progid:DXImageTransform.Microsoft.gradient(startColorstr=\'#ffffffff\', endColorstr=\'#fff8f8f8\', GradientType=0);color: #777777;text-shadow: 0 1px 0 #fff, 0 0 0 #000;font-size: 90%;padding-top: 4px;padding-bottom: 4px;width: 15%\">Previous<br>Year (if any)</th>\r\n                        <th style=\"text-align:left;padding: 8px;vertical-align: top;background-image: -webkit-gradient(linear, left 0%, left 100%, from(#ffffff), to(#f8f8f8));background-image: -webkit-linear-gradient(top, #ffffff, 0%, #f8f8f8, 100%);background-image: -moz-linear-gradient(top, #ffffff 0%, #f8f8f8 100%);background-image: linear-gradient(to bottom, #ffffff 0%, #f8f8f8 100%);background-repeat: repeat-x;filter: progid:DXImageTransform.Microsoft.gradient(startColorstr=\'#ffffffff\', endColorstr=\'#fff8f8f8\', GradientType=0);color: #777777;text-shadow: 0 1px 0 #fff, 0 0 0 #000;font-size: 90%;padding-top: 4px;padding-bottom: 4px;white-space:nowrap;width: 15%\">Earned<br>this Year</th>\r\n                        <th style=\"text-align:left;padding: 8px;vertical-align: top;background-image: -webkit-gradient(linear, left 0%, left 100%, from(#ffffff), to(#f8f8f8));background-image: -webkit-linear-gradient(top, #ffffff, 0%, #f8f8f8, 100%);background-image: -moz-linear-gradient(top, #ffffff 0%, #f8f8f8 100%);background-image: linear-gradient(to bottom, #ffffff 0%, #f8f8f8 100%);background-repeat: repeat-x;filter: progid:DXImageTransform.Microsoft.gradient(startColorstr=\'#ffffffff\', endColorstr=\'#fff8f8f8\', GradientType=0);color: #777777;text-shadow: 0 1px 0 #fff, 0 0 0 #000;font-size: 90%;padding-top: 4px;padding-bottom: 4px;white-space:nowrap;width: 15%\">Used</th>\r\n                        <th style=\"text-align:left;padding: 8px;vertical-align: top;background-image: -webkit-gradient(linear, left 0%, left 100%, from(#ffffff), to(#f8f8f8));background-image: -webkit-linear-gradient(top, #ffffff, 0%, #f8f8f8, 100%);background-image: -moz-linear-gradient(top, #ffffff 0%, #f8f8f8 100%);background-image: linear-gradient(to bottom, #ffffff 0%, #f8f8f8 100%);background-repeat: repeat-x;filter: progid:DXImageTransform.Microsoft.gradient(startColorstr=\'#ffffffff\', endColorstr=\'#fff8f8f8\', GradientType=0);color: #777777;text-shadow: 0 1px 0 #fff, 0 0 0 #000;font-size: 90%;padding-top: 4px;padding-bottom: 4px;white-space:nowrap;width: 15%\">Balance</th>\r\n                        <th style=\"text-align:left;padding: 8px;vertical-align: top;background-image: -webkit-gradient(linear, left 0%, left 100%, from(#ffffff), to(#f8f8f8));background-image: -webkit-linear-gradient(top, #ffffff, 0%, #f8f8f8, 100%);background-image: -moz-linear-gradient(top, #ffffff 0%, #f8f8f8 100%);background-image: linear-gradient(to bottom, #ffffff 0%, #f8f8f8 100%);background-repeat: repeat-x;filter: progid:DXImageTransform.Microsoft.gradient(startColorstr=\'#ffffffff\', endColorstr=\'#fff8f8f8\', GradientType=0);color: #777777;text-shadow: 0 1px 0 #fff, 0 0 0 #000;font-size: 90%;padding-top: 4px;padding-bottom: 4px;white-space:nowrap;width: 15%\">Pending</th>\r\n                    </tr>\r\n                </thead>\r\n                <tbody>\r\n                    {{table_body}}\r\n                </tbody>\r\n            </table>\r\n        </div>\r\n\r\n        <br />\r\n\r\n    </div>\r\n\r\n\r\n    <p>\r\n        Best regards,\r\n        <br>\r\n        {{system_title}}\r\n    </p>\r\n\r\n    <p>\r\n        This is a system generated message. Please do not reply as your email may not be read.\r\n        <br>\r\n        Powered by <a style=\"color:#4d90fe;\" target=\"_blank\" href=\"http://www.hdisystech.com\">HDI System Technologies, Inc.</a>\r\n    </p>\r\n</div>\r\n</body>\r\n</html>',NULL,0),(56,0,'ML-STATUS','Maternity Leave Status','Maternity Leave Status','<html><head><meta charset=\"utf-8\"></head>\r\n<body style=\"background-color:#F9F9F9;padding-top: 18px;\">\r\n<div style=\"width: 90%; font-family: \'Helvetica Neue\', Helvetica, Arial, sans-serif; font-size: 13px; font-weight: normal; line-height: 18px; color: #333; margin: 0 auto; background-color: #fff;border: 1px solid #DDD; border-radius: 4px; padding: 15px;\">\r\n    <p style=\"margin:0 0 30px 0;\"><img height=\"50px\" src=\"{{system_logo}}\" alt=\"Please enable images to load system logo\" title=\"Please enable images\"></p>\r\n\r\n    <h3>Dear {{alias}},</h3>\r\n\r\n    <div style=\"margin-right: 10%;\">\r\n        <p>\r\n            We would like to inform you that your <strong>{{form}}</strong> filed has been {{status}}.\r\n        </p>\r\n\r\n        <p>\r\n            <span>Comment : {{comments}}</span>\r\n        </p>\r\n\r\n        <p>\r\n            <span>Filed on : {{createdon}}<br></span>\r\n            <span>Duration : {{days}}<br></span>\r\n            <span>Inclusive Date : <strong>{{inclusive}}</strong><br></span>\r\n        </p>\r\n\r\n        <div style=\"clear: both;-webkit-box-shadow: 0 1px 2px rgba(0, 0, 0, 0.05);box-shadow: 0 1px 2px rgba(0, 0, 0, 0.05);margin-bottom: 20px;background-color: #ffffff;border: 1px solid #dddddd;border-radius: 4px;\">\r\n            <div style=\"color: #777777;background-color: #f5f5f5;text-shadow: 0 1px 0 #fff;padding: 10px 10px;border-bottom: 1px solid #dddddd;border-top-right-radius: 3px;border-top-left-radius: 3px;background-image: -webkit-gradient(linear, left 0%, left 100%, from(#ffffff), to(#f5f5f5));background-image: -webkit-linear-gradient(top, #ffffff, 0%, #f5f5f5, 100%);background-image: -moz-linear-gradient(top, #ffffff 0%, #f5f5f5 100%);background-image: linear-gradient(to bottom, #ffffff 0%, #f5f5f5 100%);background-repeat: repeat-x;filter: progid:DXImageTransform.Microsoft.gradient(startColorstr=\'#ffffffff\', endColorstr=\'#fff5f5f5\', GradientType=0);\">\r\n                <h2 style=\"font-size: 14px;margin: 2px 0;\">Leave Credits as of</h2>\r\n            </div>\r\n\r\n            <table cellspacing=\"0\" style=\"width: 100%;margin-bottom:max-width: 100%;background-color: transparent;border-collapse: collapse;border-spacing: 0; font-size: 13px;\">\r\n                <thead>\r\n                    <tr>\r\n                        <th style=\"text-align:left;padding: 8px;vertical-align: top;background-image: -webkit-gradient(linear, left 0%, left 100%, from(#ffffff), to(#f8f8f8));background-image: -webkit-linear-gradient(top, #ffffff, 0%, #f8f8f8, 100%);background-image: -moz-linear-gradient(top, #ffffff 0%, #f8f8f8 100%);background-image: linear-gradient(to bottom, #ffffff 0%, #f8f8f8 100%);background-repeat: repeat-x;filter: progid:DXImageTransform.Microsoft.gradient(startColorstr=\'#ffffffff\', endColorstr=\'#fff8f8f8\', GradientType=0);color: #777777;text-shadow: 0 1px 0 #fff, 0 0 0 #000;font-size: 90%;padding-top: 10px;padding-bottom: 10px;width: 25%\">&nbsp;</th>\r\n                        <th style=\"text-align:left;padding: 8px;vertical-align: top;background-image: -webkit-gradient(linear, left 0%, left 100%, from(#ffffff), to(#f8f8f8));background-image: -webkit-linear-gradient(top, #ffffff, 0%, #f8f8f8, 100%);background-image: -moz-linear-gradient(top, #ffffff 0%, #f8f8f8 100%);background-image: linear-gradient(to bottom, #ffffff 0%, #f8f8f8 100%);background-repeat: repeat-x;filter: progid:DXImageTransform.Microsoft.gradient(startColorstr=\'#ffffffff\', endColorstr=\'#fff8f8f8\', GradientType=0);color: #777777;text-shadow: 0 1px 0 #fff, 0 0 0 #000;font-size: 90%;padding-top: 4px;padding-bottom: 4px;width: 15%\">Previous<br>Year (if any)</th>\r\n                        <th style=\"text-align:left;padding: 8px;vertical-align: top;background-image: -webkit-gradient(linear, left 0%, left 100%, from(#ffffff), to(#f8f8f8));background-image: -webkit-linear-gradient(top, #ffffff, 0%, #f8f8f8, 100%);background-image: -moz-linear-gradient(top, #ffffff 0%, #f8f8f8 100%);background-image: linear-gradient(to bottom, #ffffff 0%, #f8f8f8 100%);background-repeat: repeat-x;filter: progid:DXImageTransform.Microsoft.gradient(startColorstr=\'#ffffffff\', endColorstr=\'#fff8f8f8\', GradientType=0);color: #777777;text-shadow: 0 1px 0 #fff, 0 0 0 #000;font-size: 90%;padding-top: 4px;padding-bottom: 4px;white-space:nowrap;width: 15%\">Earned<br>this Year</th>\r\n                        <th style=\"text-align:left;padding: 8px;vertical-align: top;background-image: -webkit-gradient(linear, left 0%, left 100%, from(#ffffff), to(#f8f8f8));background-image: -webkit-linear-gradient(top, #ffffff, 0%, #f8f8f8, 100%);background-image: -moz-linear-gradient(top, #ffffff 0%, #f8f8f8 100%);background-image: linear-gradient(to bottom, #ffffff 0%, #f8f8f8 100%);background-repeat: repeat-x;filter: progid:DXImageTransform.Microsoft.gradient(startColorstr=\'#ffffffff\', endColorstr=\'#fff8f8f8\', GradientType=0);color: #777777;text-shadow: 0 1px 0 #fff, 0 0 0 #000;font-size: 90%;padding-top: 4px;padding-bottom: 4px;white-space:nowrap;width: 15%\">Used</th>\r\n                        <th style=\"text-align:left;padding: 8px;vertical-align: top;background-image: -webkit-gradient(linear, left 0%, left 100%, from(#ffffff), to(#f8f8f8));background-image: -webkit-linear-gradient(top, #ffffff, 0%, #f8f8f8, 100%);background-image: -moz-linear-gradient(top, #ffffff 0%, #f8f8f8 100%);background-image: linear-gradient(to bottom, #ffffff 0%, #f8f8f8 100%);background-repeat: repeat-x;filter: progid:DXImageTransform.Microsoft.gradient(startColorstr=\'#ffffffff\', endColorstr=\'#fff8f8f8\', GradientType=0);color: #777777;text-shadow: 0 1px 0 #fff, 0 0 0 #000;font-size: 90%;padding-top: 4px;padding-bottom: 4px;white-space:nowrap;width: 15%\">Balance</th>\r\n                        <th style=\"text-align:left;padding: 8px;vertical-align: top;background-image: -webkit-gradient(linear, left 0%, left 100%, from(#ffffff), to(#f8f8f8));background-image: -webkit-linear-gradient(top, #ffffff, 0%, #f8f8f8, 100%);background-image: -moz-linear-gradient(top, #ffffff 0%, #f8f8f8 100%);background-image: linear-gradient(to bottom, #ffffff 0%, #f8f8f8 100%);background-repeat: repeat-x;filter: progid:DXImageTransform.Microsoft.gradient(startColorstr=\'#ffffffff\', endColorstr=\'#fff8f8f8\', GradientType=0);color: #777777;text-shadow: 0 1px 0 #fff, 0 0 0 #000;font-size: 90%;padding-top: 4px;padding-bottom: 4px;white-space:nowrap;width: 15%\">Pending</th>\r\n                    </tr>\r\n                </thead>\r\n                <tbody>\r\n                    {{table_body}}\r\n                </tbody>\r\n            </table>\r\n        </div>\r\n\r\n        <br />\r\n\r\n    </div>\r\n\r\n\r\n    <p>\r\n        Best regards,\r\n        <br>\r\n        {{system_title}}\r\n    </p>\r\n\r\n    <p>\r\n        This is a system generated message. Please do not reply as your email may not be read.\r\n        <br>\r\n        Powered by <a style=\"color:#4d90fe;\" target=\"_blank\" href=\"http://www.hdisystech.com\">HDI System Technologies, Inc.</a>\r\n    </p>\r\n</div>\r\n</body>\r\n</html>',NULL,0),(57,0,'PL-STATUS','Paternity Leave Status','Paternity Leave Status','<html><head><meta charset=\"utf-8\"></head>\r\n<body style=\"background-color:#F9F9F9;padding-top: 18px;\">\r\n<div style=\"width: 90%; font-family: \'Helvetica Neue\', Helvetica, Arial, sans-serif; font-size: 13px; font-weight: normal; line-height: 18px; color: #333; margin: 0 auto; background-color: #fff;border: 1px solid #DDD; border-radius: 4px; padding: 15px;\">\r\n    <p style=\"margin:0 0 30px 0;\"><img height=\"50px\" src=\"{{system_logo}}\" alt=\"Please enable images to load system logo\" title=\"Please enable images\"></p>\r\n\r\n    <h3>Dear {{alias}},</h3>\r\n\r\n    <div style=\"margin-right: 10%;\">\r\n        <p>\r\n            We would like to inform you that your <strong>{{form}}</strong> filed has been {{status}}.\r\n        </p>\r\n\r\n        <p>\r\n            <span>Comment : {{comments}}</span>\r\n        </p>\r\n\r\n        <p>\r\n            <span>Filed on : {{createdon}}<br></span>\r\n            <span>Duration : {{days}}<br></span>\r\n            <span>Inclusive Date : <strong>{{inclusive}}</strong><br></span>\r\n        </p>\r\n\r\n        <div style=\"clear: both;-webkit-box-shadow: 0 1px 2px rgba(0, 0, 0, 0.05);box-shadow: 0 1px 2px rgba(0, 0, 0, 0.05);margin-bottom: 20px;background-color: #ffffff;border: 1px solid #dddddd;border-radius: 4px;\">\r\n            <div style=\"color: #777777;background-color: #f5f5f5;text-shadow: 0 1px 0 #fff;padding: 10px 10px;border-bottom: 1px solid #dddddd;border-top-right-radius: 3px;border-top-left-radius: 3px;background-image: -webkit-gradient(linear, left 0%, left 100%, from(#ffffff), to(#f5f5f5));background-image: -webkit-linear-gradient(top, #ffffff, 0%, #f5f5f5, 100%);background-image: -moz-linear-gradient(top, #ffffff 0%, #f5f5f5 100%);background-image: linear-gradient(to bottom, #ffffff 0%, #f5f5f5 100%);background-repeat: repeat-x;filter: progid:DXImageTransform.Microsoft.gradient(startColorstr=\'#ffffffff\', endColorstr=\'#fff5f5f5\', GradientType=0);\">\r\n                <h2 style=\"font-size: 14px;margin: 2px 0;\">Leave Credits as of</h2>\r\n            </div>\r\n\r\n            <table cellspacing=\"0\" style=\"width: 100%;margin-bottom:max-width: 100%;background-color: transparent;border-collapse: collapse;border-spacing: 0; font-size: 13px;\">\r\n                <thead>\r\n                    <tr>\r\n                        <th style=\"text-align:left;padding: 8px;vertical-align: top;background-image: -webkit-gradient(linear, left 0%, left 100%, from(#ffffff), to(#f8f8f8));background-image: -webkit-linear-gradient(top, #ffffff, 0%, #f8f8f8, 100%);background-image: -moz-linear-gradient(top, #ffffff 0%, #f8f8f8 100%);background-image: linear-gradient(to bottom, #ffffff 0%, #f8f8f8 100%);background-repeat: repeat-x;filter: progid:DXImageTransform.Microsoft.gradient(startColorstr=\'#ffffffff\', endColorstr=\'#fff8f8f8\', GradientType=0);color: #777777;text-shadow: 0 1px 0 #fff, 0 0 0 #000;font-size: 90%;padding-top: 10px;padding-bottom: 10px;width: 25%\">&nbsp;</th>\r\n                        <th style=\"text-align:left;padding: 8px;vertical-align: top;background-image: -webkit-gradient(linear, left 0%, left 100%, from(#ffffff), to(#f8f8f8));background-image: -webkit-linear-gradient(top, #ffffff, 0%, #f8f8f8, 100%);background-image: -moz-linear-gradient(top, #ffffff 0%, #f8f8f8 100%);background-image: linear-gradient(to bottom, #ffffff 0%, #f8f8f8 100%);background-repeat: repeat-x;filter: progid:DXImageTransform.Microsoft.gradient(startColorstr=\'#ffffffff\', endColorstr=\'#fff8f8f8\', GradientType=0);color: #777777;text-shadow: 0 1px 0 #fff, 0 0 0 #000;font-size: 90%;padding-top: 4px;padding-bottom: 4px;width: 15%\">Previous<br>Year (if any)</th>\r\n                        <th style=\"text-align:left;padding: 8px;vertical-align: top;background-image: -webkit-gradient(linear, left 0%, left 100%, from(#ffffff), to(#f8f8f8));background-image: -webkit-linear-gradient(top, #ffffff, 0%, #f8f8f8, 100%);background-image: -moz-linear-gradient(top, #ffffff 0%, #f8f8f8 100%);background-image: linear-gradient(to bottom, #ffffff 0%, #f8f8f8 100%);background-repeat: repeat-x;filter: progid:DXImageTransform.Microsoft.gradient(startColorstr=\'#ffffffff\', endColorstr=\'#fff8f8f8\', GradientType=0);color: #777777;text-shadow: 0 1px 0 #fff, 0 0 0 #000;font-size: 90%;padding-top: 4px;padding-bottom: 4px;white-space:nowrap;width: 15%\">Earned<br>this Year</th>\r\n                        <th style=\"text-align:left;padding: 8px;vertical-align: top;background-image: -webkit-gradient(linear, left 0%, left 100%, from(#ffffff), to(#f8f8f8));background-image: -webkit-linear-gradient(top, #ffffff, 0%, #f8f8f8, 100%);background-image: -moz-linear-gradient(top, #ffffff 0%, #f8f8f8 100%);background-image: linear-gradient(to bottom, #ffffff 0%, #f8f8f8 100%);background-repeat: repeat-x;filter: progid:DXImageTransform.Microsoft.gradient(startColorstr=\'#ffffffff\', endColorstr=\'#fff8f8f8\', GradientType=0);color: #777777;text-shadow: 0 1px 0 #fff, 0 0 0 #000;font-size: 90%;padding-top: 4px;padding-bottom: 4px;white-space:nowrap;width: 15%\">Used</th>\r\n                        <th style=\"text-align:left;padding: 8px;vertical-align: top;background-image: -webkit-gradient(linear, left 0%, left 100%, from(#ffffff), to(#f8f8f8));background-image: -webkit-linear-gradient(top, #ffffff, 0%, #f8f8f8, 100%);background-image: -moz-linear-gradient(top, #ffffff 0%, #f8f8f8 100%);background-image: linear-gradient(to bottom, #ffffff 0%, #f8f8f8 100%);background-repeat: repeat-x;filter: progid:DXImageTransform.Microsoft.gradient(startColorstr=\'#ffffffff\', endColorstr=\'#fff8f8f8\', GradientType=0);color: #777777;text-shadow: 0 1px 0 #fff, 0 0 0 #000;font-size: 90%;padding-top: 4px;padding-bottom: 4px;white-space:nowrap;width: 15%\">Balance</th>\r\n                        <th style=\"text-align:left;padding: 8px;vertical-align: top;background-image: -webkit-gradient(linear, left 0%, left 100%, from(#ffffff), to(#f8f8f8));background-image: -webkit-linear-gradient(top, #ffffff, 0%, #f8f8f8, 100%);background-image: -moz-linear-gradient(top, #ffffff 0%, #f8f8f8 100%);background-image: linear-gradient(to bottom, #ffffff 0%, #f8f8f8 100%);background-repeat: repeat-x;filter: progid:DXImageTransform.Microsoft.gradient(startColorstr=\'#ffffffff\', endColorstr=\'#fff8f8f8\', GradientType=0);color: #777777;text-shadow: 0 1px 0 #fff, 0 0 0 #000;font-size: 90%;padding-top: 4px;padding-bottom: 4px;white-space:nowrap;width: 15%\">Pending</th>\r\n                    </tr>\r\n                </thead>\r\n                <tbody>\r\n                    {{table_body}}\r\n                </tbody>\r\n            </table>\r\n        </div>\r\n\r\n        <br />\r\n\r\n    </div>\r\n\r\n\r\n    <p>\r\n        Best regards,\r\n        <br>\r\n        {{system_title}}\r\n    </p>\r\n\r\n    <p>\r\n        This is a system generated message. Please do not reply as your email may not be read.\r\n        <br>\r\n        Powered by <a style=\"color:#4d90fe;\" target=\"_blank\" href=\"http://www.hdisystech.com\">HDI System Technologies, Inc.</a>\r\n    </p>\r\n</div>\r\n</body>\r\n</html>',NULL,0),(58,0,'LWOP-STATUS','Leave Without Pay Status','Leave Without Pay Status','<html><head><meta charset=\"utf-8\"></head>\r\n<body style=\"background-color:#F9F9F9;padding-top: 18px;\">\r\n<div style=\"width: 90%; font-family: \'Helvetica Neue\', Helvetica, Arial, sans-serif; font-size: 13px; font-weight: normal; line-height: 18px; color: #333; margin: 0 auto; background-color: #fff;border: 1px solid #DDD; border-radius: 4px; padding: 15px;\">\r\n    <p style=\"margin:0 0 30px 0;\"><img height=\"50px\" src=\"{{system_logo}}\" alt=\"Please enable images to load system logo\" title=\"Please enable images\"></p>\r\n\r\n    <h3>Dear {{alias}},</h3>\r\n\r\n    <div style=\"margin-right: 10%;\">\r\n        <p>\r\n            We would like to inform you that your <strong>{{form}}</strong> filed has been {{status}}.\r\n        </p>\r\n\r\n        <p>\r\n            <span>Comment : {{comments}}</span>\r\n        </p>\r\n\r\n        <p>\r\n            <span>Filed on : {{createdon}}<br></span>\r\n            <span>Duration : {{days}}<br></span>\r\n            <span>Inclusive Date : <strong>{{inclusive}}</strong><br></span>\r\n        </p>\r\n\r\n        <div style=\"clear: both;-webkit-box-shadow: 0 1px 2px rgba(0, 0, 0, 0.05);box-shadow: 0 1px 2px rgba(0, 0, 0, 0.05);margin-bottom: 20px;background-color: #ffffff;border: 1px solid #dddddd;border-radius: 4px;\">\r\n            <div style=\"color: #777777;background-color: #f5f5f5;text-shadow: 0 1px 0 #fff;padding: 10px 10px;border-bottom: 1px solid #dddddd;border-top-right-radius: 3px;border-top-left-radius: 3px;background-image: -webkit-gradient(linear, left 0%, left 100%, from(#ffffff), to(#f5f5f5));background-image: -webkit-linear-gradient(top, #ffffff, 0%, #f5f5f5, 100%);background-image: -moz-linear-gradient(top, #ffffff 0%, #f5f5f5 100%);background-image: linear-gradient(to bottom, #ffffff 0%, #f5f5f5 100%);background-repeat: repeat-x;filter: progid:DXImageTransform.Microsoft.gradient(startColorstr=\'#ffffffff\', endColorstr=\'#fff5f5f5\', GradientType=0);\">\r\n                <h2 style=\"font-size: 14px;margin: 2px 0;\">Leave Credits as of</h2>\r\n            </div>\r\n\r\n            <table cellspacing=\"0\" style=\"width: 100%;margin-bottom:max-width: 100%;background-color: transparent;border-collapse: collapse;border-spacing: 0; font-size: 13px;\">\r\n                <thead>\r\n                    <tr>\r\n                        <th style=\"text-align:left;padding: 8px;vertical-align: top;background-image: -webkit-gradient(linear, left 0%, left 100%, from(#ffffff), to(#f8f8f8));background-image: -webkit-linear-gradient(top, #ffffff, 0%, #f8f8f8, 100%);background-image: -moz-linear-gradient(top, #ffffff 0%, #f8f8f8 100%);background-image: linear-gradient(to bottom, #ffffff 0%, #f8f8f8 100%);background-repeat: repeat-x;filter: progid:DXImageTransform.Microsoft.gradient(startColorstr=\'#ffffffff\', endColorstr=\'#fff8f8f8\', GradientType=0);color: #777777;text-shadow: 0 1px 0 #fff, 0 0 0 #000;font-size: 90%;padding-top: 10px;padding-bottom: 10px;width: 25%\">&nbsp;</th>\r\n                        <th style=\"text-align:left;padding: 8px;vertical-align: top;background-image: -webkit-gradient(linear, left 0%, left 100%, from(#ffffff), to(#f8f8f8));background-image: -webkit-linear-gradient(top, #ffffff, 0%, #f8f8f8, 100%);background-image: -moz-linear-gradient(top, #ffffff 0%, #f8f8f8 100%);background-image: linear-gradient(to bottom, #ffffff 0%, #f8f8f8 100%);background-repeat: repeat-x;filter: progid:DXImageTransform.Microsoft.gradient(startColorstr=\'#ffffffff\', endColorstr=\'#fff8f8f8\', GradientType=0);color: #777777;text-shadow: 0 1px 0 #fff, 0 0 0 #000;font-size: 90%;padding-top: 4px;padding-bottom: 4px;width: 15%\">Previous<br>Year (if any)</th>\r\n                        <th style=\"text-align:left;padding: 8px;vertical-align: top;background-image: -webkit-gradient(linear, left 0%, left 100%, from(#ffffff), to(#f8f8f8));background-image: -webkit-linear-gradient(top, #ffffff, 0%, #f8f8f8, 100%);background-image: -moz-linear-gradient(top, #ffffff 0%, #f8f8f8 100%);background-image: linear-gradient(to bottom, #ffffff 0%, #f8f8f8 100%);background-repeat: repeat-x;filter: progid:DXImageTransform.Microsoft.gradient(startColorstr=\'#ffffffff\', endColorstr=\'#fff8f8f8\', GradientType=0);color: #777777;text-shadow: 0 1px 0 #fff, 0 0 0 #000;font-size: 90%;padding-top: 4px;padding-bottom: 4px;white-space:nowrap;width: 15%\">Earned<br>this Year</th>\r\n                        <th style=\"text-align:left;padding: 8px;vertical-align: top;background-image: -webkit-gradient(linear, left 0%, left 100%, from(#ffffff), to(#f8f8f8));background-image: -webkit-linear-gradient(top, #ffffff, 0%, #f8f8f8, 100%);background-image: -moz-linear-gradient(top, #ffffff 0%, #f8f8f8 100%);background-image: linear-gradient(to bottom, #ffffff 0%, #f8f8f8 100%);background-repeat: repeat-x;filter: progid:DXImageTransform.Microsoft.gradient(startColorstr=\'#ffffffff\', endColorstr=\'#fff8f8f8\', GradientType=0);color: #777777;text-shadow: 0 1px 0 #fff, 0 0 0 #000;font-size: 90%;padding-top: 4px;padding-bottom: 4px;white-space:nowrap;width: 15%\">Used</th>\r\n                        <th style=\"text-align:left;padding: 8px;vertical-align: top;background-image: -webkit-gradient(linear, left 0%, left 100%, from(#ffffff), to(#f8f8f8));background-image: -webkit-linear-gradient(top, #ffffff, 0%, #f8f8f8, 100%);background-image: -moz-linear-gradient(top, #ffffff 0%, #f8f8f8 100%);background-image: linear-gradient(to bottom, #ffffff 0%, #f8f8f8 100%);background-repeat: repeat-x;filter: progid:DXImageTransform.Microsoft.gradient(startColorstr=\'#ffffffff\', endColorstr=\'#fff8f8f8\', GradientType=0);color: #777777;text-shadow: 0 1px 0 #fff, 0 0 0 #000;font-size: 90%;padding-top: 4px;padding-bottom: 4px;white-space:nowrap;width: 15%\">Balance</th>\r\n                        <th style=\"text-align:left;padding: 8px;vertical-align: top;background-image: -webkit-gradient(linear, left 0%, left 100%, from(#ffffff), to(#f8f8f8));background-image: -webkit-linear-gradient(top, #ffffff, 0%, #f8f8f8, 100%);background-image: -moz-linear-gradient(top, #ffffff 0%, #f8f8f8 100%);background-image: linear-gradient(to bottom, #ffffff 0%, #f8f8f8 100%);background-repeat: repeat-x;filter: progid:DXImageTransform.Microsoft.gradient(startColorstr=\'#ffffffff\', endColorstr=\'#fff8f8f8\', GradientType=0);color: #777777;text-shadow: 0 1px 0 #fff, 0 0 0 #000;font-size: 90%;padding-top: 4px;padding-bottom: 4px;white-space:nowrap;width: 15%\">Pending</th>\r\n                    </tr>\r\n                </thead>\r\n                <tbody>\r\n                    {{table_body}}\r\n                </tbody>\r\n            </table>\r\n        </div>\r\n\r\n        <br />\r\n\r\n    </div>\r\n\r\n\r\n    <p>\r\n        Best regards,\r\n        <br>\r\n        {{system_title}}\r\n    </p>\r\n\r\n    <p>\r\n        This is a system generated message. Please do not reply as your email may not be read.\r\n        <br>\r\n        Powered by <a style=\"color:#4d90fe;\" target=\"_blank\" href=\"http://www.hdisystech.com\">HDI System Technologies, Inc.</a>\r\n    </p>\r\n</div>\r\n</body>\r\n</html>',NULL,0),(59,0,'OBT-STATUS','Business Trip Status','Business Trip Status','<html><head><meta charset=\"utf-8\"></head>\r\n<body style=\"background-color:#F9F9F9;padding-top: 18px;\">\r\n<div style=\"width: 90%; font-family: \'Helvetica Neue\', Helvetica, Arial, sans-serif; font-size: 13px; font-weight: normal; line-height: 18px; color: #333; margin: 0 auto; background-color: #fff;border: 1px solid #DDD; border-radius: 4px; padding: 15px;\">\r\n    <p style=\"margin:0 0 30px 0;\"><img height=\"50px\" src=\"{{system_logo}}\" alt=\"Please enable images to load system logo\" title=\"Please enable images\"></p>\r\n\r\n    <h3>Dear {{alias}},</h3>\r\n\r\n    <div style=\"margin-right: 10%;\">\r\n        <p>\r\n            We would like to inform you that your <strong>{{form}}</strong> filed has been {{status}}.\r\n        </p>\r\n\r\n        <p>\r\n            <span>Comment : {{comments}}</span>\r\n        </p>\r\n\r\n        <p>\r\n            <span>Filed on : {{createdon}}<br></span>\r\n            <span>Company To Visit : {{company_to_visit}}<br></span>\r\n            <span>Location : {{company_location}}<br></span>\r\n            <span>Inclusive Date : <strong>{{inclusive}}</strong><br></span>\r\n        </p>\r\n\r\n        <br />\r\n\r\n    </div>\r\n\r\n\r\n    <p>\r\n        Best regards,\r\n        <br>\r\n        {{system_title}}\r\n    </p>\r\n\r\n    <p>\r\n        This is a system generated message. Please do not reply as your email may not be read.\r\n        <br>\r\n        Powered by <a style=\"color:#4d90fe;\" target=\"_blank\" href=\"http://www.hdisystech.com\">HDI System Technologies, Inc.</a>\r\n    </p>\r\n</div>\r\n</body>\r\n</html>',NULL,0),(60,0,'OT-STATUS','Overtime Status','Overtime Status','<html><head><meta charset=\"utf-8\"></head>\r\n<body style=\"background-color:#F9F9F9;padding-top: 18px;\">\r\n<div style=\"width: 90%; font-family: \'Helvetica Neue\', Helvetica, Arial, sans-serif; font-size: 13px; font-weight: normal; line-height: 18px; color: #333; margin: 0 auto; background-color: #fff;border: 1px solid #DDD; border-radius: 4px; padding: 15px;\">\r\n    <p style=\"margin:0 0 30px 0;\"><img height=\"50px\" src=\"{{system_logo}}\" alt=\"Please enable images to load system logo\" title=\"Please enable images\"></p>\r\n\r\n    <h3>Dear {{alias}},</h3>\r\n\r\n    <div style=\"margin-right: 10%;\">\r\n        <p>\r\n            We would like to inform you that your <strong>{{form}}</strong> filed has been {{status}}.\r\n        </p>\r\n\r\n        <p>\r\n            <span>Comment : {{comments}}</span>\r\n        </p>\r\n\r\n        <p>\r\n            <span>Filed on : {{createdon}}<br></span>\r\n            <span>No. of Hours : {{days}}<br></span>\r\n            <span>Inclusive Date : <strong>{{inclusive}}</strong><br></span>\r\n        </p>\r\n\r\n        <br />\r\n\r\n    </div>\r\n\r\n\r\n    <p>\r\n        Best regards,\r\n        <br>\r\n        {{system_title}}\r\n    </p>\r\n\r\n    <p>\r\n        This is a system generated message. Please do not reply as your email may not be read.\r\n        <br>\r\n        Powered by <a style=\"color:#4d90fe;\" target=\"_blank\" href=\"http://www.hdisystech.com\">HDI System Technologies, Inc.</a>\r\n    </p>\r\n</div>\r\n</body>\r\n</html>',NULL,0),(61,0,'UT-STATUS','Undertime Status','Undertime Status','<html><head><meta charset=\"utf-8\"></head>\r\n<body style=\"background-color:#F9F9F9;padding-top: 18px;\">\r\n<div style=\"width: 90%; font-family: \'Helvetica Neue\', Helvetica, Arial, sans-serif; font-size: 13px; font-weight: normal; line-height: 18px; color: #333; margin: 0 auto; background-color: #fff;border: 1px solid #DDD; border-radius: 4px; padding: 15px;\">\r\n    <p style=\"margin:0 0 30px 0;\"><img height=\"50px\" src=\"{{system_logo}}\" alt=\"Please enable images to load system logo\" title=\"Please enable images\"></p>\r\n\r\n    <h3>Dear {{alias}},</h3>\r\n\r\n    <div style=\"margin-right: 10%;\">\r\n        <p>\r\n            We would like to inform you that your <strong>{{form}}</strong> filed has been {{status}}.\r\n        </p>\r\n\r\n        <p>\r\n            <span>Comment : {{comments}}</span>\r\n        </p>\r\n\r\n        <p>\r\n            <span>Filed on : {{createdon}}<br></span>\r\n            <span>Current Work Schedule : {{current_shift}}<br></span>\r\n            <span>Inclusive Date : <strong>{{inclusive}}</strong><br></span>\r\n        </p>\r\n\r\n        <br />\r\n\r\n    </div>\r\n\r\n\r\n    <p>\r\n        Best regards,\r\n        <br>\r\n        {{system_title}}\r\n    </p>\r\n\r\n    <p>\r\n        This is a system generated message. Please do not reply as your email may not be read.\r\n        <br>\r\n        Powered by <a style=\"color:#4d90fe;\" target=\"_blank\" href=\"http://www.hdisystech.com\">HDI System Technologies, Inc.</a>\r\n    </p>\r\n</div>\r\n</body>\r\n</html>',NULL,0),(62,0,'DTRP-STATUS','Daily Time Record Problem Status','Daily Time Record Problem Status','<html><head><meta charset=\"utf-8\"></head>\r\n<body style=\"background-color:#F9F9F9;padding-top: 18px;\">\r\n<div style=\"width: 90%; font-family: \'Helvetica Neue\', Helvetica, Arial, sans-serif; font-size: 13px; font-weight: normal; line-height: 18px; color: #333; margin: 0 auto; background-color: #fff;border: 1px solid #DDD; border-radius: 4px; padding: 15px;\">\r\n    <p style=\"margin:0 0 30px 0;\"><img height=\"50px\" src=\"{{system_logo}}\" alt=\"Please enable images to load system logo\" title=\"Please enable images\"></p>\r\n\r\n    <h3>Dear {{alias}},</h3>\r\n\r\n    <div style=\"margin-right: 10%;\">\r\n        <p>\r\n            We would like to inform you that your <strong>{{form}}</strong> filed has been {{status}}.\r\n        </p>\r\n\r\n        <p>\r\n            <span>Comment : {{comments}}</span>\r\n        </p>\r\n\r\n        <p>\r\n            <span>Filed on : {{createdon}}<br></span>\r\n            <span>Current Work Schedule : {{current_shift}}<br></span>\r\n            <span>Inclusive Date : <strong>{{inclusive}}</strong><br></span>\r\n        </p>\r\n\r\n        <br />\r\n\r\n    </div>\r\n\r\n\r\n    <p>\r\n        Best regards,\r\n        <br>\r\n        {{system_title}}\r\n    </p>\r\n\r\n    <p>\r\n        This is a system generated message. Please do not reply as your email may not be read.\r\n        <br>\r\n        Powered by <a style=\"color:#4d90fe;\" target=\"_blank\" href=\"http://www.hdisystech.com\">HDI System Technologies, Inc.</a>\r\n    </p>\r\n</div>\r\n</body>\r\n</html>',NULL,0),(63,0,'BL-STATUS','Birthday Leave Status','Birthday Leave Status','<html><head><meta charset=\"utf-8\"></head>\r\n<body style=\"background-color:#F9F9F9;padding-top: 18px;\">\r\n<div style=\"width: 90%; font-family: \'Helvetica Neue\', Helvetica, Arial, sans-serif; font-size: 13px; font-weight: normal; line-height: 18px; color: #333; margin: 0 auto; background-color: #fff;border: 1px solid #DDD; border-radius: 4px; padding: 15px;\">\r\n    <p style=\"margin:0 0 30px 0;\"><img height=\"50px\" src=\"{{system_logo}}\" alt=\"Please enable images to load system logo\" title=\"Please enable images\"></p>\r\n\r\n    <h3>Dear {{alias}},</h3>\r\n\r\n    <div style=\"margin-right: 10%;\">\r\n        <p>\r\n            We would like to inform you that your <strong>{{form}}</strong> filed has been {{status}}.\r\n        </p>\r\n\r\n        <p>\r\n            <span>Comment : {{comments}}</span>\r\n        </p>\r\n\r\n        <p>\r\n            <span>Filed on : {{createdon}}<br></span>\r\n            <span>Duration : {{days}}<br></span>\r\n            <span>Inclusive Date : <strong>{{inclusive}}</strong><br></span>\r\n        </p>\r\n\r\n        <div style=\"clear: both;-webkit-box-shadow: 0 1px 2px rgba(0, 0, 0, 0.05);box-shadow: 0 1px 2px rgba(0, 0, 0, 0.05);margin-bottom: 20px;background-color: #ffffff;border: 1px solid #dddddd;border-radius: 4px;\">\r\n            <div style=\"color: #777777;background-color: #f5f5f5;text-shadow: 0 1px 0 #fff;padding: 10px 10px;border-bottom: 1px solid #dddddd;border-top-right-radius: 3px;border-top-left-radius: 3px;background-image: -webkit-gradient(linear, left 0%, left 100%, from(#ffffff), to(#f5f5f5));background-image: -webkit-linear-gradient(top, #ffffff, 0%, #f5f5f5, 100%);background-image: -moz-linear-gradient(top, #ffffff 0%, #f5f5f5 100%);background-image: linear-gradient(to bottom, #ffffff 0%, #f5f5f5 100%);background-repeat: repeat-x;filter: progid:DXImageTransform.Microsoft.gradient(startColorstr=\'#ffffffff\', endColorstr=\'#fff5f5f5\', GradientType=0);\">\r\n                <h2 style=\"font-size: 14px;margin: 2px 0;\">Leave Credits as of</h2>\r\n            </div>\r\n\r\n            <table cellspacing=\"0\" style=\"width: 100%;margin-bottom:max-width: 100%;background-color: transparent;border-collapse: collapse;border-spacing: 0; font-size: 13px;\">\r\n                <thead>\r\n                    <tr>\r\n                        <th style=\"text-align:left;padding: 8px;vertical-align: top;background-image: -webkit-gradient(linear, left 0%, left 100%, from(#ffffff), to(#f8f8f8));background-image: -webkit-linear-gradient(top, #ffffff, 0%, #f8f8f8, 100%);background-image: -moz-linear-gradient(top, #ffffff 0%, #f8f8f8 100%);background-image: linear-gradient(to bottom, #ffffff 0%, #f8f8f8 100%);background-repeat: repeat-x;filter: progid:DXImageTransform.Microsoft.gradient(startColorstr=\'#ffffffff\', endColorstr=\'#fff8f8f8\', GradientType=0);color: #777777;text-shadow: 0 1px 0 #fff, 0 0 0 #000;font-size: 90%;padding-top: 10px;padding-bottom: 10px;width: 25%\">&nbsp;</th>\r\n                        <th style=\"text-align:left;padding: 8px;vertical-align: top;background-image: -webkit-gradient(linear, left 0%, left 100%, from(#ffffff), to(#f8f8f8));background-image: -webkit-linear-gradient(top, #ffffff, 0%, #f8f8f8, 100%);background-image: -moz-linear-gradient(top, #ffffff 0%, #f8f8f8 100%);background-image: linear-gradient(to bottom, #ffffff 0%, #f8f8f8 100%);background-repeat: repeat-x;filter: progid:DXImageTransform.Microsoft.gradient(startColorstr=\'#ffffffff\', endColorstr=\'#fff8f8f8\', GradientType=0);color: #777777;text-shadow: 0 1px 0 #fff, 0 0 0 #000;font-size: 90%;padding-top: 4px;padding-bottom: 4px;width: 15%\">Previous<br>Year (if any)</th>\r\n                        <th style=\"text-align:left;padding: 8px;vertical-align: top;background-image: -webkit-gradient(linear, left 0%, left 100%, from(#ffffff), to(#f8f8f8));background-image: -webkit-linear-gradient(top, #ffffff, 0%, #f8f8f8, 100%);background-image: -moz-linear-gradient(top, #ffffff 0%, #f8f8f8 100%);background-image: linear-gradient(to bottom, #ffffff 0%, #f8f8f8 100%);background-repeat: repeat-x;filter: progid:DXImageTransform.Microsoft.gradient(startColorstr=\'#ffffffff\', endColorstr=\'#fff8f8f8\', GradientType=0);color: #777777;text-shadow: 0 1px 0 #fff, 0 0 0 #000;font-size: 90%;padding-top: 4px;padding-bottom: 4px;white-space:nowrap;width: 15%\">Earned<br>this Year</th>\r\n                        <th style=\"text-align:left;padding: 8px;vertical-align: top;background-image: -webkit-gradient(linear, left 0%, left 100%, from(#ffffff), to(#f8f8f8));background-image: -webkit-linear-gradient(top, #ffffff, 0%, #f8f8f8, 100%);background-image: -moz-linear-gradient(top, #ffffff 0%, #f8f8f8 100%);background-image: linear-gradient(to bottom, #ffffff 0%, #f8f8f8 100%);background-repeat: repeat-x;filter: progid:DXImageTransform.Microsoft.gradient(startColorstr=\'#ffffffff\', endColorstr=\'#fff8f8f8\', GradientType=0);color: #777777;text-shadow: 0 1px 0 #fff, 0 0 0 #000;font-size: 90%;padding-top: 4px;padding-bottom: 4px;white-space:nowrap;width: 15%\">Used</th>\r\n                        <th style=\"text-align:left;padding: 8px;vertical-align: top;background-image: -webkit-gradient(linear, left 0%, left 100%, from(#ffffff), to(#f8f8f8));background-image: -webkit-linear-gradient(top, #ffffff, 0%, #f8f8f8, 100%);background-image: -moz-linear-gradient(top, #ffffff 0%, #f8f8f8 100%);background-image: linear-gradient(to bottom, #ffffff 0%, #f8f8f8 100%);background-repeat: repeat-x;filter: progid:DXImageTransform.Microsoft.gradient(startColorstr=\'#ffffffff\', endColorstr=\'#fff8f8f8\', GradientType=0);color: #777777;text-shadow: 0 1px 0 #fff, 0 0 0 #000;font-size: 90%;padding-top: 4px;padding-bottom: 4px;white-space:nowrap;width: 15%\">Balance</th>\r\n                        <th style=\"text-align:left;padding: 8px;vertical-align: top;background-image: -webkit-gradient(linear, left 0%, left 100%, from(#ffffff), to(#f8f8f8));background-image: -webkit-linear-gradient(top, #ffffff, 0%, #f8f8f8, 100%);background-image: -moz-linear-gradient(top, #ffffff 0%, #f8f8f8 100%);background-image: linear-gradient(to bottom, #ffffff 0%, #f8f8f8 100%);background-repeat: repeat-x;filter: progid:DXImageTransform.Microsoft.gradient(startColorstr=\'#ffffffff\', endColorstr=\'#fff8f8f8\', GradientType=0);color: #777777;text-shadow: 0 1px 0 #fff, 0 0 0 #000;font-size: 90%;padding-top: 4px;padding-bottom: 4px;white-space:nowrap;width: 15%\">Pending</th>\r\n                    </tr>\r\n                </thead>\r\n                <tbody>\r\n                    {{table_body}}\r\n                </tbody>\r\n            </table>\r\n        </div>\r\n\r\n        <br />\r\n\r\n    </div>\r\n\r\n\r\n    <p>\r\n        Best regards,\r\n        <br>\r\n        {{system_title}}\r\n    </p>\r\n\r\n    <p>\r\n        This is a system generated message. Please do not reply as your email may not be read.\r\n        <br>\r\n        Powered by <a style=\"color:#4d90fe;\" target=\"_blank\" href=\"http://www.hdisystech.com\">HDI System Technologies, Inc.</a>\r\n    </p>\r\n</div>\r\n</body>\r\n</html>',NULL,0),(64,0,'CWS-STATUS','Change Work Schedule Status','Change Work Schedule Status','<html><head><meta charset=\"utf-8\"></head>\r\n<body style=\"background-color:#F9F9F9;padding-top: 18px;\">\r\n<div style=\"width: 90%; font-family: \'Helvetica Neue\', Helvetica, Arial, sans-serif; font-size: 13px; font-weight: normal; line-height: 18px; color: #333; margin: 0 auto; background-color: #fff;border: 1px solid #DDD; border-radius: 4px; padding: 15px;\">\r\n    <p style=\"margin:0 0 30px 0;\"><img height=\"50px\" src=\"{{system_logo}}\" alt=\"Please enable images to load system logo\" title=\"Please enable images\"></p>\r\n\r\n    <h3>Dear {{alias}},</h3>\r\n\r\n    <div style=\"margin-right: 10%;\">\r\n        <p>\r\n            We would like to inform you that your <strong>{{form}}</strong> filed has been {{status}}.\r\n        </p>\r\n\r\n        <p>\r\n            <span>Comment : {{comments}}</span>\r\n        </p>\r\n\r\n        <p>\r\n            <span>Filed on : {{createdon}}<br></span>\r\n            <span>Current Work Schedule : {{current_shift}}<br></span>\r\n            <span>New Work Schedule : {{new_shift}}<br></span>\r\n            <span>Inclusive Date : <strong>{{inclusive}}</strong><br></span>\r\n        </p>\r\n\r\n        <br />\r\n\r\n    </div>\r\n\r\n\r\n    <p>\r\n        Best regards,\r\n        <br>\r\n        {{system_title}}\r\n    </p>\r\n\r\n    <p>\r\n        This is a system generated message. Please do not reply as your email may not be read.\r\n        <br>\r\n        Powered by <a style=\"color:#4d90fe;\" target=\"_blank\" href=\"http://www.hdisystech.com\">HDI System Technologies, Inc.</a>\r\n    </p>\r\n</div>\r\n</body>\r\n</html>',NULL,0),(65,0,'SLW-STATUS','Special Leave for Women Status','Special Leave for Women Status','<html><head><meta charset=\"utf-8\"></head>\r\n<body style=\"background-color:#F9F9F9;padding-top: 18px;\">\r\n<div style=\"width: 90%; font-family: \'Helvetica Neue\', Helvetica, Arial, sans-serif; font-size: 13px; font-weight: normal; line-height: 18px; color: #333; margin: 0 auto; background-color: #fff;border: 1px solid #DDD; border-radius: 4px; padding: 15px;\">\r\n    <p style=\"margin:0 0 30px 0;\"><img height=\"50px\" src=\"{{system_logo}}\" alt=\"Please enable images to load system logo\" title=\"Please enable images\"></p>\r\n\r\n    <h3>Dear {{alias}},</h3>\r\n\r\n    <div style=\"margin-right: 10%;\">\r\n        <p>\r\n            We would like to inform you that your <strong>{{form}}</strong> filed has been {{status}}.\r\n        </p>\r\n\r\n        <p>\r\n            <span>Comment : {{comments}}</span>\r\n        </p>\r\n\r\n        <p>\r\n            <span>Filed on : {{createdon}}<br></span>\r\n            <span>Duration : {{days}}<br></span>\r\n            <span>Inclusive Date : <strong>{{inclusive}}</strong><br></span>\r\n        </p>\r\n\r\n        <div style=\"clear: both;-webkit-box-shadow: 0 1px 2px rgba(0, 0, 0, 0.05);box-shadow: 0 1px 2px rgba(0, 0, 0, 0.05);margin-bottom: 20px;background-color: #ffffff;border: 1px solid #dddddd;border-radius: 4px;\">\r\n            <div style=\"color: #777777;background-color: #f5f5f5;text-shadow: 0 1px 0 #fff;padding: 10px 10px;border-bottom: 1px solid #dddddd;border-top-right-radius: 3px;border-top-left-radius: 3px;background-image: -webkit-gradient(linear, left 0%, left 100%, from(#ffffff), to(#f5f5f5));background-image: -webkit-linear-gradient(top, #ffffff, 0%, #f5f5f5, 100%);background-image: -moz-linear-gradient(top, #ffffff 0%, #f5f5f5 100%);background-image: linear-gradient(to bottom, #ffffff 0%, #f5f5f5 100%);background-repeat: repeat-x;filter: progid:DXImageTransform.Microsoft.gradient(startColorstr=\'#ffffffff\', endColorstr=\'#fff5f5f5\', GradientType=0);\">\r\n                <h2 style=\"font-size: 14px;margin: 2px 0;\">Leave Credits as of</h2>\r\n            </div>\r\n\r\n            <table cellspacing=\"0\" style=\"width: 100%;margin-bottom:max-width: 100%;background-color: transparent;border-collapse: collapse;border-spacing: 0; font-size: 13px;\">\r\n                <thead>\r\n                    <tr>\r\n                        <th style=\"text-align:left;padding: 8px;vertical-align: top;background-image: -webkit-gradient(linear, left 0%, left 100%, from(#ffffff), to(#f8f8f8));background-image: -webkit-linear-gradient(top, #ffffff, 0%, #f8f8f8, 100%);background-image: -moz-linear-gradient(top, #ffffff 0%, #f8f8f8 100%);background-image: linear-gradient(to bottom, #ffffff 0%, #f8f8f8 100%);background-repeat: repeat-x;filter: progid:DXImageTransform.Microsoft.gradient(startColorstr=\'#ffffffff\', endColorstr=\'#fff8f8f8\', GradientType=0);color: #777777;text-shadow: 0 1px 0 #fff, 0 0 0 #000;font-size: 90%;padding-top: 10px;padding-bottom: 10px;width: 25%\">&nbsp;</th>\r\n                        <th style=\"text-align:left;padding: 8px;vertical-align: top;background-image: -webkit-gradient(linear, left 0%, left 100%, from(#ffffff), to(#f8f8f8));background-image: -webkit-linear-gradient(top, #ffffff, 0%, #f8f8f8, 100%);background-image: -moz-linear-gradient(top, #ffffff 0%, #f8f8f8 100%);background-image: linear-gradient(to bottom, #ffffff 0%, #f8f8f8 100%);background-repeat: repeat-x;filter: progid:DXImageTransform.Microsoft.gradient(startColorstr=\'#ffffffff\', endColorstr=\'#fff8f8f8\', GradientType=0);color: #777777;text-shadow: 0 1px 0 #fff, 0 0 0 #000;font-size: 90%;padding-top: 4px;padding-bottom: 4px;width: 15%\">Previous<br>Year (if any)</th>\r\n                        <th style=\"text-align:left;padding: 8px;vertical-align: top;background-image: -webkit-gradient(linear, left 0%, left 100%, from(#ffffff), to(#f8f8f8));background-image: -webkit-linear-gradient(top, #ffffff, 0%, #f8f8f8, 100%);background-image: -moz-linear-gradient(top, #ffffff 0%, #f8f8f8 100%);background-image: linear-gradient(to bottom, #ffffff 0%, #f8f8f8 100%);background-repeat: repeat-x;filter: progid:DXImageTransform.Microsoft.gradient(startColorstr=\'#ffffffff\', endColorstr=\'#fff8f8f8\', GradientType=0);color: #777777;text-shadow: 0 1px 0 #fff, 0 0 0 #000;font-size: 90%;padding-top: 4px;padding-bottom: 4px;white-space:nowrap;width: 15%\">Earned<br>this Year</th>\r\n                        <th style=\"text-align:left;padding: 8px;vertical-align: top;background-image: -webkit-gradient(linear, left 0%, left 100%, from(#ffffff), to(#f8f8f8));background-image: -webkit-linear-gradient(top, #ffffff, 0%, #f8f8f8, 100%);background-image: -moz-linear-gradient(top, #ffffff 0%, #f8f8f8 100%);background-image: linear-gradient(to bottom, #ffffff 0%, #f8f8f8 100%);background-repeat: repeat-x;filter: progid:DXImageTransform.Microsoft.gradient(startColorstr=\'#ffffffff\', endColorstr=\'#fff8f8f8\', GradientType=0);color: #777777;text-shadow: 0 1px 0 #fff, 0 0 0 #000;font-size: 90%;padding-top: 4px;padding-bottom: 4px;white-space:nowrap;width: 15%\">Used</th>\r\n                        <th style=\"text-align:left;padding: 8px;vertical-align: top;background-image: -webkit-gradient(linear, left 0%, left 100%, from(#ffffff), to(#f8f8f8));background-image: -webkit-linear-gradient(top, #ffffff, 0%, #f8f8f8, 100%);background-image: -moz-linear-gradient(top, #ffffff 0%, #f8f8f8 100%);background-image: linear-gradient(to bottom, #ffffff 0%, #f8f8f8 100%);background-repeat: repeat-x;filter: progid:DXImageTransform.Microsoft.gradient(startColorstr=\'#ffffffff\', endColorstr=\'#fff8f8f8\', GradientType=0);color: #777777;text-shadow: 0 1px 0 #fff, 0 0 0 #000;font-size: 90%;padding-top: 4px;padding-bottom: 4px;white-space:nowrap;width: 15%\">Balance</th>\r\n                        <th style=\"text-align:left;padding: 8px;vertical-align: top;background-image: -webkit-gradient(linear, left 0%, left 100%, from(#ffffff), to(#f8f8f8));background-image: -webkit-linear-gradient(top, #ffffff, 0%, #f8f8f8, 100%);background-image: -moz-linear-gradient(top, #ffffff 0%, #f8f8f8 100%);background-image: linear-gradient(to bottom, #ffffff 0%, #f8f8f8 100%);background-repeat: repeat-x;filter: progid:DXImageTransform.Microsoft.gradient(startColorstr=\'#ffffffff\', endColorstr=\'#fff8f8f8\', GradientType=0);color: #777777;text-shadow: 0 1px 0 #fff, 0 0 0 #000;font-size: 90%;padding-top: 4px;padding-bottom: 4px;white-space:nowrap;width: 15%\">Pending</th>\r\n                    </tr>\r\n                </thead>\r\n                <tbody>\r\n                    {{table_body}}\r\n                </tbody>\r\n            </table>\r\n        </div>\r\n\r\n        <br />\r\n\r\n    </div>\r\n\r\n\r\n    <p>\r\n        Best regards,\r\n        <br>\r\n        {{system_title}}\r\n    </p>\r\n\r\n    <p>\r\n        This is a system generated message. Please do not reply as your email may not be read.\r\n        <br>\r\n        Powered by <a style=\"color:#4d90fe;\" target=\"_blank\" href=\"http://www.hdisystech.com\">HDI System Technologies, Inc.</a>\r\n    </p>\r\n</div>\r\n</body>\r\n</html>',NULL,0),(66,0,'ET-STATUS','Excused Tardiness Status','Excused Tardiness Status','<html><head><meta charset=\"utf-8\"></head>\r\n<body style=\"background-color:#F9F9F9;padding-top: 18px;\">\r\n<div style=\"width: 90%; font-family: \'Helvetica Neue\', Helvetica, Arial, sans-serif; font-size: 13px; font-weight: normal; line-height: 18px; color: #333; margin: 0 auto; background-color: #fff;border: 1px solid #DDD; border-radius: 4px; padding: 15px;\">\r\n    <p style=\"margin:0 0 30px 0;\"><img height=\"50px\" src=\"{{system_logo}}\" alt=\"Please enable images to load system logo\" title=\"Please enable images\"></p>\r\n\r\n    <h3>Dear {{alias}},</h3>\r\n\r\n    <div style=\"margin-right: 10%;\">\r\n        <p>\r\n            We would like to inform you that your <strong>{{form}}</strong> filed has been {{status}}.\r\n        </p>\r\n\r\n        <p>\r\n            <span>Comment : {{comments}}</span>\r\n        </p>\r\n\r\n        <p>\r\n            <span>Filed on : {{createdon}}<br></span>\r\n            <span>Current Work Schedule : {{current_shift}}<br></span>\r\n            <span>Inclusive Date : <strong>{{inclusive}}</strong><br></span>\r\n        </p>\r\n\r\n        <br />\r\n\r\n    </div>\r\n\r\n\r\n    <p>\r\n        Best regards,\r\n        <br>\r\n        {{system_title}}\r\n    </p>\r\n\r\n    <p>\r\n        This is a system generated message. Please do not reply as your email may not be read.\r\n        <br>\r\n        Powered by <a style=\"color:#4d90fe;\" target=\"_blank\" href=\"http://www.hdisystech.com\">HDI System Technologies, Inc.</a>\r\n    </p>\r\n</div>\r\n</body>\r\n</html>',NULL,0),(67,0,'TIME-SERVER-REMINDER','Biometric Service Reminder','Biometric Service Reminder','<html><head><meta charset=\"utf-8\"></head>\r\n<body style=\"background-color:#F9F9F9;padding-top: 18px;\">\r\n<div style=\"width: 90%; font-family: \'Helvetica Neue\', Helvetica, Arial, sans-serif; font-size: 13px; font-weight: normal; line-height: 18px; color: #333; margin: 0 auto; background-color: #fff;border: 1px solid #DDD; border-radius: 4px; padding: 15px;\">\r\n    <p style=\"margin:0 0 30px 0;\"><img height=\"50px\" src=\"{{system_url}}/uploads/system/print/workwise_stacked_black_720w.png\" alt=\"Please enable images to load system logo\" title=\"Please enable images\"></p>\r\n\r\n    <h3>Dear Partner,</h3>\r\n\r\n    <div style=\"margin-right: 10%;\">\r\n        <p style=\"margin-bottom: 30px;\">\r\n            Good day! It seems that one of the biometric services running were not uploading in {{system_title}} properly. Kindly facilitate.</p>\r\n        </p>\r\n\r\n        <div style=\"clear: both;-webkit-box-shadow: 0 1px 2px rgba(0, 0, 0, 0.05);box-shadow: 0 1px 2px rgba(0, 0, 0, 0.05);margin-bottom: 20px;background-color: #ffffff;border: 1px solid #dddddd;border-radius: 4px;\">\r\n            <div style=\"color: #777777;background-color: #f5f5f5;text-shadow: 0 1px 0 #fff;padding: 10px 10px;border-bottom: 1px solid #dddddd;border-top-right-radius: 3px;border-top-left-radius: 3px;background-image: -webkit-gradient(linear, left 0%, left 100%, from(#ffffff), to(#f5f5f5));background-image: -webkit-linear-gradient(top, #ffffff, 0%, #f5f5f5, 100%);background-image: -moz-linear-gradient(top, #ffffff 0%, #f5f5f5 100%);background-image: linear-gradient(to bottom, #ffffff 0%, #f5f5f5 100%);background-repeat: repeat-x;filter: progid:DXImageTransform.Microsoft.gradient(startColorstr=\'#ffffffff\', endColorstr=\'#fff5f5f5\', GradientType=0);\">\r\n                <h2 style=\"font-size: 14px;margin: 2px 0;\">Locations Preview</h2>\r\n            </div>\r\n\r\n            <table cellspacing=\"0\" style=\"width: 100%;margin-bottom:max-width: 100%;background-color: transparent;border-collapse: collapse;border-spacing: 0; font-size: 13px;\">\r\n                <thead>\r\n                    <tr>\r\n                        <th style=\"text-align:left;padding: 8px;vertical-align: top;background-image: -webkit-gradient(linear, left 0%, left 100%, from(#ffffff), to(#f8f8f8));background-image: -webkit-linear-gradient(top, #ffffff, 0%, #f8f8f8, 100%);background-image: -moz-linear-gradient(top, #ffffff 0%, #f8f8f8 100%);background-image: linear-gradient(to bottom, #ffffff 0%, #f8f8f8 100%);background-repeat: repeat-x;filter: progid:DXImageTransform.Microsoft.gradient(startColorstr=\'#ffffffff\', endColorstr=\'#fff8f8f8\', GradientType=0);color: #777777;text-shadow: 0 1px 0 #fff, 0 0 0 #000;font-size: 90%;padding-top: 10px;padding-bottom: 10px;width: 25%\">Location</th>\r\n                        <th style=\"text-align:left;padding: 8px;vertical-align: top;background-image: -webkit-gradient(linear, left 0%, left 100%, from(#ffffff), to(#f8f8f8));background-image: -webkit-linear-gradient(top, #ffffff, 0%, #f8f8f8, 100%);background-image: -moz-linear-gradient(top, #ffffff 0%, #f8f8f8 100%);background-image: linear-gradient(to bottom, #ffffff 0%, #f8f8f8 100%);background-repeat: repeat-x;filter: progid:DXImageTransform.Microsoft.gradient(startColorstr=\'#ffffffff\', endColorstr=\'#fff8f8f8\', GradientType=0);color: #777777;text-shadow: 0 1px 0 #fff, 0 0 0 #000;font-size: 90%;padding-top: 4px;padding-bottom: 4px;width: 10%\">Partner<br>Count</th>\r\n                        <th style=\"text-align:left;padding: 8px;vertical-align: top;background-image: -webkit-gradient(linear, left 0%, left 100%, from(#ffffff), to(#f8f8f8));background-image: -webkit-linear-gradient(top, #ffffff, 0%, #f8f8f8, 100%);background-image: -moz-linear-gradient(top, #ffffff 0%, #f8f8f8 100%);background-image: linear-gradient(to bottom, #ffffff 0%, #f8f8f8 100%);background-repeat: repeat-x;filter: progid:DXImageTransform.Microsoft.gradient(startColorstr=\'#ffffffff\', endColorstr=\'#fff8f8f8\', GradientType=0);color: #777777;text-shadow: 0 1px 0 #fff, 0 0 0 #000;font-size: 90%;padding-top: 4px;padding-bottom: 4px;white-space:nowrap;width: 10%\">With<br>Record</th>\r\n                        <th style=\"text-align:left;padding: 8px;vertical-align: top;background-image: -webkit-gradient(linear, left 0%, left 100%, from(#ffffff), to(#f8f8f8));background-image: -webkit-linear-gradient(top, #ffffff, 0%, #f8f8f8, 100%);background-image: -moz-linear-gradient(top, #ffffff 0%, #f8f8f8 100%);background-image: linear-gradient(to bottom, #ffffff 0%, #f8f8f8 100%);background-repeat: repeat-x;filter: progid:DXImageTransform.Microsoft.gradient(startColorstr=\'#ffffffff\', endColorstr=\'#fff8f8f8\', GradientType=0);color: #777777;text-shadow: 0 1px 0 #fff, 0 0 0 #000;font-size: 90%;padding-top: 4px;padding-bottom: 4px;white-space:nowrap;width: 10%\">No<br>Record</th>\r\n                        <th style=\"text-align:left;padding: 8px;vertical-align: top;background-image: -webkit-gradient(linear, left 0%, left 100%, from(#ffffff), to(#f8f8f8));background-image: -webkit-linear-gradient(top, #ffffff, 0%, #f8f8f8, 100%);background-image: -moz-linear-gradient(top, #ffffff 0%, #f8f8f8 100%);background-image: linear-gradient(to bottom, #ffffff 0%, #f8f8f8 100%);background-repeat: repeat-x;filter: progid:DXImageTransform.Microsoft.gradient(startColorstr=\'#ffffffff\', endColorstr=\'#fff8f8f8\', GradientType=0);color: #777777;text-shadow: 0 1px 0 #fff, 0 0 0 #000;font-size: 90%;padding-top: 4px;padding-bottom: 4px;white-space:nowrap;width: 10%\">Percentage</th>\r\n                    </tr>\r\n                </thead>\r\n                <tbody>\r\n                    {{table_body}}\r\n                </tbody>\r\n            </table>\r\n        </div>\r\n\r\n        <p>Thank you in advance.</p>\r\n\r\n        <br />\r\n\r\n        <p>Best regards,<br>HDI Workwise</p>\r\n\r\n        <p>\r\n           This is a system generated message. Please do not reply as your email may not be read.\r\n           <br>\r\n           Powered by <a style=\"color:#4d90fe;\" target=\"_blank\" href=\"http://www.hdisystech.com\">HDI System Technologies, Inc.</a>\r\n        </p>\r\n\r\n    </div>\r\n\r\n</div>\r\n</body>\r\n</html>',NULL,0),(68,0,'PASSWORD-REMINDER','Change Password Reminder','Change Password Reminder','<html><head><meta charset=\"utf-8\"></head>\r\n<body style=\"background-color:#F9F9F9;padding-top: 18px;\">\r\n<div style=\"width: 90%; font-family: \'Helvetica Neue\', Helvetica, Arial, sans-serif; font-size: 13px; font-weight: normal; line-height: 18px; color: #333; margin: 0 auto; background-color: #fff;border: 1px solid #DDD; border-radius: 4px; padding: 15px;\">\r\n    <p style=\"margin:0 0 30px 0;\"><img height=\"50px\" src=\"{{system_url}}/uploads/system/print/workwise_stacked_black_720w.png\" alt=\"Please enable images to load system logo\" title=\"Please enable images\"></p>\r\n\r\n    <h3>Dear Partner,</h3>\r\n\r\n    <div style=\"margin-right: 10%;\">\r\n        <p>\r\n            Good day! It seems that you are still using the default password provided by the system.</p>\r\n        </p>\r\n\r\n        <p>\r\n            Kindly replace it with a secure one using the change password facility.\r\n        </p>\r\n\r\n        <p>\r\n            Thank you in advance.\r\n        </p>\r\n\r\n        <p>\r\n            Best regards,\r\n            <br>\r\n            {{system_title}}\r\n        </p>\r\n\r\n        <p style=\"font-size:80%\">\r\n            <span>This is a system generated message. Please do not reply as your email may not be read.</span>\r\n            <br>\r\n            <span>\r\n                Powered by <a style=\"color:#4d90fe;\" target=\"_blank\" href=\"http://www.hdisystech.com\">HDI System Technologies, Inc.</a>\r\n            </span>\r\n        </p>\r\n\r\n    </div>\r\n\r\n</div>\r\n</body>\r\n</html>',NULL,0),(69,0,'OBT-ACCOUNTING','Official Business Trip Processin','Official Business Trip Processing','<html><head><meta charset=\"utf-8\"></head>\r\n<body style=\"background-color:#F9F9F9;padding-top: 18px;\">\r\n<div style=\"width: 90%; font-family: \'Helvetica Neue\', Helvetica, Arial, sans-serif; font-size: 13px; font-weight: normal; line-height: 18px; color: #333; margin: 0 auto; background-color: #fff;border: 1px solid #DDD; border-radius: 4px; padding: 15px;\">\r\n    <p style=\"margin:0 0 30px 0;\"><img height=\"50px\" src=\"{{system_logo}}\" alt=\"Please enable images to load system logo\" title=\"Please enable images\"></p>\r\n\r\n    <h3>Dear {{alias}},</h3>\r\n\r\n    <div style=\"margin-right: 10%;\">\r\n        <p>\r\n            We would like to inform you that <strong>{{form}}</strong> filed by <strong>{{fullname}}</strong> is now for your processing.\r\n        </p>\r\n\r\n        <p>\r\n            <span>Filed on : {{createdon}}<br></span>\r\n            <span>Company To Visit : {{company_to_visit}}<br></span>\r\n            <span>Location : {{company_location}}<br></span>\r\n            <span>Inclusive Date : <strong>{{inclusive}}</strong><br></span>\r\n            <span>Reason : {{reason}}<br></span>\r\n        </p>\r\n\r\n        <p>\r\n            To review this application, you may <a href=\"{{system_route}}\" target=\"_blank\">click here</a>. \r\n        </p>\r\n\r\n        <div style=\"clear: both;-webkit-box-shadow: 0 1px 2px rgba(0, 0, 0, 0.05);box-shadow: 0 1px 2px rgba(0, 0, 0, 0.05);margin-bottom: 20px;background-color: #ffffff;border: 1px solid #dddddd;border-radius: 4px;\">\r\n            <div style=\"color: #777777;background-color: #f5f5f5;text-shadow: 0 1px 0 #fff;padding: 10px 10px;border-bottom: 1px solid #dddddd;border-top-right-radius: 3px;border-top-left-radius: 3px;background-image: -webkit-gradient(linear, left 0%, left 100%, from(#ffffff), to(#f5f5f5));background-image: -webkit-linear-gradient(top, #ffffff, 0%, #f5f5f5, 100%);background-image: -moz-linear-gradient(top, #ffffff 0%, #f5f5f5 100%);background-image: linear-gradient(to bottom, #ffffff 0%, #f5f5f5 100%);background-repeat: repeat-x;filter: progid:DXImageTransform.Microsoft.gradient(startColorstr=\'#ffffffff\', endColorstr=\'#fff5f5f5\', GradientType=0);\">\r\n                <h2 style=\"font-size: 14px;margin: 2px 0;\">Leave Credits as of</h2>\r\n            </div>\r\n\r\n            <table cellspacing=\"0\" style=\"width: 100%;margin-bottom:max-width: 100%;background-color: transparent;border-collapse: collapse;border-spacing: 0; font-size: 13px;\">\r\n                <thead>\r\n                    <tr>\r\n                        <th style=\"text-align:left;padding: 8px;vertical-align: top;background-image: -webkit-gradient(linear, left 0%, left 100%, from(#ffffff), to(#f8f8f8));background-image: -webkit-linear-gradient(top, #ffffff, 0%, #f8f8f8, 100%);background-image: -moz-linear-gradient(top, #ffffff 0%, #f8f8f8 100%);background-image: linear-gradient(to bottom, #ffffff 0%, #f8f8f8 100%);background-repeat: repeat-x;filter: progid:DXImageTransform.Microsoft.gradient(startColorstr=\'#ffffffff\', endColorstr=\'#fff8f8f8\', GradientType=0);color: #777777;text-shadow: 0 1px 0 #fff, 0 0 0 #000;font-size: 90%;padding-top: 10px;padding-bottom: 10px;width: 25%\">Purpose</th>\r\n                        <th style=\"text-align:left;padding: 8px;vertical-align: top;background-image: -webkit-gradient(linear, left 0%, left 100%, from(#ffffff), to(#f8f8f8));background-image: -webkit-linear-gradient(top, #ffffff, 0%, #f8f8f8, 100%);background-image: -moz-linear-gradient(top, #ffffff 0%, #f8f8f8 100%);background-image: linear-gradient(to bottom, #ffffff 0%, #f8f8f8 100%);background-repeat: repeat-x;filter: progid:DXImageTransform.Microsoft.gradient(startColorstr=\'#ffffffff\', endColorstr=\'#fff8f8f8\', GradientType=0);color: #777777;text-shadow: 0 1px 0 #fff, 0 0 0 #000;font-size: 90%;padding-top: 10px;padding-bottom: 10px;width: 25%\">Amount</th>\r\n                        <th style=\"text-align:left;padding: 8px;vertical-align: top;background-image: -webkit-gradient(linear, left 0%, left 100%, from(#ffffff), to(#f8f8f8));background-image: -webkit-linear-gradient(top, #ffffff, 0%, #f8f8f8, 100%);background-image: -moz-linear-gradient(top, #ffffff 0%, #f8f8f8 100%);background-image: linear-gradient(to bottom, #ffffff 0%, #f8f8f8 100%);background-repeat: repeat-x;filter: progid:DXImageTransform.Microsoft.gradient(startColorstr=\'#ffffffff\', endColorstr=\'#fff8f8f8\', GradientType=0);color: #777777;text-shadow: 0 1px 0 #fff, 0 0 0 #000;font-size: 90%;padding-top: 10px;padding-bottom: 10px;width: 45%\">Remarks</th>\r\n                    </tr>\r\n                </thead>\r\n                <tbody>\r\n                    {{table_body}}\r\n                </tbody>\r\n            </table>\r\n        </div>\r\n\r\n        <br />\r\n\r\n    </div>\r\n\r\n\r\n    <p>\r\n        Best regards,\r\n        <br>\r\n        {{system_title}}\r\n    </p>\r\n\r\n    <p>\r\n        This is a system generated message. Please do not reply as your email may not be read.\r\n        <br>\r\n        Powered by <a style=\"color:#4d90fe;\" target=\"_blank\" href=\"http://www.hdisystech.com\">HDI System Technologies, Inc.</a>\r\n    </p>\r\n</div>\r\n</body>\r\n</html>',NULL,0),(92,0,'HR-VALIDATION','HR Validation','Forms for HR Validation','<html><head><meta charset=\"utf-8\"></head>\r\n<body style=\"background-color:#F9F9F9;padding-top: 18px;\">\r\n<div style=\"width: 90%; font-family: \'Helvetica Neue\', Helvetica, Arial, sans-serif; font-size: 13px; font-weight: normal; line-height: 18px; color: #333; margin: 0 auto; background-color: #fff;border: 1px solid #DDD; border-radius: 4px; padding: 15px;\">\r\n    <p style=\"margin:0 0 30px 0;\"><img height=\"50px\" src=\"{{system_logo}}\" alt=\"Please enable images to load system logo\" title=\"Please enable images\"></p>\r\n\r\n    <h3>Dear {{alias}},</h3>\r\n\r\n    <div style=\"margin-right: 10%;\">\r\n        <p>\r\n            We would like to inform you that <strong>{{form}}</strong> filed by <strong>{{fullname}}</strong> was now approved and is waiting for your validation. In order for this file to be processed in the salary, kindly approve it on or before our cutoff.\r\n        </p>\r\n\r\n        <p>\r\n            <span>Filed on : {{createdon}}<br></span>\r\n            <span>Duration : {{days}}<br></span>\r\n            <span>Inclusive Date : <strong>{{inclusive}}</strong><br></span>\r\n            <span>Reason : {{reason}}<br></span>\r\n        </p>\r\n\r\n        <p>\r\n            To review this application, you may <a href=\"{{system_route}}\" target=\"_blank\">click here</a>. If approval has made after, please note that adjustments, if any, will be made on the next salary period.\r\n        </p>\r\n\r\n        <div style=\"clear: both;-webkit-box-shadow: 0 1px 2px rgba(0, 0, 0, 0.05);box-shadow: 0 1px 2px rgba(0, 0, 0, 0.05);margin-bottom: 20px;background-color: #ffffff;border: 1px solid #dddddd;border-radius: 4px;\">\r\n            <div style=\"color: #777777;background-color: #f5f5f5;text-shadow: 0 1px 0 #fff;padding: 10px 10px;border-bottom: 1px solid #dddddd;border-top-right-radius: 3px;border-top-left-radius: 3px;background-image: -webkit-gradient(linear, left 0%, left 100%, from(#ffffff), to(#f5f5f5));background-image: -webkit-linear-gradient(top, #ffffff, 0%, #f5f5f5, 100%);background-image: -moz-linear-gradient(top, #ffffff 0%, #f5f5f5 100%);background-image: linear-gradient(to bottom, #ffffff 0%, #f5f5f5 100%);background-repeat: repeat-x;filter: progid:DXImageTransform.Microsoft.gradient(startColorstr=\'#ffffffff\', endColorstr=\'#fff5f5f5\', GradientType=0);\">\r\n                <h2 style=\"font-size: 14px;margin: 2px 0;\">Leave Credits as of</h2>\r\n            </div>\r\n\r\n            <table cellspacing=\"0\" style=\"width: 100%;margin-bottom:max-width: 100%;background-color: transparent;border-collapse: collapse;border-spacing: 0; font-size: 13px;\">\r\n                <thead>\r\n                    <tr>\r\n                        <th style=\"text-align:left;padding: 8px;vertical-align: top;background-image: -webkit-gradient(linear, left 0%, left 100%, from(#ffffff), to(#f8f8f8));background-image: -webkit-linear-gradient(top, #ffffff, 0%, #f8f8f8, 100%);background-image: -moz-linear-gradient(top, #ffffff 0%, #f8f8f8 100%);background-image: linear-gradient(to bottom, #ffffff 0%, #f8f8f8 100%);background-repeat: repeat-x;filter: progid:DXImageTransform.Microsoft.gradient(startColorstr=\'#ffffffff\', endColorstr=\'#fff8f8f8\', GradientType=0);color: #777777;text-shadow: 0 1px 0 #fff, 0 0 0 #000;font-size: 90%;padding-top: 10px;padding-bottom: 10px;width: 25%\">&nbsp;</th>\r\n                        <th style=\"text-align:left;padding: 8px;vertical-align: top;background-image: -webkit-gradient(linear, left 0%, left 100%, from(#ffffff), to(#f8f8f8));background-image: -webkit-linear-gradient(top, #ffffff, 0%, #f8f8f8, 100%);background-image: -moz-linear-gradient(top, #ffffff 0%, #f8f8f8 100%);background-image: linear-gradient(to bottom, #ffffff 0%, #f8f8f8 100%);background-repeat: repeat-x;filter: progid:DXImageTransform.Microsoft.gradient(startColorstr=\'#ffffffff\', endColorstr=\'#fff8f8f8\', GradientType=0);color: #777777;text-shadow: 0 1px 0 #fff, 0 0 0 #000;font-size: 90%;padding-top: 4px;padding-bottom: 4px;width: 15%\">Previous<br>Year (if any)</th>\r\n                        <th style=\"text-align:left;padding: 8px;vertical-align: top;background-image: -webkit-gradient(linear, left 0%, left 100%, from(#ffffff), to(#f8f8f8));background-image: -webkit-linear-gradient(top, #ffffff, 0%, #f8f8f8, 100%);background-image: -moz-linear-gradient(top, #ffffff 0%, #f8f8f8 100%);background-image: linear-gradient(to bottom, #ffffff 0%, #f8f8f8 100%);background-repeat: repeat-x;filter: progid:DXImageTransform.Microsoft.gradient(startColorstr=\'#ffffffff\', endColorstr=\'#fff8f8f8\', GradientType=0);color: #777777;text-shadow: 0 1px 0 #fff, 0 0 0 #000;font-size: 90%;padding-top: 4px;padding-bottom: 4px;white-space:nowrap;width: 15%\">Earned<br>this Year</th>\r\n                        <th style=\"text-align:left;padding: 8px;vertical-align: top;background-image: -webkit-gradient(linear, left 0%, left 100%, from(#ffffff), to(#f8f8f8));background-image: -webkit-linear-gradient(top, #ffffff, 0%, #f8f8f8, 100%);background-image: -moz-linear-gradient(top, #ffffff 0%, #f8f8f8 100%);background-image: linear-gradient(to bottom, #ffffff 0%, #f8f8f8 100%);background-repeat: repeat-x;filter: progid:DXImageTransform.Microsoft.gradient(startColorstr=\'#ffffffff\', endColorstr=\'#fff8f8f8\', GradientType=0);color: #777777;text-shadow: 0 1px 0 #fff, 0 0 0 #000;font-size: 90%;padding-top: 4px;padding-bottom: 4px;white-space:nowrap;width: 15%\">Used</th>\r\n                        <th style=\"text-align:left;padding: 8px;vertical-align: top;background-image: -webkit-gradient(linear, left 0%, left 100%, from(#ffffff), to(#f8f8f8));background-image: -webkit-linear-gradient(top, #ffffff, 0%, #f8f8f8, 100%);background-image: -moz-linear-gradient(top, #ffffff 0%, #f8f8f8 100%);background-image: linear-gradient(to bottom, #ffffff 0%, #f8f8f8 100%);background-repeat: repeat-x;filter: progid:DXImageTransform.Microsoft.gradient(startColorstr=\'#ffffffff\', endColorstr=\'#fff8f8f8\', GradientType=0);color: #777777;text-shadow: 0 1px 0 #fff, 0 0 0 #000;font-size: 90%;padding-top: 4px;padding-bottom: 4px;white-space:nowrap;width: 15%\">Balance</th>\r\n                        <th style=\"text-align:left;padding: 8px;vertical-align: top;background-image: -webkit-gradient(linear, left 0%, left 100%, from(#ffffff), to(#f8f8f8));background-image: -webkit-linear-gradient(top, #ffffff, 0%, #f8f8f8, 100%);background-image: -moz-linear-gradient(top, #ffffff 0%, #f8f8f8 100%);background-image: linear-gradient(to bottom, #ffffff 0%, #f8f8f8 100%);background-repeat: repeat-x;filter: progid:DXImageTransform.Microsoft.gradient(startColorstr=\'#ffffffff\', endColorstr=\'#fff8f8f8\', GradientType=0);color: #777777;text-shadow: 0 1px 0 #fff, 0 0 0 #000;font-size: 90%;padding-top: 4px;padding-bottom: 4px;white-space:nowrap;width: 15%\">Pending</th>\r\n                    </tr>\r\n                </thead>\r\n                <tbody>\r\n                    {{table_body}}\r\n                </tbody>\r\n            </table>\r\n        </div>\r\n\r\n        <br />\r\n\r\n    </div>\r\n\r\n\r\n    <p>\r\n        Best regards,\r\n        <br>\r\n        {{system_title}}\r\n    </p>\r\n\r\n    <p>\r\n        This is a system generated message. Please do not reply as your email may not be read.\r\n        <br>\r\n        Powered by <a style=\"color:#4d90fe;\" target=\"_blank\" href=\"http://www.hdisystech.com\">HDI System Technologies, Inc.</a>\r\n    </p>\r\n</div>\r\n</body>\r\n</html>',NULL,0),(93,0,'CLEARANCE-ACTION','Clearance','Clearance','<style>\r\n   body {font-family: sans-serif, arial; font-size: 14px; }\r\n   p, span {line-height: 18px;}\r\n   th, td {border-right:1px solid #e0e0e0; border-top:1px solid #e0e0e0; padding:8px; text-align:center; }\r\n\r\n   .table {border-bottom:1px solid #e0e0e0; border-left:1px solid #e0e0e0; font-size:12px; width:60%;}\r\n   .note {font-size:12px;}\r\n</style>\r\n\r\n<p>Good day!</p>\r\n<p>Your clearance has been received and is currently in verification process. Please expect to receive another email update once there is a movement on your clearance.</p>\r\n<p>&nbsp;</p>\r\n<p>&nbsp;</p>\r\n\r\n<p>{{system_title}}</p>\r\n<p>&nbsp;</p>\r\n<p class=\"note\">Note: This is a system generated message.</p>',NULL,0),(94,0,'INTERVIEW-ASSESSMENT','Interview Assessment Form(Philda',NULL,'<HTML>\r\n<HEAD>\r\n<META http-equiv=\"Content-Type\" content=\"text/html; charset=UTF-8\">\r\n<META http-equiv=\"X-UA-Compatible\" content=\"IE=8\">\r\n<TITLE>Interview Assessment Form</TITLE>\r\n<STYLE type=\"text/css\">\r\n\r\nbody {margin-top: 0px;margin-left: 0px;}\r\n\r\n#page_1 {position:relative; overflow: hidden;margin: 49px 0px 45px 0px;padding: 0px;border: none;width: 760px;}\r\n\r\n.ft0{font: 11px \'Calibri\';line-height: 11px;}\r\n.ft1{font: 1px \'Calibri\';line-height: 1px;}\r\n.ft2{font: bold 11px \'Calibri\';line-height: 13px;}\r\n.ft3{font: bold 13px \'Calibri\';line-height: 14px;}\r\n.ft4{font: bold 13px \'Calibri\';line-height: 15px;}\r\n.ft5{font: 1px \'Calibri\';line-height: 2px;}\r\n.ft6{font: bold 11px \'Calibri\';line-height: 11px;}\r\n.ft7{font: bold 13px \'Calibri\';line-height: 11px;}\r\n.ft8{font: 1px \'Calibri\';line-height: 9px;}\r\n.ft9{font: 1px \'Calibri\';line-height: 8px;}\r\n.ft10{font: bold 13px \'Calibri\';text-decoration: underline;line-height: 13px;}\r\n.ft11{font: 1px \'Calibri\';line-height: 5px;}\r\n.ft12{font: 1px \'Calibri\';line-height: 4px;}\r\n.ft13{font: 1px \'Calibri\';line-height: 12px;}\r\n.ft14{font: 11px \'Calibri\';line-height: 13px;}\r\n.ft15{font: 13px \'Times New Roman\';line-height: 15px;}\r\n.ft16{font: 12px \'Times New Roman\';line-height: 15px;}\r\n.ft17{font: 13px \'Times New Roman\';line-height: 14px;}\r\n.ft18{font: 1px \'Calibri\';line-height: 3px;}\r\n.ft19{font: 1px \'Calibri\';line-height: 10px;}\r\n.ft20{font: 1px \'Calibri\';line-height: 7px;}\r\n.ft21{font: 1px \'Calibri\';line-height: 6px;}\r\n.ft22{font: 12px \'Calibri\';line-height: 14px;}\r\n.ft23{font: 13px \'Calibri\';line-height: 15px;}\r\n.ft24{font: 1px \'Calibri\';line-height: 13px;}\r\n.ft25{font: 1px \'Calibri\';line-height: 14px;}\r\n.ft26{font: 1px \'Calibri\';line-height: 11px;}\r\n.ft27{font: bold 12px \'Calibri\';line-height: 14px;}\r\n.ft28{font: bold 12px \'Calibri\';line-height: 13px;}\r\n.ft29{font: 13px \'Calibri\';line-height: 13px;}\r\n\r\n.p0{text-align: right;margin-top: 0px;margin-bottom: 0px;}\r\n.p1{text-align: left;margin-top: 0px;margin-bottom: 0px;white-space: nowrap;}\r\n.p2{text-align: left;padding-left: 1px;margin-top: 0px;margin-bottom: 0px;white-space: nowrap;}\r\n.p3{text-align: left;padding-left: 8px;margin-top: 0px;margin-bottom: 0px;white-space: nowrap;}\r\n.p4{text-align: left;padding-left: 168px;margin-top: 0px;margin-bottom: 0px;white-space: nowrap;}\r\n.p5{text-align: left;padding-left: 16px;margin-top: 0px;margin-bottom: 0px;white-space: nowrap;}\r\n.p6{text-align: left;padding-left: 5px;margin-top: 0px;margin-bottom: 0px;white-space: nowrap;}\r\n.p7{text-align: left;padding-left: 4px;margin-top: 0px;margin-bottom: 0px;white-space: nowrap;}\r\n.p8{text-align: left;padding-left: 2px;margin-top: 0px;margin-bottom: 0px;white-space: nowrap;}\r\n.p9{text-align: left;padding-left: 34px;margin-top: 0px;margin-bottom: 0px;white-space: nowrap;}\r\n.p10{text-align: left;padding-left: 3px;margin-top: 0px;margin-bottom: 0px;white-space: nowrap;}\r\n.p11{text-align: left;padding-left: 6px;margin-top: 0px;margin-bottom: 0px;white-space: nowrap;}\r\n.p12{text-align: left;padding-left: 26px;margin-top: 0px;margin-bottom: 0px;white-space: nowrap;}\r\n.p13{text-align: left;padding-left: 12px;margin-top: 0px;margin-bottom: 0px;white-space: nowrap;}\r\n.p14{text-align: right;padding-right: 5px;margin-top: 0px;margin-bottom: 0px;white-space: nowrap;}\r\n.p15{text-align: right;padding-right: 3px;margin-top: 0px;margin-bottom: 0px;white-space: nowrap;}\r\n.p16{text-align: left;padding-left: 65px;margin-top: 0px;margin-bottom: 0px;white-space: nowrap;}\r\n.p17{text-align: right;padding-right: 10px;margin-top: 0px;margin-bottom: 0px;white-space: nowrap;}\r\n.p18{text-align: left;padding-left: 9px;margin-top: 0px;margin-bottom: 0px;white-space: nowrap;}\r\n\r\n.td0{padding: 0px;margin: 0px;width: 2px;vertical-align: bottom;}\r\n.td1{padding: 0px;margin: 0px;width: 325px;vertical-align: bottom;}\r\n.td2{padding: 0px;margin: 0px;width: 131px;vertical-align: bottom;}\r\n.td3{padding: 0px;margin: 0px;width: 126px;vertical-align: bottom;}\r\n.td4{padding: 0px;margin: 0px;width: 100px;vertical-align: bottom;}\r\n.td5{padding: 0px;margin: 0px;width: 14px;vertical-align: bottom;}\r\n.td6{padding: 0px;margin: 0px;width: 38px;vertical-align: bottom;}\r\n.td7{border-right: #000000 1px solid;padding: 0px;margin: 0px;width: 81px;vertical-align: bottom;background: #000000;}\r\n.td8{padding: 0px;margin: 0px;width: 201px;vertical-align: bottom;background: #000000;}\r\n.td9{padding: 0px;margin: 0px;width: 4px;vertical-align: bottom;background: #000000;}\r\n.td10{padding: 0px;margin: 0px;width: 42px;vertical-align: bottom;}\r\n.td11{padding: 0px;margin: 0px;width: 84px;vertical-align: bottom;background: #000000;}\r\n.td12{padding: 0px;margin: 0px;width: 100px;vertical-align: bottom;background: #000000;}\r\n.td13{padding: 0px;margin: 0px;width: 226px;vertical-align: bottom;}\r\n.td14{padding: 0px;margin: 0px;width: 82px;vertical-align: bottom;}\r\n.td15{border-top: #000000 1px solid;padding: 0px;margin: 0px;width: 201px;vertical-align: bottom;}\r\n.td16{padding: 0px;margin: 0px;width: 4px;vertical-align: bottom;}\r\n.td17{border-bottom: #000000 1px solid;padding: 0px;margin: 0px;width: 2px;vertical-align: bottom;}\r\n.td18{border-bottom: #000000 1px solid;padding: 0px;margin: 0px;width: 38px;vertical-align: bottom;}\r\n.td19{border-bottom: #000000 1px solid;padding: 0px;margin: 0px;width: 82px;vertical-align: bottom;}\r\n.td20{border-bottom: #000000 1px solid;padding: 0px;margin: 0px;width: 207px;vertical-align: bottom;}\r\n.td21{border-bottom: #000000 1px solid;padding: 0px;margin: 0px;width: 131px;vertical-align: bottom;}\r\n.td22{border-bottom: #000000 1px solid;padding: 0px;margin: 0px;width: 42px;vertical-align: bottom;}\r\n.td23{border-bottom: #000000 1px solid;padding: 0px;margin: 0px;width: 84px;vertical-align: bottom;}\r\n.td24{border-bottom: #000000 1px solid;padding: 0px;margin: 0px;width: 100px;vertical-align: bottom;}\r\n.td25{border-bottom: #000000 1px solid;padding: 0px;margin: 0px;width: 14px;vertical-align: bottom;}\r\n.td26{border-bottom: #000000 1px solid;padding: 0px;margin: 0px;width: 338px;vertical-align: bottom;}\r\n.td27{border-bottom: #d9d9d9 1px solid;padding: 0px;margin: 0px;width: 38px;vertical-align: bottom;background: #d9d9d9;}\r\n.td28{border-right: #d9d9d9 1px solid;border-bottom: #d9d9d9 1px solid;padding: 0px;margin: 0px;width: 81px;vertical-align: bottom;background: #d9d9d9;}\r\n.td29{border-bottom: #d9d9d9 1px solid;padding: 0px;margin: 0px;width: 201px;vertical-align: bottom;background: #d9d9d9;}\r\n.td30{border-bottom: #d9d9d9 1px solid;padding: 0px;margin: 0px;width: 4px;vertical-align: bottom;background: #d9d9d9;}\r\n.td31{border-right: #d9d9d9 1px solid;border-bottom: #d9d9d9 1px solid;padding: 0px;margin: 0px;width: 1px;vertical-align: bottom;background: #d9d9d9;}\r\n.td32{border-right: #d9d9d9 1px solid;border-bottom: #d9d9d9 1px solid;padding: 0px;margin: 0px;width: 130px;vertical-align: bottom;background: #d9d9d9;}\r\n.td33{border-bottom: #d9d9d9 1px solid;padding: 0px;margin: 0px;width: 42px;vertical-align: bottom;background: #d9d9d9;}\r\n.td34{border-bottom: #d9d9d9 1px solid;padding: 0px;margin: 0px;width: 84px;vertical-align: bottom;background: #d9d9d9;}\r\n.td35{border-bottom: #d9d9d9 1px solid;padding: 0px;margin: 0px;width: 100px;vertical-align: bottom;background: #d9d9d9;}\r\n.td36{border-bottom: #d9d9d9 1px solid;padding: 0px;margin: 0px;width: 14px;vertical-align: bottom;background: #d9d9d9;}\r\n.td37{border-top: #000000 1px solid;border-bottom: #000000 1px solid;padding: 0px;margin: 0px;width: 2px;vertical-align: bottom;}\r\n.td38{border-top: #000000 1px solid;border-bottom: #000000 1px solid;padding: 0px;margin: 0px;width: 325px;vertical-align: bottom;}\r\n.td39{border-right: #000000 1px solid;border-top: #000000 1px solid;border-bottom: #000000 1px solid;padding: 0px;margin: 0px;width: 1px;vertical-align: bottom;}\r\n.td40{border-right: #000000 1px solid;border-top: #000000 1px solid;border-bottom: #000000 1px solid;padding: 0px;margin: 0px;width: 130px;vertical-align: bottom;}\r\n.td41{border-top: #000000 1px solid;border-bottom: #000000 1px solid;padding: 0px;margin: 0px;width: 126px;vertical-align: bottom;}\r\n.td42{border-top: #000000 1px solid;border-bottom: #000000 1px solid;padding: 0px;margin: 0px;width: 100px;vertical-align: bottom;}\r\n.td43{border-top: #000000 1px solid;border-bottom: #000000 1px solid;padding: 0px;margin: 0px;width: 14px;vertical-align: bottom;}\r\n.td44{border-right: #000000 1px solid;padding: 0px;margin: 0px;width: 119px;vertical-align: bottom;}\r\n.td45{padding: 0px;margin: 0px;width: 205px;vertical-align: bottom;}\r\n.td46{border-right: #000000 1px solid;padding: 0px;margin: 0px;width: 1px;vertical-align: bottom;}\r\n.td47{border-right: #000000 1px solid;padding: 0px;margin: 0px;width: 130px;vertical-align: bottom;}\r\n.td48{border-right: #000000 1px solid;border-bottom: #000000 1px solid;padding: 0px;margin: 0px;width: 119px;vertical-align: bottom;}\r\n.td49{border-bottom: #000000 1px solid;padding: 0px;margin: 0px;width: 205px;vertical-align: bottom;}\r\n.td50{border-right: #000000 1px solid;border-bottom: #000000 1px solid;padding: 0px;margin: 0px;width: 1px;vertical-align: bottom;}\r\n.td51{border-right: #000000 1px solid;border-bottom: #000000 1px solid;padding: 0px;margin: 0px;width: 130px;vertical-align: bottom;}\r\n.td52{border-bottom: #000000 1px solid;padding: 0px;margin: 0px;width: 126px;vertical-align: bottom;}\r\n.td53{border-right: #000000 1px solid;padding: 0px;margin: 0px;width: 81px;vertical-align: bottom;}\r\n.td54{border-bottom: #000000 1px solid;padding: 0px;margin: 0px;width: 201px;vertical-align: bottom;}\r\n.td55{border-bottom: #000000 1px solid;padding: 0px;margin: 0px;width: 4px;vertical-align: bottom;}\r\n.td56{padding: 0px;margin: 0px;width: 120px;vertical-align: bottom;}\r\n.td57{padding: 0px;margin: 0px;width: 201px;vertical-align: bottom;}\r\n.td58{padding: 0px;margin: 0px;width: 84px;vertical-align: bottom;}\r\n.td59{padding: 0px;margin: 0px;width: 684px;vertical-align: bottom;}\r\n.td60{padding: 0px;margin: 0px;width: 287px;vertical-align: bottom;}\r\n.td61{border-bottom: #000000 1px solid;padding: 0px;margin: 0px;width: 458px;vertical-align: bottom;}\r\n.td62{padding: 0px;margin: 0px;width: 458px;vertical-align: bottom;}\r\n.td63{padding: 0px;margin: 0px;width: 22px;vertical-align: bottom;}\r\n.td64{padding: 0px;margin: 0px;width: 680px;vertical-align: bottom;}\r\n.td65{padding: 0px;margin: 0px;width: 20px;vertical-align: bottom;}\r\n.td66{padding: 0px;margin: 0px;width: 210px;vertical-align: bottom;}\r\n.td67{padding: 0px;margin: 0px;width: 98px;vertical-align: bottom;}\r\n.td68{padding: 0px;margin: 0px;width: 55px;vertical-align: bottom;}\r\n.td69{padding: 0px;margin: 0px;width: 15px;vertical-align: bottom;}\r\n.td70{padding: 0px;margin: 0px;width: 300px;vertical-align: bottom;}\r\n.td71{padding: 0px;margin: 0px;width: 308px;vertical-align: bottom;}\r\n.td72{padding: 0px;margin: 0px;width: 363px;vertical-align: bottom;}\r\n.td73{border-bottom: #000000 1px solid;padding: 0px;margin: 0px;width: 230px;vertical-align: bottom;}\r\n.td74{border-bottom: #000000 1px solid;padding: 0px;margin: 0px;width: 98px;vertical-align: bottom;}\r\n.td75{border-bottom: #000000 1px solid;padding: 0px;margin: 0px;width: 55px;vertical-align: bottom;}\r\n.td76{border-bottom: #000000 1px solid;padding: 0px;margin: 0px;width: 15px;vertical-align: bottom;}\r\n.td77{border-bottom: #000000 1px solid;padding: 0px;margin: 0px;width: 300px;vertical-align: bottom;}\r\n.td78{padding: 0px;margin: 0px;width: 230px;vertical-align: bottom;}\r\n.td79{padding: 0px;margin: 0px;width: 372px;vertical-align: bottom;}\r\n.td80{border-bottom: #000000 1px solid;padding: 0px;margin: 0px;width: 20px;vertical-align: bottom;}\r\n.td81{border-bottom: #000000 1px solid;padding: 0px;margin: 0px;width: 210px;vertical-align: bottom;}\r\n.td82{border-bottom: #000000 1px solid;padding: 0px;margin: 0px;width: 372px;vertical-align: bottom;}\r\n.td83{border-bottom: #000000 1px solid;padding: 0px;margin: 0px;width: 20px;vertical-align: bottom;background: #d9d9d9;}\r\n.td84{border-bottom: #000000 1px solid;padding: 0px;margin: 0px;width: 210px;vertical-align: bottom;background: #d9d9d9;}\r\n.td85{border-bottom: #000000 1px solid;padding: 0px;margin: 0px;width: 468px;vertical-align: bottom;background: #d9d9d9;}\r\n.td86{border-right: #000000 1px solid;padding: 0px;margin: 0px;width: 97px;vertical-align: bottom;}\r\n.td87{padding: 0px;margin: 0px;width: 302px;vertical-align: bottom;}\r\n.td88{padding: 0px;margin: 0px;width: 317px;vertical-align: bottom;}\r\n.td89{border-right: #000000 1px solid;border-bottom: #000000 1px solid;padding: 0px;margin: 0px;width: 327px;vertical-align: bottom;}\r\n\r\n.tr0{height: 14px;}\r\n.tr1{height: 17px;}\r\n.tr2{height: 1px;}\r\n.tr3{height: 2px;}\r\n.tr4{height: 11px;}\r\n.tr5{height: 9px;}\r\n.tr6{height: 8px;}\r\n.tr7{height: 13px;}\r\n.tr8{height: 5px;}\r\n.tr9{height: 4px;}\r\n.tr10{height: 12px;}\r\n.tr11{height: 16px;}\r\n.tr12{height: 3px;}\r\n.tr13{height: 10px;}\r\n.tr14{height: 25px;}\r\n.tr15{height: 7px;}\r\n.tr16{height: 15px;}\r\n.tr17{height: 6px;}\r\n.tr18{height: 24px;}\r\n.tr19{height: 27px;}\r\n.tr20{height: 26px;}\r\n.tr21{height: 120px;}\r\n.tr22{height: 119px;}\r\n.tr23{height: 23px;}\r\n\r\n.t0{width: 702px;margin-left: 52px;font: 11px \'Calibri\';}\r\n.t1{width: 702px;margin-left: 52px;margin-top: 12px;font: 13px \'Calibri\';}\r\n\r\n</STYLE>\r\n</HEAD>\r\n\r\n<BODY>\r\n<DIV id=\"page_1\">\r\n\r\n<TABLE cellpadding=0 cellspacing=0 class=\"t0\">\r\n<TR>\r\n    <TD class=\"tr0 td0\"><P class=\"p1 ft1\">&nbsp;</P></TD>\r\n    <TD colspan=4 class=\"tr0 td1\"><P class=\"p2 ft3\"><SPAN class=\"ft2\">NAME: </SPAN>{{recipients}}</P></TD>\r\n    <TD class=\"tr0 td0\"><P class=\"p1 ft1\">&nbsp;</P></TD>\r\n    <TD class=\"tr0 td2\"><P class=\"p1 ft1\">&nbsp;</P></TD>\r\n    <TD colspan=2 rowspan=3 class=\"tr1 td3\"><P class=\"p3 ft4\"><SPAN class=\"ft2\">DATE:_</SPAN>{{date}}</P></TD>\r\n    <TD class=\"tr0 td4\"><P class=\"p1 ft1\">&nbsp;</P></TD>\r\n    <TD class=\"tr0 td5\"><P class=\"p1 ft1\">&nbsp;</P></TD>\r\n    <TD class=\"tr0 td0\"><P class=\"p1 ft1\">&nbsp;</P></TD>\r\n</TR>\r\n<TR>\r\n    <TD class=\"tr2 td0\"><P class=\"p1 ft1\">&nbsp;</P></TD>\r\n    <TD class=\"tr2 td6\"><P class=\"p1 ft1\">&nbsp;</P></TD>\r\n    <TD class=\"tr2 td7\"><P class=\"p1 ft1\">&nbsp;</P></TD>\r\n    <TD class=\"tr2 td8\"><P class=\"p1 ft1\">&nbsp;</P></TD>\r\n    <TD class=\"tr2 td9\"><P class=\"p1 ft1\">&nbsp;</P></TD>\r\n    <TD class=\"tr2 td0\"><P class=\"p1 ft1\">&nbsp;</P></TD>\r\n    <TD class=\"tr2 td2\"><P class=\"p1 ft1\">&nbsp;</P></TD>\r\n    <TD class=\"tr2 td4\"><P class=\"p1 ft1\">&nbsp;</P></TD>\r\n    <TD class=\"tr2 td5\"><P class=\"p1 ft1\">&nbsp;</P></TD>\r\n    <TD class=\"tr2 td0\"><P class=\"p1 ft1\">&nbsp;</P></TD>\r\n</TR>\r\n<TR>\r\n    <TD class=\"tr3 td0\"><P class=\"p1 ft5\">&nbsp;</P></TD>\r\n    <TD colspan=4 rowspan=3 class=\"tr4 td1\"><P class=\"p2 ft7\"><SPAN class=\"ft6\">POSITION CONSIDERED: </SPAN>{{position}}</P></TD>\r\n    <TD class=\"tr3 td0\"><P class=\"p1 ft5\">&nbsp;</P></TD>\r\n    <TD class=\"tr3 td2\"><P class=\"p1 ft5\">&nbsp;</P></TD>\r\n    <TD class=\"tr3 td4\"><P class=\"p1 ft5\">&nbsp;</P></TD>\r\n    <TD class=\"tr3 td5\"><P class=\"p1 ft5\">&nbsp;</P></TD>\r\n    <TD class=\"tr3 td0\"><P class=\"p1 ft5\">&nbsp;</P></TD>\r\n</TR>\r\n<TR>\r\n    <TD rowspan=2 class=\"tr5 td0\"><P class=\"p1 ft8\">&nbsp;</P></TD>\r\n    <TD class=\"tr2 td0\"><P class=\"p1 ft1\">&nbsp;</P></TD>\r\n    <TD class=\"tr2 td2\"><P class=\"p1 ft1\">&nbsp;</P></TD>\r\n    <TD class=\"tr2 td10\"><P class=\"p1 ft1\">&nbsp;</P></TD>\r\n    <TD class=\"tr2 td11\"><P class=\"p1 ft1\">&nbsp;</P></TD>\r\n    <TD class=\"tr2 td12\"><P class=\"p1 ft1\">&nbsp;</P></TD>\r\n    <TD class=\"tr2 td5\"><P class=\"p1 ft1\">&nbsp;</P></TD>\r\n    <TD class=\"tr2 td0\"><P class=\"p1 ft1\">&nbsp;</P></TD>\r\n</TR>\r\n<TR>\r\n    <TD class=\"tr6 td0\"><P class=\"p1 ft9\">&nbsp;</P></TD>\r\n    <TD class=\"tr6 td2\"><P class=\"p1 ft9\">&nbsp;</P></TD>\r\n    <TD colspan=3 rowspan=2 class=\"tr7 td13\"><P class=\"p3 ft2\">CLIENT/ DEPARTMENT : <NOBR><SPAN class=\"ft10\"></SPAN></NOBR></P></TD>\r\n    <TD class=\"tr6 td5\"><P class=\"p1 ft9\">&nbsp;</P></TD>\r\n    <TD class=\"tr6 td0\"><P class=\"p1 ft9\">&nbsp;</P></TD>\r\n</TR>\r\n<TR>\r\n    <TD class=\"tr8 td0\"><P class=\"p1 ft11\">&nbsp;</P></TD>\r\n    <TD class=\"tr8 td6\"><P class=\"p1 ft11\">&nbsp;</P></TD>\r\n    <TD class=\"tr8 td14\"><P class=\"p1 ft11\">&nbsp;</P></TD>\r\n    <TD class=\"tr9 td15\"><P class=\"p1 ft12\">&nbsp;</P></TD>\r\n    <TD class=\"tr8 td16\"><P class=\"p1 ft11\">&nbsp;</P></TD>\r\n    <TD class=\"tr8 td0\"><P class=\"p1 ft11\">&nbsp;</P></TD>\r\n    <TD class=\"tr8 td2\"><P class=\"p1 ft11\">&nbsp;</P></TD>\r\n    <TD class=\"tr8 td5\"><P class=\"p1 ft11\">&nbsp;</P></TD>\r\n    <TD class=\"tr8 td0\"><P class=\"p1 ft11\">&nbsp;</P></TD>\r\n</TR>\r\n<TR>\r\n    <TD class=\"tr10 td17\"><P class=\"p1 ft13\">&nbsp;</P></TD>\r\n    <TD class=\"tr10 td18\"><P class=\"p1 ft13\">&nbsp;</P></TD>\r\n    <TD class=\"tr10 td19\"><P class=\"p1 ft13\">&nbsp;</P></TD>\r\n    <TD colspan=3 class=\"tr10 td20\"><P class=\"p1 ft13\">&nbsp;</P></TD>\r\n    <TD class=\"tr10 td21\"><P class=\"p1 ft13\">&nbsp;</P></TD>\r\n    <TD class=\"tr10 td22\"><P class=\"p1 ft13\">&nbsp;</P></TD>\r\n    <TD class=\"tr10 td23\"><P class=\"p1 ft13\">&nbsp;</P></TD>\r\n    <TD class=\"tr10 td24\"><P class=\"p1 ft13\">&nbsp;</P></TD>\r\n    <TD class=\"tr10 td25\"><P class=\"p1 ft13\">&nbsp;</P></TD>\r\n    <TD class=\"tr10 td17\"><P class=\"p1 ft13\">&nbsp;</P></TD>\r\n</TR>\r\n<TR>\r\n    <TD class=\"tr11 td17\"><P class=\"p1 ft1\">&nbsp;</P></TD>\r\n    <TD class=\"tr11 td18\"><P class=\"p1 ft1\">&nbsp;</P></TD>\r\n    <TD class=\"tr11 td19\"><P class=\"p1 ft1\">&nbsp;</P></TD>\r\n    <TD colspan=4 class=\"tr11 td26\"><P class=\"p4 ft2\">CANDIDATE ASSESSMENT</P></TD>\r\n    <TD class=\"tr11 td22\"><P class=\"p1 ft1\">&nbsp;</P></TD>\r\n    <TD class=\"tr11 td23\"><P class=\"p1 ft1\">&nbsp;</P></TD>\r\n    <TD class=\"tr11 td24\"><P class=\"p1 ft1\">&nbsp;</P></TD>\r\n    <TD class=\"tr11 td25\"><P class=\"p1 ft1\">&nbsp;</P></TD>\r\n    <TD class=\"tr11 td17\"><P class=\"p1 ft1\">&nbsp;</P></TD>\r\n</TR>\r\n<TR>\r\n    <TD class=\"tr0 td0\"><P class=\"p1 ft1\">&nbsp;</P></TD>\r\n    <TD class=\"tr7 td27\"><P class=\"p1 ft1\">&nbsp;</P></TD>\r\n    <TD class=\"tr7 td28\"><P class=\"p1 ft1\">&nbsp;</P></TD>\r\n    <TD class=\"tr7 td29\"><P class=\"p1 ft1\">&nbsp;</P></TD>\r\n    <TD class=\"tr7 td30\"><P class=\"p1 ft1\">&nbsp;</P></TD>\r\n    <TD class=\"tr7 td31\"><P class=\"p1 ft1\">&nbsp;</P></TD>\r\n    <TD class=\"tr7 td32\"><P class=\"p5 ft2\">HR</P></TD>\r\n    <TD class=\"tr7 td33\"><P class=\"p1 ft1\">&nbsp;</P></TD>\r\n    <TD class=\"tr7 td34\"><P class=\"p1 ft1\">&nbsp;</P></TD>\r\n    <TD class=\"tr7 td35\"><P class=\"p1 ft1\">&nbsp;</P></TD>\r\n    <TD class=\"tr7 td36\"><P class=\"p1 ft1\">&nbsp;</P></TD>\r\n    <TD class=\"tr0 td0\"><P class=\"p1 ft1\">&nbsp;</P></TD>\r\n</TR>\r\n<TR>\r\n    <TD class=\"tr11 td37\"><P class=\"p1 ft1\">&nbsp;</P></TD>\r\n    <TD colspan=4 class=\"tr11 td38\"><P class=\"p2 ft2\">Professional Experience (Most Recent Job)</P></TD>\r\n    <TD class=\"tr11 td39\"><P class=\"p1 ft1\">&nbsp;</P></TD>\r\n    <TD class=\"tr11 td40\"><P class=\"p6 ft14\">Expected Salary</P></TD>\r\n    <TD colspan=2 class=\"tr11 td41\"><P class=\"p1 ft15\">{{expected_salary}}</P></TD>\r\n    <TD class=\"tr11 td42\"><P class=\"p1 ft1\">&nbsp;</P></TD>\r\n    <TD class=\"tr11 td43\"><P class=\"p1 ft1\">&nbsp;</P></TD>\r\n    <TD class=\"tr11 td37\"><P class=\"p1 ft1\">&nbsp;</P></TD>\r\n</TR>\r\n<TR>\r\n    <TD class=\"tr1 td0\"><P class=\"p1 ft1\">&nbsp;</P></TD>\r\n    <TD colspan=2 class=\"tr1 td44\"><P class=\"p7 ft14\">Employment Status</P></TD>\r\n    <TD colspan=2 class=\"tr1 td45\"><P class=\"p8 ft16\">{{employment_status}}</P></TD>\r\n    <TD class=\"tr1 td46\"><P class=\"p1 ft1\">&nbsp;</P></TD>\r\n    <TD class=\"tr1 td47\"><P class=\"p6 ft14\">Employment Type</P></TD>\r\n    <TD colspan=2 class=\"tr1 td3\"><P class=\"p9 ft14\">{{employment_type}}</P></TD>\r\n    <TD class=\"tr1 td4\"><P class=\"p1 ft14\"></P></TD>\r\n    <TD class=\"tr1 td5\"><P class=\"p1 ft1\">&nbsp;</P></TD>\r\n    <TD class=\"tr1 td0\"><P class=\"p1 ft1\">&nbsp;</P></TD>\r\n</TR>\r\n<TR>\r\n    <TD class=\"tr9 td17\"><P class=\"p1 ft12\">&nbsp;</P></TD>\r\n    <TD colspan=2 class=\"tr9 td48\"><P class=\"p1 ft12\">&nbsp;</P></TD>\r\n    <TD colspan=2 class=\"tr9 td49\"><P class=\"p1 ft12\">&nbsp;</P></TD>\r\n    <TD class=\"tr9 td50\"><P class=\"p1 ft12\">&nbsp;</P></TD>\r\n    <TD class=\"tr9 td51\"><P class=\"p1 ft12\">&nbsp;</P></TD>\r\n    <TD colspan=2 class=\"tr9 td52\"><P class=\"p1 ft12\">&nbsp;</P></TD>\r\n    <TD class=\"tr9 td24\"><P class=\"p1 ft12\">&nbsp;</P></TD>\r\n    <TD class=\"tr9 td25\"><P class=\"p1 ft12\">&nbsp;</P></TD>\r\n    <TD class=\"tr9 td17\"><P class=\"p1 ft12\">&nbsp;</P></TD>\r\n</TR>\r\n<TR>\r\n    <TD class=\"tr1 td17\"><P class=\"p1 ft1\">&nbsp;</P></TD>\r\n    <TD colspan=2 class=\"tr1 td48\"><P class=\"p7 ft14\">Salary</P></TD>\r\n    <TD colspan=2 class=\"tr1 td49\"><P class=\"p10 ft15\">{{salary}}</P></TD>\r\n    <TD class=\"tr1 td50\"><P class=\"p1 ft1\">&nbsp;</P></TD>\r\n    <TD class=\"tr1 td51\"><P class=\"p6 ft14\">Pref. Work Locations</P></TD>\r\n    <TD colspan=2 class=\"tr1 td52\"><P class=\"p10 ft15\">{{pref_work_locations}}</P></TD>\r\n    <TD class=\"tr1 td24\"><P class=\"p1 ft1\">&nbsp;</P></TD>\r\n    <TD class=\"tr1 td25\"><P class=\"p1 ft1\">&nbsp;</P></TD>\r\n    <TD class=\"tr1 td17\"><P class=\"p1 ft1\">&nbsp;</P></TD>\r\n</TR>\r\n<TR>\r\n    <TD class=\"tr11 td0\"><P class=\"p1 ft1\">&nbsp;</P></TD>\r\n    <TD class=\"tr11 td6\"><P class=\"p1 ft1\">&nbsp;</P></TD>\r\n    <TD class=\"tr11 td53\"><P class=\"p1 ft1\">&nbsp;</P></TD>\r\n    <TD colspan=2 class=\"tr11 td45\"><P class=\"p10 ft15\"></P></TD>\r\n    <TD class=\"tr11 td46\"><P class=\"p1 ft1\">&nbsp;</P></TD>\r\n    <TD class=\"tr11 td47\"><P class=\"p6 ft14\">Pref. Work Schedule</P></TD>\r\n    <TD colspan=3 class=\"tr11 td13\"><P class=\"p10 ft15\">{{pref_work_schedule}}</P></TD>\r\n    <TD class=\"tr11 td5\"><P class=\"p1 ft1\">&nbsp;</P></TD>\r\n    <TD class=\"tr11 td0\"><P class=\"p1 ft1\">&nbsp;</P></TD>\r\n</TR>\r\n<TR>\r\n    <TD class=\"tr9 td0\"><P class=\"p1 ft12\">&nbsp;</P></TD>\r\n    <TD colspan=2 rowspan=2 class=\"tr0 td44\"><P class=\"p7 ft14\">Benefits</P></TD>\r\n    <TD colspan=2 rowspan=2 class=\"tr0 td45\"><P class=\"p10 ft17\">{{benefits}}</P></TD>\r\n    <TD class=\"tr9 td46\"><P class=\"p1 ft12\">&nbsp;</P></TD>\r\n    <TD class=\"tr12 td51\"><P class=\"p1 ft18\">&nbsp;</P></TD>\r\n    <TD class=\"tr12 td22\"><P class=\"p1 ft18\">&nbsp;</P></TD>\r\n    <TD class=\"tr12 td23\"><P class=\"p1 ft18\">&nbsp;</P></TD>\r\n    <TD class=\"tr12 td24\"><P class=\"p1 ft18\">&nbsp;</P></TD>\r\n    <TD class=\"tr12 td25\"><P class=\"p1 ft18\">&nbsp;</P></TD>\r\n    <TD class=\"tr12 td17\"><P class=\"p1 ft18\">&nbsp;</P></TD>\r\n</TR>\r\n<TR>\r\n    <TD class=\"tr13 td0\"><P class=\"p1 ft19\">&nbsp;</P></TD>\r\n    <TD class=\"tr13 td46\"><P class=\"p1 ft19\">&nbsp;</P></TD>\r\n    <TD rowspan=2 class=\"tr1 td47\"><P class=\"p6 ft14\">Avail. - Client Int.</P></TD>\r\n    <TD colspan=2 rowspan=3 class=\"tr14 td3\"><P class=\"p10 ft17\">{{avail_client_int}}</P></TD>\r\n    <TD class=\"tr13 td4\"><P class=\"p1 ft19\">&nbsp;</P></TD>\r\n    <TD class=\"tr13 td5\"><P class=\"p1 ft19\">&nbsp;</P></TD>\r\n    <TD class=\"tr13 td0\"><P class=\"p1 ft19\">&nbsp;</P></TD>\r\n</TR>\r\n<TR>\r\n    <TD class=\"tr15 td0\"><P class=\"p1 ft20\">&nbsp;</P></TD>\r\n    <TD class=\"tr15 td6\"><P class=\"p1 ft20\">&nbsp;</P></TD>\r\n    <TD class=\"tr15 td53\"><P class=\"p1 ft20\">&nbsp;</P></TD>\r\n    <TD colspan=2 rowspan=2 class=\"tr16 td45\"><P class=\"p10 ft15\"></P></TD>\r\n    <TD class=\"tr15 td46\"><P class=\"p1 ft20\">&nbsp;</P></TD>\r\n    <TD class=\"tr15 td4\"><P class=\"p1 ft20\">&nbsp;</P></TD>\r\n    <TD class=\"tr15 td5\"><P class=\"p1 ft20\">&nbsp;</P></TD>\r\n    <TD class=\"tr15 td0\"><P class=\"p1 ft20\">&nbsp;</P></TD>\r\n</TR>\r\n<TR>\r\n    <TD class=\"tr6 td0\"><P class=\"p1 ft9\">&nbsp;</P></TD>\r\n    <TD class=\"tr6 td6\"><P class=\"p1 ft9\">&nbsp;</P></TD>\r\n    <TD class=\"tr6 td53\"><P class=\"p1 ft9\">&nbsp;</P></TD>\r\n    <TD class=\"tr6 td46\"><P class=\"p1 ft9\">&nbsp;</P></TD>\r\n    <TD class=\"tr6 td47\"><P class=\"p1 ft9\">&nbsp;</P></TD>\r\n    <TD class=\"tr6 td4\"><P class=\"p1 ft9\">&nbsp;</P></TD>\r\n    <TD class=\"tr6 td5\"><P class=\"p1 ft9\">&nbsp;</P></TD>\r\n    <TD class=\"tr6 td0\"><P class=\"p1 ft9\">&nbsp;</P></TD>\r\n</TR>\r\n<TR>\r\n    <TD class=\"tr17 td17\"><P class=\"p1 ft21\">&nbsp;</P></TD>\r\n    <TD colspan=2 class=\"tr17 td48\"><P class=\"p1 ft21\">&nbsp;</P></TD>\r\n    <TD colspan=2 class=\"tr17 td49\"><P class=\"p1 ft21\">&nbsp;</P></TD>\r\n    <TD class=\"tr17 td50\"><P class=\"p1 ft21\">&nbsp;</P></TD>\r\n    <TD class=\"tr17 td51\"><P class=\"p1 ft21\">&nbsp;</P></TD>\r\n    <TD colspan=2 class=\"tr17 td52\"><P class=\"p1 ft21\">&nbsp;</P></TD>\r\n    <TD class=\"tr17 td24\"><P class=\"p1 ft21\">&nbsp;</P></TD>\r\n    <TD class=\"tr17 td25\"><P class=\"p1 ft21\">&nbsp;</P></TD>\r\n    <TD class=\"tr17 td17\"><P class=\"p1 ft21\">&nbsp;</P></TD>\r\n</TR>\r\n<TR>\r\n    <TD class=\"tr11 td0\"><P class=\"p1 ft1\">&nbsp;</P></TD>\r\n    <TD colspan=2 class=\"tr11 td44\"><P class=\"p7 ft14\">Working Schedule</P></TD>\r\n    <TD colspan=2 class=\"tr11 td45\"><P class=\"p10 ft15\">{{working_schedule}}</P></TD>\r\n    <TD class=\"tr11 td46\"><P class=\"p1 ft1\">&nbsp;</P></TD>\r\n    <TD class=\"tr11 td47\"><P class=\"p6 ft14\">Avail. - Employment</P></TD>\r\n    <TD colspan=2 class=\"tr11 td3\"><P class=\"p11 ft15\">{{avail_employment}}</P></TD>\r\n    <TD class=\"tr11 td4\"><P class=\"p1 ft1\">&nbsp;</P></TD>\r\n    <TD class=\"tr11 td5\"><P class=\"p1 ft1\">&nbsp;</P></TD>\r\n    <TD class=\"tr11 td0\"><P class=\"p1 ft1\">&nbsp;</P></TD>\r\n</TR>\r\n<TR>\r\n    <TD class=\"tr8 td17\"><P class=\"p1 ft11\">&nbsp;</P></TD>\r\n    <TD colspan=2 class=\"tr8 td48\"><P class=\"p1 ft11\">&nbsp;</P></TD>\r\n    <TD colspan=2 class=\"tr8 td49\"><P class=\"p1 ft11\">&nbsp;</P></TD>\r\n    <TD class=\"tr8 td50\"><P class=\"p1 ft11\">&nbsp;</P></TD>\r\n    <TD class=\"tr8 td51\"><P class=\"p1 ft11\">&nbsp;</P></TD>\r\n    <TD colspan=2 class=\"tr8 td52\"><P class=\"p1 ft11\">&nbsp;</P></TD>\r\n    <TD class=\"tr8 td24\"><P class=\"p1 ft11\">&nbsp;</P></TD>\r\n    <TD class=\"tr8 td25\"><P class=\"p1 ft11\">&nbsp;</P></TD>\r\n    <TD class=\"tr8 td17\"><P class=\"p1 ft11\">&nbsp;</P></TD>\r\n</TR>\r\n<TR>\r\n    <TD class=\"tr16 td0\"><P class=\"p1 ft1\">&nbsp;</P></TD>\r\n    <TD colspan=2 class=\"tr16 td44\"><P class=\"p7 ft14\">Immediate Superior</P></TD>\r\n    <TD colspan=2 class=\"tr16 td45\"><P class=\"p10 ft15\">{{immediate_superior}}</P></TD>\r\n    <TD class=\"tr16 td46\"><P class=\"p1 ft1\">&nbsp;</P></TD>\r\n    <TD class=\"tr16 td47\"><P class=\"p8 ft14\">Pending Applications</P></TD>\r\n    <TD colspan=2 class=\"tr16 td3\"><P class=\"p10 ft15\">{{pending_applications}}</P></TD>\r\n    <TD class=\"tr16 td4\"><P class=\"p1 ft1\">&nbsp;</P></TD>\r\n    <TD class=\"tr16 td5\"><P class=\"p1 ft1\">&nbsp;</P></TD>\r\n    <TD class=\"tr16 td0\"><P class=\"p1 ft1\">&nbsp;</P></TD>\r\n</TR>\r\n<TR>\r\n    <TD class=\"tr7 td17\"><P class=\"p1 ft1\">&nbsp;</P></TD>\r\n    <TD colspan=2 class=\"tr7 td48\"><P class=\"p2 ft14\">(Designation/Contact#)</P></TD>\r\n    <TD class=\"tr7 td54\"><P class=\"p1 ft1\">&nbsp;</P></TD>\r\n    <TD class=\"tr7 td55\"><P class=\"p1 ft1\">&nbsp;</P></TD>\r\n    <TD class=\"tr7 td50\"><P class=\"p1 ft1\">&nbsp;</P></TD>\r\n    <TD class=\"tr7 td51\"><P class=\"p1 ft1\">&nbsp;</P></TD>\r\n    <TD class=\"tr7 td22\"><P class=\"p1 ft1\">&nbsp;</P></TD>\r\n    <TD class=\"tr7 td23\"><P class=\"p1 ft1\">&nbsp;</P></TD>\r\n    <TD class=\"tr7 td24\"><P class=\"p1 ft1\">&nbsp;</P></TD>\r\n    <TD class=\"tr7 td25\"><P class=\"p1 ft1\">&nbsp;</P></TD>\r\n    <TD class=\"tr7 td17\"><P class=\"p1 ft1\">&nbsp;</P></TD>\r\n</TR>\r\n<TR>\r\n    <TD class=\"tr0 td0\"><P class=\"p1 ft1\">&nbsp;</P></TD>\r\n    <TD colspan=2 class=\"tr0 td56\"><P class=\"p7 ft14\">Reason for Leaving</P></TD>\r\n    <TD class=\"tr0 td57\"><P class=\"p1 ft1\">&nbsp;</P></TD>\r\n    <TD class=\"tr0 td16\"><P class=\"p1 ft1\">&nbsp;</P></TD>\r\n    <TD class=\"tr0 td0\"><P class=\"p1 ft1\">&nbsp;</P></TD>\r\n    <TD class=\"tr0 td2\"><P class=\"p1 ft1\">&nbsp;</P></TD>\r\n    <TD class=\"tr0 td10\"><P class=\"p1 ft1\">&nbsp;</P></TD>\r\n    <TD class=\"tr0 td58\"><P class=\"p1 ft1\">&nbsp;</P></TD>\r\n    <TD class=\"tr0 td4\"><P class=\"p1 ft1\">&nbsp;</P></TD>\r\n    <TD class=\"tr0 td5\"><P class=\"p1 ft1\">&nbsp;</P></TD>\r\n    <TD class=\"tr0 td0\"><P class=\"p1 ft1\">&nbsp;</P></TD>\r\n</TR>\r\n<TR>\r\n    <TD class=\"tr1 td0\"><P class=\"p1 ft1\">&nbsp;</P></TD>\r\n    <TD colspan=9 class=\"tr1 td59\"><P class=\"p12 ft23\"><SPAN class=\"ft22\">- </SPAN>{{reason_for_leaving}}</P></TD>\r\n    <TD class=\"tr1 td5\"><P class=\"p1 ft1\">&nbsp;</P></TD>\r\n    <TD class=\"tr1 td0\"><P class=\"p1 ft1\">&nbsp;</P></TD>\r\n</TR>\r\n<TR>\r\n    <TD class=\"tr11 td0\"><P class=\"p1 ft1\">&nbsp;</P></TD>\r\n    <TD class=\"tr11 td6\"><P class=\"p1 ft1\">&nbsp;</P></TD>\r\n    <TD colspan=3 class=\"tr11 td60\"><P class=\"p13 ft23\"></P></TD>\r\n    <TD class=\"tr11 td0\"><P class=\"p1 ft1\">&nbsp;</P></TD>\r\n    <TD class=\"tr11 td2\"><P class=\"p1 ft1\">&nbsp;</P></TD>\r\n    <TD class=\"tr11 td10\"><P class=\"p1 ft1\">&nbsp;</P></TD>\r\n    <TD class=\"tr11 td58\"><P class=\"p1 ft1\">&nbsp;</P></TD>\r\n    <TD class=\"tr11 td4\"><P class=\"p1 ft1\">&nbsp;</P></TD>\r\n    <TD class=\"tr11 td5\"><P class=\"p1 ft1\">&nbsp;</P></TD>\r\n    <TD class=\"tr11 td0\"><P class=\"p1 ft1\">&nbsp;</P></TD>\r\n</TR>\r\n<TR>\r\n    <TD class=\"tr5 td17\"><P class=\"p1 ft8\">&nbsp;</P></TD>\r\n    <TD colspan=6 class=\"tr5 td61\"><P class=\"p1 ft8\">&nbsp;</P></TD>\r\n    <TD class=\"tr5 td22\"><P class=\"p1 ft8\">&nbsp;</P></TD>\r\n    <TD class=\"tr5 td23\"><P class=\"p1 ft8\">&nbsp;</P></TD>\r\n    <TD class=\"tr5 td24\"><P class=\"p1 ft8\">&nbsp;</P></TD>\r\n    <TD class=\"tr5 td25\"><P class=\"p1 ft8\">&nbsp;</P></TD>\r\n    <TD class=\"tr5 td17\"><P class=\"p1 ft8\">&nbsp;</P></TD>\r\n</TR>\r\n<TR>\r\n    <TD class=\"tr16 td0\"><P class=\"p1 ft1\">&nbsp;</P></TD>\r\n    <TD colspan=6 class=\"tr16 td62\"><P class=\"p2 ft14\"><SPAN class=\"ft2\">Competencies: </SPAN>(educational attainment, years of experience, comm.skills, etc)</P></TD>\r\n    <TD class=\"tr16 td10\"><P class=\"p1 ft1\">&nbsp;</P></TD>\r\n    <TD class=\"tr16 td58\"><P class=\"p1 ft1\">&nbsp;</P></TD>\r\n    <TD class=\"tr16 td4\"><P class=\"p1 ft1\">&nbsp;</P></TD>\r\n    <TD class=\"tr16 td5\"><P class=\"p1 ft1\">&nbsp;</P></TD>\r\n    <TD class=\"tr16 td0\"><P class=\"p1 ft1\">&nbsp;</P></TD>\r\n</TR>\r\n</TABLE>\r\n<TABLE cellpadding=0 cellspacing=0 class=\"t1\">\r\n<TR>\r\n    <TD colspan=2 class=\"tr11 td63\"><P class=\"p14 ft4\">-</P></TD>\r\n    <TD colspan=6 class=\"tr11 td64\"><P class=\"p8 ft23\">{{competencies}}</P></TD>\r\n</TR>\r\n<TR>\r\n    <TD class=\"tr7 td17\"><P class=\"p1 ft24\">&nbsp;</P></TD>\r\n    <TD colspan=2 class=\"tr7 td73\"><P class=\"p1 ft24\">&nbsp;</P></TD>\r\n    <TD class=\"tr7 td74\"><P class=\"p1 ft24\">&nbsp;</P></TD>\r\n    <TD class=\"tr7 td75\"><P class=\"p1 ft24\">&nbsp;</P></TD>\r\n    <TD class=\"tr7 td76\"><P class=\"p1 ft24\">&nbsp;</P></TD>\r\n    <TD class=\"tr7 td77\"><P class=\"p1 ft24\">&nbsp;</P></TD>\r\n    <TD class=\"tr7 td17\"><P class=\"p1 ft24\">&nbsp;</P></TD>\r\n</TR>\r\n<TR>\r\n    <TD class=\"tr0 td0\"><P class=\"p1 ft25\">&nbsp;</P></TD>\r\n    <TD colspan=2 class=\"tr0 td78\"><P class=\"p2 ft14\"><SPAN class=\"ft2\">Personality: </SPAN>(commitment level,initiative/drive,etc)</P></TD>\r\n    <TD class=\"tr0 td67\"><P class=\"p1 ft14\"></P></TD>\r\n    <TD class=\"tr0 td68\"><P class=\"p1 ft25\">&nbsp;</P></TD>\r\n    <TD class=\"tr0 td69\"><P class=\"p1 ft25\">&nbsp;</P></TD>\r\n    <TD class=\"tr0 td70\"><P class=\"p1 ft25\">&nbsp;</P></TD>\r\n    <TD class=\"tr0 td0\"><P class=\"p1 ft25\">&nbsp;</P></TD>\r\n</TR>\r\n<TR>\r\n    <TD colspan=2 class=\"tr18 td63\"><P class=\"p15 ft4\">-</P></TD>\r\n    <TD colspan=6 class=\"tr18 td64\"><P class=\"p8 ft23\">{{personality}}</P></TD>\r\n</TR>\r\n<TR>\r\n    <TD class=\"tr4 td17\"><P class=\"p1 ft26\">&nbsp;</P></TD>\r\n    <TD colspan=2 class=\"tr4 td73\"><P class=\"p1 ft26\">&nbsp;</P></TD>\r\n    <TD class=\"tr4 td74\"><P class=\"p1 ft26\">&nbsp;</P></TD>\r\n    <TD class=\"tr4 td75\"><P class=\"p1 ft26\">&nbsp;</P></TD>\r\n    <TD class=\"tr4 td76\"><P class=\"p1 ft26\">&nbsp;</P></TD>\r\n    <TD class=\"tr4 td77\"><P class=\"p1 ft26\">&nbsp;</P></TD>\r\n    <TD class=\"tr4 td17\"><P class=\"p1 ft26\">&nbsp;</P></TD>\r\n</TR>\r\n<TR>\r\n    <TD class=\"tr0 td0\"><P class=\"p1 ft25\">&nbsp;</P></TD>\r\n    <TD colspan=2 class=\"tr0 td78\"><P class=\"p2 ft2\">HR Remarks:</P></TD>\r\n    <TD class=\"tr0 td67\"><P class=\"p1 ft25\">&nbsp;</P></TD>\r\n    <TD class=\"tr0 td68\"><P class=\"p1 ft25\">&nbsp;</P></TD>\r\n    <TD class=\"tr0 td69\"><P class=\"p1 ft25\">&nbsp;</P></TD>\r\n    <TD class=\"tr0 td70\"><P class=\"p1 ft25\">&nbsp;</P></TD>\r\n    <TD class=\"tr0 td0\"><P class=\"p1 ft25\">&nbsp;</P></TD>\r\n</TR>\r\n<TR>\r\n    <TD colspan=2 class=\"tr19 td63\"><P class=\"p15 ft27\">-</P></TD>\r\n    <TD colspan=2 class=\"tr19 td71\"><P class=\"p8 ft23\">{{hr_remarks}}</P></TD>\r\n    <TD class=\"tr19 td68\"><P class=\"p1 ft1\">&nbsp;</P></TD>\r\n    <TD class=\"tr19 td69\"><P class=\"p1 ft1\">&nbsp;</P></TD>\r\n    <TD class=\"tr19 td70\"><P class=\"p1 ft1\">&nbsp;</P></TD>\r\n    <TD class=\"tr19 td0\"><P class=\"p1 ft1\">&nbsp;</P></TD>\r\n</TR>\r\n<TR>\r\n    <TD class=\"tr5 td17\"><P class=\"p1 ft8\">&nbsp;</P></TD>\r\n    <TD class=\"tr5 td80\"><P class=\"p1 ft8\">&nbsp;</P></TD>\r\n    <TD class=\"tr5 td81\"><P class=\"p1 ft8\">&nbsp;</P></TD>\r\n    <TD class=\"tr5 td74\"><P class=\"p1 ft8\">&nbsp;</P></TD>\r\n    <TD colspan=4 class=\"tr5 td82\"><P class=\"p1 ft8\">&nbsp;</P></TD>\r\n</TR>\r\n<TR>\r\n    <TD class=\"tr16 td17\"><P class=\"p1 ft1\">&nbsp;</P></TD>\r\n    <TD class=\"tr16 td83\"><P class=\"p1 ft1\">&nbsp;</P></TD>\r\n    <TD class=\"tr16 td84\"><P class=\"p1 ft1\">&nbsp;</P></TD>\r\n    <TD colspan=4 class=\"tr16 td85\"><P class=\"p16 ft2\">2ND LEVEL/TECHNICAL</P></TD>\r\n    <TD class=\"tr16 td17\"><P class=\"p1 ft1\">&nbsp;</P></TD>\r\n</TR>\r\n<TR>\r\n    <TD class=\"tr0 td0\"><P class=\"p1 ft25\">&nbsp;</P></TD>\r\n    <TD colspan=2 class=\"tr0 td78\"><P class=\"p2 ft2\">Interviewers Notes: {{interviewers_notes}}</P></TD>\r\n    <TD class=\"tr0 td86\"><P class=\"p1 ft25\">&nbsp;</P></TD>\r\n    <TD class=\"tr0 td68\"><P class=\"p2 ft2\">Remarks: {{remarks}}</P></TD>\r\n    <TD class=\"tr0 td69\"><P class=\"p1 ft25\">&nbsp;</P></TD>\r\n    <TD class=\"tr0 td70\"><P class=\"p1 ft25\">&nbsp;</P></TD>\r\n    <TD class=\"tr0 td0\"><P class=\"p1 ft25\">&nbsp;</P></TD>\r\n</TR>\r\n<TR>\r\n    <TD class=\"tr21 td0\"><P class=\"p1 ft1\">&nbsp;</P></TD>\r\n    <TD class=\"tr21 td65\"><P class=\"p1 ft1\">&nbsp;</P></TD>\r\n    <TD class=\"tr21 td66\"><P class=\"p1 ft1\">&nbsp;</P></TD>\r\n    <TD class=\"tr21 td86\"><P class=\"p1 ft1\">&nbsp;</P></TD>\r\n    <TD colspan=4 class=\"tr22 td82\"><P class=\"p1 ft1\">&nbsp;</P></TD>\r\n</TR>\r\n<TR>\r\n    <TD class=\"tr7 td0\"><P class=\"p1 ft24\">&nbsp;</P></TD>\r\n    <TD class=\"tr7 td65\"><P class=\"p1 ft24\">&nbsp;</P></TD>\r\n    <TD class=\"tr7 td66\"><P class=\"p1 ft24\">&nbsp;</P></TD>\r\n    <TD class=\"tr7 td86\"><P class=\"p1 ft24\">&nbsp;</P></TD>\r\n    <TD colspan=4 class=\"tr7 td79\"><P class=\"p2 ft2\">Recommendation:</P></TD>\r\n</TR>\r\n<TR>\r\n    <TD class=\"tr11 td0\"><P class=\"p1 ft1\">&nbsp;</P></TD>\r\n    <TD class=\"tr11 td65\"><P class=\"p1 ft1\">&nbsp;</P></TD>\r\n    <TD class=\"tr11 td66\"><P class=\"p1 ft1\">&nbsp;</P></TD>\r\n    <TD class=\"tr11 td86\"><P class=\"p1 ft1\">&nbsp;</P></TD>\r\n    <TD class=\"tr11 td68\"><P class=\"p17 ft14\"></P></TD>\r\n    <TD class=\"tr11 td69\"><P class=\"p18 ft14\">-</P></TD>\r\n    <TD colspan=2 class=\"tr11 td87\"><P class=\"p10 ft14\">{{technical_recommendation}}</P></TD>\r\n</TR>\r\n<TR>\r\n    <TD class=\"tr16 td0\"><P class=\"p1 ft1\">&nbsp;</P></TD>\r\n    <TD colspan=3 rowspan=2 class=\"tr23 td89\"><P class=\"p2 ft2\">Interviewer/Date: {{interviewer_date}}</P></TD>\r\n    <TD class=\"tr16 td68\"><P class=\"p17 ft14\"></P></TD>\r\n    <TD class=\"tr16 td69\"><P class=\"p18 ft14\"></P></TD>\r\n    <TD colspan=2 class=\"tr16 td87\"><P class=\"p10 ft14\"></P></TD>\r\n</TR>\r\n<TR>\r\n    <TD class=\"tr6 td17\"><P class=\"p1 ft9\">&nbsp;</P></TD>\r\n    <TD class=\"tr6 td75\"><P class=\"p1 ft9\">&nbsp;</P></TD>\r\n    <TD class=\"tr6 td76\"><P class=\"p1 ft9\">&nbsp;</P></TD>\r\n    <TD class=\"tr6 td77\"><P class=\"p1 ft9\">&nbsp;</P></TD>\r\n    <TD class=\"tr6 td17\"><P class=\"p1 ft9\">&nbsp;</P></TD>\r\n</TR>\r\n</TABLE>\r\n</DIV>\r\n</BODY>\r\n</HTML>\r\n\r\n',NULL,0),(97,0,'MRF-SEND-APPROVER','Send email to approver','Send email to approver','<html><head><meta charset=\"utf-8\"></head>\r\n<body style=\"background-color:#F9F9F9;padding-top: 18px;\">\r\n<div style=\"width: 90%; font-family: \'Helvetica Neue\', Helvetica, Arial, sans-serif; font-size: 13px; font-weight: normal; line-height: 18px; color: #333; margin: 0 auto; background-color: #fff;border: 1px solid #DDD; border-radius: 4px; padding: 15px;\">\r\n    <p style=\"margin:0 0 30px 0;\"><img height=\"50px\" src=\"{{system_logo}}\" alt=\"Please enable images to load system logo\" title=\"Please enable images\"></p>\r\n\r\n    <h3>Dear {{approver}},</h3>\r\n\r\n    <div style=\"margin-right: 10%;\">\r\n        <p>\r\n            Please review Personnel Requisition Form requested by {{requestor}} for your approval.\r\n        </p>\r\n    </div>\r\n\r\n    <p>\r\n        This is a system generated message. Please do not reply as your email may not be read.\r\n        <br>\r\n        Powered by <a style=\"color:#4d90fe;\" target=\"_blank\" href=\"http://www.hdisystech.com\">HDI System Technologies, Inc.</a>\r\n    </p>\r\n</div>\r\n</body>\r\n</html>',NULL,0),(98,0,'MRF-SEND-VALIDATOR','Send email to hr validator','Send email to hr validator','<html><head><meta charset=\"utf-8\"></head>\r\n<body style=\"background-color:#F9F9F9;padding-top: 18px;\">\r\n<div style=\"width: 90%; font-family: \'Helvetica Neue\', Helvetica, Arial, sans-serif; font-size: 13px; font-weight: normal; line-height: 18px; color: #333; margin: 0 auto; background-color: #fff;border: 1px solid #DDD; border-radius: 4px; padding: 15px;\">\r\n    <p style=\"margin:0 0 30px 0;\"><img height=\"50px\" src=\"{{system_logo}}\" alt=\"Please enable images to load system logo\" title=\"Please enable images\"></p>\r\n\r\n    <h3>Dear {{validator}},</h3>\r\n\r\n    <div style=\"margin-right: 10%;\">\r\n        <p>\r\n            Please review approved Personnel Requisition Form requested by {{requestor}}.\r\n        </p>\r\n    </div>\r\n\r\n    <p>\r\n        This is a system generated message. Please do not reply as your email may not be read.\r\n        <br>\r\n        Powered by <a style=\"color:#4d90fe;\" target=\"_blank\" href=\"http://www.hdisystech.com\">HDI System Technologies, Inc.</a>\r\n    </p>\r\n</div>\r\n</body>\r\n</html>',NULL,0),(99,0,'MRF-SEND-CANCEL','Send email to cancel by approver','Send email to cancel by approver','<html><head><meta charset=\"utf-8\"></head>\r\n<body style=\"background-color:#F9F9F9;padding-top: 18px;\">\r\n<div style=\"width: 90%; font-family: \'Helvetica Neue\', Helvetica, Arial, sans-serif; font-size: 13px; font-weight: normal; line-height: 18px; color: #333; margin: 0 auto; background-color: #fff;border: 1px solid #DDD; border-radius: 4px; padding: 15px;\">\r\n    <p style=\"margin:0 0 30px 0;\"><img height=\"50px\" src=\"{{system_logo}}\" alt=\"Please enable images to load system logo\" title=\"Please enable images\"></p>\r\n\r\n    <h3>Dear {{requestor}},</h3>\r\n\r\n    <div style=\"margin-right: 10%;\">\r\n        <p>\r\n            Please review your Personnel Requisition Form cancelled by {{approver}}.\r\n        </p>\r\n    </div>\r\n\r\n    <p>\r\n        This is a system generated message. Please do not reply as your email may not be read.\r\n        <br>\r\n        Powered by <a style=\"color:#4d90fe;\" target=\"_blank\" href=\"http://www.hdisystech.com\">HDI System Technologies, Inc.</a>\r\n    </p>\r\n</div>\r\n</body>\r\n</html>',NULL,0),(100,0,'MRF-SEND-ASSIGN','Send email to assign mrf','Send email to assign mrf','<html><head><meta charset=\"utf-8\"></head>\r\n<body style=\"background-color:#F9F9F9;padding-top: 18px;\">\r\n<div style=\"width: 90%; font-family: \'Helvetica Neue\', Helvetica, Arial, sans-serif; font-size: 13px; font-weight: normal; line-height: 18px; color: #333; margin: 0 auto; background-color: #fff;border: 1px solid #DDD; border-radius: 4px; padding: 15px;\">\r\n    <p style=\"margin:0 0 30px 0;\"><img height=\"50px\" src=\"{{system_logo}}\" alt=\"Please enable images to load system logo\" title=\"Please enable images\"></p>\r\n\r\n    <h3>Dear {{assigned}},</h3>\r\n\r\n    <div style=\"margin-right: 10%;\">\r\n        <p>\r\n            You have been assigned for Personnel Requisition - {{document_no}}\r\n        </p>\r\n    </div>\r\n\r\n    <p>\r\n        This is a system generated message. Please do not reply as your email may not be read.\r\n        <br>\r\n        Powered by <a style=\"color:#4d90fe;\" target=\"_blank\" href=\"http://www.hdisystech.com\">HDI System Technologies, Inc.</a>\r\n    </p>\r\n</div>\r\n</body>\r\n</html>',NULL,0),(101,0,'SUPPORT-BOX-ADMIN','Support Box Email for Admin','Support Box Admin','<html><head><meta charset=\"utf-8\"></head>\r\n<body style=\"background-color:#F9F9F9;padding-top: 18px;\">\r\n<div style=\"width: 90%; font-family: \'Helvetica Neue\', Helvetica, Arial, sans-serif; font-size: 13px; font-weight: normal; line-height: 18px; color: #333; margin: 0 auto; background-color: #fff;border: 1px solid #DDD; border-radius: 4px; padding: 15px;\">\r\n    <p style=\"margin:0 0 30px 0;\"><img height=\"50px\" src=\"{{system_logo}}\" alt=\"Please enable images to load system logo\" title=\"Please enable images\"></p>\r\n\r\n    <h3>Dear admin,</h3>\r\n\r\n    <div style=\"margin-right: 10%;\">\r\n        <p>\r\n            Feedback submitted needs your careful evaluation.\r\n        </p>\r\n\r\n        <p>\r\n            Report : {{createdon}} \r\n        </p>\r\n\r\n        <p>\r\n            Screenshot : <small>may not render properly due to saving concern</small>\r\n            <br />\r\n            {{file_screenshot}} \r\n        </p>\r\n\r\n        <p>\r\n            File : <br />\r\n            {{file_attach}} \r\n        </p>\r\n\r\n        <br />\r\n\r\n    </div>\r\n\r\n\r\n    <p>\r\n        Sincerely,\r\n        <br>\r\n        {{system_title}}\r\n    </p>\r\n\r\n    <p>\r\n        This is a system generated message. Please do not reply as your email may not be read.\r\n        <br>\r\n        Powered by <a style=\"color:#4d90fe;\" target=\"_blank\" href=\"http://www.hdisystech.com\">HDI System Technologies, Inc.</a>\r\n    </p>\r\n</div>\r\n</body>\r\n</html>',NULL,0),(102,0,'SUPPORT-BOX-ACKNOWLEDGE','Support Box Email acknowledgment','Support Box Acknowledgement','<html><head><meta charset=\"utf-8\"></head>\r\n<body style=\"background-color:#F9F9F9;padding-top: 18px;\">\r\n<div style=\"width: 90%; font-family: \'Helvetica Neue\', Helvetica, Arial, sans-serif; font-size: 13px; font-weight: normal; line-height: 18px; color: #333; margin: 0 auto; background-color: #fff;border: 1px solid #DDD; border-radius: 4px; padding: 15px;\">\r\n    <p style=\"margin:0 0 30px 0;\"><img height=\"50px\" src=\"{{system_logo}}\" alt=\"Please enable images to load system logo\" title=\"Please enable images\"></p>\r\n\r\n    <h3>Dear {{alias}},</h3>\r\n\r\n    <div style=\"margin-right: 10%;\">\r\n        <p>\r\n            Your feedback submitted will be attended as soon as possible. We\'ll contact you if we need more details, but please note that we can\'t reply individually.\r\n        </p>\r\n\r\n        <p>\r\n            Rest assured that we will evaluate and provide the necessary action to the submitted feedback.\r\n        </p>\r\n\r\n        <p>\r\n            Report date : {{createdon}} \r\n        </p>\r\n\r\n        <br />\r\n\r\n    </div>\r\n\r\n\r\n    <p>\r\n        Sincerely,\r\n        <br>\r\n        {{system_title}}\r\n    </p>\r\n\r\n    <p>\r\n        This is a system generated message. Please do not reply as your email may not be read.\r\n        <br>\r\n        Powered by <a style=\"color:#4d90fe;\" target=\"_blank\" href=\"http://www.hdisystech.com\">HDI System Technologies, Inc.</a>\r\n    </p>\r\n</div>\r\n</body>\r\n</html>',NULL,0),(103,0,'PARTNERS-5TH-MONTH-NOTIFICATION','5th Month Notification','5th Month Notification','<style>\r\n   body {font-family: sans-serif, arial; font-size: 14px; }\r\n   p, span {line-height: 18px;}\r\n   th, td {border-right:1px solid #e0e0e0; border-top:1px solid #e0e0e0; padding:8px; text-align:center; }\r\n\r\n   .table {border-bottom:1px solid #e0e0e0; border-left:1px solid #e0e0e0; font-size:12px; width:60%;}\r\n   .note {font-size:12px;}\r\n</style>\r\n\r\n<p>Good day!</p>\r\n<p>The following employees 5th month is today.</p>\r\n<p>&nbsp;</p>\r\n<p>&nbsp;</p>\r\n<p>{{probi_names}}</p>\r\n<br>\r\n<p> <a href=\"{{system_url}}\">{{system_title}} </a></p>\r\n<p>&nbsp;</p>\r\n<p class=\"note\">Note: This is a system generated message.</p>',NULL,0),(104,0,'ABSENT-REMINDER','Absent Reminder for HR','Absences Reminder','<html><head><meta charset=\"utf-8\"></head>\r\n<body style=\"background-color:#F9F9F9;padding-top: 18px;\">\r\n<div style=\"width: 90%; font-family: \'Helvetica Neue\', Helvetica, Arial, sans-serif; font-size: 13px; font-weight: normal; line-height: 18px; color: #333; margin: 0 auto; background-color: #fff;border: 1px solid #DDD; border-radius: 4px; padding: 15px;\">\r\n    <p style=\"margin:0 0 30px 0;\"><img height=\"50px\" src=\"{{system_url}}/uploads/system/print/workwise_stacked_black_720w.png\" alt=\"Please enable images to load system logo\" title=\"Please enable images\"></p>\r\n\r\n    <h3><strong>Good day!</strong></h3>\r\n\r\n    <div style=\"text-align:right;float:right;width: 250px;\">\r\n        <p style=\"margin-top: 0;\">\r\n            <a href=\"{{system_route}}\" style=\"width:200px;padding: 10px 0;font-size: 18px;line-height: 1.33;border-radius: 6px;display: inline-block;margin-bottom: 0;font-weight: normal;text-align: center;vertical-align: middle;cursor: pointer;border: 1px solid transparent;border-radius: 4px;white-space: nowrap;-webkit-user-select: none;-moz-user-select: none;-ms-user-select: none;-o-user-select: none;user-select: none;color: #ffffff;background-color: #4d90fe;border-color: #4d90fe;text-shadow: 0 -1px 0 rgba(0, 0, 0, 0.2);-webkit-box-shadow: inset 0 1px 0 rgba(255, 255, 255, 0.15), 0 1px 1px rgba(0, 0, 0, 0.075);box-shadow: inset 0 1px 0 rgba(255, 255, 255, 0.15), 0 1px 1px rgba(0, 0, 0, 0.075);background-image: -webkit-gradient(linear, left 0%, left 100%, from(#4d90fe), to(#4d90fe));background-image: -webkit-linear-gradient(top, #4d90fe, 0%, #4d90fe, 100%);background-image: -moz-linear-gradient(top, #4d90fe 0%, #4d90fe 100%);background-image: linear-gradient(to bottom, #4d90fe 0%, #4d90fe 100%);background-repeat: repeat-x; filter: progid:DXImageTransform.Microsoft.gradient(startColorstr=\'#4d90fe\', endColorstr=\'#4d90fe\', GradientType=0);text-decoration:none;\">Login</a>\r\n        </p>\r\n    </div>\r\n\r\n    <div style=\"margin-right: 10%;\">\r\n        <p>\r\n            We are just informing you that these are the employee/s that have 3 or more absences for the month of <strong>{{Month}}</strong>.\r\n        </p>\r\n\r\n        <br />\r\n    </div>\r\n\r\n    <div style=\"clear: both;-webkit-box-shadow: 0 1px 2px rgba(0, 0, 0, 0.05);box-shadow: 0 1px 2px rgba(0, 0, 0, 0.05);margin-bottom: 20px;background-color: #ffffff;border: 1px solid #dddddd;border-radius: 4px;\">\r\n        <div style=\"color: #777777;background-color: #f5f5f5;text-shadow: 0 1px 0 #fff;padding: 10px 10px;border-bottom: 1px solid #dddddd;border-top-right-radius: 3px;border-top-left-radius: 3px;background-image: -webkit-gradient(linear, left 0%, left 100%, from(#ffffff), to(#f5f5f5));background-image: -webkit-linear-gradient(top, #ffffff, 0%, #f5f5f5, 100%);background-image: -moz-linear-gradient(top, #ffffff 0%, #f5f5f5 100%);background-image: linear-gradient(to bottom, #ffffff 0%, #f5f5f5 100%);background-repeat: repeat-x;filter: progid:DXImageTransform.Microsoft.gradient(startColorstr=\'#ffffffff\', endColorstr=\'#fff5f5f5\', GradientType=0);\">\r\n            <h2 style=\"font-size: 14px;margin: 2px 0;\">Time Records</h2>\r\n        </div>\r\n\r\n        <table cellspacing=\"0\" style=\"width: 100%;margin-bottom:max-width: 100%;background-color: transparent;border-collapse: collapse;border-spacing: 0; font-size: 13px;\">\r\n            <thead>\r\n                <tr>\r\n                    <th style=\"text-align:left;padding: 8px;vertical-align: top;background-image: -webkit-gradient(linear, left 0%, left 100%, from(#ffffff), to(#f8f8f8));background-image: -webkit-linear-gradient(top, #ffffff, 0%, #f8f8f8, 100%);background-image: -moz-linear-gradient(top, #ffffff 0%, #f8f8f8 100%);background-image: linear-gradient(to bottom, #ffffff 0%, #f8f8f8 100%);background-repeat: repeat-x;filter: progid:DXImageTransform.Microsoft.gradient(startColorstr=\'#ffffffff\', endColorstr=\'#fff8f8f8\', GradientType=0);color: #777777;text-shadow: 0 1px 0 #fff, 0 0 0 #000;font-size: 90%;padding-top: 10px;padding-bottom: 10px;width: 15%\">Name</th>\r\n                    <th style=\"text-align:left;padding: 8px;vertical-align: top;background-image: -webkit-gradient(linear, left 0%, left 100%, from(#ffffff), to(#f8f8f8));background-image: -webkit-linear-gradient(top, #ffffff, 0%, #f8f8f8, 100%);background-image: -moz-linear-gradient(top, #ffffff 0%, #f8f8f8 100%);background-image: linear-gradient(to bottom, #ffffff 0%, #f8f8f8 100%);background-repeat: repeat-x;filter: progid:DXImageTransform.Microsoft.gradient(startColorstr=\'#ffffffff\', endColorstr=\'#fff8f8f8\', GradientType=0);color: #777777;text-shadow: 0 1px 0 #fff, 0 0 0 #000;font-size: 90%;padding-top: 4px;padding-bottom: 4px;width: 15%\">Shift</th>\r\n                    <th style=\"text-align:left;padding: 8px;vertical-align: top;background-image: -webkit-gradient(linear, left 0%, left 100%, from(#ffffff), to(#f8f8f8));background-image: -webkit-linear-gradient(top, #ffffff, 0%, #f8f8f8, 100%);background-image: -moz-linear-gradient(top, #ffffff 0%, #f8f8f8 100%);background-image: linear-gradient(to bottom, #ffffff 0%, #f8f8f8 100%);background-repeat: repeat-x;filter: progid:DXImageTransform.Microsoft.gradient(startColorstr=\'#ffffffff\', endColorstr=\'#fff8f8f8\', GradientType=0);color: #777777;text-shadow: 0 1px 0 #fff, 0 0 0 #000;font-size: 90%;padding-top: 4px;padding-bottom: 4px;white-space:nowrap;width: 20%\">Date</th>\r\n                </tr>\r\n            </thead>\r\n            <tbody>\r\n                {{table_body}}\r\n            </tbody>\r\n            </table>\r\n    </div>\r\n\r\n    <br />\r\n\r\n    <p>\r\n        Best regards,\r\n        <br>\r\n        {{system_title}}</p>\r\n\r\n    <p>\r\n        This is a system generated message.\r\n        <br>\r\n        Powered by <a style=\"color:#4d90fe;\" href=\"http://www.hdisystech.com\">HDI System Technologies, Inc.</a>\r\n    </p>\r\n</div>\r\n</body>\r\n</html>\r\n',NULL,0),(105,0,'PERFECT-ATTENDANCE','Perfect Attendance','Perfect Attendance','<table cellspacing=\"0\" style=\"font-family: \'Arial\'; width: 100%;margin-bottom:max-width: 100%;background-color: transparent;border-collapse: collapse;border-spacing: 0; font-size: 13px;\">\r\n<thead>\r\n<tr>\r\n<th style=\"text-align:left;padding: 8px;vertical-align: top;background-image: -webkit-gradient(linear, left 0%, left 100%, from(#ffffff), to(#f8f8f8));background-image: -webkit-linear-gradient(top, #ffffff, 0%, #f8f8f8, 100%);background-image: -moz-linear-gradient(top, #ffffff 0%, #f8f8f8 100%);background-image: linear-gradient(to bottom, #ffffff 0%, #f8f8f8 100%);background-repeat: repeat-x;filter: progid:DXImageTransform.Microsoft.gradient(startColorstr=\'#ffffffff\', endColorstr=\'#fff8f8f8\', GradientType=0);color: #777777;text-shadow: 0 1px 0 #fff, 0 0 0 #000;font-size: 90%;padding-top: 10px;padding-bottom: 10px;width: 15%\">Name</th>\r\n</tr>\r\n</thead>\r\n   <tbody>\r\n   {{table_body}}\r\n   </tbody>\r\n   </table>\r\n',NULL,0),(106,134,'CERTIFICATE-OF-EMPLOYMENT','Certificate of Employment','Certificate of Employment','<html><head><meta charset=\"utf-8\"></head>\r\n<body style=\"background-color:#F9F9F9;\">\r\n<div style=\"font-family: \'Helvetica Neue\', Helvetica, Arial, sans-serif; font-size: 13px; font-weight: normal; line-height: 18px; color: #333;  background-color: #fff;\">\r\n    <div class=\"clearfix\"><br/></div>\r\n	<div class=\"clearfix\"><br/></div>\r\n	\r\n	<p style=\"margin:0 0 30px 0;\"><img src=\"{{logo}}\" alt=\"Please enable images to load system logo\" title=\"Please enable images\"></p>\r\n		\r\n	<div class=\"clearfix\"><br/></div>\r\n	<div class=\"clearfix\"><br/></div>\r\n	<div class=\"clearfix\"><br/></div>\r\n	\r\n    <h1 style=\"text-align:center\"><u>CERTIFICATE OF EMPLOYMENT</u></h1>\r\n	\r\n	<div class=\"clearfix\"><br/></div>\r\n	<div class=\"clearfix\"><br/></div>\r\n\r\n    <div style=\"font-size: 13px;text-align:left\">\r\n        <p>\r\n            TO WHOM IT MAY CONCERN:\r\n        </p>\r\n    </div>\r\n\r\n    <div style=\"text-align:left\">\r\n        <p style=\"line-height:200%\">\r\n			This is to certify that {{gender}} {{employee_name}} has been employed by our company, \r\n			{{company}} from {{date_hired}} to {{resigned_date}}. During his/her stint with the \r\n			company he/she was handling the position of {{position}}.\r\n        </p>\r\n    </div>\r\n\r\n    <div style=\"text-align:left\">\r\n        <p style=\"line-height:200%\">\r\n            This certification is being issued upon the request of the above named employee for \r\n			whatever legal purpose this may serve him/her best.\r\n        </p>\r\n    </div>\r\n\r\n    <div style=\"text-align:left\">\r\n        <p>\r\n			Issued and signed this {{filled_date}} at Ortigas Centre, Pasig City, Philippines.\r\n        </p>\r\n    </div>\r\n	\r\n	\r\n	<div class=\"clearfix\"><br/></div>\r\n	<div class=\"clearfix\"><br/></div>\r\n	<div class=\"clearfix\"><br/></div>\r\n	<div class=\"clearfix\"><br/></div>\r\n	<div class=\"clearfix\"><br/></div>\r\n	<div class=\"clearfix\"><br/></div>\r\n\r\n    <div style=\"text-align:left\">\r\n        <p>\r\n            Joy S. Sudiacal<br/>\r\n			HR Manager\r\n        </p>\r\n    </div>\r\n	\r\n	<div class=\"clearfix\"><br/></div>\r\n	<div class=\"clearfix\"><br/></div>\r\n	<div class=\"clearfix\"><br/></div>\r\n	<div class=\"clearfix\"><br/></div>\r\n	<div class=\"clearfix\"><br/></div>\r\n	<div class=\"clearfix\"><br/></div>\r\n\r\n	\r\n	<div style=\"text-align:center; font-size:8px; font: Helvetica\">\r\n        <p>\r\n			Unit 2501, The Orient Square, F. Ortigas Jr. Road, Ortigas Center, Pasig City, 1605 Philippines<br/>\r\n				Tel. +632.914.9999 • Fax. +632.914.1122 • reachus@optimum-source.com\r\n        </p>\r\n    </div>\r\n\r\n</div>\r\n</body>\r\n</html>\r\n',NULL,0),(107,0,'EMPLOYEE-INCIDENT-REPORT','Employee Incident Report','Employee Incident Report','<html><head><meta charset=\"utf-8\"></head>\r\n<body>\r\n    <style type=\"text/css\">\r\n        .tg {\r\n            border-collapse: collapse;\r\n            border-spacing: 0;\r\n        }\r\n        .tg td {\r\n            font-family: Arial, sans-serif;\r\n            font-size: 14px;\r\n            padding: 10px 20px;\r\n            border-style: solid;\r\n            border-width: 1px;\r\n            overflow: hidden;\r\n            word-break: normal;\r\n        }\r\n        .tg th {\r\n            font-family: Arial, sans-serif;\r\n            font-size: 14px;\r\n            font-weight: normal;\r\n            padding: 10px 20px;\r\n            border-style: solid;\r\n            border-width: 1px;\r\n            overflow: hidden;\r\n            word-break: normal;\r\n        }\r\n        .tg .tg-0ord {\r\n            text-align: right\r\n        }\r\n        .tg .tg-h31u {\r\n            font-family: Arial, Helvetica, sans-serif !important;\r\n            ;\r\n            vertical-align: top\r\n        }\r\n        .tg .tg-e3zv {\r\n            font-weight: bold\r\n        }\r\n        .tg .tg-hgcj {\r\n            font-weight: bold;\r\n            text-align: center\r\n        }\r\n        .tg .tg-34fq {\r\n            font-weight: bold;\r\n            text-align: right\r\n        }\r\n        .tg .tg-yw4l {\r\n            vertical-align: top\r\n        }\r\n    </style>\r\n\r\n    <center><p style=\"margin:0 0 30px 200px;\"><img src=\"{{logo}}\" alt=\"Please enable images to load system logo\" title=\"Please enable images\"></p></center>\r\n    <table class=\"tg\">\r\n        <tr>\r\n            <th class=\"tg-hgcj\" colspan=\"4\">Employee Incident Report</th>\r\n        </tr>\r\n        <tr>\r\n            <td class=\"tg-e3zv\">Date</td>\r\n            <td class=\"tg-031e\" colspan=\"3\">{{current_date}}</td>\r\n        </tr>\r\n        <tr>\r\n            <td class=\"tg-e3zv\">Employee</td>\r\n            <td class=\"tg-031e\"></td>\r\n            <td class=\"tg-e3zv\">Manager</td>\r\n            <td class=\"tg-031e\"></td>\r\n        </tr>\r\n        <tr>\r\n            <td class=\"tg-34fq\">Name</td>\r\n            <td class=\"tg-031e\">{{involved_employee}}</td>\r\n            <td class=\"tg-34fq\">Name</td>\r\n            <td class=\"tg-031e\">{{incident_approver}}</td>\r\n        </tr>\r\n        <tr>\r\n            <td class=\"tg-0ord\">Title/positon</td>\r\n            <td class=\"tg-031e\">{{involved_employee_position}}</td>\r\n            <td class=\"tg-0ord\">Title/position</td>\r\n            <td class=\"tg-031e\">{{position_involved_approver}}</td>\r\n        </tr>\r\n        <tr>\r\n            <td class=\"tg-e3zv\">Incident</td>\r\n            <td class=\"tg-031e\"></td>\r\n            <td class=\"tg-031e\"></td>\r\n            <td class=\"tg-031e\"></td>\r\n        </tr>\r\n        <tr>\r\n            <td class=\"tg-0ord\">Date</td>\r\n            <td class=\"tg-031e\">{{date_of_offense}}</td>\r\n            <td class=\"tg-031e\"></td>\r\n            <td class=\"tg-031e\"></td>\r\n        </tr>\r\n        <tr>\r\n            <td class=\"tg-0ord\">Time</td>\r\n            <td class=\"tg-031e\">{{time_of_offense}}</td>\r\n            <td class=\"tg-031e\"></td>\r\n            <td class=\"tg-031e\"></td>\r\n        </tr>\r\n        <tr>\r\n            <td class=\"tg-0ord\">Location</td>\r\n            <td class=\"tg-031e\">{{location}}</td>\r\n            <td class=\"tg-031e\"></td>\r\n            <td class=\"tg-031e\"></td>\r\n        </tr>\r\n        <tr>\r\n            <td class=\"tg-031e\" colspan=\"4\"><b>Description of Incident</b> <small>(State exactly what originally happened, who was involved; witnesses; what rule, policy, information security is involved)</small></td>\r\n        </tr>\r\n        <tr>\r\n            <td class=\"tg-yw4l\" colspan=\"4\">{{violation_details}}</td>\r\n        </tr>\r\n\r\n        <tr>\r\n            <td class=\"tg-031e\" colspan=\"4\"><b>Action Recommended by the Department Head</b>\r\n            </td>\r\n        </tr>\r\n        <tr>\r\n            <td class=\"tg-031e\" colspan=\"2\">\r\n                <input type=\"checkbox\" {{v_action}}> Verbal warning only</td>\r\n            <td class=\"tg-031e\">\r\n                <input type=\"checkbox\" {{p_action}}> Probation</td>\r\n            <td class=\"tg-031e\">\r\n                <input type=\"checkbox\" {{d_action}}> Dismissal</td>\r\n        </tr>\r\n        <tr>\r\n            <td class=\"tg-yw4l\" colspan=\"2\">\r\n                <input type=\"checkbox\" {{w_action}}> Written reprimand</td>\r\n            <td class=\"tg-yw4l\">\r\n                <input type=\"checkbox\" {{s_action}}> Suspension</td>\r\n            <td class=\"tg-yw4l\">\r\n                <input type=\"checkbox\" {{o_action}}> Other</td>\r\n        </tr>\r\n        <tr>\r\n            <td class=\"tg-h31u\" colspan=\"4\"><b>(Note: No action is to be taken until a review has been made by HR/OD Department)</b>\r\n                <br/>\r\n                <br/> Signature of person preparing report ___________________________ Date ___________________________\r\n                <br/> Signature of department head ________________________________ Date ___________________________\r\n                <br/>\r\n                <br/>\r\n                <b>Employee Remarks</b>\r\n                <br/>\r\n                <br/>\r\n\r\n            </td>\r\n        </tr>\r\n\r\n\r\n        <tr>\r\n            <td class=\"tg-h31u\" colspan=\"4\">\r\n\r\n            </td>\r\n        </tr>\r\n        <tr>\r\n            <td class=\"tg-h31u\" colspan=\"4\">\r\n\r\n            </td>\r\n        </tr>\r\n\r\n        <tr>\r\n            <td class=\"tg-h31u\" colspan=\"4\">\r\n                Signature of employee ___________________________________ Date ______________________________\r\n                <br/><br/>\r\n                <small>(The signature of the employee acknowledges receipt of this form; it does not mean agreement with its content)</small>\r\n\r\n                <br/>\r\n                <br/>\r\n                <b>Disposition and Distribution of this Form:</b>\r\n\r\n            </td>\r\n        </tr>\r\n\r\n        <tr>\r\n            <td class=\"tg-yw4l\" colspan=\"4\"><small>1. The original must be sent to the HR/OD Department as soon as possible in order that any action taken will be timely. Written record of any action taken unless it is a verbal warning only, shall be placed in the employee’s official record which is maintained in Human Resources<br/><br/>2. A copy is to be retained by the employee’s department. It will serve as documentation of a verbal or written reprimand<br/><br/>3. A copy is to be given to the employee at the time the form is completed</small>\r\n            </td>\r\n        </tr>\r\n    </table>\r\n</body>\r\n</html>\r\n',NULL,0),(108,0,'EMPLOYEE-ANNIV-NOTIFICATION','Employee Anniversary','Employee Anniversary','<style>\r\n   body {font-family: sans-serif, arial; font-size: 14px; }\r\n   p, span {line-height: 18px;}\r\n   th, td {border-right:1px solid #e0e0e0; border-top:1px solid #e0e0e0; padding:8px; text-align:center; }\r\n\r\n   .table {border-bottom:1px solid #e0e0e0; border-left:1px solid #e0e0e0; font-size:12px; width:60%;}\r\n   .note {font-size:12px;}\r\n</style>\r\n\r\n<p>Happy Anniversary {{employee_name}}.</p>\r\n<p>Thank you for your valuable contribution to Riofil Corporation.</p>\r\n<p>&nbsp;</p>\r\n<p>&nbsp;</p>\r\n<p>Riofil Corporation Family</p>\r\n<br>\r\n<p> <a href=\"{{system_url}}\">{{system_title}} </a></p>\r\n<p>&nbsp;</p>\r\n<p class=\"note\">Note: This is a system generated message.</p>\r\n\r\n',NULL,0),(109,0,'CLEARANCE-NOTIFICATION','Clearance Notification','Clearance Notification','<style>\r\n   body {font-family: sans-serif, arial; font-size: 14px; }\r\n   p, span {line-height: 18px;}\r\n   th, td {border-right:1px solid #e0e0e0; border-top:1px solid #e0e0e0; padding:8px; text-align:center; }\r\n\r\n   .table {border-bottom:1px solid #e0e0e0; border-left:1px solid #e0e0e0; font-size:12px; width:60%;}\r\n   .note {font-size:12px;}\r\n</style>\r\n\r\n<p>The Exit clearance of {{employee_names}} is about to reach 30 days by (Date of exact 30 days). </p>\r\n<p>Please be reminded of the standard process and the notification to concerned Department heads. </p>\r\n\r\n\r\n<p>&nbsp;</p>\r\n<p>&nbsp;</p>\r\n\r\n<br>\r\n<p> <a href=\"{{system_url}}\">{{system_title}} </a></p>\r\n<p>&nbsp;</p>\r\n<p class=\"note\">Note: This is a system generated message.</p>\r\n\r\n',NULL,0),(110,0,'recruitment_manpower_plan_approved','Recruitment manpower planning','Recruitment manpower planning notification','<html><head><meta charset=\"utf-8\"></head>\r\n<body style=\"background-color:#F9F9F9;padding-top: 18px;\">\r\n<div style=\"width: 90%; font-family: \'Helvetica Neue\', Helvetica, Arial, sans-serif; font-size: 13px; font-weight: normal; line-height: 18px; color: #333; margin: 0 auto; background-color: #fff;border: 1px solid #DDD; border-radius: 4px; padding: 15px;\">\r\n    <p style=\"margin:0 0 30px 0;\"><img height=\"50px\" src=\"{{system_logo}}\" alt=\"Please enable images to load system logo\" title=\"Please enable images\"></p>\r\n\r\n    <h3>Dear {{requestor}},</h3>\r\n\r\n    <div style=\"margin-right: 10%;\">\r\n        <p>\r\n            Please review your Annual Manpower planning approved by {{approver}}.\r\n        </p>\r\n    </div>\r\n\r\n    <p>\r\n        This is a system generated message. Please do not reply as your email may not be read.\r\n        <br>\r\n        Powered by <a style=\"color:#4d90fe;\" target=\"_blank\" href=\"http://www.hdisystech.com\">HDI System Technologies, Inc.</a>\r\n    </p>\r\n</div>\r\n</body>\r\n</html>',NULL,0),(111,0,'recruitment_manpower_plan_for_approval','Recruitment manpower planning','Recruitment manpower planning notification','<html><head><meta charset=\"utf-8\"></head>\r\n<body style=\"background-color:#F9F9F9;padding-top: 18px;\">\r\n<div style=\"width: 90%; font-family: \'Helvetica Neue\', Helvetica, Arial, sans-serif; font-size: 13px; font-weight: normal; line-height: 18px; color: #333; margin: 0 auto; background-color: #fff;border: 1px solid #DDD; border-radius: 4px; padding: 15px;\">\r\n    <p style=\"margin:0 0 30px 0;\"><img height=\"50px\" src=\"{{system_logo}}\" alt=\"Please enable images to load system logo\" title=\"Please enable images\"></p>\r\n\r\n    <h3>Dear {{approver}},</h3>\r\n\r\n    <div style=\"margin-right: 10%;\">\r\n        <p>\r\n            Please review your Annual Manpower planning requested by {{requestor}} and ready for your approval.\r\n        </p>\r\n    </div>\r\n\r\n    <p>\r\n        This is a system generated message. Please do not reply as your email may not be read.\r\n        <br>\r\n        Powered by <a style=\"color:#4d90fe;\" target=\"_blank\" href=\"http://www.hdisystech.com\">HDI System Technologies, Inc.</a>\r\n    </p>\r\n</div>\r\n</body>\r\n</html>',NULL,0),(112,0,'recruitment_manpower_plan_disapproved','Recruitment manpower planning','Recruitment manpower planning notification','<html><head><meta charset=\"utf-8\"></head>\r\n<body style=\"background-color:#F9F9F9;padding-top: 18px;\">\r\n<div style=\"width: 90%; font-family: \'Helvetica Neue\', Helvetica, Arial, sans-serif; font-size: 13px; font-weight: normal; line-height: 18px; color: #333; margin: 0 auto; background-color: #fff;border: 1px solid #DDD; border-radius: 4px; padding: 15px;\">\r\n    <p style=\"margin:0 0 30px 0;\"><img height=\"50px\" src=\"{{system_logo}}\" alt=\"Please enable images to load system logo\" title=\"Please enable images\"></p>\r\n\r\n    <h3>Dear {{requestor}},</h3>\r\n\r\n    <div style=\"margin-right: 10%;\">\r\n        <p>\r\n            Please review your Annual Manpower planning disapproved by {{approver}}.\r\n        </p>\r\n    </div>\r\n\r\n    <p>\r\n        This is a system generated message. Please do not reply as your email may not be read.\r\n        <br>\r\n        Powered by <a style=\"color:#4d90fe;\" target=\"_blank\" href=\"http://www.hdisystech.com\">HDI System Technologies, Inc.</a>\r\n    </p>\r\n</div>\r\n</body>\r\n</html>',NULL,0),(113,0,'CLEARANCE-FORM','Clearance Form','Clearance Form','<!DOCTYPE HTML PUBLIC \"-//W3C//DTD HTML 4.01//EN\" \"http://www.w3.org/TR/html4/strict.dtd\">\r\n<HTML>\r\n<HEAD>\r\n<META http-equiv=\"Content-Type\" content=\"text/html; charset=UTF-8\">\r\n<META http-equiv=\"X-UA-Compatible\" content=\"IE=8\">\r\n<STYLE type=\"text/css\">\r\n\r\nbody {margin-top: 0px;margin-left: 0px;}\r\n\r\n#page_1 {position:relative; overflow: hidden;margin: 81px 0px 109px 24px;padding: 0px;border: none;width: 792px;}\r\n\r\n#page_1 #dimg1 {position:absolute;top:0px;left:1px;z-index:-1;width:275px;height:790px;}\r\n#page_1 #dimg1 #img1 {width:275px;height:790px;}\r\n\r\n\r\n\r\n\r\n.dclr {clear:both;float:none;height:1px;margin:0px;padding:0px;overflow:hidden;}\r\n\r\n.ft0{font: 1px \'Calibri\';line-height: 1px;}\r\n.ft1{font: bold 18px \'Calibri\';line-height: 22px;}\r\n.ft2{font: bold 15px \'Calibri\';line-height: 18px;}\r\n.ft3{font: 13px \'Calibri\';line-height: 15px;}\r\n.ft4{font: italic 13px \'Calibri\';line-height: 15px;}\r\n.ft5{font: 1px \'Calibri\';line-height: 12px;}\r\n.ft6{font: 11px \'Calibri\';line-height: 13px;}\r\n.ft7{font: 1px \'Calibri\';line-height: 2px;}\r\n.ft8{font: 1px \'Calibri\';line-height: 7px;}\r\n.ft9{font: bold 15px \'Calibri\';line-height: 17px;}\r\n.ft10{font: 1px \'Calibri\';line-height: 17px;}\r\n.ft11{font: 1px \'Calibri\';line-height: 8px;}\r\n.ft12{font: 12px \'Calibri\';line-height: 14px;}\r\n.ft13{font: 15px \'Calibri\';line-height: 18px;}\r\n.ft14{font: 11px \'Calibri\';margin-left: 56px;line-height: 16px;}\r\n.ft15{font: 11px \'Calibri\';line-height: 16px;}\r\n\r\n.p0{text-align: left;margin-top: 0px;margin-bottom: 0px;white-space: nowrap;}\r\n.p1{text-align: center;padding-right: 297px;margin-top: 0px;margin-bottom: 0px;white-space: nowrap;}\r\n.p2{text-align: center;padding-right: 296px;margin-top: 0px;margin-bottom: 0px;white-space: nowrap;}\r\n.p3{text-align: left;padding-left: 3px;margin-top: 0px;margin-bottom: 0px;white-space: nowrap;}\r\n.p4{text-align: left;padding-left: 2px;margin-top: 0px;margin-bottom: 0px;white-space: nowrap;}\r\n.p5{text-align: right;padding-right: 3px;margin-top: 0px;margin-bottom: 0px;white-space: nowrap;}\r\n.p6{text-align: left;padding-left: 42px;margin-top: 0px;margin-bottom: 0px;white-space: nowrap;}\r\n.p7{text-align: left;padding-left: 101px;margin-top: 0px;margin-bottom: 0px;white-space: nowrap;}\r\n.p8{text-align: left;padding-left: 64px;margin-top: 0px;margin-bottom: 0px;white-space: nowrap;}\r\n.p9{text-align: left;padding-left: 34px;margin-top: 0px;margin-bottom: 0px;white-space: nowrap;}\r\n.p10{text-align: left;padding-left: 41px;margin-top: 0px;margin-bottom: 0px;white-space: nowrap;}\r\n.p11{text-align: left;padding-left: 3px;margin-top: 62px;margin-bottom: 0px;}\r\n.p12{text-align: justify;padding-left: 72px;padding-right: 655px;margin-top: 23px;margin-bottom: 0px;text-indent: -69px;}\r\n\r\n.td0{padding: 0px;margin: 0px;width: 297px;vertical-align: bottom;}\r\n.td1{padding: 0px;margin: 0px;width: 410px;vertical-align: bottom;}\r\n.td2{border-bottom: #000000 1px solid;padding: 0px;margin: 0px;width: 297px;vertical-align: bottom;}\r\n.td3{border-bottom: #000000 1px solid;padding: 0px;margin: 0px;width: 63px;vertical-align: bottom;}\r\n.td4{border-bottom: #000000 1px solid;padding: 0px;margin: 0px;width: 347px;vertical-align: bottom;}\r\n.td5{border-left: #000000 1px solid;border-bottom: #000000 1px solid;padding: 0px;margin: 0px;width: 296px;vertical-align: bottom;}\r\n.td6{border-right: #000000 1px solid;border-bottom: #000000 1px solid;padding: 0px;margin: 0px;width: 62px;vertical-align: bottom;}\r\n.td7{border-right: #000000 1px solid;border-bottom: #000000 1px solid;padding: 0px;margin: 0px;width: 346px;vertical-align: bottom;}\r\n.td8{padding: 0px;margin: 0px;width: 55px;vertical-align: bottom;}\r\n.td9{padding: 0px;margin: 0px;width: 27px;vertical-align: bottom;}\r\n.td10{padding: 0px;margin: 0px;width: 583px;vertical-align: bottom;}\r\n.td11{border-left: #000000 1px solid;border-right: #000000 1px solid;border-top: #000000 1px solid;padding: 0px;margin: 0px;width: 206px;vertical-align: bottom;}\r\n.td12{border-top: #000000 1px solid;border-bottom: #000000 1px solid;padding: 0px;margin: 0px;width: 196px;vertical-align: bottom;}\r\n.td13{border-right: #000000 1px solid;border-top: #000000 1px solid;border-bottom: #000000 1px solid;padding: 0px;margin: 0px;width: 93px;vertical-align: bottom;}\r\n.td14{border-right: #000000 1px solid;border-top: #000000 1px solid;border-bottom: #000000 1px solid;padding: 0px;margin: 0px;width: 208px;vertical-align: bottom;}\r\n.td15{border-left: #000000 1px solid;border-right: #000000 1px solid;border-bottom: #000000 1px solid;padding: 0px;margin: 0px;width: 206px;vertical-align: bottom;}\r\n.td16{border-right: #000000 1px solid;border-bottom: #000000 1px solid;padding: 0px;margin: 0px;width: 151px;vertical-align: bottom;}\r\n.td17{border-bottom: #000000 1px solid;padding: 0px;margin: 0px;width: 44px;vertical-align: bottom;}\r\n.td18{border-right: #000000 1px solid;border-bottom: #000000 1px solid;padding: 0px;margin: 0px;width: 93px;vertical-align: bottom;}\r\n.td19{border-right: #000000 1px solid;border-bottom: #000000 1px solid;padding: 0px;margin: 0px;width: 139px;vertical-align: bottom;}\r\n.td20{border-right: #000000 1px solid;border-bottom: #000000 1px solid;padding: 0px;margin: 0px;width: 68px;vertical-align: bottom;}\r\n.td21{border-bottom: #000000 1px solid;padding: 0px;margin: 0px;width: 208px;vertical-align: bottom;}\r\n.td22{border-bottom: #000000 1px solid;padding: 0px;margin: 0px;width: 152px;vertical-align: bottom;}\r\n.td23{border-bottom: #000000 1px solid;padding: 0px;margin: 0px;width: 94px;vertical-align: bottom;}\r\n.td24{border-bottom: #000000 1px solid;padding: 0px;margin: 0px;width: 140px;vertical-align: bottom;}\r\n.td25{border-bottom: #000000 1px solid;padding: 0px;margin: 0px;width: 69px;vertical-align: bottom;}\r\n.td26{border-left: #000000 1px solid;border-right: #000000 1px solid;padding: 0px;margin: 0px;width: 206px;vertical-align: bottom;}\r\n.td27{border-right: #000000 1px solid;padding: 0px;margin: 0px;width: 151px;vertical-align: bottom;}\r\n.td28{padding: 0px;margin: 0px;width: 44px;vertical-align: bottom;}\r\n.td29{border-right: #000000 1px solid;padding: 0px;margin: 0px;width: 93px;vertical-align: bottom;}\r\n.td30{border-right: #000000 1px solid;padding: 0px;margin: 0px;width: 139px;vertical-align: bottom;}\r\n.td31{border-right: #000000 1px solid;padding: 0px;margin: 0px;width: 68px;vertical-align: bottom;}\r\n\r\n.tr0{height: 24px;}\r\n.tr1{height: 19px;}\r\n.tr2{height: 21px;}\r\n.tr3{height: 18px;}\r\n.tr4{height: 16px;}\r\n.tr5{height: 20px;}\r\n.tr6{height: 12px;}\r\n.tr7{height: 2px;}\r\n.tr8{height: 7px;}\r\n.tr9{height: 17px;}\r\n.tr10{height: 8px;}\r\n\r\n.t0{width: 707px;margin-top: 10px;font: bold 15px \'Calibri\';}\r\n.t1{width: 665px;margin-left: 3px;margin-top: 3px;font: 13px \'Calibri\';}\r\n.t2{width: 706px;margin-top: 11px;font: bold 15px \'Calibri\';}\r\n\r\n</STYLE>\r\n</HEAD>\r\n\r\n<BODY>\r\n<DIV id=\"page_1\">\r\n\r\n\r\n<DIV class=\"dclr\"></DIV>\r\n<TABLE cellpadding=0 cellspacing=0 class=\"t0\">\r\n<TR>\r\n	<TD class=\"tr0 td0\"><P class=\"p0 ft0\">&nbsp;</P></TD>\r\n	<TD colspan=2 class=\"tr0 td1\"><P class=\"p1 ft1\">The Bayleaf</P></TD>\r\n</TR>\r\n<TR>\r\n	<TD class=\"tr1 td0\"><P class=\"p0 ft0\">&nbsp;</P></TD>\r\n	<TD colspan=2 class=\"tr1 td1\"><P class=\"p2 ft2\">CLEARANCE FORM</P></TD>\r\n</TR>\r\n<TR>\r\n	<TD class=\"tr2 td2\"><P class=\"p0 ft0\">&nbsp;</P></TD>\r\n	<TD class=\"tr2 td3\"><P class=\"p0 ft0\">&nbsp;</P></TD>\r\n	<TD class=\"tr2 td4\"><P class=\"p0 ft0\">&nbsp;</P></TD>\r\n</TR>\r\n<TR>\r\n	<TD class=\"tr3 td5\"><P class=\"p3 ft2\">Employee Number : <SPAN class=\"ft3\">{{employee_no}}</SPAN></P></TD>\r\n	<TD class=\"tr3 td6\"><P class=\"p0 ft0\">&nbsp;</P></TD>\r\n	<TD class=\"tr3 td7\"><P class=\"p4 ft2\">Date Filed : <SPAN class=\"ft3\">{{filled_date}}</SPAN></P></TD>\r\n</TR>\r\n<TR>\r\n	<TD class=\"tr3 td5\"><P class=\"p3 ft2\">Employee Name : <SPAN class=\"ft3\">{{employee_name}}</SPAN></P> </TD>\r\n	<TD class=\"tr3 td6\"><P class=\"p0 ft0\">&nbsp;</P></TD>\r\n	<TD class=\"tr3 td7\"><P class=\"p4 ft2\">Date Hired : <SPAN class=\"ft3\">{{date_hired}}</SPAN></P> </TD>\r\n</TR>\r\n<TR>\r\n	<TD class=\"tr1 td5\"><P class=\"p3 ft2\">Position : <SPAN class=\"ft3\">{{position}}</SPAN></P> </TD>\r\n	<TD class=\"tr1 td6\"><P class=\"p0 ft0\">&nbsp;</P></TD>\r\n	<TD class=\"tr1 td7\"><P class=\"p4 ft2\">Separation Date : <SPAN class=\"ft3\">{{resigned_date}}</SPAN></P> </TD>\r\n</TR>\r\n<TR>\r\n	<TD class=\"tr3 td5\"><P class=\"p3 ft2\">Department : <SPAN class=\"ft3\">{{department}}</SPAN></P> </TD>\r\n	<TD class=\"tr3 td6\"><P class=\"p0 ft0\">&nbsp;</P></TD>\r\n	<TD class=\"tr3 td7\"><P class=\"p4 ft2\">Reason for Separation : <SPAN class=\"ft3\">{{reason}}</SPAN></P> </TD>\r\n</TR>\r\n</TABLE>\r\n<TABLE cellpadding=0 cellspacing=0 class=\"t1\">\r\n<TR>\r\n	<TD class=\"tr4 td8\"><P class=\"p0 ft3\">Noted :</P></TD>\r\n	<TD class=\"tr4 td9\"><P class=\"p5 ft4\">1.</P></TD>\r\n	<TD class=\"tr4 td10\"><P class=\"p3 ft4\">Route this form to the offices listed below and obtain clearance from Department Head or <NOBR>Officer-in-Charge</NOBR></P></TD>\r\n</TR>\r\n<TR>\r\n	<TD class=\"tr5 td8\"><P class=\"p0 ft0\">&nbsp;</P></TD>\r\n	<TD class=\"tr5 td9\"><P class=\"p5 ft4\">2.</P></TD>\r\n	<TD class=\"tr5 td10\"><P class=\"p3 ft4\">The office concerned must indicate financial property and other obligations, if any ,of above employee.</P></TD>\r\n</TR>\r\n</TABLE>\r\n<TABLE cellpadding=0 cellspacing=0 class=\"t2\">\r\n<TR>\r\n	<TD class=\"tr5 td11\"><P class=\"p6 ft2\">Office / Department</P></TD>\r\n	<TD colspan=2 class=\"tr1 td12\"><P class=\"p7 ft2\">Accountability</P></TD>\r\n	<TD class=\"tr1 td13\"><P class=\"p0 ft0\">&nbsp;</P></TD>\r\n	<TD colspan=2 class=\"tr1 td14\"><P class=\"p8 ft2\">Processed By</P></TD>\r\n</TR>\r\n<TR>\r\n	<TD class=\"tr3 td15\"><P class=\"p0 ft0\">&nbsp;</P></TD>\r\n	<TD class=\"tr3 td16\"><P class=\"p9 ft2\">Nature / item</P></TD>\r\n	<TD class=\"tr3 td17\"><P class=\"p0 ft0\">&nbsp;</P></TD>\r\n	<TD class=\"tr3 td18\"><P class=\"p0 ft2\">Amount</P></TD>\r\n	<TD class=\"tr3 td19\"><P class=\"p10 ft2\">Signature</P></TD>\r\n	<TD class=\"tr3 td20\"><P class=\"p4 ft2\">Date</P></TD>\r\n</TR>\r\n<TR>\r\n	<TD class=\"tr6 td21\"><P class=\"p0 ft5\">&nbsp;</P></TD>\r\n	<TD class=\"tr6 td22\"><P class=\"p0 ft5\">&nbsp;</P></TD>\r\n	<TD class=\"tr6 td17\"><P class=\"p0 ft5\">&nbsp;</P></TD>\r\n	<TD class=\"tr6 td23\"><P class=\"p0 ft5\">&nbsp;</P></TD>\r\n	<TD class=\"tr6 td24\"><P class=\"p0 ft5\">&nbsp;</P></TD>\r\n	<TD class=\"tr6 td25\"><P class=\"p0 ft5\">&nbsp;</P></TD>\r\n</TR>\r\n<TR>\r\n	<TD class=\"tr3 td26\"><P class=\"p3 ft2\">Department / Division head</P></TD>\r\n	<TD class=\"tr3 td27\"><P class=\"p0 ft0\">&nbsp;</P></TD>\r\n	<TD class=\"tr3 td28\"><P class=\"p0 ft0\">&nbsp;</P></TD>\r\n	<TD class=\"tr3 td29\"><P class=\"p0 ft0\">&nbsp;</P></TD>\r\n	<TD class=\"tr3 td30\"><P class=\"p0 ft0\">&nbsp;</P></TD>\r\n	<TD class=\"tr3 td31\"><P class=\"p0 ft0\">&nbsp;</P></TD>\r\n</TR>\r\n<TR>\r\n	<TD class=\"tr3 td26\"><P class=\"p3 ft6\">(properties, files, & pending works)</P></TD>\r\n	<TD class=\"tr3 td27\"><P class=\"p0 ft0\">&nbsp;</P></TD>\r\n	<TD class=\"tr3 td28\"><P class=\"p0 ft0\">&nbsp;</P></TD>\r\n	<TD class=\"tr3 td29\"><P class=\"p0 ft0\">&nbsp;</P></TD>\r\n	<TD class=\"tr3 td30\"><P class=\"p0 ft0\">&nbsp;</P></TD>\r\n	<TD class=\"tr3 td31\"><P class=\"p0 ft0\">&nbsp;</P></TD>\r\n</TR>\r\n<TR>\r\n	<TD class=\"tr7 td15\"><P class=\"p0 ft7\">&nbsp;</P></TD>\r\n	<TD class=\"tr7 td16\"><P class=\"p0 ft7\">&nbsp;</P></TD>\r\n	<TD class=\"tr7 td17\"><P class=\"p0 ft7\">&nbsp;</P></TD>\r\n	<TD class=\"tr7 td18\"><P class=\"p0 ft7\">&nbsp;</P></TD>\r\n	<TD class=\"tr7 td19\"><P class=\"p0 ft7\">&nbsp;</P></TD>\r\n	<TD class=\"tr7 td20\"><P class=\"p0 ft7\">&nbsp;</P></TD>\r\n</TR>\r\n<TR>\r\n	<TD class=\"tr6 td21\"><P class=\"p0 ft5\">&nbsp;</P></TD>\r\n	<TD class=\"tr6 td22\"><P class=\"p0 ft5\">&nbsp;</P></TD>\r\n	<TD class=\"tr6 td17\"><P class=\"p0 ft5\">&nbsp;</P></TD>\r\n	<TD class=\"tr6 td23\"><P class=\"p0 ft5\">&nbsp;</P></TD>\r\n	<TD class=\"tr6 td24\"><P class=\"p0 ft5\">&nbsp;</P></TD>\r\n	<TD class=\"tr6 td25\"><P class=\"p0 ft5\">&nbsp;</P></TD>\r\n</TR>\r\n<TR>\r\n	<TD class=\"tr3 td15\"><P class=\"p3 ft2\">Housekeeping</P></TD>\r\n	<TD class=\"tr3 td16\"><P class=\"p0 ft0\">&nbsp;</P></TD>\r\n	<TD class=\"tr3 td17\"><P class=\"p0 ft0\">&nbsp;</P></TD>\r\n	<TD class=\"tr3 td18\"><P class=\"p0 ft0\">&nbsp;</P></TD>\r\n	<TD class=\"tr3 td19\"><P class=\"p0 ft0\">&nbsp;</P></TD>\r\n	<TD class=\"tr3 td20\"><P class=\"p0 ft0\">&nbsp;</P></TD>\r\n</TR>\r\n<TR>\r\n	<TD class=\"tr6 td21\"><P class=\"p0 ft5\">&nbsp;</P></TD>\r\n	<TD class=\"tr6 td22\"><P class=\"p0 ft5\">&nbsp;</P></TD>\r\n	<TD class=\"tr6 td17\"><P class=\"p0 ft5\">&nbsp;</P></TD>\r\n	<TD class=\"tr6 td23\"><P class=\"p0 ft5\">&nbsp;</P></TD>\r\n	<TD class=\"tr6 td24\"><P class=\"p0 ft5\">&nbsp;</P></TD>\r\n	<TD class=\"tr6 td25\"><P class=\"p0 ft5\">&nbsp;</P></TD>\r\n</TR>\r\n<TR>\r\n	<TD class=\"tr3 td15\"><P class=\"p3 ft2\">Front Office</P></TD>\r\n	<TD class=\"tr3 td16\"><P class=\"p0 ft0\">&nbsp;</P></TD>\r\n	<TD class=\"tr3 td17\"><P class=\"p0 ft0\">&nbsp;</P></TD>\r\n	<TD class=\"tr3 td18\"><P class=\"p0 ft0\">&nbsp;</P></TD>\r\n	<TD class=\"tr3 td19\"><P class=\"p0 ft0\">&nbsp;</P></TD>\r\n	<TD class=\"tr3 td20\"><P class=\"p0 ft0\">&nbsp;</P></TD>\r\n</TR>\r\n<TR>\r\n	<TD class=\"tr6 td21\"><P class=\"p0 ft5\">&nbsp;</P></TD>\r\n	<TD class=\"tr6 td22\"><P class=\"p0 ft5\">&nbsp;</P></TD>\r\n	<TD class=\"tr6 td17\"><P class=\"p0 ft5\">&nbsp;</P></TD>\r\n	<TD class=\"tr6 td23\"><P class=\"p0 ft5\">&nbsp;</P></TD>\r\n	<TD class=\"tr6 td24\"><P class=\"p0 ft5\">&nbsp;</P></TD>\r\n	<TD class=\"tr6 td25\"><P class=\"p0 ft5\">&nbsp;</P></TD>\r\n</TR>\r\n<TR>\r\n	<TD class=\"tr3 td26\"><P class=\"p3 ft2\">Information Technology</P></TD>\r\n	<TD class=\"tr3 td27\"><P class=\"p0 ft0\">&nbsp;</P></TD>\r\n	<TD class=\"tr3 td28\"><P class=\"p0 ft0\">&nbsp;</P></TD>\r\n	<TD class=\"tr3 td29\"><P class=\"p0 ft0\">&nbsp;</P></TD>\r\n	<TD class=\"tr3 td30\"><P class=\"p0 ft0\">&nbsp;</P></TD>\r\n	<TD class=\"tr3 td31\"><P class=\"p0 ft0\">&nbsp;</P></TD>\r\n</TR>\r\n<TR>\r\n	<TD class=\"tr8 td15\"><P class=\"p0 ft8\">&nbsp;</P></TD>\r\n	<TD class=\"tr8 td16\"><P class=\"p0 ft8\">&nbsp;</P></TD>\r\n	<TD class=\"tr8 td17\"><P class=\"p0 ft8\">&nbsp;</P></TD>\r\n	<TD class=\"tr8 td18\"><P class=\"p0 ft8\">&nbsp;</P></TD>\r\n	<TD class=\"tr8 td19\"><P class=\"p0 ft8\">&nbsp;</P></TD>\r\n	<TD class=\"tr8 td20\"><P class=\"p0 ft8\">&nbsp;</P></TD>\r\n</TR>\r\n<TR>\r\n	<TD class=\"tr6 td21\"><P class=\"p0 ft5\">&nbsp;</P></TD>\r\n	<TD class=\"tr6 td22\"><P class=\"p0 ft5\">&nbsp;</P></TD>\r\n	<TD class=\"tr6 td17\"><P class=\"p0 ft5\">&nbsp;</P></TD>\r\n	<TD class=\"tr6 td23\"><P class=\"p0 ft5\">&nbsp;</P></TD>\r\n	<TD class=\"tr6 td24\"><P class=\"p0 ft5\">&nbsp;</P></TD>\r\n	<TD class=\"tr6 td25\"><P class=\"p0 ft5\">&nbsp;</P></TD>\r\n</TR>\r\n<TR>\r\n	<TD class=\"tr3 td15\"><P class=\"p3 ft2\">F&B Operations</P></TD>\r\n	<TD class=\"tr3 td16\"><P class=\"p0 ft0\">&nbsp;</P></TD>\r\n	<TD class=\"tr3 td17\"><P class=\"p0 ft0\">&nbsp;</P></TD>\r\n	<TD class=\"tr3 td18\"><P class=\"p0 ft0\">&nbsp;</P></TD>\r\n	<TD class=\"tr3 td19\"><P class=\"p0 ft0\">&nbsp;</P></TD>\r\n	<TD class=\"tr3 td20\"><P class=\"p0 ft0\">&nbsp;</P></TD>\r\n</TR>\r\n<TR>\r\n	<TD class=\"tr6 td21\"><P class=\"p0 ft5\">&nbsp;</P></TD>\r\n	<TD class=\"tr6 td22\"><P class=\"p0 ft5\">&nbsp;</P></TD>\r\n	<TD class=\"tr6 td17\"><P class=\"p0 ft5\">&nbsp;</P></TD>\r\n	<TD class=\"tr6 td23\"><P class=\"p0 ft5\">&nbsp;</P></TD>\r\n	<TD class=\"tr6 td24\"><P class=\"p0 ft5\">&nbsp;</P></TD>\r\n	<TD class=\"tr6 td25\"><P class=\"p0 ft5\">&nbsp;</P></TD>\r\n</TR>\r\n<TR>\r\n	<TD class=\"tr3 td15\"><P class=\"p3 ft2\">F&B Kitchen</P></TD>\r\n	<TD class=\"tr3 td16\"><P class=\"p0 ft0\">&nbsp;</P></TD>\r\n	<TD class=\"tr3 td17\"><P class=\"p0 ft0\">&nbsp;</P></TD>\r\n	<TD class=\"tr3 td18\"><P class=\"p0 ft0\">&nbsp;</P></TD>\r\n	<TD class=\"tr3 td19\"><P class=\"p0 ft0\">&nbsp;</P></TD>\r\n	<TD class=\"tr3 td20\"><P class=\"p0 ft0\">&nbsp;</P></TD>\r\n</TR>\r\n<TR>\r\n	<TD class=\"tr6 td21\"><P class=\"p0 ft5\">&nbsp;</P></TD>\r\n	<TD class=\"tr6 td22\"><P class=\"p0 ft5\">&nbsp;</P></TD>\r\n	<TD class=\"tr6 td17\"><P class=\"p0 ft5\">&nbsp;</P></TD>\r\n	<TD class=\"tr6 td23\"><P class=\"p0 ft5\">&nbsp;</P></TD>\r\n	<TD class=\"tr6 td24\"><P class=\"p0 ft5\">&nbsp;</P></TD>\r\n	<TD class=\"tr6 td25\"><P class=\"p0 ft5\">&nbsp;</P></TD>\r\n</TR>\r\n<TR>\r\n	<TD class=\"tr3 td15\"><P class=\"p3 ft2\">Sales & Marketing</P></TD>\r\n	<TD class=\"tr3 td16\"><P class=\"p0 ft0\">&nbsp;</P></TD>\r\n	<TD class=\"tr3 td17\"><P class=\"p0 ft0\">&nbsp;</P></TD>\r\n	<TD class=\"tr3 td18\"><P class=\"p0 ft0\">&nbsp;</P></TD>\r\n	<TD class=\"tr3 td19\"><P class=\"p0 ft0\">&nbsp;</P></TD>\r\n	<TD class=\"tr3 td20\"><P class=\"p0 ft0\">&nbsp;</P></TD>\r\n</TR>\r\n<TR>\r\n	<TD class=\"tr6 td21\"><P class=\"p0 ft5\">&nbsp;</P></TD>\r\n	<TD class=\"tr6 td22\"><P class=\"p0 ft5\">&nbsp;</P></TD>\r\n	<TD class=\"tr6 td17\"><P class=\"p0 ft5\">&nbsp;</P></TD>\r\n	<TD class=\"tr6 td23\"><P class=\"p0 ft5\">&nbsp;</P></TD>\r\n	<TD class=\"tr6 td24\"><P class=\"p0 ft5\">&nbsp;</P></TD>\r\n	<TD class=\"tr6 td25\"><P class=\"p0 ft5\">&nbsp;</P></TD>\r\n</TR>\r\n<TR>\r\n	<TD class=\"tr1 td15\"><P class=\"p3 ft2\">Engineering</P></TD>\r\n	<TD class=\"tr1 td16\"><P class=\"p0 ft0\">&nbsp;</P></TD>\r\n	<TD class=\"tr1 td17\"><P class=\"p0 ft0\">&nbsp;</P></TD>\r\n	<TD class=\"tr1 td18\"><P class=\"p0 ft0\">&nbsp;</P></TD>\r\n	<TD class=\"tr1 td19\"><P class=\"p0 ft0\">&nbsp;</P></TD>\r\n	<TD class=\"tr1 td20\"><P class=\"p0 ft0\">&nbsp;</P></TD>\r\n</TR>\r\n<TR>\r\n	<TD class=\"tr6 td21\"><P class=\"p0 ft5\">&nbsp;</P></TD>\r\n	<TD class=\"tr6 td22\"><P class=\"p0 ft5\">&nbsp;</P></TD>\r\n	<TD class=\"tr6 td17\"><P class=\"p0 ft5\">&nbsp;</P></TD>\r\n	<TD class=\"tr6 td23\"><P class=\"p0 ft5\">&nbsp;</P></TD>\r\n	<TD class=\"tr6 td24\"><P class=\"p0 ft5\">&nbsp;</P></TD>\r\n	<TD class=\"tr6 td25\"><P class=\"p0 ft5\">&nbsp;</P></TD>\r\n</TR>\r\n<TR>\r\n	<TD class=\"tr3 td15\"><P class=\"p3 ft2\">Security</P></TD>\r\n	<TD class=\"tr3 td16\"><P class=\"p0 ft0\">&nbsp;</P></TD>\r\n	<TD class=\"tr3 td17\"><P class=\"p0 ft0\">&nbsp;</P></TD>\r\n	<TD class=\"tr3 td18\"><P class=\"p0 ft0\">&nbsp;</P></TD>\r\n	<TD class=\"tr3 td19\"><P class=\"p0 ft0\">&nbsp;</P></TD>\r\n	<TD class=\"tr3 td20\"><P class=\"p0 ft0\">&nbsp;</P></TD>\r\n</TR>\r\n<TR>\r\n	<TD class=\"tr6 td15\"><P class=\"p0 ft5\">&nbsp;</P></TD>\r\n	<TD class=\"tr6 td16\"><P class=\"p0 ft5\">&nbsp;</P></TD>\r\n	<TD class=\"tr6 td17\"><P class=\"p0 ft5\">&nbsp;</P></TD>\r\n	<TD class=\"tr6 td18\"><P class=\"p0 ft5\">&nbsp;</P></TD>\r\n	<TD class=\"tr6 td19\"><P class=\"p0 ft5\">&nbsp;</P></TD>\r\n	<TD class=\"tr6 td20\"><P class=\"p0 ft5\">&nbsp;</P></TD>\r\n</TR>\r\n<TR>\r\n	<TD class=\"tr9 td26\"><P class=\"p3 ft9\">Finance / Accounting</P></TD>\r\n	<TD class=\"tr9 td27\"><P class=\"p0 ft10\">&nbsp;</P></TD>\r\n	<TD class=\"tr9 td28\"><P class=\"p0 ft10\">&nbsp;</P></TD>\r\n	<TD class=\"tr9 td29\"><P class=\"p0 ft10\">&nbsp;</P></TD>\r\n	<TD class=\"tr9 td30\"><P class=\"p0 ft10\">&nbsp;</P></TD>\r\n	<TD class=\"tr9 td31\"><P class=\"p0 ft10\">&nbsp;</P></TD>\r\n</TR>\r\n<TR>\r\n	<TD class=\"tr5 td15\"><P class=\"p3 ft6\">(pending deductions etc.)</P></TD>\r\n	<TD class=\"tr5 td16\"><P class=\"p0 ft0\">&nbsp;</P></TD>\r\n	<TD class=\"tr5 td17\"><P class=\"p0 ft0\">&nbsp;</P></TD>\r\n	<TD class=\"tr5 td18\"><P class=\"p0 ft0\">&nbsp;</P></TD>\r\n	<TD class=\"tr5 td19\"><P class=\"p0 ft0\">&nbsp;</P></TD>\r\n	<TD class=\"tr5 td20\"><P class=\"p0 ft0\">&nbsp;</P></TD>\r\n</TR>\r\n<TR>\r\n	<TD class=\"tr6 td21\"><P class=\"p0 ft5\">&nbsp;</P></TD>\r\n	<TD class=\"tr6 td22\"><P class=\"p0 ft5\">&nbsp;</P></TD>\r\n	<TD class=\"tr6 td17\"><P class=\"p0 ft5\">&nbsp;</P></TD>\r\n	<TD class=\"tr6 td23\"><P class=\"p0 ft5\">&nbsp;</P></TD>\r\n	<TD class=\"tr6 td24\"><P class=\"p0 ft5\">&nbsp;</P></TD>\r\n	<TD class=\"tr6 td25\"><P class=\"p0 ft5\">&nbsp;</P></TD>\r\n</TR>\r\n<TR>\r\n	<TD class=\"tr3 td15\"><P class=\"p3 ft2\">Executive Office</P></TD>\r\n	<TD class=\"tr3 td16\"><P class=\"p0 ft0\">&nbsp;</P></TD>\r\n	<TD class=\"tr3 td17\"><P class=\"p0 ft0\">&nbsp;</P></TD>\r\n	<TD class=\"tr3 td18\"><P class=\"p0 ft0\">&nbsp;</P></TD>\r\n	<TD class=\"tr3 td19\"><P class=\"p0 ft0\">&nbsp;</P></TD>\r\n	<TD class=\"tr3 td20\"><P class=\"p0 ft0\">&nbsp;</P></TD>\r\n</TR>\r\n<TR>\r\n	<TD class=\"tr6 td21\"><P class=\"p0 ft5\">&nbsp;</P></TD>\r\n	<TD class=\"tr6 td22\"><P class=\"p0 ft5\">&nbsp;</P></TD>\r\n	<TD class=\"tr6 td17\"><P class=\"p0 ft5\">&nbsp;</P></TD>\r\n	<TD class=\"tr6 td23\"><P class=\"p0 ft5\">&nbsp;</P></TD>\r\n	<TD class=\"tr6 td24\"><P class=\"p0 ft5\">&nbsp;</P></TD>\r\n	<TD class=\"tr6 td25\"><P class=\"p0 ft5\">&nbsp;</P></TD>\r\n</TR>\r\n<TR>\r\n	<TD class=\"tr3 td26\"><P class=\"p3 ft2\">Human Resources / Payroll</P></TD>\r\n	<TD class=\"tr3 td27\"><P class=\"p0 ft0\">&nbsp;</P></TD>\r\n	<TD class=\"tr3 td28\"><P class=\"p0 ft0\">&nbsp;</P></TD>\r\n	<TD class=\"tr3 td29\"><P class=\"p0 ft0\">&nbsp;</P></TD>\r\n	<TD class=\"tr3 td30\"><P class=\"p0 ft0\">&nbsp;</P></TD>\r\n	<TD class=\"tr3 td31\"><P class=\"p0 ft0\">&nbsp;</P></TD>\r\n</TR>\r\n<TR>\r\n	<TD class=\"tr10 td15\"><P class=\"p0 ft11\">&nbsp;</P></TD>\r\n	<TD class=\"tr10 td16\"><P class=\"p0 ft11\">&nbsp;</P></TD>\r\n	<TD class=\"tr10 td17\"><P class=\"p0 ft11\">&nbsp;</P></TD>\r\n	<TD class=\"tr10 td18\"><P class=\"p0 ft11\">&nbsp;</P></TD>\r\n	<TD class=\"tr10 td19\"><P class=\"p0 ft11\">&nbsp;</P></TD>\r\n	<TD class=\"tr10 td20\"><P class=\"p0 ft11\">&nbsp;</P></TD>\r\n</TR>\r\n<TR>\r\n	<TD class=\"tr6 td21\"><P class=\"p0 ft5\">&nbsp;</P></TD>\r\n	<TD class=\"tr6 td22\"><P class=\"p0 ft5\">&nbsp;</P></TD>\r\n	<TD class=\"tr6 td17\"><P class=\"p0 ft5\">&nbsp;</P></TD>\r\n	<TD class=\"tr6 td23\"><P class=\"p0 ft5\">&nbsp;</P></TD>\r\n	<TD class=\"tr6 td24\"><P class=\"p0 ft5\">&nbsp;</P></TD>\r\n	<TD class=\"tr6 td25\"><P class=\"p0 ft5\">&nbsp;</P></TD>\r\n</TR>\r\n<TR>\r\n	<TD class=\"tr3 td26\"><P class=\"p3 ft2\">Total Accountabilities <SPAN class=\"ft12\">(if any)</SPAN></P></TD>\r\n	<TD class=\"tr3 td27\"><P class=\"p0 ft0\">&nbsp;</P></TD>\r\n	<TD class=\"tr3 td28\"><P class=\"p0 ft0\">&nbsp;</P></TD>\r\n	<TD class=\"tr3 td29\"><P class=\"p0 ft0\">&nbsp;</P></TD>\r\n	<TD class=\"tr3 td30\"><P class=\"p0 ft0\">&nbsp;</P></TD>\r\n	<TD class=\"tr3 td31\"><P class=\"p0 ft0\">&nbsp;</P></TD>\r\n</TR>\r\n<TR>\r\n	<TD class=\"tr9 td15\"><P class=\"p0 ft10\">&nbsp;</P></TD>\r\n	<TD class=\"tr9 td16\"><P class=\"p0 ft10\">&nbsp;</P></TD>\r\n	<TD class=\"tr9 td17\"><P class=\"p0 ft10\">&nbsp;</P></TD>\r\n	<TD class=\"tr9 td18\"><P class=\"p0 ft10\">&nbsp;</P></TD>\r\n	<TD class=\"tr9 td19\"><P class=\"p0 ft10\">&nbsp;</P></TD>\r\n	<TD class=\"tr9 td20\"><P class=\"p0 ft10\">&nbsp;</P></TD>\r\n</TR>\r\n</TABLE>\r\n<P class=\"p11 ft13\">(Employee\'s Signature over printed name)</P>\r\n<P class=\"p11 ft13\"><SPAN class=\"ft12\">cc:</SPAN><SPAN class=\"ft14\">HR / 201 file Employee</SPAN></P>\r\n</DIV>\r\n</BODY>\r\n</HTML>',NULL,0);

/*Data for the table `ww_system_upload_log` */

/*Data for the table `ww_system_upload_template` */

insert  into `ww_system_upload_template`(`template_id`,`template_code`,`template_name`,`delimiter`,`sample_name`,`sample_path`,`accepted_file_types`,`skip_headers`,`module_id`,`created_by`,`created_on`,`modified_by`,`modified_on`,`deleted`) values (1,'BIOMETRIC1','DTR from Biometric','	',NULL,NULL,'txt,xls,xlsx','0',NULL,1,'2015-04-21 05:56:39',NULL,NULL,0),(2,'BATCH_ENTRY','Payroll Batch Transactions','	',NULL,NULL,'txt,xls,xlsx','1',65,1,'2015-04-21 05:59:02',NULL,NULL,0),(3,'RECURRING_ENTRY','Payroll Recurring Transactions','	',NULL,NULL,'txt,xls,xlsx','1',64,1,'2015-04-21 05:59:11',NULL,NULL,0),(4,'EMPLOYEE_LOAN','Payroll Employee Loans','	',NULL,NULL,'txt,xls,xlsx','1',84,1,'2015-05-28 01:53:50',NULL,NULL,0),(5,'UPLOADER_DAT','DTR from Biometrics','tab','bayleaf_bio_template','uploads/dtr_uploader','dat','1',46,1,'2016-05-28 01:53:50',NULL,NULL,0),(6,'UPLOADER_XLS','Importing XLS','tab','bayleaf_bio_template','uploads/dtr_uploader','xls','1',46,1,'2016-05-28 01:53:50',NULL,NULL,0),(7,'UPLOADER_TXT','Importing textfile comma delimited','','bayleaf_bio_template','uploads/dtr_uploader','txt','1',46,1,'2016-05-28 01:53:50',NULL,NULL,0);

/*Data for the table `ww_system_upload_template_column` */

insert  into `ww_system_upload_template_column`(`template_id`,`table`,`column`,`data_type`,`length`,`required`,`sequence`,`encrypt`,`allow_blank`) values (1,'time_record_raw','biometric','int',NULL,1,1,0,0),(1,'time_record_raw','checktime','timestamp',NULL,1,2,0,0),(1,'time_record_raw','device_id','int',NULL,1,3,0,0),(1,NULL,'flag','switch',NULL,0,4,0,1),(1,NULL,'name','varchar',NULL,0,5,0,1),(1,NULL,'col6','varchar',NULL,0,6,0,1),(1,NULL,'col7','varchar',NULL,0,7,0,1),(2,'payroll_entry_batch','document_no','varchar',NULL,1,1,0,0),(2,'payroll_entry_batch','transaction_code','varchar',NULL,1,2,0,0),(2,'payroll_entry_batch','payroll_date','date',NULL,1,3,0,0),(2,'payroll_entry_batch_employee','id_number','varchar',NULL,1,4,0,0),(2,'payroll_entry_batch_employee','quantity','varchar',NULL,1,5,1,0),(2,'payroll_entry_batch_employee','unit_rate','varchar',NULL,1,6,1,0),(2,'payroll_entry_batch_employee','amount','varchar',NULL,1,7,1,0),(2,'payroll_entry_batch','remarks','varchar',NULL,1,8,0,1),(3,'payroll_entry_recurring','document_no','varchar',NULL,1,1,0,0),(3,'payroll_entry_recurring','transaction_code','varchar',NULL,1,2,0,0),(3,'payroll_entry_recurring','date_from','date',NULL,1,3,0,0),(3,'payroll_entry_recurring','date_to','date',NULL,1,4,0,0),(3,'payroll_entry_recurring','week','varchar',NULL,1,5,0,0),(3,'payroll_entry_recurring','transaction_method','varchar',NULL,1,6,0,0),(3,'payroll_entry_recurring_employee','id_number','varchar',NULL,1,7,0,0),(3,'payroll_entry_recurring_employee','quantity','varchar',NULL,1,8,1,0),(3,'payroll_entry_recurring_employee','amount','varchar',NULL,1,9,1,0),(3,'payroll_entry_recurring','remarks','varchar',NULL,1,10,0,1),(4,'payroll_partners_loan','id_number','varchar',NULL,1,1,0,0),(4,'payroll_partners_loan','loan_code','varchar',NULL,1,2,0,0),(4,'payroll_partners_loan','loan_status','varchar',NULL,1,3,0,0),(4,'payroll_partners_loan','description','varchar',NULL,1,4,0,1),(4,'payroll_partners_loan','entry_date','date',NULL,1,5,0,0),(4,'payroll_partners_loan','loan_principal','float',NULL,1,6,1,0),(4,'payroll_partners_loan','amount','float',NULL,1,7,1,0),(4,'payroll_partners_loan','interest','float',NULL,1,8,1,0),(4,'payroll_partners_loan','no_payments','int',NULL,1,9,0,0),(4,'payroll_partners_loan','no_payments_paid','int',NULL,1,10,0,0),(4,'payroll_partners_loan','no_payments_remaining','int',NULL,1,11,0,0),(4,'payroll_partners_loan','beginning_balance','float',NULL,1,12,1,0),(4,'payroll_partners_loan','running_balance','float',NULL,1,13,1,0),(4,'payroll_partners_loan','payment_mode','varchar',NULL,1,14,0,0),(4,'payroll_partners_loan','start_date','date',NULL,1,15,0,0),(4,'payroll_partners_loan','system_amortization','float',NULL,1,16,1,1),(4,'payroll_partners_loan','system_interest','float',NULL,1,17,1,1),(4,'payroll_partners_loan','user_amortization','float',NULL,1,18,1,1),(4,'payroll_partners_loan','user_interest','float',NULL,1,18,1,1),(4,'payroll_partners_loan','total_arrears','float',NULL,1,20,1,1),(4,'payroll_partners_loan','total_amount_paid','float',NULL,1,21,1,1),(4,'payroll_partners_loan','last_payment_date','date',NULL,1,22,0,1),(4,'payroll_partners_loan','week','varchar',NULL,1,23,0,0),(5,'time_record_raw','biometric','int',NULL,1,1,0,0),(5,'time_record_raw','checktime','timestamp',NULL,1,2,0,0),(5,'time_record_raw','trans_type','switch',NULL,0,4,0,0),(5,'time_record_raw','deviceId','int',NULL,0,3,0,0),(5,'time_record_raw','verification','int',NULL,0,5,0,0),(5,'time_record_raw','work_code','int',NULL,0,6,0,0),(6,'time_record_raw','biometric','int',NULL,1,0,0,0),(6,'time_record_raw','checktime','timestamp',NULL,1,1,0,0),(6,'time_record_raw','deviceId','int',NULL,0,2,0,0),(6,'time_record_raw','trans_type','switch',NULL,0,3,0,0),(6,'time_record_raw','verification','int',0,0,4,0,0),(6,'time_record_raw','work_code','int',NULL,0,5,0,0),(6,'time_record_raw','verification','int',0,0,6,0,0),(6,'time_record_raw','work_code','int',0,0,7,0,0),(7,'time_record_raw','biometric','int',NULL,1,0,0,0),(7,'time_record_raw','checktime','timestamp',NULL,1,1,0,0),(7,'time_record_raw','trans_type','switch',NULL,0,2,0,0);

/*Data for the table `ww_system_uploads` */

/*Data for the table `ww_taxcode` */

insert  into `ww_taxcode`(`taxcode_id`,`taxcode`,`amount`,`dependent`,`description`,`created_by`,`created_on`,`modified_by`,`modified_on`,`deleted`) values (1,'Single/Married',50000.00,'',NULL,NULL,NULL,NULL,NULL,0),(2,'Single/Married with 1 dependent/s',75000.00,'1',NULL,NULL,NULL,NULL,NULL,0),(3,'Single/Married with 2 dependent/s',100000.00,'2',NULL,NULL,NULL,NULL,NULL,0),(4,'Single/Married with 3 dependent/s',125000.00,'3',NULL,NULL,NULL,NULL,NULL,0),(5,'Single/Married with 4 dependent/s',150000.00,'4',NULL,NULL,NULL,NULL,NULL,0),(6,'No Exemption',0.00,'','failed to file for exemption',NULL,NULL,NULL,NULL,0);

/*Data for the table `ww_time_coordinator` */

/*Data for the table `ww_time_coordinator_partners` */

/*Data for the table `ww_time_day_allowance` */

insert  into `ww_time_day_allowance`(`allowance_id`,`employment_type_id`,`meal`,`transpo`,`created_on`,`created_by`,`modified_on`,`modified_by`,`deleted`) values (1,4,'100.00','80.00','2014-10-23 15:26:26',NULL,NULL,NULL,0),(2,5,'80.00','80.00','2014-10-23 15:26:34',NULL,NULL,NULL,0),(3,6,'50.00','80.00','2014-10-23 16:38:43',NULL,NULL,NULL,0);

/*Data for the table `ww_time_day_break` */

insert  into `ww_time_day_break`(`break_id`,`break_name`,`created_on`,`created_by`,`modified_on`,`modified_by`,`deleted`) values (1,'Break Type 1 - Regular','2014-10-23 15:26:26',NULL,NULL,NULL,0),(2,'Break Type 2 - Restday,Holiday','2014-10-23 15:26:34',NULL,NULL,NULL,0);

/*Data for the table `ww_time_day_break_range` */

insert  into `ww_time_day_break_range`(`id`,`company_id`,`break_id`,`hour_from`,`hour_to`,`deduction`) values (1,0,1,'0.00','4.49','0.00'),(2,0,1,'4.50','8.99','0.50'),(3,0,1,'9.00','13.49','1.00'),(4,0,1,'13.50','17.99','1.50'),(5,0,2,'0.00','4.49','0.00'),(6,0,2,'4.50','8.99','0.50'),(7,0,2,'9.00','13.49','1.00'),(8,0,2,'13.50','17.99','1.50'),(9,0,1,'18.00','99.99','2.00'),(10,0,2,'18.00','99.99','2.00');

/*Data for the table `ww_time_day_meal` */

insert  into `ww_time_day_meal`(`meal_id`,`meal_name`,`created_on`,`created_by`,`modified_on`,`modified_by`,`deleted`) values (1,'Meal Type 1 - Regular','2014-10-23 15:26:26',NULL,NULL,NULL,0),(2,'Meal Type 2 - Restday,Holiday','2014-10-23 15:26:34',NULL,NULL,NULL,0);

/*Data for the table `ww_time_day_meal_range` */

insert  into `ww_time_day_meal_range`(`id`,`meal_id`,`hour_from`,`hour_to`,`multiplier`) values (1,1,'0.00','3.99','0.00'),(2,1,'4.00','7.99','1.00'),(3,1,'8.00','11.99','2.00'),(4,1,'12.00','99.99','3.00'),(5,2,'0.00','3.99','0.00'),(6,2,'4.00','9.99','1.00'),(7,2,'10.00','15.99','2.00'),(8,2,'16.00','99.99','3.00');

/*Data for the table `ww_time_day_transpo` */

insert  into `ww_time_day_transpo`(`transpo_id`,`transpo_name`,`created_on`,`created_by`,`modified_on`,`modified_by`,`deleted`) values (1,'Transpo Type 1 - Regular','2014-10-23 15:26:26',NULL,NULL,NULL,0),(2,'Transpo Type 2 - Restday,Holiday','2014-10-23 15:26:34',NULL,NULL,NULL,0);

/*Data for the table `ww_time_day_transpo_range` */

insert  into `ww_time_day_transpo_range`(`id`,`transpo_id`,`hour_from`,`hour_to`,`multiplier`) values (1,1,'0.00','5.99','0.00'),(2,1,'6.00','11.99','1.00'),(3,1,'12.00','99.99','2.00'),(4,2,'0.00','14.99','0.00'),(5,2,'15.00','20.99','1.00'),(6,2,'21.00','99.99','2.00');

/*Data for the table `ww_time_day_type` */

insert  into `ww_time_day_type`(`day_type_id`,`day_type`,`day_type_code`,`description`,`deleted`) values (1,'Regular','REGULAR',NULL,0),(2,'Restday','RESTDAY',NULL,0),(3,'Legal Holiday','LEGAL',NULL,0),(4,'Special Holiday','SPECIAL',NULL,0),(5,'Double Holiday','DOUBLE',NULL,0),(6,'Restday Holiday','RDHOL',NULL,0),(7,'Restday Special Holiday','RDSPEC',NULL,0),(8,'Restday Double Holiday','RDDH',NULL,0);

/*Data for the table `ww_time_day_type_allowance` */

insert  into `ww_time_day_type_allowance`(`type_allowance_id`,`day_type_id`,`meal_id`,`transpo_id`) values (1,1,1,1),(2,2,2,2),(3,3,1,1),(4,4,1,1),(5,5,1,1),(6,6,2,2),(7,7,2,2),(8,8,2,2);

/*Data for the table `ww_time_day_type_break` */

insert  into `ww_time_day_type_break`(`type_break_id`,`day_type_id`,`break_id`) values (1,1,1),(2,2,2),(3,3,1),(4,4,1),(5,5,1),(6,6,2),(7,7,2),(8,8,2);

/*Data for the table `ww_time_delivery` */

insert  into `ww_time_delivery`(`delivery_id`,`delivery`,`leave_days`,`paternity_leave_days`,`deleted`) values (1,'Normal',60,0,0),(2,'Caesarean',78,0,0),(3,'Miscarriage',60,0,0),(4,'Abortion',60,0,0),(5,'Not Applicable',0,0,0);

/*Data for the table `ww_time_device` */

insert  into `ww_time_device`(`device_id`,`device`,`with_col_headers`,`delimeter`,`can_delete`,`description`,`file_format`,`column_headers`,`folder_location`,`file_extension`,`query`,`deleted`) values (1,'SYSTECH',1,'tab',0,'ACCESS Format provided by the standard biometric device known to the system. Unattended functionality can be activated any time using the scheduler (CRON).','Tab-Delimited',1,'uploads/time/device/1','dat',NULL,0),(2,'GOLD',1,'tab',0,'MSSQL','Tab-Delimited',1,'uploads/time/device/2','dat',NULL,0),(3,'JP',1,'tab',0,'MSSQL','Tab-Delimited',1,'uploads/time/device/3','dat',NULL,0),(4,'SEC',1,'tab',0,'ACCESS','Tab-Delimited',1,'uploads/time/device/4','dat',NULL,0);

/*Data for the table `ww_time_device_column` */

insert  into `ww_time_device_column`(`column_id`,`device_id`,`sequence`,`field`,`table`,`datatype`,`length`) values (1,1,1,'location_id','ww_time_record_raw','numeric',1),(2,1,2,'biometric','ww_time_record_raw','character',8),(3,1,3,'date','ww_time_record_raw','datetime',0),(4,1,4,'checktype','ww_time_record_raw','character',8),(5,1,5,'checktime','ww_time_record_raw','datetime',0),(6,2,1,'location_id','ww_time_record_raw','numeric',1),(7,2,2,'biometric','ww_time_record_raw','character',8),(8,2,3,'date','ww_time_record_raw','datetime',0),(9,2,4,'checktype','ww_time_record_raw','character',8),(10,2,5,'checktime','ww_time_record_raw','datetime',0),(13,3,1,'location_id','ww_time_record_raw','numeric',1),(14,3,2,'biometric','ww_time_record_raw','character',8),(15,3,3,'date','ww_time_record_raw','datetime',0),(16,3,4,'checktype','ww_time_record_raw','character',8),(17,3,5,'checktime','ww_time_record_raw','datetime',0);

/*Data for the table `ww_time_duration` */

insert  into `ww_time_duration`(`duration_id`,`duration`,`credit`,`deleted`) values (1,'Whole Shift','8.00',0),(2,'First Half','4.00',0),(3,'Second Half','4.00',0);

/*Data for the table `ww_time_form` */

insert  into `ww_time_form`(`form_id`,`form_code`,`form`,`status_id`,`can_view`,`can_delete`,`is_leave`,`special_leave`,`with_credits`,`is_blanket`,`only_male`,`only_female`,`hr_validation`,`class`,`description`,`order_by`,`deleted`) values (1,'SL','Sick Leave',0,1,0,1,0,1,1,0,0,0,'fa fa-medkit','Benefit granted to all regular employees that may be used in case the employee needs to be absent from work due to illness, disability, or medical/dental when it is not possible to schedule after work hours..',0,0),(2,'VL','Vacation Leave',0,1,0,1,0,1,1,0,0,0,'fa fa-plane','Paid time off of work for personal activities.',0,0),(3,'EL','Emergency Leave',0,1,0,1,0,1,1,0,0,0,'fa fa-ambulance','Leave that you can take if you unexpectedly need to take time off from your work due to an emergency or special circumstances but as advised by the company.',0,0),(4,'FL','Bereavement Leave',0,1,0,1,0,1,1,0,0,0,'fa fa-plus-square','Paid leave that an employee is entitled to because of the death of a family or household member.',0,0),(5,'ML','Maternity Leave',0,1,0,1,0,1,1,0,1,0,'fa fa-stethoscope','Female employees are entitled to maternity leave from work immediately before and after the birth of their child.',0,0),(6,'PL','Paternity Leave',0,1,0,1,0,1,1,1,0,0,'fa fa-square-o','Benefits granted to a married male employee allowing him to take a leave for 7 days, with full pay, for the first 4 deliveries of his legitimate spouse.',0,0),(7,'LWOP','Leave Without Pay',0,1,0,1,0,0,1,0,0,0,'fa fa-square-o','Leave of absence is excused absence from work, without pay.',0,0),(8,'OBT','Business Trip',0,1,1,0,0,0,1,0,0,0,'fa fa-briefcase','Any trip made as a requirement for one\'s work. This can be to visit a potential client, attend a conference, or to meet with another branch of your company.',0,0),(9,'OT','Overtime',0,1,1,0,0,0,1,0,0,0,'fa fa-money','Work performed by an employee or partner in excess of a basic workday. This can be planned or un-scheduled overtime.',0,0),(10,'UT','Undertime',0,1,1,0,0,0,1,0,0,0,'fa fa-clock-o','To be deducted to your regular working hours.',0,0),(11,'DTRP','Daily Time Record Problem',0,1,1,0,0,0,1,0,0,0,'fa fa-clock-o','To be filed when a problem with the biometrics occurred, and if the system was unable to get information from the device.',0,0),(12,'CWS','Change Work Schedule',0,1,1,0,0,0,1,0,0,0,'fa fa-clock-o',NULL,0,0),(13,'BL','Birthday Leave',0,1,1,1,0,1,0,0,0,0,'fa fa-square-o',NULL,0,0),(14,'SLW','Special Leave for Women',0,1,1,1,0,1,1,0,1,0,'fa fa-square-o',NULL,0,0),(15,'ET','Excused Tardiness',0,1,1,0,0,0,1,0,0,0,'fa fa-square-o',NULL,0,0),(16,'SPL','Solo Parent Leave',0,1,1,1,0,1,1,0,0,0,'fa fa-square-o',NULL,0,0),(17,'VVL','Victim of Violence Leave',0,1,1,1,0,0,1,0,1,0,'fa fa-square-o',NULL,0,0),(18,'DTRU','Daily Time Record Updating',0,1,1,0,0,0,0,0,0,0,'fa fa-square-o','For batch updating of Time Records per cut-off.',0,1),(19,'SIL','Service Incentive Leave',0,1,1,1,0,1,1,0,0,0,'fa fa-square-o',NULL,0,0),(20,'ADDL','Complimentary Leave',0,1,1,1,0,0,0,0,0,0,'fa fa-square-o',NULL,0,0);

/*Data for the table `ww_time_form_balance` */

/*Data for the table `ww_time_form_balance_accrual` */

/*Data for the table `ww_time_form_balance_setup` */

insert  into `ww_time_form_balance_setup`(`balance_setup_id`,`employment_type_id`,`employment_status_id`,`user_id`,`employment_type`,`employment_status`,`effective_date`,`from`,`to`,`created_on`,`modified_on`,`deleted`) values (1,4,1,0,'Manager','Regular','2008-08-01','0000-00-00','2008-07-31','2014-12-07 03:30:29',NULL,1),(2,5,1,0,'Supervisor','Regular','2008-08-01','0000-00-00','2008-07-31','2014-12-07 03:30:29',NULL,1),(3,6,1,0,'Rank and File','Regular','2008-08-01','0000-00-00','2008-07-31','2014-12-07 03:30:29',NULL,1),(4,4,1,0,'Manager','Regular','2008-08-01','2008-08-01','2099-12-31','2015-01-04 14:02:37',NULL,0),(5,5,1,0,'Supervisor','Regular','2008-08-01','2008-08-01','2099-12-31','2015-01-04 14:02:40',NULL,0),(6,6,1,0,'Rank and File','Regular','2008-08-01','2008-08-01','2099-12-31','2015-01-04 14:02:46',NULL,0),(9,4,4,0,'Manager','Project Employee','2008-08-01','2008-08-01','2099-12-31','2016-01-16 14:37:39',NULL,0),(10,5,4,0,'Supervisor','Project Employee','2008-08-01','2008-08-01','2099-12-31','2016-01-16 14:37:39',NULL,0),(11,6,4,0,'Rank and File','Project Employee','2008-08-01','2008-08-01','2099-12-31','2016-01-16 14:37:39',NULL,0);

/*Data for the table `ww_time_form_balance_setup_increment` */

insert  into `ww_time_form_balance_setup_increment`(`id`,`policy_id`,`tenure`,`unit`,`credits`,`created_on`,`modified_on`,`deleted`) values (1,10,1,'YEAR','3.00','2014-12-30 03:31:23',NULL,0),(2,10,2,'YEAR','6.00','2014-12-30 03:31:27',NULL,0),(3,10,3,'YEAR','9.00','2014-12-30 03:31:34',NULL,0),(4,10,4,'YEAR','10.00','2014-12-30 03:31:46',NULL,0),(5,11,1,'YEAR','3.00','2014-12-30 03:32:07',NULL,0),(6,11,2,'YEAR','6.00','2014-12-30 03:32:07',NULL,0),(7,11,3,'YEAR','9.00','2014-12-30 03:32:08',NULL,0),(8,11,4,'YEAR','10.00','2014-12-30 03:32:11',NULL,0),(9,13,1,'YEAR','2.00','2014-12-30 03:32:12',NULL,0),(10,13,2,'YEAR','4.00','2014-12-30 03:32:49',NULL,0),(11,13,3,'YEAR','6.00','2014-12-30 03:32:49',NULL,0),(12,13,4,'YEAR','8.00','2014-12-30 03:32:50',NULL,0),(13,13,5,'YEAR','10.00','2014-12-30 03:32:51',NULL,0),(14,14,1,'YEAR','2.00','2014-12-30 03:32:52',NULL,0),(15,14,2,'YEAR','4.00','2015-01-04 13:13:18',NULL,0),(16,14,3,'YEAR','6.00','2015-01-04 13:13:18',NULL,0),(17,14,4,'YEAR','8.00','2015-01-04 13:15:45',NULL,0),(18,14,5,'YEAR','10.00','2015-01-04 13:15:45',NULL,0),(19,16,1,'YEAR','1.00','2015-01-04 13:16:26',NULL,0),(20,16,2,'YEAR','2.00','2015-01-04 13:16:26',NULL,0),(21,16,3,'YEAR','3.00','2015-01-04 13:16:27',NULL,0),(22,16,4,'YEAR','4.00','2015-01-04 13:16:28',NULL,0),(23,16,5,'YEAR','5.00','2015-01-04 13:16:29',NULL,0),(24,16,6,'YEAR','6.00','2015-01-04 13:16:35',NULL,0),(25,16,7,'YEAR','7.00','2015-01-04 13:16:36',NULL,0),(26,16,8,'YEAR','8.00','2015-01-04 13:16:38',NULL,0),(27,16,9,'YEAR','9.00','2015-01-04 13:16:39',NULL,0),(28,16,10,'YEAR','10.00','2015-01-04 13:16:41',NULL,0),(29,17,1,'YEAR','1.00','2015-01-05 19:41:01',NULL,0),(30,17,2,'YEAR','2.00','2015-01-05 19:41:05',NULL,0),(31,17,3,'YEAR','3.00','2015-01-05 19:41:07',NULL,0),(32,17,4,'YEAR','4.00','2015-01-05 19:41:09',NULL,0),(33,17,5,'YEAR','5.00','2015-01-05 19:41:11',NULL,0),(34,17,6,'YEAR','6.00','2015-01-05 19:41:13',NULL,0),(35,17,7,'YEAR','7.00','2015-01-05 19:41:15',NULL,0),(36,17,8,'YEAR','8.00','2015-01-05 19:41:16',NULL,0),(37,17,9,'YEAR','9.00','2015-01-05 19:41:18',NULL,0),(38,17,10,'YEAR','10.00','2015-01-05 19:41:19',NULL,0);

/*Data for the table `ww_time_form_balance_setup_policy` */

insert  into `ww_time_form_balance_setup_policy`(`policy_id`,`balance_setup_id`,`form_id`,`form_code`,`starting_credit`,`max_credit`,`created_by`,`created_on`,`modified_by`,`modified_on`,`deleted`) values (1,1,1,'SL','15.00','15.00',NULL,'2014-12-30 03:20:47',NULL,NULL,0),(2,1,2,'VL','15.00','15.00',NULL,'2014-12-30 03:21:35',NULL,NULL,0),(3,1,3,'EL','3.00','3.00',NULL,'2014-12-30 03:21:39',NULL,NULL,0),(4,2,1,'SL','15.00','15.00',NULL,'2014-12-30 03:25:55',NULL,NULL,0),(5,2,2,'VL','15.00','15.00',NULL,'2014-12-30 03:25:56',NULL,NULL,0),(6,2,3,'EL','3.00','3.00',NULL,'2014-12-30 03:25:57',NULL,NULL,0),(7,3,1,'SL','15.00','15.00',NULL,'2015-01-04 13:00:23',NULL,NULL,0),(8,3,2,'VL','15.00','15.00',NULL,'2015-01-04 13:00:24',NULL,NULL,0),(9,3,3,'EL','3.00','3.00',NULL,'2015-01-04 13:00:27',NULL,NULL,0),(10,4,1,'SL','5.00','15.00',NULL,'2015-01-04 13:05:43',NULL,NULL,0),(11,4,2,'VL','5.00','15.00',NULL,'2015-01-04 13:05:43',NULL,NULL,0),(12,4,3,'EL','3.00','3.00',NULL,'2015-01-04 13:05:45',NULL,NULL,0),(13,5,1,'SL','5.00','15.00',NULL,'2015-01-04 13:05:46',NULL,NULL,0),(14,5,2,'VL','5.00','15.00',NULL,'2015-01-04 13:05:47',NULL,NULL,0),(15,5,3,'EL','3.00','3.00',NULL,'2015-01-04 13:05:47',NULL,NULL,0),(16,6,1,'SL','5.00','15.00',NULL,'2015-01-04 13:05:48',1,'2016-07-12 09:03:40',0),(17,6,2,'VL','5.00','15.00',NULL,'2015-01-04 13:05:49',NULL,NULL,0),(18,6,3,'EL','3.00','3.00',NULL,'2015-01-04 13:05:49',NULL,NULL,0),(19,9,19,'SIL','5.00','5.00',1,'2016-01-16 14:09:25',1,'2016-01-15 22:38:23',0),(20,11,19,'SIL','5.00','5.00',1,'2016-01-16 14:09:33',1,'2016-01-15 22:38:43',0),(21,10,19,'SIL','5.00','5.00',1,'2016-01-16 14:09:41',1,'2016-01-15 22:39:10',0),(22,6,19,'SIL','5.00','5.00',1,'2016-01-16 14:09:49',NULL,NULL,0),(23,2,19,'SIL','5.00','5.00',1,'2016-01-16 14:09:57',NULL,NULL,0),(24,5,19,'SIL','5.00','5.00',1,'2016-01-16 14:10:04',NULL,NULL,0),(25,4,1,NULL,'1.25','15.00',1,'2016-02-11 08:39:26',NULL,NULL,0),(26,4,2,NULL,'15.00','0.00',1,'2016-02-12 07:46:49',NULL,NULL,0),(27,9,2,NULL,'15.00','0.00',1,'2016-02-12 07:47:37',NULL,NULL,0),(28,6,2,NULL,'15.00','15.00',1,'2016-02-12 07:48:13',NULL,NULL,0),(29,6,2,NULL,'5.00','10.00',2,'2016-07-12 01:39:16',NULL,NULL,0),(30,6,20,NULL,'2016.00','0.00',1,'2016-07-21 09:21:14',NULL,NULL,0),(31,6,19,NULL,'7.00','20.00',1,'2016-11-22 11:40:51',NULL,NULL,0),(32,11,19,NULL,'5.00','0.00',1,'2016-11-22 11:47:06',NULL,NULL,0),(33,9,19,NULL,'5.00','0.00',1,'2016-11-22 11:48:58',NULL,NULL,0);

/*Data for the table `ww_time_form_class` */

insert  into `ww_time_form_class`(`class_id`,`form_id`,`form_code`,`class_code`,`class`,`deleted`) values (1,1,'SL','SL-GRANT','Sick leave grant',0),(2,1,'SL','SL-FILING-TENURE','Tenure to allow sick leave filing',0),(3,1,'SL','SL-FILING-MAXIMUM-DAYS','Sick leave maximum allowable days',0),(4,1,'SL','SL-LATE-FILING-CUTOFF','Sick leave late filing allowable cut-off ',0),(5,1,'SL','SL-LATE-FILING-DAYS','Sick leave late filing allowable days',0),(6,1,'SL','SL-LATE-FILING-NOT-ALLOWED','Sick leave late filing not allowed',0),(7,1,'SL','SL-LATE-FILING-WITHIN-CUTOFF','Sick leave late filing allowed within cut-off ',0),(8,1,'SL','SL-ADVANCE-FILING-CUTOFF','Sick leave advance filing allowable cut-off ',0),(9,1,'SL','SL-ADVANCE-FILING-DAYS','Sick leave advance filing allowable days',0),(10,1,'SL','SL-ADVANCE-FILING-NOT-ALLOWED','Sick leave advance filing not allowed',0),(11,1,'SL','SL-ADVANCE-FILING-WITHIN-CUTOFF','Sick leave advance filing allowed within cut-off ',0),(12,1,'SL','SL-REQUIRE-ATTACHMENT-DAYS','No. of days to require attachment',0),(13,1,'SL','SL-HR-VALIDATION-DAYS','No. of days to undergo HR validation',0),(14,1,'SL','SL-LATE-APPROVAL-CUTOFF','Sick leave late approval allowable cut-off ',0),(15,1,'SL','SL-LATE-APPROVAL-DAYS','Sick leave late approval allowable days',0),(16,1,'SL','SL-LATE-APPROVAL-NOT-ALLOWED','Sick leave late approval not allowed',0),(17,1,'SL','SL-LATE-APPROVAL-WITHIN-CUTOFF','Sick leave late approval allowed within cut-off ',0),(18,1,'SL','SL-ADVANCE-APPROVAL-CUTOFF','Sick leave advance approval allowable cut-off ',0),(19,1,'SL','SL-ADVANCE-APPROVAL-DAYS','Sick leave advance approval allowable days',0),(20,1,'SL','SL-ADVANCE-APPROVAL-NOT-ALLOWED','Sick leave advance approval not allowed',0),(21,1,'SL','SL-ADVANCE-APPROVAL-WITHIN-CUTOFF','Sick leave advance approval allowed within cut-off ',0),(22,1,'SL','SL-LATE-CANCELLATION-CUTOFF','Sick leave late cancellation allowable cut-off ',0),(23,1,'SL','SL-LATE-CANCELLATION-DAYS','Sick leave late cancellation allowable days',0),(24,1,'SL','SL-LATE-CANCELLATION-NOT-ALLOWED','Sick leave late cancellation not allowed',0),(25,1,'SL','SL-LATE-CANCELLATION-WITHIN-CUTOFF','Sick leave late cancellation allowed within cut-off ',0),(26,1,'SL','SL-ADVANCE-CANCELLATION-CUTOFF','Sick leave advance cancellation allowable cut-off ',0),(27,1,'SL','SL-ADVANCE-CANCELLATION-DAYS','Sick leave advance cancellation allowable days',0),(28,1,'SL','SL-ADVANCE-CANCELLATION-NOT-ALLOWED','Sick leave advance cancellation not allowed',0),(29,1,'SL','SL-ADVANCE-CANCELLATION-WITHIN-CUTOFF','Sick leave advance cancellation allowed within cut-off ',0),(30,2,'VL','VL-GRANT','Vacation leave grant',0),(31,2,'VL','VL-FILING-TENURE','Tenure to allow vacation leave filing',0),(32,2,'VL','VL-FILING-MAXIMUM-DAYS','Vacation leave maximum allowable days',0),(33,2,'VL','VL-LATE-FILING-CUTOFF','Vacation leave late filing allowable cut-off ',0),(34,2,'VL','VL-LATE-FILING-DAYS','Vacation leave late filing allowable days',0),(35,2,'VL','VL-LATE-FILING-NOT-ALLOWED','Vacation leave late filing not allowed',0),(36,2,'VL','VL-LATE-FILING-WITHIN-CUTOFF','Vacation leave late filing allowed within cut-off ',0),(37,2,'VL','VL-ADVANCE-FILING-CUTOFF','Vacation leave advance filing allowable cut-off ',0),(38,2,'VL','VL-ADVANCE-FILING-DAYS','Vacation leave advance filing allowable days',0),(39,2,'VL','VL-ADVANCE-FILING-NOT-ALLOWED','Vacation leave advance filing not allowed',0),(40,2,'VL','VL-ADVANCE-FILING-WITHIN-CUTOFF','Vacation leave advance filing allowed within cut-off ',0),(41,2,'VL','VL-REQUIRE-ATTACHMENT-DAYS','No. of days to require attachment',0),(42,2,'VL','VL-HR-VALIDATION-DAYS','No. of days to undergo HR validation',0),(43,2,'VL','VL-LATE-APPROVAL-CUTOFF','Vacation leave late approval allowable cut-off ',0),(44,2,'VL','VL-LATE-APPROVAL-DAYS','Vacation leave late approval allowable days',0),(45,2,'VL','VL-LATE-APPROVAL-NOT-ALLOWED','Vacation leave late approval not allowed',0),(46,2,'VL','VL-LATE-APPROVAL-WITHIN-CUTOFF','Vacation leave late approval allowed within cut-off ',0),(47,2,'VL','VL-ADVANCE-APPROVAL-CUTOFF','Vacation leave advance approval allowable cut-off ',0),(48,2,'VL','VL-ADVANCE-APPROVAL-DAYS','Vacation leave advance approval allowable days',0),(49,2,'VL','VL-ADVANCE-APPROVAL-NOT-ALLOWED','Vacation leave advance approval not allowed',0),(50,2,'VL','VL-ADVANCE-APPROVAL-WITHIN-CUTOF','Vacation leave advance approval allowed within cut-off ',0),(51,2,'VL','VL-LATE-CANCELLATION-CUTOFF','Vacation leave late cancellation allowable cut-off ',0),(52,2,'VL','VL-LATE-CANCELLATION-DAYS','Vacation leave late cancellation allowable days',0),(53,2,'VL','VL-LATE-CANCELLATION-NOT-ALLOWED','Vacation leave late cancellation not allowed',0),(54,2,'VL','VL-LATE-CANCELLATION-WITHIN-CUTOFF','Vacation leave late cancellation allowed within cut-off ',0),(55,2,'VL','VL-ADVANCE-CANCELLATION-CUTOFF','Vacation leave advance cancellation allowable cut-off ',0),(56,2,'VL','VL-ADVANCE-CANCELLATION-DAYS','Vacation leave advance cancellation allowable days',0),(57,2,'VL','VL-ADVANCE-CANCELLATION-NOT-ALLOWED','Vacation leave advance cancellation not allowed',0),(58,2,'VL','VL-ADVANCE-CANCELLATION-WITHIN-CUTOFF','Vacation leave advance cancellation allowed within cut-off ',0),(59,3,'EL','EL-GRANT','Emergency leave grant',0),(60,3,'EL','EL-FILING-TENURE','Tenure to allow emergency leave filing',0),(61,3,'EL','EL-FILING-MAXIMUM-DAYS','Emergency leave maximum allowable days',0),(62,3,'EL','EL-LATE-FILING-CUTOFF','Emergency leave late filing allowable cut-off ',0),(63,3,'EL','EL-LATE-FILING-DAYS','Emergency leave late filing allowable days',0),(64,3,'EL','EL-LATE-FILING-NOT-ALLOWED','Emergency leave late filing not allowed',0),(65,3,'EL','EL-LATE-FILING-WITHIN-CUTOFF','Emergency leave late filing allowed within cut-off ',0),(66,3,'EL','EL-ADVANCE-FILING-CUTOFF','Emergency leave advance filing allowable cut-off ',0),(67,3,'EL','EL-ADVANCE-FILING-DAYS','Emergency leave advance filing allowable days',0),(68,3,'EL','EL-ADVANCE-FILING-NOT-ALLOWED','Emergency leave advance filing not allowed',0),(69,3,'EL','EL-ADVANCE-FILING-WITHIN-CUTOFF','Emergency leave advance filing allowed within cut-off ',0),(70,3,'EL','EL-REQUIRE-ATTACHMENT-DAYS','No. of days to require attachment',0),(71,3,'EL','EL-HR-VALIDATION-DAYS','No. of days to undergo HR validation',0),(72,3,'EL','EL-LATE-APPROVAL-CUTOFF','Emergency leave late approval allowable cut-off ',0),(73,3,'EL','EL-LATE-APPROVAL-DAYS','Emergency leave late approval allowable days',0),(74,3,'EL','EL-LATE-APPROVAL-NOT-ALLOWED','Emergency leave late approval not allowed',0),(75,3,'EL','EL-LATE-APPROVAL-WITHIN-CUTOFF','Emergency leave late approval allowed within cut-off ',0),(76,3,'EL','EL-ADVANCE-APPROVAL-CUTOFF','Emergency leave advance approval allowable cut-off ',0),(77,3,'EL','EL-ADVANCE-APPROVAL-DAYS','Emergency leave advance approval allowable days',0),(78,3,'EL','EL-ADVANCE-APPROVAL-NOT-ALLOWED','Emergency leave advance approval not allowed',0),(79,3,'EL','EL-ADVANCE-APPROVAL-WITHIN-CUTOFF','Emergency leave advance approval allowed within cut-off ',0),(80,3,'EL','EL-LATE-CANCELLATION-CUTOFF','Emergency leave late cancellation allowable cut-off ',0),(81,3,'EL','EL-LATE-CANCELLATION-DAYS','Emergency leave late cancellation allowable days',0),(82,3,'EL','EL-LATE-CANCELLATION-NOT-ALLOWED','Emergency leave late cancellation not allowed',0),(83,3,'EL','EL-LATE-CANCELLATION-WITHIN-CUTOFF','Emergency leave late cancellation allowed within cut-off ',0),(84,3,'EL','EL-ADVANCE-CANCELLATION-CUTOFF','Emergency leave advance cancellation allowable cut-off ',0),(85,3,'EL','EL-ADVANCE-CANCELLATION-DAYS','Emergency leave advance cancellation allowable days',0),(86,3,'EL','EL-ADVANCE-CANCELLATION-NOT-ALLOWED','Emergency leave advance cancellation not allowed',0),(87,3,'EL','EL-ADVANCE-CANCELLATION-WITHIN-CUTOFF','Emergency leave advance cancellation allowed within cut-off ',0),(88,4,'FL','FL-GRANT','Bereavement leave grant',0),(89,4,'FL','FL-FILING-TENURE','Tenure to allow bereavement leave filing',0),(90,4,'FL','FL-FILING-MAXIMUM-DAYS','Bereavement leave maximum allowable days',0),(91,4,'FL','FL-LATE-FILING-CUTOFF','Bereavement leave late filing allowable cut-off ',0),(92,4,'FL','FL-LATE-FILING-DAYS','Bereavement leave late filing allowable days',0),(93,4,'FL','FL-LATE-FILING-NOT-ALLOWED','Bereavement leave late filing not allowed',0),(94,4,'FL','FL-LATE-FILING-WITHIN-CUTOFF','Bereavement leave late filing allowed within cut-off ',0),(95,4,'FL','FL-ADVANCE-FILING-CUTOFF','Bereavement leave advance filing allowable cut-off ',0),(96,4,'FL','FL-ADVANCE-FILING-DAYS','Bereavement leave advance filing allowable days',0),(97,4,'FL','FL-ADVANCE-FILING-NOT-ALLOWED','Bereavement leave advance filing not allowed',0),(98,4,'FL','FL-ADVANCE-FILING-WITHIN-CUTOFF','Bereavement leave advance filing allowed within cut-off ',0),(99,4,'FL','FL-REQUIRE-ATTACHMENT-DAYS','No. of days to require attachment',0),(100,4,'FL','FL-HR-VALIDATION-DAYS','No. of days to undergo HR validation',0),(101,4,'FL','FL-LATE-APPROVAL-CUTOFF','Bereavement leave late approval allowable cut-off ',0),(102,4,'FL','FL-LATE-APPROVAL-DAYS','Bereavement leave late approval allowable days',0),(103,4,'FL','FL-LATE-APPROVAL-NOT-ALLOWED','Bereavement leave late approval not allowed',0),(104,4,'FL','FL-LATE-APPROVAL-WITHIN-CUTOFF','Bereavement leave late approval allowed within cut-off ',0),(105,4,'FL','FL-ADVANCE-APPROVAL-CUTOFF','Bereavement leave advance approval allowable cut-off ',0),(106,4,'FL','FL-ADVANCE-APPROVAL-DAYS','Bereavement leave advance approval allowable days',0),(107,4,'FL','FL-ADVANCE-APPROVAL-NOT-ALLOWED','Bereavement leave advance approval not allowed',0),(108,4,'FL','FL-ADVANCE-APPROVAL-WITHIN-CUTOFF','Bereavement leave advance approval allowed within cut-off ',0),(109,4,'FL','FL-LATE-CANCELLATION-CUTOFF','Bereavement leave late cancellation allowable cut-off ',0),(110,4,'FL','FL-LATE-CANCELLATION-DAYS','Bereavement leave late cancellation allowable days',0),(111,4,'FL','FL-LATE-CANCELLATION-NOT-ALLOWED','Bereavement leave late cancellation not allowed',0),(112,4,'FL','FL-LATE-CANCELLATION-WITHIN-CUTOFF','Bereavement leave late cancellation allowed within cut-off ',0),(113,4,'FL','FL-ADVANCE-CANCELLATION-CUTOFF','Bereavement leave advance cancellation allowable cut-off ',0),(114,4,'FL','FL-ADVANCE-CANCELLATION-DAYS','Bereavement leave advance cancellation allowable days',0),(115,4,'FL','FL-ADVANCE-CANCELLATION-NOT-ALLOWED','Bereavement leave advance cancellation not allowed',0),(116,4,'FL','FL-ADVANCE-CANCELLATION-WITHIN-CUTOFF','Bereavement leave advance cancellation allowed within cut-off ',0),(117,5,'ML','ML-GRANT','Maternity leave grant',0),(118,5,'ML','ML-FILING-TENURE','Tenure to allow maternity leave filing',0),(119,5,'ML','ML-FILING-MAXIMUM-DAYS','Maternity leave maximum allowable days',0),(120,5,'ML','ML-LATE-FILING-CUTOFF','Maternity leave late filing allowable cut-off ',0),(121,5,'ML','ML-LATE-FILING-DAYS','Maternity leave late filing allowable days',0),(122,5,'ML','ML-LATE-FILING-NOT-ALLOWED','Maternity leave late filing not allowed',0),(123,5,'ML','ML-LATE-FILING-WITHIN-CUTOFF','Maternity leave late filing allowed within cut-off ',0),(124,5,'ML','ML-ADVANCE-FILING-CUTOFF','Maternity leave advance filing allowable cut-off ',0),(125,5,'ML','ML-ADVANCE-FILING-DAYS','Maternity leave advance filing allowable days',0),(126,5,'ML','ML-ADVANCE-FILING-NOT-ALLOWED','Maternity leave advance filing not allowed',0),(127,5,'ML','ML-ADVANCE-FILING-WITHIN-CUTOFF','Maternity leave advance filing allowed within cut-off ',0),(128,5,'ML','ML-REQUIRE-ATTACHMENT-DAYS','No. of days to require attachment',0),(129,5,'ML','ML-HR-VALIDATION-DAYS','No. of days to undergo HR validation',0),(130,5,'ML','ML-LATE-APPROVAL-CUTOFF','Maternity leave late approval allowable cut-off ',0),(131,5,'ML','ML-LATE-APPROVAL-DAYS','Maternity leave late approval allowable days',0),(132,5,'ML','ML-LATE-APPROVAL-NOT-ALLOWED','Maternity leave late approval not allowed',0),(133,5,'ML','ML-LATE-APPROVAL-WITHIN-CUTOFF','Maternity leave late approval allowed within cut-off ',0),(134,5,'ML','ML-ADVANCE-APPROVAL-CUTOFF','Maternity leave advance approval allowable cut-off ',0),(135,5,'ML','ML-ADVANCE-APPROVAL-DAYS','Maternity leave advance approval allowable days',0),(136,5,'ML','ML-ADVANCE-APPROVAL-NOT-ALLOWED','Maternity leave advance approval not allowed',0),(137,5,'ML','ML-ADVANCE-APPROVAL-WITHIN-CUTOFF','Maternity leave advance approval allowed within cut-off ',0),(138,5,'ML','ML-LATE-CANCELLATION-CUTOFF','Maternity leave late cancellation allowable cut-off ',0),(139,5,'ML','ML-LATE-CANCELLATION-DAYS','Maternity leave late cancellation allowable days',0),(140,5,'ML','ML-LATE-CANCELLATION-NOT-ALLOWED','Maternity leave late cancellation not allowed',0),(141,5,'ML','ML-LATE-CANCELLATION-WITHIN-CUTOFF','Maternity leave late cancellation allowed within cut-off ',0),(142,5,'ML','ML-ADVANCE-CANCELLATION-CUTOFF','Maternity leave advance cancellation allowable cut-off ',0),(143,5,'ML','ML-ADVANCE-CANCELLATION-DAYS','Maternity leave advance cancellation allowable days',0),(144,5,'ML','ML-ADVANCE-CANCELLATION-NOT-ALLOWED','Maternity leave advance cancellation not allowed',0),(145,5,'ML','ML-ADVANCE-CANCELLATION-WITHIN-CUTOFF','Maternity leave advance cancellation allowed within cut-off ',0),(146,6,'PL','PL-GRANT','Paternity leave grant',0),(147,6,'PL','PL-FILING-TENURE','Tenure to allow paternity leave filing',0),(148,6,'PL','PL-FILING-MAXIMUM-DAYS','Paternity leave maximum allowable days',0),(149,6,'PL','PL-LATE-FILING-CUTOFF','Paternity leave late filing allowable cut-off ',0),(150,6,'PL','PL-LATE-FILING-DAYS','Paternity leave late filing allowable days',0),(151,6,'PL','PL-LATE-FILING-NOT-ALLOWED','Paternity leave late filing not allowed',0),(152,6,'PL','PL-LATE-FILING-WITHIN-CUTOFF','Paternity leave late filing allowed within cut-off ',0),(153,6,'PL','PL-ADVANCE-FILING-CUTOFF','Paternity leave advance filing allowable cut-off ',0),(154,6,'PL','PL-ADVANCE-FILING-DAYS','Paternity leave advance filing allowable days',0),(155,6,'PL','PL-ADVANCE-FILING-NOT-ALLOWED','Paternity leave advance filing not allowed',0),(156,6,'PL','PL-ADVANCE-FILING-WITHIN-CUTOFF','Paternity leave advance filing allowed within cut-off ',0),(157,6,'PL','PL-REQUIRE-ATTACHMENT-DAYS','No. of days to require attachment',0),(158,6,'PL','PL-HR-VALIDATION-DAYS','No. of days to undergo HR validation',0),(159,6,'PL','PL-LATE-APPROVAL-CUTOFF','Paternity leave late approval allowable cut-off ',0),(160,6,'PL','PL-LATE-APPROVAL-DAYS','Paternity leave late approval allowable days',0),(161,6,'PL','PL-LATE-APPROVAL-NOT-ALLOWED','Paternity leave late approval not allowed',0),(162,6,'PL','PL-LATE-APPROVAL-WITHIN-CUTOFF','Paternity leave late approval allowed within cut-off ',0),(163,6,'PL','PL-ADVANCE-APPROVAL-CUTOFF','Paternity leave advance approval allowable cut-off ',0),(164,6,'PL','PL-ADVANCE-APPROVAL-DAYS','Paternity leave advance approval allowable days',0),(165,6,'PL','PL-ADVANCE-APPROVAL-NOT-ALLOWED','Paternity leave advance approval not allowed',0),(166,6,'PL','PL-ADVANCE-APPROVAL-WITHIN-CUTOFF','Paternity leave advance approval allowed within cut-off ',0),(167,6,'PL','PL-LATE-CANCELLATION-CUTOFF','Paternity leave late cancellation allowable cut-off ',0),(168,6,'PL','PL-LATE-CANCELLATION-DAYS','Paternity leave late cancellation allowable days',0),(169,6,'PL','PL-LATE-CANCELLATION-NOT-ALLOWED','Paternity leave late cancellation not allowed',0),(170,6,'PL','PL-LATE-CANCELLATION-WITHIN-CUTOFF','Paternity leave late cancellation allowed within cut-off ',0),(171,6,'PL','PL-ADVANCE-CANCELLATION-CUTOFF','Paternity leave advance cancellation allowable cut-off ',0),(172,6,'PL','PL-ADVANCE-CANCELLATION-DAYS','Paternity leave advance cancellation allowable days',0),(173,6,'PL','PL-ADVANCE-CANCELLATION-NOT-ALLOWED','Paternity leave advance cancellation not allowed',0),(174,6,'PL','PL-ADVANCE-CANCELLATION-WITHIN-CUTOFF','Paternity leave advance cancellation allowed within cut-off ',0),(175,7,'LWOP','LWOP-GRANT','Leave w/o pay grant',0),(176,7,'LWOP','LWOP-FILING-TENURE','Tenure to allow leave w/o pay filing',0),(177,7,'LWOP','LWOP-FILING-MAXIMUM-DAYS','Leave w/o pay maximum allowable days',0),(178,7,'LWOP','LWOP-LATE-FILING-CUTOFF','Leave w/o pay late filing allowable cut-off ',0),(179,7,'LWOP','LWOP-LATE-FILING-DAYS','Leave w/o pay late filing allowable days',0),(180,7,'LWOP','LWOP-LATE-FILING-NOT-ALLOWED','Leave w/o pay late filing not allowed',0),(181,7,'LWOP','LWOP-LATE-FILING-WITHIN-CUTOFF','Leave w/o pay late filing allowed within cut-off ',0),(182,7,'LWOP','LWOP-ADVANCE-FILING-CUTOFF','Leave w/o pay advance filing allowable cut-off ',0),(183,7,'LWOP','LWOP-ADVANCE-FILING-DAYS','Leave w/o pay advance filing allowable days',0),(184,7,'LWOP','LWOP-ADVANCE-FILING-NOT-ALLOWED','Leave w/o pay advance filing not allowed',0),(185,7,'LWOP','LWOP-ADVANCE-FILING-WITHIN-CUTOFF','Leave w/o pay advance filing allowed within cut-off ',0),(186,7,'LWOP','LWOP-REQUIRE-ATTACHMENT-DAYS','No. of days to require attachment',0),(187,7,'LWOP','LWOP-HR-VALIDATION-DAYS','No. of days to undergo HR validation',0),(188,7,'LWOP','LWOP-LATE-APPROVAL-CUTOFF','Leave w/o pay late approval allowable cut-off ',0),(189,7,'LWOP','LWOP-LATE-APPROVAL-DAYS','Leave w/o pay late approval allowable days',0),(190,7,'LWOP','LWOP-LATE-APPROVAL-NOT-ALLOWED','Leave w/o pay late approval not allowed',0),(191,7,'LWOP','LWOP-LATE-APPROVAL-WITHIN-CUTOFF','Leave w/o pay late approval allowed within cut-off ',0),(192,7,'LWOP','LWOP-ADVANCE-APPROVAL-CUTOFF','Leave w/o pay advance approval allowable cut-off ',0),(193,7,'LWOP','LWOP-ADVANCE-APPROVAL-DAYS','Leave w/o pay advance approval allowable days',0),(194,7,'LWOP','LWOP-ADVANCE-APPROVAL-NOT-ALLOWED','Leave w/o pay advance approval not allowed',0),(195,7,'LWOP','LWOP-ADVANCE-APPROVAL-WITHIN-CUTOFF','Leave w/o pay advance approval allowed within cut-off ',0),(196,7,'LWOP','LWOP-LATE-CANCELLATION-CUTOFF','Leave w/o pay late cancellation allowable cut-off ',0),(197,7,'LWOP','LWOP-LATE-CANCELLATION-DAYS','Leave w/o pay late cancellation allowable days',0),(198,7,'LWOP','LWOP-LATE-CANCELLATION-NOT-ALLOW','Leave w/o pay late cancellation not allowed',0),(199,7,'LWOP','LWOP-LATE-CANCELLATION-WITHIN-CUTOFF','Leave w/o pay late cancellation allowed within cut-off ',0),(200,7,'LWOP','LWOP-ADVANCE-CANCELLATION-CUTOFF','Leave w/o pay advance cancellation allowable cut-off ',0),(201,7,'LWOP','LWOP-ADVANCE-CANCELLATION-DAYS','Leave w/o pay advance cancellation allowable days',0),(202,7,'LWOP','LWOP-ADVANCE-CANCELLATION-NOT-ALLOWED','Leave w/o pay advance cancellation not allowed',0),(203,7,'LWOP','LWOP-ADVANCE-CANCELLATION-WITHIN','Leave w/o pay advance cancellation allowed within cut-off ',0),(204,13,'BL','BL-GRANT','Birthday leave grant',0),(205,13,'BL','BL-FILING-TENURE','Tenure to allow birthday leave filing',0),(206,13,'BL','BL-FILING-MAXIMUM-DAYS','Birthday leave maximum allowable days',0),(207,13,'BL','BL-LATE-FILING-CUTOFF','Birthday leave late filing allowable cut-off ',0),(208,13,'BL','BL-LATE-FILING-DAYS','Birthday leave late filing allowable days',0),(209,13,'BL','BL-LATE-FILING-NOT-ALLOWED','Birthday leave late filing not allowed',0),(210,13,'BL','BL-LATE-FILING-WITHIN-CUTOFF','Birthday leave late filing allowed within cut-off ',0),(211,13,'BL','BL-ADVANCE-FILING-CUTOFF','Birthday leave advance filing allowable cut-off ',0),(212,13,'BL','BL-ADVANCE-FILING-DAYS','Birthday leave advance filing allowable days',0),(213,13,'BL','BL-ADVANCE-FILING-NOT-ALLOWED','Birthday leave advance filing not allowed',0),(214,13,'BL','BL-ADVANCE-FILING-WITHIN-CUTOFF','Birthday leave advance filing allowed within cut-off ',0),(215,13,'BL','BL-REQUIRE-ATTACHMENT-DAYS','No. of days to require attachment',0),(216,13,'BL','BL-HR-VALIDATION-DAYS','No. of days to undergo HR validation',0),(217,13,'BL','BL-LATE-APPROVAL-CUTOFF','Birthday leave late approval allowable cut-off ',0),(218,13,'BL','BL-LATE-APPROVAL-DAYS','Birthday leave late approval allowable days',0),(219,13,'BL','BL-LATE-APPROVAL-NOT-ALLOWED','Birthday leave late approval not allowed',0),(220,13,'BL','BL-LATE-APPROVAL-WITHIN-CUTOFF','Birthday leave late approval allowed within cut-off ',0),(221,13,'BL','BL-ADVANCE-APPROVAL-CUTOFF','Birthday leave advance approval allowable cut-off ',0),(222,13,'BL','BL-ADVANCE-APPROVAL-DAYS','Birthday leave advance approval allowable days',0),(223,13,'BL','BL-ADVANCE-APPROVAL-NOT-ALLOWED','Birthday leave advance approval not allowed',0),(224,13,'BL','BL-ADVANCE-APPROVAL-WITHIN-CUTOFF','Birthday leave advance approval allowed within cut-off ',0),(225,13,'BL','BL-LATE-CANCELLATION-CUTOFF','Birthday leave late cancellation allowable cut-off ',0),(226,13,'BL','BL-LATE-CANCELLATION-DAYS','Birthday leave late cancellation allowable days',0),(227,13,'BL','BL-LATE-CANCELLATION-NOT-ALLOWED','Birthday leave late cancellation not allowed',0),(228,13,'BL','BL-LATE-CANCELLATION-WITHIN-CUTOFF','Birthday leave late cancellation allowed within cut-off ',0),(229,13,'BL','BL-ADVANCE-CANCELLATION-CUTOFF','Birthday leave advance cancellation allowable cut-off ',0),(230,13,'BL','BL-ADVANCE-CANCELLATION-DAYS','Birthday leave advance cancellation allowable days',0),(231,13,'BL','BL-ADVANCE-CANCELLATION-NOT-ALLOWED','Birthday leave advance cancellation not allowed',0),(232,13,'BL','BL-ADVANCE-CANCELLATION-WITHIN-CUTOFF','Birthday leave advance cancellation allowed within cut-off ',0),(233,14,'SLW','SLW-GRANT','Special Leave for Women grant',0),(234,14,'SLW','SLW-FILING-TENURE','Tenure to allow special Leave for Women filing',0),(235,14,'SLW','SLW-FILING-MAXIMUM-DAYS','Special Leave for Women maximum allowable days',0),(236,14,'SLW','SLW-LATE-FILING-CUTOFF','Special Leave for Women late filing allowable cut-off ',0),(237,14,'SLW','SLW-LATE-FILING-DAYS','Special Leave for Women late filing allowable days',0),(238,14,'SLW','SLW-LATE-FILING-NOT-ALLOWED','Special Leave for Women late filing not allowed',0),(239,14,'SLW','SLW-LATE-FILING-WITHIN-CUTOFF','Special Leave for Women late filing allowed within cut-off ',0),(240,14,'SLW','SLW-ADVANCE-FILING-CUTOFF','Special Leave for Women advance filing allowable cut-off ',0),(241,14,'SLW','SLW-ADVANCE-FILING-DAYS','Special Leave for Women advance filing allowable days',0),(242,14,'SLW','SLW-ADVANCE-FILING-NOT-ALLOWED','Special Leave for Women advance filing not allowed',0),(243,14,'SLW','SLW-ADVANCE-FILING-WITHIN-CUTOFF','Special Leave for Women advance filing allowed within cut-off ',0),(244,14,'SLW','SLW-REQUIRE-ATTACHMENT-DAYS','No. of days to require attachment',0),(245,14,'SLW','SLW-HR-VALIDATION-DAYS','No. of days to undergo HR validation',0),(246,14,'SLW','SLW-LATE-APPROVAL-CUTOFF','Special Leave for Women late approval allowable cut-off ',0),(247,14,'SLW','SLW-LATE-APPROVAL-DAYS','Special Leave for Women late approval allowable days',0),(248,14,'SLW','SLW-LATE-APPROVAL-NOT-ALLOWED','Special Leave for Women late approval not allowed',0),(249,14,'SLW','SLW-LATE-APPROVAL-WITHIN-CUTOFF','Special Leave for Women late approval allowed within cut-off ',0),(250,14,'SLW','SLW-ADVANCE-APPROVAL-CUTOFF','Special Leave for Women advance approval allowable cut-off ',0),(251,14,'SLW','SLW-ADVANCE-APPROVAL-DAYS','Special Leave for Women advance approval allowable days',0),(252,14,'SLW','SLW-ADVANCE-APPROVAL-NOT-ALLOWED','Special Leave for Women advance approval not allowed',0),(253,14,'SLW','SLW-ADVANCE-APPROVAL-WITHIN-CUTOFF','Special Leave for Women advance approval allowed within cut-off ',0),(254,14,'SLW','SLW-LATE-CANCELLATION-CUTOFF','Special Leave for Women late cancellation allowable cut-off ',0),(255,14,'SLW','SLW-LATE-CANCELLATION-DAYS','Special Leave for Women late cancellation allowable days',0),(256,14,'SLW','SLW-LATE-CANCELLATION-NOT-ALLOWED','Special Leave for Women late cancellation not allowed',0),(257,14,'SLW','SLW-LATE-CANCELLATION-WITHIN-CUTOFF','Special Leave for Women late cancellation allowed within cut-off',0),(258,14,'SLW','SLW-ADVANCE-CANCELLATION-CUTOFF','Special Leave for Women advance cancellation allowable cut-off ',0),(259,14,'SLW','SLW-ADVANCE-CANCELLATION-DAYS','Special Leave for Women advance cancellation allowable days',0),(260,14,'SLW','SLW-ADVANCE-CANCELLATION-NOT-ALLOWED','Special Leave for Women advance cancellation not allowed',0),(261,14,'SLW','SLW-ADVANCE-CANCELLATION-WITHIN-CUTOFF','Special Leave for Women advance cancellation allowed within cut-off',0),(262,8,'OBT','OBT-GRANT','Official business trip grant',0),(263,8,'OBT','OBT-MAXIMUM-FILING-MONTH','Maximum no. of filing within a month',0),(264,8,'OBT','OBT-WORKING-DAYS','Accept only working days',0),(265,8,'OBT','OBT-LATE-FILING-CUTOFF','Official business trip late filing allowable cut-off ',0),(266,8,'OBT','OBT-LATE-FILING-DAYS','Official business trip late filing allowable days',0),(267,8,'OBT','OBT-LATE-FILING-NOT-ALLOWED','Official business trip late filing not allowed',0),(268,8,'OBT','OBT-LATE-FILING-WITHIN-CUTOFF','Official business trip late filing allowed within cut-off ',0),(269,8,'OBT','OBT-ADVANCE-FILING-CUTOFF','Official business trip advance filing allowable cut-off ',0),(270,8,'OBT','OBT-ADVANCE-FILING-DAYS','Official business trip advance filing allowable days',0),(271,8,'OBT','OBT-ADVANCE-FILING-NOT-ALLOWED','Official business trip advance filing not allowed',0),(272,8,'OBT','OBT-ADVANCE-FILING-WITHIN-CUTOFF','Official business trip advance filing allowed within cut-off ',0),(273,8,'OBT','OBT-LATE-APPROVAL-CUTOFF','Official business trip late approval allowable cut-off ',0),(274,8,'OBT','OBT-LATE-APPROVAL-DAYS','Official business trip late approval allowable days',0),(275,8,'OBT','OBT-LATE-APPROVAL-NOT-ALLOWED','Official business trip late approval not allowed',0),(276,8,'OBT','OBT-LATE-APPROVAL-WITHIN-CUTOFF','Official business trip late approval allowed within cut-off ',0),(277,8,'OBT','OBT-ADVANCE-APPROVAL-CUTOFF','Official business trip advance approval allowable cut-off ',0),(278,8,'OBT','OBT-ADVANCE-APPROVAL-DAYS','Official business trip advance approval allowable days',0),(279,8,'OBT','OBT-ADVANCE-APPROVAL-NOT-ALLOWED','Official business trip advance approval not allowed',0),(280,8,'OBT','OBT-ADVANCE-APPROVAL-WITHIN-CUTOFF','Official business trip advance approval allowed within cut-off ',0),(281,8,'OBT','OBT-LATE-CANCELLATION-CUTOFF','Official business trip late cancellation allowable cut-off ',0),(282,8,'OBT','OBT-LATE-CANCELLATION-DAYS','Official business trip late cancellation allowable days',0),(283,8,'OBT','OBT-LATE-CANCELLATION-NOT-ALLOWED','Official business trip late cancellation not allowed',0),(284,8,'OBT','OBT-LATE-CANCELLATION-WITHIN-CUTOFF','Official business trip late cancellation allowed within cut-off ',0),(285,8,'OBT','OBT-ADVANCE-CANCELLATION-CUTOFF','Official business trip advance cancellation allowable cut-off ',0),(286,8,'OBT','OBT-ADVANCE-CANCELLATION-DAYS','Official business trip advance cancellation allowable days',0),(287,8,'OBT','OBT-ADVANCE-CANCELLATION-NOT-ALLOWED','Official business trip advance cancellation not allowed',0),(288,8,'OBT','OBT-ADVANCE-CANCELLATION-WITHIN-CUTOFF','Official business trip advance cancellation allowed within cut-off',0),(289,9,'OT','OT-GRANT','Overtime grant',0),(290,9,'OT','OT-MAXIMUM-FILING-MONTH','Maximum no. of filing within a month',0),(291,9,'OT','OT-MINIMUM-FILING-MINUTES','Minimum no. of minutes to allow filling',0),(292,9,'OT','OT-MAXIMUM-FILING-MINUTES','Maximum no. of minutes to allow filling',0),(293,9,'OT','OT-WORKING-DAYS','Accept only working days',0),(294,9,'OT','OT-LATE-FILING-CUTOFF','Overtime late filing allowable cut-off ',0),(295,9,'OT','OT-LATE-FILING-DAYS','Overtime late filing allowable days',0),(296,9,'OT','OT-LATE-FILING-NOT-ALLOWED','Overtime late filing not allowed',0),(297,9,'OT','OT-LATE-FILING-WITHIN-CUTOFF','Overtime late filing allowed within cut-off ',0),(298,9,'OT','OT-ADVANCE-FILING-CUTOFF','Overtime advance filing allowable cut-off ',0),(299,9,'OT','OT-ADVANCE-FILING-DAYS','Overtime advance filing allowable days',0),(300,9,'OT','OT-ADVANCE-FILING-NOT-ALLOWED','Overtime advance filing not allowed',0),(301,9,'OT','OT-ADVANCE-FILING-WITHIN-CUTOFF','Overtime advance filing allowed within cut-off ',0),(302,9,'OT','OT-LATE-APPROVAL-CUTOFF','Overtime late approval allowable cut-off ',0),(303,9,'OT','OT-LATE-APPROVAL-DAYS','Overtime late approval allowable days',0),(304,9,'OT','OT-LATE-APPROVAL-NOT-ALLOWED','Overtime late approval not allowed',0),(305,9,'OT','OT-LATE-APPROVAL-WITHIN-CUTOFF','Overtime late approval allowed within cut-off ',0),(306,9,'OT','OT-ADVANCE-APPROVAL-CUTOFF','Overtime advance approval allowable cut-off ',0),(307,9,'OT','OT-ADVANCE-APPROVAL-DAYS','Overtime advance approval allowable days',0),(308,9,'OT','OT-ADVANCE-APPROVAL-NOT-ALLOWED','Overtime advance approval not allowed',0),(309,9,'OT','OT-ADVANCE-APPROVAL-WITHIN-CUTOFF','Overtime advance approval allowed within cut-off ',0),(310,9,'OT','OT-LATE-CANCELLATION-CUTOFF','Overtime late cancellation allowable cut-off ',0),(311,9,'OT','OT-LATE-CANCELLATION-DAYS','Overtime late cancellation allowable days',0),(312,9,'OT','OT-LATE-CANCELLATION-NOT-ALLOWED','Overtime late cancellation not allowed',0),(313,9,'OT','OT-LATE-CANCELLATION-WITHIN-CUTOFF','Overtime late cancellation allowed within cut-off ',0),(314,9,'OT','OT-ADVANCE-CANCELLATION-CUTOFF','Overtime advance cancellation allowable cut-off ',0),(315,9,'OT','OT-ADVANCE-CANCELLATION-DAYS','Overtime advance cancellation allowable days',0),(316,9,'OT','OT-ADVANCE-CANCELLATION-NOT-ALLOWED','Overtime advance cancellation not allowed',0),(317,9,'OT','OT-ADVANCE-CANCELLATION-WITHIN-CUTOFF','Overtime advance cancellation allowed within cut-off ',0),(318,10,'UT','UT-GRANT','Undertime grant',0),(319,10,'UT','UT-MAXIMUM-FILING-MONTH','Maximum no. of filing within a month',0),(320,10,'UT','UT-MINIMUM-FILING-MINUTES','Minimum no. of minutes to allow filling',0),(321,10,'UT','UT-MAXIMUM-FILING-MINUTES','Maximum no. of minutes to allow filling',0),(322,10,'UT','UT-WORKING-DAYS','Accept only working days',0),(323,10,'UT','UT-FILING-WITHIN-SHIFT','Filing within shift only',0),(324,10,'UT','UT-LATE-FILING-CUTOFF','Undertime late filing allowable cut-off ',0),(325,10,'UT','UT-LATE-FILING-DAYS','Undertime late filing allowable days',0),(326,10,'UT','UT-LATE-FILING-NOT-ALLOWED','Undertime late filing not allowed',0),(327,10,'UT','UT-LATE-FILING-WITHIN-CUTOFF','Undertime late filing allowed within cut-off ',0),(328,10,'UT','UT-ADVANCE-FILING-CUTOFF','Undertime advance filing allowable cut-off ',0),(329,10,'UT','UT-ADVANCE-FILING-DAYS','Undertime advance filing allowable days',0),(330,10,'UT','UT-ADVANCE-FILING-NOT-ALLOWED','Undertime advance filing not allowed',0),(331,10,'UT','UT-ADVANCE-FILING-WITHIN-CUTOFF','Undertime advance filing allowed within cut-off ',0),(332,10,'UT','UT-LATE-APPROVAL-CUTOFF','Undertime late approval allowable cut-off ',0),(333,10,'UT','UT-LATE-APPROVAL-DAYS','Undertime late approval allowable days',0),(334,10,'UT','UT-LATE-APPROVAL-NOT-ALLOWED','Undertime late approval not allowed',0),(335,10,'UT','UT-LATE-APPROVAL-WITHIN-CUTOFF','Undertime late approval allowed within cut-off ',0),(336,10,'UT','UT-ADVANCE-APPROVAL-CUTOFF','Undertime advance approval allowable cut-off ',0),(337,10,'UT','UT-ADVANCE-APPROVAL-DAYS','Undertime advance approval allowable days',0),(338,10,'UT','UT-ADVANCE-APPROVAL-NOT-ALLOWED','Undertime advance approval not allowed',0),(339,10,'UT','UT-ADVANCE-APPROVAL-WITHIN-CUTOFF','Undertime advance approval allowed within cut-off ',0),(340,10,'UT','UT-LATE-CANCELLATION-CUTOFF','Undertime late cancellation allowable cut-off ',0),(341,10,'UT','UT-LATE-CANCELLATION-DAYS','Undertime late cancellation allowable days',0),(342,10,'UT','UT-LATE-CANCELLATION-NOT-ALLOWED','Undertime late cancellation not allowed',0),(343,10,'UT','UT-LATE-CANCELLATION-WITHIN-CUTOFF','Undertime late cancellation allowed within cut-off ',0),(344,10,'UT','UT-ADVANCE-CANCELLATION-CUTOFF','Undertime advance cancellation allowable cut-off ',0),(345,10,'UT','UT-ADVANCE-CANCELLATION-DAYS','Undertime advance cancellation allowable days',0),(346,10,'UT','UT-ADVANCE-CANCELLATION-NOT-ALLOWED','Undertime advance cancellation not allowed',0),(347,10,'UT','UT-ADVANCE-CANCELLATION-WITHIN-CUTOFF','Undertime advance cancellation allowed within cut-off ',0),(348,11,'DTRP','DTRP-GRANT','DTRP grant',0),(349,11,'DTRP','DTRP-MAXIMUM-FILING-MONTH','Maximum no. of filing within a month',0),(350,11,'DTRP','DTRP-MINIMUM-FILING-MINUTES','Minimum no. of minutes to allow filling',0),(351,11,'DTRP','DTRP-MAXIMUM-FILING-MINUTES','Maximum no. of minutes to allow filling',0),(352,11,'DTRP','DTRP-WORKING-DAYS','Accept only working days',0),(353,11,'DTRP','DTRP-FILING-WITHIN-SHIFT','Filing within shift only',0),(354,11,'DTRP','DTRP-LATE-FILING-CUTOFF','DTRP late filing allowable cut-off ',0),(355,11,'DTRP','DTRP-LATE-FILING-DAYS','DTRP late filing allowable days',0),(356,11,'DTRP','DTRP-LATE-FILING-NOT-ALLOWED','DTRP late filing not allowed',0),(357,11,'DTRP','DTRP-LATE-FILING-WITHIN-CUTOFF','DTRP late filing allowed within cut-off ',0),(358,11,'DTRP','DTRP-ADVANCE-FILING-CUTOFF','DTRP advance filing allowable cut-off ',0),(359,11,'DTRP','DTRP-ADVANCE-FILING-DAYS','DTRP advance filing allowable days',0),(360,11,'DTRP','DTRP-ADVANCE-FILING-NOT-ALLOWED','DTRP advance filing not allowed',0),(361,11,'DTRP','DTRP-ADVANCE-FILING-WITHIN-CUTOFF','DTRP advance filing allowed within cut-off ',0),(362,11,'DTRP','DTRP-LATE-APPROVAL-CUTOFF','DTRP late approval allowable cut-off ',0),(363,11,'DTRP','DTRP-LATE-APPROVAL-DAYS','DTRP late approval allowable days',0),(364,11,'DTRP','DTRP-LATE-APPROVAL-NOT-ALLOWED','DTRP late approval not allowed',0),(365,11,'DTRP','DTRP-LATE-APPROVAL-WITHIN-CUTOFF','DTRP late approval allowed within cut-off ',0),(366,11,'DTRP','DTRP-ADVANCE-APPROVAL-CUTOFF','DTRP advance approval allowable cut-off ',0),(367,11,'DTRP','DTRP-ADVANCE-APPROVAL-DAYS','DTRP advance approval allowable days',0),(368,11,'DTRP','DTRP-ADVANCE-APPROVAL-NOT-ALLOWED','DTRP advance approval not allowed',0),(369,11,'DTRP','DTRP-ADVANCE-APPROVAL-WITHIN-CUTOFF','DTRP advance approval allowed within cut-off ',0),(370,11,'DTRP','DTRP-LATE-CANCELLATION-CUTOFF','DTRP late cancellation allowable cut-off ',0),(371,11,'DTRP','DTRP-LATE-CANCELLATION-DAYS','DTRP late cancellation allowable days',0),(372,11,'DTRP','DTRP-LATE-CANCELLATION-NOT-ALLOWED','DTRP late cancellation not allowed',0),(373,11,'DTRP','DTRP-LATE-CANCELLATION-WITHIN-CUTOFF','DTRP late cancellation allowed within cut-off ',0),(374,11,'DTRP','DTRP-ADVANCE-CANCELLATION-CUTOFF','DTRP advance cancellation allowable cut-off ',0),(375,11,'DTRP','DTRP-ADVANCE-CANCELLATION-DAYS','DTRP advance cancellation allowable days',0),(376,11,'DTRP','DTRP-ADVANCE-CANCELLATION-NOT-ALLOWED','DTRP advance cancellation not allowed',0),(377,11,'DTRP','DTRP-ADVANCE-CANCELLATION-WITHIN-CUTOFF','DTRP advance cancellation allowed within cut-off ',0),(378,12,'CWS','CWS-GRANT','CWS grant',0),(379,12,'CWS','CWS-MAXIMUM-FILING-MONTH','Maximum no. of filing within a month',0),(380,12,'CWS','CWS-MINIMUM-FILING-MINUTES','Minimum no. of minutes to allow filling',0),(381,12,'CWS','CWS-MAXIMUM-FILING-MINUTES','Maximum no. of minutes to allow filling',0),(382,12,'CWS','CWS-WORKING-DAYS','Accept only working days',0),(383,12,'CWS','CWS-FILING-WITHIN-SHIFT','Filing within shift only',0),(384,12,'CWS','CWS-LATE-FILING-CUTOFF','CWS late filing allowable cut-off ',0),(385,12,'CWS','CWS-LATE-FILING-DAYS','CWS late filing allowable days',0),(386,12,'CWS','CWS-LATE-FILING-NOT-ALLOWED','CWS late filing not allowed',0),(387,12,'CWS','CWS-LATE-FILING-WITHIN-CUTOFF','CWS late filing allowed within cut-off ',0),(388,12,'CWS','CWS-ADVANCE-FILING-CUTOFF','CWS advance filing allowable cut-off ',0),(389,12,'CWS','CWS-ADVANCE-FILING-DAYS','CWS advance filing allowable days',0),(390,12,'CWS','CWS-ADVANCE-FILING-NOT-ALLOWED','CWS advance filing not allowed',0),(391,12,'CWS','CWS-ADVANCE-FILING-WITHIN-CUTOFF','CWS advance filing allowed within cut-off ',0),(392,12,'CWS','CWS-LATE-APPROVAL-CUTOFF','CWS late approval allowable cut-off ',0),(393,12,'CWS','CWS-LATE-APPROVAL-DAYS','CWS late approval allowable days',0),(394,12,'CWS','CWS-LATE-APPROVAL-NOT-ALLOWED','CWS late approval not allowed',0),(395,12,'CWS','CWS-LATE-APPROVAL-WITHIN-CUTOFF','CWS late approval allowed within cut-off ',0),(396,12,'CWS','CWS-ADVANCE-APPROVAL-CUTOFF','CWS advance approval allowable cut-off ',0),(397,12,'CWS','CWS-ADVANCE-APPROVAL-DAYS','CWS advance approval allowable days',0),(398,12,'CWS','CWS-ADVANCE-APPROVAL-NOT-ALLOWED','CWS advance approval not allowed',0),(399,12,'CWS','CWS-ADVANCE-APPROVAL-WITHIN-CUTOFF','CWS advance approval allowed within cut-off ',0),(400,12,'CWS','CWS-LATE-CANCELLATION-CUTOFF','CWS late cancellation allowable cut-off ',0),(401,12,'CWS','CWS-LATE-CANCELLATION-DAYS','CWS late cancellation allowable days',0),(402,12,'CWS','CWS-LATE-CANCELLATION-NOT-ALLOWED','CWS late cancellation not allowed',0),(403,12,'CWS','CWS-LATE-CANCELLATION-WITHIN-CUTOFF','CWS late cancellation allowed within cut-off ',0),(404,12,'CWS','CWS-ADVANCE-CANCELLATION-CUTOFF','CWS advance cancellation allowable cut-off ',0),(405,12,'CWS','CWS-ADVANCE-CANCELLATION-DAYS','CWS advance cancellation allowable days',0),(406,12,'CWS','CWS-ADVANCE-CANCELLATION-NOT-ALLOWED','CWS advance cancellation not allowed',0),(407,12,'CWS','CWS-ADVANCE-CANCELLATION-WITHIN-CUTOFF','CWS advance cancellation allowed within cut-off ',0),(408,15,'ET','ET-GRANT','Excused tardiness grant',0),(409,15,'ET','ET-MAXIMUM-FILING-MONTH','Maximum no. of filing within a month',0),(410,15,'ET','ET-MINIMUM-FILING-MINUTES','Minimum no. of minutes to allow filling',0),(411,15,'ET','ET-MAXIMUM-FILING-MINUTES','Maximum no. of minutes to allow filling',0),(412,15,'ET','ET-WORKING-DAYS','Accept only working days',0),(413,15,'ET','ET-FILING-WITHIN-SHIFT','Filing within shift only',0),(414,15,'ET','ET-LATE-FILING-CUTOFF','Excused tardiness late filing allowable cut-off ',0),(415,15,'ET','ET-LATE-FILING-DAYS','Excused tardiness late filing allowable days',0),(416,15,'ET','ET-LATE-FILING-NOT-ALLOWED','Excused tardiness late filing not allowed',0),(417,15,'ET','ET-LATE-FILING-WITHIN-CUTOFF','Excused tardiness late filing allowed within cut-off ',0),(418,15,'ET','ET-ADVANCE-FILING-CUTOFF','Excused tardiness advance filing allowable cut-off ',0),(419,15,'ET','ET-ADVANCE-FILING-DAYS','Excused tardiness advance filing allowable days',0),(420,15,'ET','ET-ADVANCE-FILING-NOT-ALLOWED','Excused tardiness advance filing not allowed',0),(421,15,'ET','ET-ADVANCE-FILING-WITHIN-CUTOFF','Excused tardiness advance filing allowed within cut-off ',0),(422,15,'ET','ET-LATE-APPROVAL-CUTOFF','Excused tardiness late approval allowable cut-off ',0),(423,15,'ET','ET-LATE-APPROVAL-DAYS','Excused tardiness late approval allowable days',0),(424,15,'ET','ET-LATE-APPROVAL-NOT-ALLOWED','Excused tardiness late approval not allowed',0),(425,15,'ET','ET-LATE-APPROVAL-WITHIN-CUTOFF','Excused tardiness late approval allowed within cut-off ',0),(426,15,'ET','ET-ADVANCE-APPROVAL-CUTOFF','Excused tardiness advance approval allowable cut-off ',0),(427,15,'ET','ET-ADVANCE-APPROVAL-DAYS','Excused tardiness advance approval allowable days',0),(428,15,'ET','ET-ADVANCE-APPROVAL-NOT-ALLOWED','Excused tardiness advance approval not allowed',0),(429,15,'ET','ET-ADVANCE-APPROVAL-WITHIN-CUTOFF','Excused tardiness advance approval allowed within cut-off ',0),(430,15,'ET','ET-LATE-CANCELLATION-CUTOFF','Excused tardiness late cancellation allowable cut-off ',0),(431,15,'ET','ET-LATE-CANCELLATION-DAYS','Excused tardiness late cancellation allowable days',0),(432,15,'ET','ET-LATE-CANCELLATION-NOT-ALLOWED','Excused tardiness late cancellation not allowed',0),(433,15,'ET','ET-LATE-CANCELLATION-WITHIN-CUTOFF','Excused tardiness late cancellation allowed within cut-off ',0),(434,15,'ET','ET-ADVANCE-CANCELLATION-CUTOFF','Excused tardiness advance cancellation allowable cut-off ',0),(435,15,'ET','ET-ADVANCE-CANCELLATION-DAYS','Excused tardiness advance cancellation allowable days',0),(436,15,'ET','ET-ADVANCE-CANCELLATION-NOT-ALLOWED','Excused tardiness advance cancellation not allowed',0),(437,15,'ET','ET-ADVANCE-CANCELLATION-WITHIN-CUTOFF','Excused tardiness advance cancellation allowed within cut-off ',0),(438,9,'OT','OT-FILING-WITHIN-SHIFT','Filing within shift only',0),(439,12,'CWS','CWS-MAX-START-SHIFT','CWS maximum shift start',0),(440,1,'SL','SL-1-DAY-FILING-PRIOR','Required days before filing 1 day or less sick leave\r\n',0),(441,2,'VL','VL-1-DAY-FILING-PRIOR','Required days before filing 1 day or less vacation leave\r\n',0),(442,2,'VL','VL-MORE-THAN-A-DAY-FILING-PRIOR','Required days before filing more than 1 day vacation leave',0),(443,1,'SL','SL-UNSCHEDULED-LATE-FILING-HOURS','Required hours to file late/unscheduled sick leave',0),(444,2,'VL','VL-UNSCHEDULED-LATE-FILING-HOURS','Required hours to file late/unscheduled vacation leave',0),(445,1,'SL','SL-ALLOW-FILING-NO-CREDIT','Allow filing of sick leave with zero credit',0),(446,2,'VL','VL-ALLOW-FILING-NO-CREDIT','Allow filing of vacation leave with zero credit',0),(447,16,'SPL','SPL-GRANT','Solo Parent Leave grant',0),(448,16,'SPL','SPL-FILING-TENURE','Tenure to allow Solo Parent Leave filing',0),(449,16,'SPL','SPL-FILING-MAXIMUM-DAYS','Solo Parent Leave maximum allowable days',0),(450,16,'SPL','SPL-LATE-FILING-CUTOFF','Solo Parent Leave late filing allowable cut-off ',0),(451,16,'SPL','SPL-LATE-FILING-DAYS','Solo Parent Leave late filing allowable days',0),(452,16,'SPL','SPL-LATE-FILING-NOT-ALLOWED','Solo Parent Leave late filing not allowed',0),(453,16,'SPL','SPL-LATE-FILING-WITHIN-CUTOFF','Solo Parent Leave late filing allowed within cut-off ',0),(454,16,'SPL','SPL-ADVANCE-FILING-CUTOFF','Solo Parent Leave advance filing allowable cut-off ',0),(455,16,'SPL','SPL-ADVANCE-FILING-DAYS','Solo Parent Leave advance filing allowable days',0),(456,16,'SPL','SPL-ADVANCE-FILING-NOT-ALLOWED','Solo Parent Leave advance filing not allowed',0),(457,16,'SPL','SPL-ADVANCE-FILING-WITHIN-CUTOFF','Solo Parent Leave advance filing allowed within cut-off ',0),(458,16,'SPL','SPL-REQUIRE-ATTACHMENT-DAYS','No. of days to require attachment',0),(459,16,'SPL','SPL-HR-VALIDATION-DAYS','No. of days to undergo HR validation',0),(460,16,'SPL','SPL-LATE-APPROVAL-CUTOFF','Solo Parent Leave late approval allowable cut-off ',0),(461,16,'SPL','SPL-LATE-APPROVAL-DAYS','Solo Parent Leave late approval allowable days',0),(462,16,'SPL','SPL-LATE-APPROVAL-NOT-ALLOWED','Solo Parent Leave late approval not allowed',0),(463,16,'SPL','SPL-LATE-APPROVAL-WITHIN-CUTOFF','Solo Parent Leave late approval allowed within cut-off ',0),(464,16,'SPL','SPL-ADVANCE-APPROVAL-CUTOFF','Solo Parent Leave advance approval allowable cut-off ',0),(465,16,'SPL','SPL-ADVANCE-APPROVAL-DAYS','Solo Parent Leave advance approval allowable days',0),(466,16,'SPL','SPL-ADVANCE-APPROVAL-NOT-ALLOWED','Solo Parent Leave advance approval not allowed',0),(467,16,'SPL','SPL-ADVANCE-APPROVAL-WITHIN-CUTOFF','Solo Parent Leave advance approval allowed within cut-off ',0),(468,16,'SPL','SPL-LATE-CANCELLATION-CUTOFF','Solo Parent Leave late cancellation allowable cut-off ',0),(469,16,'SPL','SPL-LATE-CANCELLATION-DAYS','Solo Parent Leave late cancellation allowable days',0),(470,16,'SPL','SPL-LATE-CANCELLATION-NOT-ALLOWED','Solo Parent Leave late cancellation not allowed',0),(471,16,'SPL','SPL-LATE-CANCELLATION-WITHIN-CUTOFF','Solo Parent Leave late cancellation allowed within cut-off',0),(472,16,'SPL','SPL-ADVANCE-CANCELLATION-CUTOFF','Solo Parent Leave advance cancellation allowable cut-off ',0),(473,16,'SPL','SPL-ADVANCE-CANCELLATION-DAYS','Solo Parent Leave advance cancellation allowable days',0),(474,16,'SPL','SPL-ADVANCE-CANCELLATION-NOT-ALLOWED','Solo Parent Leave advance cancellation not allowed',0),(475,16,'SPL','SPL-ADVANCE-CANCELLATION-WITHIN-CUTOFF','Solo Parent Leave advance cancellation allowed within cut-off',0),(476,16,'SPL','SPL-FILING-PRIOR','Required days before solo parent leave',0),(477,16,'SPL','SPL-ALLOWABLE-DAYS-YEARLY','Maximum number of days allowable to file in a year',0),(478,17,'VVL','VVL-GRANT','Victim of Violence Leave grant',0),(479,17,'VVL','VVL-FILING-TENURE','Tenure to allow Victim of Violence Leave filing',0),(480,17,'VVL','VVL-FILING-MAXIMUM-DAYS','Victim of Violence Leave maximum allowable days',0),(481,17,'VVL','VVL-LATE-FILING-CUTOFF','Victim of Violence Leave late filing allowable cut-off ',0),(482,17,'VVL','VVL-LATE-FILING-DAYS','Victim of Violence Leave late filing allowable days',0),(483,17,'VVL','VVL-LATE-FILING-NOT-ALLOWED','Victim of Violence Leave late filing not allowed',0),(484,17,'VVL','VVL-LATE-FILING-WITHIN-CUTOFF','Victim of Violence Leave late filing allowed within cut-off ',0),(485,17,'VVL','VVL-ADVANCE-FILING-CUTOFF','Victim of Violence Leave advance filing allowable cut-off ',0),(486,17,'VVL','VVL-ADVANCE-FILING-DAYS','Victim of Violence Leave advance filing allowable days',0),(487,17,'VVL','VVL-ADVANCE-FILING-NOT-ALLOWED','Victim of Violence Leave advance filing not allowed',0),(488,17,'VVL','VVL-ADVANCE-FILING-WITHIN-CUTOFF','Victim of Violence Leave advance filing allowed within cut-off ',0),(489,17,'VVL','VVL-REQUIRE-ATTACHMENT-DAYS','No. of days to require attachment',0),(490,17,'VVL','VVL-HR-VALIDATION-DAYS','No. of days to undergo HR validation',0),(491,17,'VVL','VVL-LATE-APPROVAL-CUTOFF','Victim of Violence Leave late approval allowable cut-off ',0),(492,17,'VVL','VVL-LATE-APPROVAL-DAYS','Victim of Violence Leave late approval allowable days',0),(493,17,'VVL','VVL-LATE-APPROVAL-NOT-ALLOWED','Victim of Violence Leave late approval not allowed',0),(494,17,'VVL','VVL-LATE-APPROVAL-WITHIN-CUTOFF','Victim of Violence Leave late approval allowed within cut-off ',0),(495,17,'VVL','VVL-ADVANCE-APPROVAL-CUTOFF','Victim of Violence Leave advance approval allowable cut-off ',0),(496,17,'VVL','VVL-ADVANCE-APPROVAL-DAYS','Victim of Violence Leave advance approval allowable days',0),(497,17,'VVL','VVL-ADVANCE-APPROVAL-NOT-ALLOWED','Victim of Violence Leave advance approval not allowed',0),(498,17,'VVL','VVL-ADVANCE-APPROVAL-WITHIN-CUTOFF','Victim of Violence Leave advance approval allowed within cut-off ',0),(499,17,'VVL','VVL-LATE-CANCELLATION-CUTOFF','Victim of Violence Leave late cancellation allowable cut-off ',0),(500,17,'VVL','VVL-LATE-CANCELLATION-DAYS','Victim of Violence Leave late cancellation allowable days',0),(501,17,'VVL','VVL-LATE-CANCELLATION-NOT-ALLOWED','Victim of Violence Leave late cancellation not allowed',0),(502,17,'VVL','VVL-LATE-CANCELLATION-WITHIN-CUTOFF','Victim of Violence Leave late cancellation allowed within cut-off',0),(503,17,'VVL','VVL-ADVANCE-CANCELLATION-CUTOFF','Victim of Violence Leave advance cancellation allowable cut-off ',0),(504,17,'VVL','VVL-ADVANCE-CANCELLATION-DAYS','Victim of Violence Leave advance cancellation allowable days',0),(505,17,'VVL','VVL-ADVANCE-CANCELLATION-NOT-ALLOWED','Victim of Violence Leave advance cancellation not allowed',0),(506,17,'VVL','VVL-ADVANCE-CANCELLATION-WITHIN-CUTOFF','Victim of Violence Leave advance cancellation allowed within cut-off',0),(507,17,'VVL','VVL-FILING-PRIOR','Required days before Victim of Violence leave',0),(508,17,'VVL','VVL-ALLOWABLE-DAYS-YEARLY','Maximum number of days allowable to file in a year',0),(509,14,'SLW','SLW-ALLOW-FILING-NO-CREDIT','Allow filing of Special Leave for Women with zero credit',0),(510,16,'SPL','SPL-ALLOW-FILING-NO-CREDIT','Allow filing of Solo Parent Leave with zero credit',0),(511,17,'VVL','VVL-ALLOW-FILING-NO-CREDIT','Allow filing of Victim of Violence Leave with zero credit',0),(512,14,'SLW','SLW-FILING-PRIOR','Required days before filing Special Leave for Women',0),(581,8,'OBT','OBT-ACCOUNTING-EMAILS','Emails of users that will process the obt after final approval',0),(582,20,'ADDL','ADDL-GRANT','Extra Day Off grant',0),(583,20,'ADDL','ADDL-MINIMUM-FILING-MINUTES','Minimum no. of minutes to allow filling',0),(584,20,'ADDL','ADDL-ALLOW-LEAVE-CONVERSION','Enable/disable ADDL hours leave conversion',0),(585,20,'ADDL','ADDL-TYPE-LEAVE-CONVERSION','ADDL type to process leave conversion',0),(586,20,'ADDL','ADDL-CONVERSION-LEAVE-TYPE','Add leave credit to this leave type (code)',0),(587,20,'ADDL','ADDL-HOURS-FOR-ONE-DAY-LEAVE','Required hours to earn whole day leave credit',0),(588,20,'ADDL','ADDL-HOURS-FOR-HALF-DAY-LEAVE','Required hours to earn half day leave credit',0),(589,20,'ADDL','ADDL-TYPE-TO-CHECK-LEAVE-CREDIT','ADDL type to check leave credit',0),(590,20,'ADDL','ADDL-ALLOW-FILING-NO-CREDIT','Allow filing of Extra Day Off with zero credit',0),(591,20,'ADDL','ADDL-LEAVE-EXPIRATION-DAYS','number of days before expiration of leave credit',0),(592,20,'ADDL','ADDL-LEAVE-EXPIRATION-FIELD','first basis of leave application',0),(593,20,'ADDL','ADDL-LATE-CANCELLATION-WITHIN-CUTOFF',NULL,0),(594,20,'ADDL','ADDL-HR-VALIDATION-EMAILS',NULL,0),(595,20,'ADDL','ADDL-MINIMUM-FILING-DAYS-FOR-EXPIRY','Minimum days of filing before anniversary date to assign addl expiration',0),(596,19,'SIL','SIL-GRANT','Service Incentive leave grant',0),(597,19,'SIL','SIL-FILING-TENURE','Tenure to allow Service Incentive leave filing',0),(598,19,'SIL','SIL-FILING-MAXIMUM-DAYS','Service Incentive leave maximum allowable days',0),(599,19,'SIL','SIL-LATE-FILING-CUTOFF','Service Incentive leave late filing allowable cut-off ',0),(600,19,'SIL','SIL-LATE-FILING-DAYS','Service Incentive leave late filing allowable days',0),(601,19,'SIL','SIL-LATE-FILING-NOT-ALLOWED','Service Incentive leave late filing not allowed',0),(602,19,'SIL','SIL-LATE-FILING-WITHIN-CUTOFF','Service Incentive leave late filing allowed within cut-off ',0),(603,19,'SIL','SIL-ADVANCE-FILING-CUTOFF','Service Incentive leave advance filing allowable cut-off ',0),(604,19,'SIL','SIL-ADVANCE-FILING-DAYS','Service Incentive leave advance filing allowable days',0),(605,19,'SIL','SIL-ADVANCE-FILING-NOT-ALLOWED','Service Incentive leave advance filing not allowed',0),(606,19,'SIL','SIL-ADVANCE-FILING-WITHIN-CUTOFF','Service Incentive leave advance filing allowed within cut-off ',0),(607,19,'SIL','SIL-REQUIRE-ATTACHMENT-DAYS','No. of days to require attachment',0),(608,19,'SIL','SIL-HR-VALIDATION-DAYS','No. of days to undergo HR validation',0),(609,19,'SIL','SIL-LATE-APPROVAL-CUTOFF','Service Incentive leave late approval allowable cut-off ',0),(610,19,'SIL','SIL-LATE-APPROVAL-DAYS','Service Incentive leave late approval allowable days',0),(611,19,'SIL','SIL-LATE-APPROVAL-NOT-ALLOWED','Service Incentive leave late approval not allowed',0),(612,19,'SIL','SIL-LATE-APPROVAL-WITHIN-CUTOFF','Service Incentive leave late approval allowed within cut-off ',0),(613,19,'SIL','SIL-ADVANCE-APPROVAL-CUTOFF','Service Incentive leave advance approval allowable cut-off ',0),(614,19,'SIL','SIL-ADVANCE-APPROVAL-DAYS','Service Incentive leave advance approval allowable days',0),(615,19,'SIL','SIL-ADVANCE-APPROVAL-NOT-ALLOWED','Service Incentive leave advance approval not allowed',0),(616,19,'SIL','SIL-ADVANCE-APPROVAL-WITHIN-CUTOFF','Service Incentive leave advance approval allowed within cut-off ',0),(617,19,'SIL','SIL-LATE-CANCELLATION-CUTOFF','Service Incentive leave late cancellation allowable cut-off ',0),(618,19,'SIL','SIL-LATE-CANCELLATION-DAYS','Service Incentive leave late cancellation allowable days',0),(619,19,'SIL','SIL-LATE-CANCELLATION-NOT-ALLOWED','Service Incentive leave late cancellation not allowed',0),(620,19,'SIL','SIL-LATE-CANCELLATION-WITHIN-CUTOFF','Service Incentive leave late cancellation allowed within cut-off ',0),(621,19,'SIL','SIL-ADVANCE-CANCELLATION-CUTOFF','Service Incentive leave advance cancellation allowable cut-off ',0),(622,19,'SIL','SIL-ADVANCE-CANCELLATION-DAYS','Service Incentive leave advance cancellation allowable days',0),(623,19,'SIL','SIL-ADVANCE-CANCELLATION-NOT-ALLOWED','Service Incentive leave advance cancellation not allowed',0),(624,19,'SIL','SIL-ADVANCE-CANCELLATION-WITHIN-CUTOFF','Service Incentive leave advance cancellation allowed within cut-off',0);

/*Data for the table `ww_time_form_class_policy` */

insert  into `ww_time_form_class_policy`(`id`,`class_id`,`class_value`,`description`,`severity`,`company_id`,`employment_status_id`,`employment_type_id`,`role_id`,`division_id`,`department_id`,`group_id`,`project_id`,`created_by`,`created_on`,`modified_by`,`modified_on`,`deleted`) values (1,348,'YES','DTRP grant','Warning','1,2,3,4','1,2,3,4,5,6','1,2,3,4,5,6,9,10','ALL','ALL','ALL','ALL','ALL',0,'2014-06-19 06:35:59',46,'2016-09-01 14:43:26',0),(2,349,'3','Maximum no. of filing within a month','Warning','1,2,3,4','ALL','ALL','ALL','ALL','ALL','ALL','ALL',0,'2014-06-19 06:35:59',46,'2016-09-01 14:49:25',0),(4,354,'2','DTRP late filing allowable cut-off ','Warning','1,2,3,4,5,6,7,8','ALL','ALL','ALL','ALL','ALL','ALL','ALL',0,'2014-06-19 06:35:59',0,NULL,0),(5,355,'3','DTRP late filing allowable days','Warning','1,2,3,4','ALL','ALL','ALL','ALL','ALL','ALL','ALL',0,'2014-06-19 06:35:59',46,'2016-09-01 14:48:01',0),(6,362,'2','DTRP late approval allowable cut-off','Warning','1,2,3,4','ALL','ALL','ALL','ALL','ALL','ALL','ALL',0,'2014-06-19 06:35:59',46,'2016-09-01 14:45:41',0),(7,366,'2','DTRP advance approval allowable cut-off','Warning','1,2,3,4','ALL','ALL','ALL','ALL','ALL','ALL','ALL',0,'2014-06-19 06:35:59',46,'2016-09-01 14:42:07',0),(10,378,'YES','CWS grant','Warning','1,2,3,4','1,2','1,2,3,4,5,6,9,10,16,17,18','ALL','1,2,3,4,5,6,7,8,9,10,11,12,13,14,15,16,17,18,19,21','1,2,4,5,6,7,8,9,10,11,12,13,14,15,16,17,18,19,20,21,22,23,24,25,26,27,28,29,30,31,32,33,35,36,37,38,39,40,41','ALL','ALL',0,'2014-06-19 06:35:59',46,'2016-09-01 14:21:53',0),(11,379,'999','Maximum no. of filing within a month','Strict Compliance','1,2,3,4','1,2,3,4,5,6,12','4,5,6,9,10','ALL','ALL','ALL','ALL','ALL',0,'2014-06-19 06:35:59',46,'2016-09-01 14:27:23',0),(12,386,'YES','CWS late filing not allowed','Warning','1,2,3,4','1,2,3,4,5,6,12','4,5,6,9,10','ALL','ALL','ALL','ALL','ALL',0,'2014-06-19 06:35:59',46,'2016-09-01 14:26:24',0),(13,388,'2','CWS advance filing allowable cut-off','Warning','1,2,3,4','1,2','4,5,6,9,10','ALL','ALL','ALL','ALL','ALL',0,'2014-06-19 06:35:59',46,'2016-09-01 14:20:59',0),(14,392,'2','Allowed approval is only payroll cut-off','Warning','1,2,3,4','1,2,3,4,5,6,12','4,5,6,9,10','ALL','ALL','ALL','ALL','ALL',0,'2014-06-19 06:35:59',46,'2016-09-01 14:22:42',0),(15,396,'2','CWS advance approval allowable cut-off','Warning','1,2,3,4','1,2,3,4,5,6,12','4,5,6,9,10','ALL','ALL','ALL','ALL','ALL',0,'2014-06-19 06:35:59',46,'2016-09-01 14:19:00',0),(18,439,'0','CWS maximum shift start','Warning','1,2,3,4','1,2,3,4,5,6,12','4,5,6,9,10','ALL','ALL','ALL','ALL','ALL',0,'2014-06-19 06:35:59',1,'2016-08-02 18:45:18',0),(19,318,'YES','Undertime grant','Strict Compliance','1,2,3,4','1,2,3,4,5,6,12','1,2,3,4,5,6,9,10','ALL','ALL','ALL','ALL','ALL',0,'2014-06-19 06:35:59',46,'2016-09-01 15:46:04',0),(20,321,'60','Maximum no. of minutes to allow filling','Warning','1,2,3,4','ALL','ALL','ALL','ALL','ALL','ALL','ALL',0,'2014-06-19 06:35:59',46,'2016-09-01 15:47:56',0),(21,322,'YES','Accept only working days','Strict Compliance','1,2,3,4','ALL','ALL','ALL','ALL','ALL','ALL','ALL',0,'2014-06-19 06:35:59',46,'2016-09-01 15:48:36',0),(22,323,'YES','Filing within shift only','Strict Compliance','1,2,3,4','ALL','ALL','ALL','ALL','ALL','ALL','ALL',0,'2014-06-19 06:35:59',46,'2016-09-01 15:45:26',0),(23,324,'2','Undertime late filing allowable cut-off ','Warning','1,2,3,4,5,6,7,8','ALL','ALL','ALL','ALL','ALL','ALL','ALL',0,'2014-06-19 06:35:59',0,NULL,0),(24,328,'2','Undertime advance filing allowable cut-off ','Warning','1,2,3,4,5,6,7,8','ALL','ALL','ALL','ALL','ALL','ALL','ALL',0,'2014-06-19 06:35:59',0,NULL,0),(25,332,'2','Undertime late approval allowable cut-off','Warning','1,2,3,4','ALL','ALL','ALL','ALL','ALL','ALL','ALL',0,'2014-06-19 06:35:59',46,'2016-09-01 15:46:40',0),(26,336,'2','Undertime advance approval allowable cut-off','Warning','1,2,3,4','ALL','ALL','ALL','ALL','ALL','ALL','ALL',0,'2014-06-19 06:35:59',46,'2016-09-01 15:44:32',0),(29,408,'NO','Excused tardiness grant','Strict Compliance','1','ALL','ALL','ALL','ALL','ALL','ALL','ALL',0,'2014-06-19 06:35:59',46,'2016-08-03 20:28:10',0),(30,413,'YES','Filing within shift only','Strict Compliance','1,2,3,4,5,6,7,8','ALL','ALL','ALL','ALL','ALL','ALL','ALL',0,'2014-06-19 06:35:59',0,NULL,0),(31,414,'2','Excused tardiness late filing allowable cut-off ','Warning','1,2,3,4,5,6,7,8','ALL','ALL','ALL','ALL','ALL','ALL','ALL',0,'2014-06-19 06:35:59',0,NULL,0),(32,418,'2','Excused tardiness advance filing allowable cut-off ','Warning','1,2,3,4,5,6,7,8','ALL','ALL','ALL','ALL','ALL','ALL','ALL',0,'2014-06-19 06:35:59',0,NULL,0),(33,422,'2','Excused tardiness late approval allowable cut-off ','Warning','1,2,3,4,5,6,7,8','ALL','ALL','ALL','ALL','ALL','ALL','ALL',0,'2014-06-19 06:35:59',0,NULL,0),(34,426,'2','Excused tardiness advance approval allowable cut-off ','Warning','1,2,3,4,5,6,7,8','ALL','ALL','ALL','ALL','ALL','ALL','ALL',0,'2014-06-19 06:35:59',0,NULL,0),(37,262,'YES','Official business trip grant','Warning','1,2,3,4','1,2,3,4','1,2,3,4,5,6,9,10,16,17,18','ALL','1,2,3,4,5,6,7,8,9,10,11,12,13,14,15,16,17,18,19,21,22','1,2,3,4,5,6,7,8,9,10,11,12,13,14,15,16,17,18,19,20,21,22,23,24,25,26,27,28,29,30,31,32,33,35,36,37,38,39,40,41,42','ALL','ALL',0,'2014-06-19 06:35:59',1,'2016-09-06 13:00:19',0),(39,269,'2','Official business trip advance filing allowable cut-off','Warning','1,2,3,4','1,2,3,4,5,6,7,8,9,10,11,12,13,25','1,2,3,4,5,6,9,10,16,17,18','ALL','1,2,3,4,5,6,7,8,9,10,11,12,13,14,15,16,17,18,19,21','1,2,3,4,5,6,7,8,9,10,11,12,13,14,15,16,17,18,19,20,21,22,23,24,25,26,27,28,29,30,31,32,33,35,36,37,38,39,40,41','ALL','ALL',0,'2014-06-19 06:35:59',46,'2016-09-01 14:12:16',0),(40,273,'4','Official business trip late approval allowable cut-off','Warning','1,2,3,4','1,2,3,4,5,6','1,2,3,4,5,6','ALL','1,2,3,4,5,6,7,8,9,10,11,12,13,14,15,16,17,18,19,21','1,2,3,4,5,6,7,8,9,10,11,12,13,14,15,16,17,18,19,20,21,22,23,24,25,26,27,28,29,30,31,32,33,35,36,37,38,39,40,41','ALL','ALL',0,'2014-06-19 06:35:59',46,'2016-09-01 14:13:26',0),(41,277,'2','Official business trip advance approval allowable cut-off','Warning','1,2,3,4','1,2,3,4,5,6','1,2,3,4,5,6,9,10,16,17,18','ALL','1,2,3,4,5,6,7,8,9,10,11,12,13,14,15,16,17,18,19,21','1,2,3,4,5,6,7,8,9,10,11,12,13,14,15,16,17,18,19,20,21,22,23,24,25,26,27,28,29,30,31,32,33,35,36,37,38,39,40,41','ALL','ALL',0,'2014-06-19 06:35:59',1,'2016-09-01 14:13:18',0),(44,289,'YES','Overtime grant','Strict Compliance','1,2','1,2,3,4,5,6','1,2,3,4,5,6,9,10,16,17,18','ALL','ALL','ALL','ALL','ALL',0,'2014-06-19 06:35:59',1,'2016-12-01 16:21:21',0),(45,294,'2','Overtime late filing allowable cut-off','Warning','1,2,3,4','ALL','ALL','ALL','ALL','ALL','ALL','ALL',0,'2014-06-19 06:35:59',46,'2016-09-01 15:09:24',0),(46,298,'2','Overtime advance filing allowable cut-off','Warning','1,2,3,4','ALL','ALL','ALL','ALL','ALL','ALL','ALL',0,'2014-06-19 06:35:59',46,'2016-09-01 14:59:46',0),(47,302,'2','Overtime late approval allowable cut-off','Warning','1,2,3,4','ALL','ALL','ALL','ALL','ALL','ALL','ALL',0,'2014-06-19 06:35:59',46,'2016-09-01 15:03:29',0),(48,306,'2','Overtime advance approval allowable cut-off','Warning','1,2,3,4','ALL','ALL','ALL','ALL','ALL','ALL','ALL',0,'2014-06-19 06:35:59',46,'2016-09-01 14:57:28',0),(51,1,'YES','Sick leave grant','Strict Compliance','1,2,3,4','1,4,5','1,2,3,4,5,6,9,10,16,17,18','ALL','ALL','ALL','ALL','ALL',0,'2014-06-19 07:18:43',46,'2016-09-01 15:18:08',0),(52,30,'YES','Vacation leave grant','Strict Compliance','1,2,3,4','1,4,5','1,2,3,4,5,6,9,10,16,17,18','ALL','ALL','ALL','ALL','ALL',0,'2014-06-19 07:18:43',46,'2016-09-01 15:51:21',0),(53,59,'YES','Emergency leave grant','Strict Compliance','1,2,3,4','1','1,2,3,4,5,6,9,10','ALL','ALL','3','ALL','ALL',0,'2014-06-19 07:18:43',46,'2016-09-01 14:50:36',0),(54,88,'NO','Bereavement leave grant','Strict Compliance','1,2,3,4','1','1,2,3,4,5,6,9,10','ALL','ALL','ALL','ALL','ALL',0,'2014-06-19 07:18:43',46,'2016-08-04 14:48:54',0),(55,146,'YES','Paternity leave grant','Strict Compliance','1,2,3,4','1','1,2,3,4,5,6,9,10','ALL','ALL','ALL','ALL','ALL',0,'2014-06-19 07:18:43',46,'2016-09-01 15:12:06',0),(56,204,'NO','Birthday leave grant','Strict Compliance','1,2,3,4','1','1,2,3,4,5,6,9,10','ALL','ALL','ALL','ALL','ALL',0,'2014-06-19 07:18:43',46,'2016-08-04 15:35:00',0),(57,175,'YES','Leave w/o pay grant','Strict Compliance','1,2,3,4','1,2,3,4,5,6,12','1,2,3,4,5,6,9,10','ALL','ALL','ALL','ALL','ALL',0,'2014-06-19 07:26:24',46,'2016-09-01 14:53:21',0),(58,4,'2','Sick leave late filing allowable cut-off','Strict Compliance','1,2,3,4','1,4,5','ALL','ALL','ALL','ALL','ALL','ALL',0,'2014-06-19 07:28:33',46,'2016-09-01 15:30:20',0),(59,12,'2','No. of days to require attachment','Strict Compliance','1,2,3,4','1,4,5','ALL','ALL','ALL','ALL','ALL','ALL',0,'2014-06-19 07:28:33',46,'2016-09-01 15:30:59',0),(60,14,'2','Sick leave late approval allowable cut-off','Warning','1,2,3,4','1,4,5','ALL','ALL','ALL','ALL','ALL','ALL',0,'2014-06-19 07:28:33',46,'2016-09-01 15:22:48',0),(61,18,'2','Sick leave advance approval allowable cut-off','Warning','1,2,3,4','1,4,5','ALL','ALL','ALL','ALL','ALL','ALL',0,'2014-06-19 07:28:33',46,'2016-09-01 15:15:00',0),(63,24,'2','Sick leave late cancellation not allowed','Warning','1,2,3,4','1,4,12','ALL','ALL','ALL','ALL','ALL','ALL',0,'2014-06-19 07:28:33',46,'2016-09-01 15:28:16',0),(65,117,'YES','Maternity leave grant','Strict Compliance','1,2,3,4','1','1,2,3,4,5,6,9,10','ALL','ALL','ALL','ALL','ALL',0,'2014-06-20 01:01:28',46,'2016-09-01 14:54:52',0),(66,233,'YES','Special Leave for Women grant','Strict Compliance','1,2,3,4','1,2,3,4,5,6','1,2,3,4,5,6,9,10','ALL','ALL','ALL','ALL','ALL',0,'2014-06-20 01:01:46',46,'2016-09-01 15:41:52',0),(67,440,'0','Required days before filing 1 day or less sick leave','Warning','1,2,3,4','1','ALL','ALL','ALL','ALL','ALL','ALL',0,'2014-06-20 02:54:05',46,'2016-08-04 15:49:25',0),(68,441,'1','Required days before filing 1 day or less vacation leave','Strict Compliance','1,2,3,4','1,4,5','1,2,3,4,5,6,9,10,16','ALL','ALL','ALL','ALL','ALL',0,'2014-06-20 04:24:08',34,'2016-09-05 17:49:58',0),(69,442,'1','Required days before filing more than 1 day vacation leave','Warning','1,2,3,4','1,4,5','1,2,3,4,5,6,9,10,16','ALL','ALL','ALL','ALL','ALL',0,'2014-06-20 04:31:59',46,'2016-09-01 15:57:09',0),(70,443,'4','Required hours to file late/unscheduled sick leave','Warning','1,2,3,4','1,4,5','ALL','ALL','ALL','ALL','ALL','ALL',0,'2014-06-20 04:54:40',46,'2016-09-01 15:31:36',0),(71,444,'1','Required hours to file late/unscheduled vacation leave','Warning','1,2','1,4,5','1,2,3,4,5,6,9,10,16','ALL','ALL','ALL','ALL','ALL',0,'2014-06-20 04:54:45',2,'2016-11-03 10:32:11',0),(72,445,'NO','Allow filing of sick leave with zero credit','Strict Compliance','1,2,3,4,5,6,7,8','1','ALL','ALL','ALL','ALL','ALL','ALL',0,'2014-06-20 05:57:47',0,NULL,0),(73,446,'NO','Allow filing of vacation leave with zero credit','Strict Compliance','1,2,3,4','1,4,5','1,2,3,4,5,6,9,10','ALL','ALL','ALL','ALL','ALL',0,'2014-06-20 05:57:57',46,'2016-09-01 15:50:38',0),(74,99,'0','No. of days to require attachment','Warning','1,2,3,4,5,6,7,8','ALL','ALL','ALL','ALL','ALL','ALL','ALL',0,'2014-06-28 04:20:50',0,NULL,0),(75,25,'1','Allow/disallow cancellation of leave with cutoff','Strict Compliance','1,2,3,4','1,4,12','ALL','ALL','ALL','ALL','ALL','ALL',0,'2014-07-04 00:31:30',46,'2016-09-01 15:28:57',0),(76,54,'1','Allow/disallow','Strict Compliance','1,2,3,4','1,4,5','1,2,3,4,5,6,9,10','ALL','ALL','ALL','ALL','ALL',0,'2014-07-04 00:31:30',46,'2016-09-01 15:53:09',0),(77,83,'1','Emergency leave late cancellation allowed within cut-off','Strict Compliance','1','ALL','ALL','ALL','ALL','3','ALL','ALL',0,'2014-07-04 00:31:30',46,'2016-09-01 14:51:59',0),(78,112,'1','Bereavement leave late cancellation allowed within cut-off ','Strict Compliance','1,19','ALL','ALL','ALL','ALL','ALL','ALL','ALL',0,'2014-07-04 00:31:30',0,NULL,0),(79,141,'4','Maternity leave late cancellation allowed within cut-off','Strict Compliance','1,2,3,4','ALL','ALL','ALL','ALL','ALL','ALL','ALL',0,'2014-07-04 00:31:30',46,'2016-09-01 14:56:47',0),(80,170,'2','Paternity leave late cancellation allowed within cut-off','Strict Compliance','1,2,3,4','ALL','ALL','ALL','ALL','ALL','ALL','ALL',0,'2014-07-04 00:31:30',46,'2016-09-01 15:12:43',0),(81,199,'1','Leave w/o pay late cancellation allowed within cut-off','Strict Compliance','1,2,3,4','ALL','ALL','ALL','ALL','ALL','ALL','ALL',0,'2014-07-04 00:31:30',46,'2016-09-01 14:54:02',0),(82,228,'1','Birthday leave late cancellation allowed within cut-off ','Strict Compliance','1,19','ALL','ALL','ALL','ALL','ALL','ALL','ALL',0,'2014-07-04 00:31:30',0,NULL,0),(83,257,'1','Special Leave for Women late cancellation allowed within cut-off','Strict Compliance','1,2,3,4','ALL','ALL','ALL','ALL','ALL','ALL','ALL',0,'2014-07-04 00:31:30',46,'2016-09-01 15:41:17',0),(84,284,'1','Official business trip late cancellation allowed within cut-off','Strict Compliance','1,2,3,4','ALL','ALL','ALL','ALL','ALL','ALL','ALL',0,'2014-07-04 00:31:30',46,'2016-09-01 14:15:51',0),(85,313,'1','Overtime late cancellation allowed within cut-off','Strict Compliance','1,2,3,4','ALL','ALL','ALL','ALL','ALL','ALL','ALL',0,'2014-07-04 00:31:30',46,'2016-09-01 15:08:32',0),(86,343,'1','Undertime late cancellation allowed within cut-off','Strict Compliance','1,2,3,4','ALL','ALL','ALL','ALL','ALL','ALL','ALL',0,'2014-07-04 00:31:30',46,'2016-09-01 15:47:13',0),(87,373,'1','DTRP late cancellation allowed within cut-off ','Strict Compliance','1,19','ALL','ALL','ALL','ALL','ALL','ALL','ALL',0,'2014-07-04 00:31:30',0,NULL,0),(88,403,'1','CWS late cancellation allowed within cut-off','Strict Compliance','1,2,3,4','1,2,3,4,5,6,12','4,5,6,9,10','ALL','ALL','ALL','ALL','ALL',0,'2014-07-04 00:31:30',46,'2016-09-01 14:24:55',0),(89,433,'1','Excused tardiness late cancellation allowed within cut-off ','Strict Compliance','1,19','ALL','ALL','ALL','ALL','ALL','ALL','ALL',0,'2014-07-04 00:31:30',0,NULL,0),(90,291,'60','Minimum no. of minutes to allow filling','Strict Compliance','1,2,3,4','ALL','ALL','ALL','ALL','ALL','ALL','ALL',0,'2014-07-04 04:43:20',46,'2016-09-01 15:11:00',0),(91,90,'3','Bereavement leave maximum allowable days','Strict Compliance','1,2,3,4,5,6,7,8','1','ALL','ALL','ALL','ALL','ALL','ALL',0,'2014-07-05 02:31:55',0,NULL,0),(92,244,'0','SLW Require attachment','Strict Compliance','1,2,3,4','ALL','ALL','ALL','ALL','ALL','ALL','ALL',1,'2014-10-01 01:32:14',46,'2016-09-01 15:43:19',0),(94,447,'YES','Solo Parent Leave grant','Strict Compliance','1,2,3,4','1,4,5','1,2,3,4,5,6,9,10','ALL','ALL','ALL','ALL','ALL',1,'2014-10-01 02:07:07',46,'2016-09-01 15:37:24',0),(95,448,'12','Tenure to allow Solo Parent Leave filing','Strict Compliance','1,2,3,4','1','ALL','ALL','ALL','ALL','ALL','ALL',1,'2014-10-01 02:11:39',46,'2016-09-01 15:35:56',0),(97,476,'1','Required days before solo parent leave','Warning','1,2,3,4','1','ALL','ALL','ALL','ALL','ALL','ALL',1,'2014-10-01 02:41:30',46,'2016-09-01 15:35:09',0),(98,477,'7','Maximum number of days allowable to file in a year','Strict Compliance','1,2,3,4','1','ALL','ALL','ALL','ALL','ALL','ALL',1,'2014-10-01 02:57:05',46,'2016-09-01 15:34:18',0),(100,478,'YES','VVL Require attachment','Strict Compliance','1,2,3,4','1,2,3,4','4,5,6,10','ALL','ALL','ALL','ALL','ALL',1,'2014-10-01 01:32:14',46,'2016-09-01 15:59:50',0),(101,509,'NO','Allow filing of Special Leave for Women with zero credit','Strict Compliance','1,2,3,4,5,6,7,8','ALL','ALL','ALL','ALL','ALL','ALL','ALL',0,'2014-10-02 05:15:15',0,NULL,0),(102,507,'0','Should be filed 2 days prior','Strict Compliance','1,2,3,4','1,4,5','1,2,3,4,5,6,9,10,16','ALL','ALL','ALL','ALL','ALL',1,'2014-10-02 05:33:24',46,'2016-09-01 15:59:19',0),(103,489,'2','attachment required','Strict Compliance','1,2,3,4','1','1,2,3,4,5,6,9,10,16','ALL','ALL','ALL','ALL','ALL',1,'2014-10-02 05:34:37',46,'2016-09-01 16:00:36',0),(104,512,'0','','Warning','1,2,3,4','ALL','ALL','ALL','ALL','ALL','ALL','ALL',1,'2014-10-02 05:38:54',46,'2016-09-01 15:39:13',0),(105,13,'3','No. of days to undergo HR validation','Strict Compliance','1,2,3,4','1,4,5','1,2,3,4,5,6','ALL','ALL','ALL','ALL','ALL',27,'2016-02-11 09:39:14',46,'2016-09-01 15:22:04',0),(106,584,'YES','Enable/disable ADDL hours leave conversion','Strict Compliance','1,2,3,4','1,2,3,4,5,6','1,2,3,4,5,6,9,10,16,17,18','ALL','ALL','3','ALL','ALL',1,'2016-02-11 05:47:00',46,'2016-09-01 14:30:11',0),(107,590,'YES','Allow filing of Extra Day Off with zero credit','Strict Compliance','1,2,3,4','1,2,3,4,5,6','1,2,3,4,5,6,9,10,16,17,18','ALL','ALL','3','ALL','ALL',1,'2016-02-11 05:47:29',46,'2016-09-01 14:29:23',0),(108,586,'ADDL','Add leave credit to this leave type (code)','Strict Compliance','1,2,3,4','1,2,3,4,5,6','1,2,3,4,5,6,9,10,16,17,18','ALL','ALL','3','ALL','ALL',1,'2016-02-11 05:48:03',1,'2016-08-10 10:13:54',0),(109,588,'4','Required hours to earn half day leave credit','Strict Compliance','1,2,3,4','1,2,3,4,5,6','1,2,3,4,5,6,9,10,16,17,18','ALL','ALL','3','ALL','ALL',1,'2016-02-11 05:48:49',46,'2016-09-01 14:31:31',0),(110,587,'8','Required hours to earn whole day leave credit','Strict Compliance','1,2,3,4','1,2,3,4,5,6','1,2,3,4,5,6,9,10,16,17,18','ALL','ALL','3','ALL','ALL',1,'2016-02-11 05:49:04',46,'2016-09-01 14:32:04',0),(111,593,'1','','Strict Compliance','1,2,3,4','1,2,3,4,5,6','1,2,3,4,5,6,9,10,16,17,18','ALL','ALL','3','ALL','ALL',1,'2016-02-11 05:50:17',46,'2016-09-01 14:33:33',0),(112,591,'9999','number of days before expiration of leave credit','Strict Compliance','1,2,3,4','1,2,3,4,5,6','1,2,3,4,5,6,9,10,16,17,18','ALL','ALL','3','ALL','ALL',1,'2016-02-11 05:50:52',46,'2016-09-01 14:36:16',0),(113,592,'effectivity_date','first basis of leave application','Strict Compliance','1,2,3,4','1,2,3,4,5,6','1,2,3,4,5,6,9,10,16,17,18','ALL','ALL','3','ALL','ALL',1,'2016-02-11 05:51:19',1,'2016-08-10 10:15:29',0),(114,583,'240','Minimum no. of minutes to allow filling','Warning','1,2,3,4','1,2,3,4,5,6','1,2,3,4,5,6,9,10,16,17,18','ALL','ALL','3','ALL','ALL',1,'2016-02-11 05:52:22',46,'2016-09-01 14:38:14',0),(115,585,'File','ADDL type to process leave conversion','Strict Compliance','1,2,3,4','1,2,3,4,5,6','1,2,3,4,5,6,9,10,16,17,18','ALL','ALL','3','ALL','ALL',1,'2016-02-11 05:53:13',1,'2016-08-10 10:15:59',0),(116,589,'Use','ADDL type to check leave credit','Strict Compliance','1,2,3,4','1,2,3,4,5,6','1,2,3,4,5,6,9,10,16,17,18','ALL','ALL','3','ALL','ALL',1,'2016-02-11 05:53:31',1,'2016-08-10 10:16:15',0),(117,582,'YES','Complimentary Leave','Strict Compliance','1,2,3,4','1,2,3,4,5,6','1,2,3,4,5,6,9,10,16,17,18','ALL','ALL','3','ALL','ALL',1,'2016-02-19 05:52:30',46,'2016-09-01 14:30:43',0),(118,438,'NO','Filing within shift only','Strict Compliance','1,2,3,4','1,2,3,4,5,6','4,5,6','ALL','ALL','ALL','ALL','ALL',1,'2016-02-25 07:47:55',46,'2016-09-01 15:00:57',0),(120,30,'YES','delete','','1,2,3,4','1','1,2,3,4,5,6,9,10,11','ALL','ALL','ALL','ALL','ALL',1,'2016-07-20 01:50:46',1,'2016-07-20 13:23:03',1),(121,582,'test','test','','ALL','ALL','ALL','ALL','ALL','ALL','ALL','ALL',1,'2016-07-21 09:35:14',1,'2016-07-20 18:35:25',1),(122,290,'100','Maximum','Strict Compliance','1,2,3,4','1,2,3,4,5,6,7,8,9,10,11,12,13,25','1,2,3,4,5,6,9,10,16,17,18','ALL','1,2,3,4,5,6,7,8,9,10,11,12,13,14,15,16,17,18,19,21','1,2,3,4,5,6,7,8,9,10,11,12,13,14,15,16,17,18,19,20,21,22,23,24,25,26,27,28,29,30,31,32,33,35,36,37,38,39,40,41','ALL','ALL',34,'2016-08-15 09:44:48',46,'2016-09-01 15:10:06',0),(123,263,'90','Maximum Filing of OB','Strict Compliance','1,2,3,4','1,2,3,4,5,6,7,12','1,2,3,4,5,6,9,10,16,17,18','ALL','1,2,3,4,5,6,7,8,9,10,11,12,13,14,15,16,17,18,19,21','1,2,3,4,5,6,7,8,10,11,13,16,17,18,19,20,21,22,23,24,25,26,27,28,29,30,31,32,33,35,36,37,38,39,40,41','ALL','ALL',34,'2016-08-15 09:50:39',1,'2016-08-17 15:00:13',1),(124,276,'99','Approval for late OB','Strict Compliance','1,2,3,4','1,2,3,4,5,6,7,8,9,10,11,12,13,25','1,2,3,4,5,6,9,10,16,17,18','ALL','1,2,3,4,5,6,7,8,9,10,11,12,13,14,15,16,17,18,19,21','1,2,3,4,5,6,7,8,9,10,11,12,13,14,15,16,17,18,19,20,21,22,23,24,25,26,27,28,29,30,31,32,33,35,36,37,38,39,40,41','ALL','ALL',34,'2016-08-15 09:53:04',34,'2016-08-15 09:53:56',1),(125,262,'99','Allowed OB','','1,2,3,4','1,2,3,4,5,6,7,8,9,10,11,12,13,25','1,2,3,4,5,6,9,10,16,17,18','ALL','1,2,3,4,5,6,7,8,9,10,11,12,13,14,15,16,17,18,19,21','1,2,3,4,5,6,7,8,9,10,11,12,13,14,15,16,17,18,19,20,21,22,23,24,25,26,27,28,29,30,31,32,33,35,36,37,38,39,40,41','ALL','ALL',34,'2016-08-15 09:55:21',34,'2016-08-15 09:56:14',1),(126,264,'YES','OB on working days','Strict Compliance','1,2,3,4','1,2,3,4,5,6,7,8,9,10,11,12,13,25','1,2,3,4,5,6,9,10,16,17,18','ALL','1,2,3,4,5,6,7,8,9,10,11,12,13,14,15,16,17,18,19,21','1,2,3,4,5,6,7,8,9,10,11,12,13,14,15,16,17,18,19,20,21,22,23,24,25,26,27,28,29,30,31,32,33,35,36,37,38,39,40,41','ALL','ALL',34,'2016-08-15 10:00:43',46,'2016-09-01 14:17:56',0),(127,266,'5','','Strict Compliance','1,2,3,4','1,2,3,4,5,6,7,8,9,10,11,12,13,25','1,2,3,4,5,6,9,10,16,17,18','ALL','1,2,3,4,5,6,7,8,9,10,11,12,13,14,15,16,17,18,19,21','1,2,3,4,5,6,7,8,9,10,11,12,13,14,15,16,17,18,19,20,21,22,23,24,25,26,27,28,29,30,31,32,33,35,36,37,38,39,40,41','ALL','ALL',34,'2016-08-15 10:15:49',46,'2016-09-01 14:17:00',0),(128,596,'YES','SIL','Strict Compliance','2','1,2,3,4,5,6,7,8,9,10,11,12,13,25','1,2,3,4,5,6,9,10,16,17,18','ALL','ALL','ALL','ALL','ALL',1,'2016-11-22 11:11:10',0,NULL,0),(129,596,'YES','SIL','Strict Compliance','2','1,2,3,4,5,6,7,8,9,10,11,12,13,25','1,2,3,4,5,6,9,10,16,17,18','ALL','ALL','ALL','ALL','ALL',1,'2016-11-22 11:11:18',0,NULL,0);

/*Data for the table `ww_time_form_class_policy_setup` */

insert  into `ww_time_form_class_policy_setup`(`id`,`class_id`,`class_value`,`field_id`,`field_value`) values (1,1,'No','company_id','1'),(2,1,'No','company_id','2'),(3,1,'No','employment_status_id','1');

/*Data for the table `ww_time_form_employment` */

/*Data for the table `ww_time_form_status` */

insert  into `ww_time_form_status`(`form_status_id`,`form_status`,`color`,`description`,`deleted`) values (1,'Draft','#5dafdd','Not yet forwarded to immediate approver. Ready for sending.',0),(2,'For Approval','#fcb322','Set approver or approvers have not yet completed the request.',0),(3,'Pending','#fcb322','One of the set immediate approvers concur with the requested application.',0),(4,'For Validation','#fcb322','HR Health needs to validate if required documents were submitted.',0),(5,'Fit to Work','#fcb322','HR Health needs to assess if the documents/certificate shows fit to work or a partner is capable of working. ',0),(6,'Approved','#3cc051','All of the set immediate approvers completed approval of the application.',0),(7,'Disapproved','#e02222','One of the set immediate approvers denied the application.',0),(8,'Cancelled','#999999','The partner will not continue anymore the requested application.',0);

/*Data for the table `ww_time_forms` */

/*Data for the table `ww_time_forms_approver` */

/*Data for the table `ww_time_forms_blanket` */

/*Data for the table `ww_time_forms_date` */

/*Data for the table `ww_time_forms_maternity` */

/*Data for the table `ww_time_forms_obt` */

/*Data for the table `ww_time_forms_obt_purpose` */

insert  into `ww_time_forms_obt_purpose`(`purpose_id`,`purpose`,`description`,`created_on`,`created_by`,`modified_on`,`modified_by`,`deleted`) values (1,'Transportation',NULL,'2015-04-16 08:12:52',NULL,NULL,NULL,0),(2,'Meal',NULL,'2015-04-16 08:12:55',NULL,NULL,NULL,0),(3,'Allowance',NULL,'2015-04-16 08:12:58',NULL,NULL,NULL,0),(4,'Board and Lodging',NULL,'2015-04-16 08:13:19',NULL,NULL,NULL,0),(5,'Others',NULL,'2015-04-17 01:20:51',NULL,NULL,NULL,0);

/*Data for the table `ww_time_forms_obt_transpo` */

/*Data for the table `ww_time_forms_ot_leave` */

/*Data for the table `ww_time_forms_ot_leave_used` */

/*Data for the table `ww_time_forms_upload` */

/*Data for the table `ww_time_grace_period` */

/*Data for the table `ww_time_holiday` */

insert  into `ww_time_holiday`(`holiday_id`,`holiday`,`holiday_date`,`status_id`,`legal`,`locations`,`location_count`,`user_count`,`created_on`,`created_by`,`modified_on`,`modified_by`,`deleted`) values (1,'New Year','2013-01-01',0,1,NULL,0,0,'2014-04-19 09:31:52',NULL,NULL,NULL,0),(2,'Foundation Day Anniversary','2013-02-27',0,0,NULL,0,0,'2014-04-19 09:31:52',NULL,NULL,NULL,0),(3,'Davao City Day','2013-03-16',0,0,NULL,0,0,'2014-04-19 09:31:52',NULL,NULL,NULL,0),(4,'Maundy Thursday','2013-03-28',0,1,NULL,0,0,'2014-04-19 09:31:52',NULL,NULL,NULL,0),(5,'Good Friday','2013-03-29',0,0,NULL,0,0,'2014-04-19 09:31:52',NULL,NULL,NULL,0),(6,'Araw ng Kagitingan','2013-04-09',0,1,NULL,0,0,'2014-04-19 09:31:52',NULL,NULL,NULL,0),(7,'Labor Day','2013-05-01',0,1,NULL,0,0,'2014-04-19 09:31:52',NULL,NULL,NULL,0),(8,'Election Day','2013-05-13',0,0,NULL,0,0,'2014-04-19 09:31:52',NULL,NULL,NULL,0),(9,'Independence Day','2013-06-12',0,1,NULL,0,0,'2014-04-19 09:31:52',NULL,NULL,NULL,0),(10,'Pasig Day','2013-07-02',0,0,NULL,0,0,'2014-04-19 09:31:52',NULL,NULL,NULL,0),(11,'Cebu City Charter Day','2013-08-06',0,0,NULL,0,0,'2014-04-19 09:31:52',NULL,NULL,NULL,0),(12,'Eidul Fitr','2013-08-09',0,1,NULL,0,0,'2014-04-19 09:31:52',NULL,NULL,NULL,0),(13,'Quezon City Day','2013-08-19',0,0,NULL,0,0,'2014-04-19 09:31:52',NULL,NULL,NULL,0),(14,'Ninoy Aquino Day','2013-08-21',0,0,NULL,0,0,'2014-04-19 09:31:52',NULL,NULL,NULL,0),(15,'National Heroes Day','2013-08-26',0,1,NULL,0,0,'2014-04-19 09:31:52',NULL,NULL,NULL,0),(16,'Eidul Adha','2013-10-15',0,1,NULL,0,0,'2014-04-19 09:31:52',NULL,NULL,NULL,0),(17,'Brgy. Election','2013-10-28',0,0,NULL,0,0,'2014-04-19 09:31:52',NULL,NULL,NULL,0),(18,'All Saints Day','2013-11-01',0,0,NULL,0,0,'2014-04-19 09:31:52',NULL,NULL,NULL,0),(19,'Special (non-working) Day','2013-11-02',0,0,NULL,0,0,'2014-04-19 09:31:52',NULL,NULL,NULL,0),(20,'','2013-11-05',0,1,'',0,0,'2014-04-19 09:31:52',NULL,'2014-10-22 14:54:18',1,1),(21,'Pangasinan Day','2013-11-13',0,0,NULL,0,0,'2014-04-19 09:31:52',NULL,NULL,NULL,1),(22,'Bonifacio Day','2013-11-30',0,1,NULL,0,0,'2014-04-19 09:31:52',NULL,NULL,NULL,0),(23,'Special (non-working) Day','2013-12-24',0,0,NULL,0,0,'2014-04-19 09:31:52',NULL,NULL,NULL,0),(24,'Christmas Day','2013-12-25',0,1,NULL,0,0,'2014-04-19 09:31:52',NULL,NULL,NULL,0),(25,'Rizal Day','2013-12-30',0,1,NULL,0,0,'2014-04-19 09:31:52',NULL,NULL,NULL,0),(26,'Last Day of the Year','2013-12-31',0,0,NULL,0,0,'2014-04-19 09:31:52',NULL,NULL,NULL,0),(27,'New Year','2014-01-01',0,1,NULL,0,0,'2014-04-19 09:31:52',NULL,NULL,NULL,0),(28,'Chinese New Year','2014-01-31',0,0,NULL,0,0,'2014-04-19 09:31:52',NULL,NULL,NULL,0),(29,'Foundation Day Anniversary','2014-02-27',0,0,NULL,0,0,'2014-04-19 09:31:52',NULL,NULL,NULL,0),(30,'Davao City Day','2014-03-16',0,0,NULL,0,0,'2014-04-19 09:31:52',NULL,NULL,NULL,0),(31,'Black Saturday','2014-03-30',0,0,NULL,0,0,'2014-04-19 09:31:52',NULL,NULL,NULL,1),(32,'Araw ng Kagitingan','2014-04-09',0,1,NULL,0,0,'2014-04-19 09:31:52',NULL,NULL,NULL,0),(33,'Maundy Thursday','2014-04-17',0,1,NULL,0,0,'2014-04-19 09:31:52',NULL,NULL,NULL,0),(34,'Good Friday','2014-04-18',0,1,NULL,0,0,'2014-04-19 09:31:52',NULL,NULL,NULL,0),(35,'Black Saturday','2014-04-19',0,0,NULL,0,0,'2014-04-19 09:31:52',NULL,NULL,NULL,0),(36,'Labor Day','2014-05-01',0,1,NULL,0,0,'2014-04-19 09:31:52',NULL,NULL,NULL,0),(37,'Independence Day','2014-06-12',0,1,NULL,0,0,'2014-04-19 09:31:52',NULL,NULL,NULL,0),(38,'Pasig Day','2014-07-02',0,0,'2,3,9',3,0,'2014-04-19 09:31:52',NULL,NULL,NULL,0),(39,'Cebu City Charter Day','2014-08-06',0,0,'5',1,2,'2014-04-19 09:31:52',NULL,'2014-08-03 15:05:33',0,0),(40,'Eidul Fitr','2014-07-29',0,1,'',0,0,'2014-04-19 09:31:52',NULL,'2014-07-29 00:59:34',1,0),(41,'Quezon City Day','2014-08-19',0,0,'1',1,55,'2014-04-19 09:31:52',NULL,'2014-08-03 09:13:17',0,0),(42,'Ninoy Aquino Day','2014-08-21',0,0,NULL,0,0,'2014-04-19 09:31:52',NULL,NULL,NULL,0),(43,'National Heroes Day','2014-08-25',0,1,'1,2,3,4,5,6,7,8,9',9,30,'2014-04-19 09:31:52',NULL,'2014-08-06 10:18:14',1,0),(44,'Eidul Adha','2014-10-06',0,1,'',0,0,'2014-04-19 09:31:52',NULL,'2014-10-07 09:53:34',1,0),(45,'All Saints Day','2014-11-01',0,0,NULL,0,0,'2014-04-19 09:31:52',NULL,NULL,NULL,0),(46,'Special (non-working) Day','2014-11-02',0,0,NULL,0,0,'2014-04-19 09:31:52',NULL,NULL,NULL,0),(47,'','2014-11-05',0,0,'',0,0,'2014-04-19 09:31:52',NULL,'2014-10-22 14:52:05',73,1),(48,'Pangasinan Day','2014-11-13',0,0,'4',1,3,'2014-04-19 09:31:52',NULL,'2014-11-04 23:59:51',0,0),(49,'Bonifacio Day','2014-11-30',0,1,NULL,0,0,'2014-04-19 09:31:52',NULL,NULL,NULL,0),(50,'Special (non-working) Day','2014-12-24',0,0,NULL,0,0,'2014-04-19 09:31:52',NULL,NULL,NULL,0),(51,'Christmas Day','2014-12-25',0,1,NULL,0,0,'2014-04-19 09:31:52',NULL,NULL,NULL,0),(52,'Rizal Day','2014-12-30',0,1,NULL,0,0,'2014-04-19 09:31:52',NULL,NULL,NULL,0),(53,'Last Day of the Year','2014-12-31',0,0,NULL,0,0,'2014-04-19 09:31:52',NULL,NULL,NULL,0),(54,'Special Non-working Holiday (after Christmas)','2014-12-26',0,0,'',0,32,'2014-10-23 05:55:47',NULL,'2014-11-28 16:58:49',0,0),(55,'','1970-01-01',0,0,'',0,0,'2015-01-08 06:00:58',NULL,NULL,NULL,0),(56,'New Years Day','2015-01-01',0,1,'',0,0,'2015-01-08 08:18:40',NULL,NULL,NULL,0),(58,'Additional Special Non-Working Day','2015-01-02',0,0,'',0,0,'2015-01-08 08:20:43',NULL,NULL,NULL,0),(59,'Special Holiday (Non-Working day) Visit of Pope Francis','2015-01-15',0,0,'1,2,3,9',4,33,'2015-01-13 08:47:36',NULL,'2015-01-12 16:59:57',0,0),(60,'Special Holiday (Non-Working day) Visit of Pope Francis','2015-01-16',0,0,'1,2,3,9',4,33,'2015-01-13 08:50:37',NULL,'2015-01-12 16:58:38',0,0),(61,'Special Holiday (Non-Working day) Visit of Pope Francis','2015-01-19',0,0,'1,2,9',3,33,'2015-01-13 08:57:31',NULL,'2015-01-12 17:03:45',0,0),(62,'Chinese New Year','2015-02-19',0,0,'',0,0,'2015-02-17 09:38:14',NULL,'2015-02-23 14:18:01',0,0),(63,'Maundy Thursday (Regular Holiday)','2015-04-02',0,1,'',0,0,'2015-04-01 00:27:54',NULL,NULL,NULL,0),(64,'Good Friday (Regular Holiday)','2015-04-03',0,1,'',0,0,'2015-04-01 00:42:50',NULL,NULL,NULL,0),(65,'Araw ng Kagitingan (Regular Holiday)','2015-04-09',0,1,'',0,0,'2015-04-01 00:44:38',NULL,NULL,NULL,0),(66,'Labor Day (Regular Holiday) ','2015-05-01',0,1,'',0,0,'2015-04-01 00:54:57',NULL,NULL,NULL,0),(67,'Labor Day','2015-05-01',0,1,'',0,0,'2015-04-08 09:03:08',NULL,NULL,NULL,1),(68,'Philippine Independence Day','2015-06-12',0,1,'',0,0,'2015-06-13 01:58:26',NULL,NULL,NULL,0),(69,'Pasig Day','2015-07-02',0,0,'2,3,9',3,27,'2015-07-02 04:31:23',NULL,'2015-07-08 20:15:00',0,0),(70,'Eidl Fitr (The Feast of Ramadan)','2015-07-17',0,1,'',0,0,'2015-07-17 04:43:21',NULL,NULL,NULL,0),(71,'Cebu Province Charter Day','2015-08-06',0,0,'5,8',2,1,'2015-08-04 02:16:55',NULL,'2015-08-03 00:00:00',73,0),(72,'Quezon City Day','2015-08-19',0,0,'1',1,40,'2015-08-04 02:19:41',NULL,'2015-08-03 00:00:00',73,0),(73,'Ninoy Aquino Day','2015-08-21',0,0,'1,2,3,4,5,6,7,8,9',9,0,'2015-08-04 02:24:44',NULL,NULL,NULL,0),(74,'National Heroes Day','2015-08-31',0,1,'',0,0,'2015-08-04 02:25:47',NULL,NULL,NULL,0),(75,'Kadayawan Festival (Araw ng Pasasalamat)','2015-08-24',0,0,'7',1,0,'2015-09-11 07:45:16',NULL,NULL,NULL,0),(76,'Eid\'l Adha or Feast of Sacrifice','2015-09-25',0,1,'',0,0,'2015-09-22 05:46:40',NULL,'2015-09-23 00:00:00',73,0),(77,'SPECIAL NON-WORKING DAY in NCR due to APEC SUMMIT','2015-11-18',0,0,'1,2,3,9',4,0,'2015-11-11 03:35:55',NULL,NULL,NULL,0),(78,'SPECIAL NON-WORKING DAY in NCR due to APEC SUMMIT','2015-11-19',0,0,'1,2,3,9',4,0,'2015-11-11 03:39:03',NULL,NULL,NULL,0),(79,'Rizal Day','2015-12-30',0,1,'',0,0,'2015-12-29 06:05:45',NULL,'2015-12-28 00:00:00',1,0),(80,'New year\'s eve','2015-12-31',0,0,'',0,0,'2015-12-29 06:07:43',NULL,NULL,NULL,0),(81,'New Year','2016-01-01',0,1,'',0,0,'2015-12-29 06:08:18',NULL,'2016-03-30 00:00:00',27,0),(82,'Maundy Thursday','2016-03-24',0,1,'1,2',2,0,'2016-03-30 05:37:25',NULL,'2016-03-30 00:00:00',27,0),(83,'Good Friday','2016-03-25',0,1,'1,2',2,0,'2016-03-30 05:37:47',NULL,'2016-03-30 00:00:00',27,0),(84,'Black Saturday','2016-03-26',0,0,'1,2',2,0,'2016-03-30 05:38:03',NULL,NULL,NULL,0),(85,'Araw ng Kagitingan','2016-04-09',0,0,'1,2',2,0,'2016-04-21 06:58:11',NULL,'2016-04-20 00:00:00',27,0),(86,'Election Day','2016-05-09',0,0,'1,2',2,0,'2016-05-21 12:28:48',NULL,NULL,NULL,0),(87,'Manila Day','2016-06-24',0,0,'1',1,0,'2016-06-30 03:43:54',NULL,NULL,NULL,0),(88,'eid al fitr','2016-07-06',0,1,'1',1,0,'2016-07-12 05:47:41',NULL,'2016-07-12 09:23:20',1,1),(89,'bonifacio day','2016-11-30',0,1,'1,2,3,4,5,6,7,8,9,10',10,0,'2016-12-20 11:20:21',NULL,NULL,NULL,0),(90,'ll','2017-01-03',0,0,'1,2,3,4,5,6,7,8,9,10',10,0,'2017-01-09 17:17:39',NULL,NULL,NULL,0);

/*Data for the table `ww_time_holiday_event` */

insert  into `ww_time_holiday_event`(`event_id`,`event`,`event_month`,`event_day`,`status_id`,`days_before`,`days_after`,`created_on`,`created_by`,`modified_on`,`modified_by`,`deleted`) values (1,'SNOW',12,25,0,1,6,'2014-11-08 08:22:41',NULL,NULL,NULL,0),(2,'HALLOWEEN',11,1,0,10,0,'2014-11-08 08:27:28',NULL,NULL,NULL,0);

/*Data for the table `ww_time_holiday_location` */

/*Data for the table `ww_time_period` */

/*Data for the table `ww_time_period_extension` */

/*Data for the table `ww_time_period_log` */

/*Data for the table `ww_time_record` */

/*Data for the table `ww_time_record_allowance` */

/*Data for the table `ww_time_record_process` */

/*Data for the table `ww_time_record_process_type` */

insert  into `ww_time_record_process_type`(`time_record_process_type_id`,`time_record_process_type`,`description`,`deleted`) values (1,'Adjustment','For all transaction who are Late approved',0),(2,'Deduction','For all deduction within the period',0),(3,'Overtime','For all Overtime approved within the period',0),(4,'Leaves','For all Leaves Application approved within the period',0);

/*Data for the table `ww_time_record_raw` */

/*Data for the table `ww_time_record_summary` */

/*Data for the table `ww_time_record_summary_temp` */

/*Data for the table `ww_time_shift` */

insert  into `ww_time_shift`(`shift_id`,`shift`,`status_id`,`can_delete`,`default_calendar`,`time_start`,`time_end`,`use_tag`,`color`,`created_on`,`created_by`,`modified_on`,`modified_by`,`deleted`) values (1,'Restday',0,1,0,'00:00:00','00:00:00',0,'','2016-11-09 10:41:28',1,'2016-11-09 10:41:31',1,0),(2,'5:30AM-2:30PM',0,1,0,'05:30:00','14:30:00',0,'','2016-11-09 10:45:59',1,'2016-11-09 13:48:40',16,0),(3,'7:00AM-4:00PM',0,1,0,'07:00:00','16:00:00',0,'','2016-11-09 10:46:41',1,'2016-11-09 13:48:53',16,0),(4,'6:00AM-3:00PM',0,1,0,'06:00:00','15:00:00',0,'','2016-11-09 10:47:03',1,'2016-11-09 13:49:07',16,0),(5,'7:30AM-4:30PM',0,1,0,'07:30:00','16:30:00',0,'','2016-11-09 10:47:45',1,'2016-11-09 13:49:25',16,0),(6,'8:00AM-5:00PM',0,1,0,'08:00:00','17:00:00',0,'','2016-11-09 10:48:03',1,'2016-11-09 13:49:38',16,0),(7,'8:30AM-5:30PM',0,1,0,'08:30:00','17:30:00',0,'','2016-11-09 10:48:31',1,'2016-11-09 13:49:50',16,0),(8,'9:00AM-6:00PM',0,1,0,'09:00:00','18:00:00',0,'','2016-11-09 10:49:02',1,'2016-11-09 13:50:01',16,0),(9,'9:30AM-6:30PM',0,1,0,'09:30:00','18:30:00',0,'','2016-11-09 10:49:31',1,'2016-11-09 13:50:13',16,0),(10,'10:00AM-07:00PM',0,1,0,'10:00:00','19:00:00',0,'','2016-11-09 10:59:32',1,NULL,NULL,0),(11,'10:30AM-07:30PM',0,1,0,'10:30:00','19:30:00',0,'','2016-11-09 10:59:53',1,NULL,NULL,0),(12,'6:00AM-4:00PM',0,1,0,'06:00:00','16:00:00',0,'','2016-11-09 11:03:19',1,'2016-11-09 13:50:35',16,0),(13,'7:00AM-5:00PM',0,1,0,'07:00:00','17:00:00',0,'','2016-11-09 11:05:59',1,'2016-11-09 13:50:43',16,0),(14,'8:00AM-6:00PM',0,1,0,'08:00:00','18:00:00',0,'','2016-11-09 11:08:08',1,'2016-11-09 13:50:54',16,0),(15,'9:00AM-7:00PM',0,1,0,'09:00:00','19:00:00',0,'','2016-11-09 11:09:54',1,'2016-11-09 13:51:02',16,0),(16,'M-Th - 6am-4pm, F - 6am-3pm',0,1,4,'06:00:00','16:00:00',0,'','2016-11-10 10:34:57',96,'2016-11-10 10:36:18',96,0),(17,'M-Th - 7am-5pm, F - 7am-4pm',0,1,5,'07:00:00','17:00:00',0,'','2016-11-10 10:36:59',96,NULL,NULL,0),(18,'M-Th - 8am-6pm, F - 8am-5pm',0,1,6,'08:00:00','18:00:00',0,'','2016-11-10 10:38:14',96,NULL,NULL,0),(19,'M-Th - 9am-7pm, F - 9am-6pm',0,1,7,'09:00:00','19:00:00',0,'','2016-11-10 10:39:06',96,NULL,NULL,0),(20,'10PM - 7AM',0,1,0,'22:00:00','07:00:00',0,'','2017-01-12 14:03:59',16,NULL,NULL,0);

/*Data for the table `ww_time_shift_apply_to` */

insert  into `ww_time_shift_apply_to`(`apply_to_id`,`apply_to`,`description`,`deleted`) values (1,'Employee',NULL,0),(2,'Company',NULL,0),(3,'Division',NULL,0),(4,'Department',NULL,0);

/*Data for the table `ww_time_shift_apply_to_id` */

insert  into `ww_time_shift_apply_to_id`(`shift_id`,`apply_to`,`apply_to_id`) values (1,2,1),(1,2,2),(2,2,2),(3,2,2),(4,2,2),(5,2,2),(6,2,2),(7,2,2),(8,2,2),(9,2,2),(10,2,2),(11,2,2),(12,2,2),(13,2,2),(14,2,2),(15,2,2),(16,2,2),(17,2,2),(18,2,2),(19,2,2),(20,2,2),(20,2,3);

/*Data for the table `ww_time_shift_apply_to_value` */

insert  into `ww_time_shift_apply_to_value`(`shift_id`,`shift`) values (1,'{\"class_id\":[\"25\",\"25\",\"28\"],\"value\":[\"\",\"60\",\"10\"]}'),(2,'{\"class_id\":[\"5\",\"4\",\"4\",\"9\",\"8\",\"6\",\"2\"],\"value\":[\"120\",\"09:00\",\"11:00\",\"5\",\"11:05\",\"11:00\",\"07:05\"]}'),(4,'{\"class_id\":[\"26\",\"4\",\"26\",\"26\",\"27\",\"13\",\"13\",\"5\",\"4\"],\"value\":[\"\",\"\",\"\",\"2\",\"120\",\"\",\"30\",\"120\",\"10:00\"]}'),(6,'{\"class_id\":[\"14\",\"9\",\"8\",\"7\",\"6\",\"5\",\"4\",\"2\",\"25\"],\"value\":[\"05:00\",\"5\",\"13:05\",\"240\",\"13:00\",\"120\",\"11:00\",\"09:05\",\"60\"]}'),(7,'{\"class_id\":[\"14\",\"9\",\"8\",\"7\",\"6\",\"5\",\"4\",\"2\"],\"value\":[\"05:00\",\"5\",\"13:35\",\"240\",\"13:30\",\"120\",\"11:30\",\"09:35\"]}'),(12,'{\"class_id\":[\"2\",\"24\",\"25\",\"25\",\"25\",\"25\",\"24\"],\"value\":[\"09:30\",\"\",\"\",\"60\",\"60\",\"900\",\"10:01:00\"]}'),(16,'{\"class_id\":[\"8\",\"6\",\"4\",\"2\"],\"value\":[\"05:00\",\"00:55\",\"00:35\",\"04:00\"]}'),(17,'{\"class_id\":[\"14\",\"4\",\"4\",\"6\",\"2\",\"24\"],\"value\":[\"05:00\",\"16:00\",\"18:00\",\"16:00\",\"14:05\",[\"1\",\"2\",\"3\",\"4\"]]}'),(18,'{\"class_id\":[\"14\",\"10\",\"6\",\"4\",\"3\"],\"value\":[\"17:00:00\",\"13:00:00\",\"04:00\",\"04:00\",\"5\"]}'),(19,'{\"class_id\":[\"14\",\"10\",\"6\",\"4\",\"3\"],\"value\":[\"18:00:00\",\"14:00:00\",\"05:00\",\"05:00\",\"5\"]}'),(20,'{\"class_id\":[\"14\",\"10\",\"6\",\"4\",\"3\"],\"value\":[\"19:00:00\",\"15:00:00\",\"06:00\",\"06:00\",\"5\"]}'),(21,'{\"class_id\":[\"14\",\"10\",\"6\",\"4\",\"3\"],\"value\":[\"20:00:00\",\"16:00:00\",\"07:00\",\"07:00\",\"5\"]}'),(22,'{\"class_id\":[\"24\",\"14\",\"10\",\"6\",\"4\",\"3\",\"28\",\"1\",\"7\"],\"value\":[\"0\",\"21:00:00\",\"17:00:00\",\"08:00\",\"08:00\",\"5\",\"0\",\"8\",\"240\"]}'),(23,'{\"class_id\":[\"14\",\"10\",\"6\",\"4\",\"3\"],\"value\":[\"22:00:00\",\"18:00:00\",\"09:00\",\"09:00\",\"5\"]}'),(24,'{\"class_id\":[\"14\",\"10\",\"6\",\"4\",\"3\"],\"value\":[\"23:00:00\",\"19:00:00\",\"10:00\",\"10:00\",\"5\"]}'),(25,'{\"class_id\":[\"14\",\"10\",\"6\",\"4\"],\"value\":[\"24:00:00\",\"20:00:00\",\"11:00\",\"11:00\"]}'),(26,'{\"class_id\":[\"14\",\"10\",\"6\",\"4\",\"3\"],\"value\":[\"01:00:00\",\"21:00:00\",\"12:00\",\"12:00\",\"5\"]}'),(27,'{\"class_id\":[\"14\",\"10\",\"6\",\"4\",\"3\"],\"value\":[\"02:00:00\",\"22:00:00\",\"13:00\",\"13:00\",\"5\"]}'),(28,'{\"class_id\":[\"14\",\"10\",\"4\",\"6\",\"3\"],\"value\":[\"03:00:00\",\"23:00:00\",\"14:00\",\"14:00\",\"5\"]}'),(29,'{\"class_id\":[\"14\",\"10\",\"6\",\"4\",\"3\"],\"value\":[\"04:00:00\",\"24:00:00\",\"15:00\",\"15:00\",\"5\"]}'),(30,'{\"class_id\":[\"14\",\"10\",\"6\",\"4\",\"3\"],\"value\":[\"5:00:00\",\"1:00:00\",\"16:00\",\"16:00\",\"5\"]}'),(31,'{\"class_id\":[\"14\",\"10\",\"6\",\"4\",\"3\"],\"value\":[\"6:00:00\",\"2:00:00\",\"17:00\",\"17:00\",\"5\"]}'),(32,'{\"class_id\":[\"14\",\"10\",\"6\",\"4\"],\"value\":[\"07:00:00\",\"03:00:00\",\"18:00\",\"18:00\"]}'),(33,'{\"class_id\":[\"14\",\"10\",\"6\",\"4\",\"3\"],\"value\":[\"08:00:00\",\"04:00:00\",\"19:00\",\"19:00\",\"5\"]}'),(34,'{\"class_id\":[\"14\",\"24\",\"10\",\"6\",\"4\",\"3\",\"1\"],\"value\":[\"09:00:00\",\"\",\"05:00:00\",\"20:00\",\"20:00\",\"5\",\"8\"]}'),(35,'{\"class_id\":[\"14\",\"10\",\"6\",\"4\",\"3\",\"1\"],\"value\":[\"10:00:00\",\"06:00:00\",\"21:00\",\"21:00\",\"5\",\"8\"]}'),(36,'{\"class_id\":[\"14\",\"10\",\"6\",\"4\",\"3\",\"1\",\"2\"],\"value\":[\"11:00:00\",\"07:00:00\",\"22:00\",\"22:00\",\"5\",\"8\",\"10:00\"]}'),(37,'{\"class_id\":[\"14\",\"10\",\"6\",\"4\"],\"value\":[\"12:00:00\",\"08:00:00\",\"23:00\",\"23:00\"]}'),(38,'{\"class_id\":[\"14\",\"10\",\"6\",\"4\"],\"value\":[\"13:00:00\",\"09:00:00\",\"00:00\",\"00:00\"]}'),(39,'{\"class_id\":[\"14\",\"10\",\"6\",\"4\"],\"value\":[\"14:00:00\",\"10:00:00\",\"01:00\",\"01:00\"]}'),(40,'{\"class_id\":[\"14\",\"10\",\"6\",\"4\"],\"value\":[\"15:00:00\",\"11:00:00\",\"02:00\",\"02:00\"]}'),(41,'{\"class_id\":[\"14\",\"10\",\"6\",\"4\"],\"value\":[\"16:00:00\",\"12:00:00\",\"03:00\",\"03:00\"]}'),(42,'{\"class_id\":[\"10\",\"14\",\"10\",\"14\",\"10\",\"14\",\"14\",\"10\",\"14\",\"14\",\"10\",\"10\",\"14\",\"10\",\"14\",\"10\",\"6\",\"14\"],\"value\":[\"01:01:00\",\"01:00:00\",\"01:00:00\",\"\",\"19:01\",\"19:00\",\"19:00\",\"19:01\",\"19:00\",\"19:00\",\"19:01\",\"19:01\",\"19:00\",\"19:01\",\"19:00\",\"19:00\",\"13:00\",\"06:00\"]}'),(43,'{\"class_id\":[\"14\",\"10\",\"14\",\"14\",\"14\",\"10\",\"6\",\"14\"],\"value\":[\"02:00:00\",\"02:01:00\",\"21:00\",\"21:00\",\"21:00\",\"21:01\",\"14:00\",\"07:00\"]}'),(44,'{\"class_id\":[\"14\",\"10\",\"14\",\"14\",\"10\",\"6\",\"14\"],\"value\":[\"23:00:00\",\"23:01:00\",\"17:00\",\"17:00\",\"17:01\",\"11:00\",\"04:00\"]}'),(45,'{\"class_id\":[\"14\",\"10\",\"14\",\"10\",\"14\",\"6\",\"14\"],\"value\":[\"02:00:00\",\"02:01:00\",\"21:00\",\"21:01\",\"21:00\",\"14:00\",\"07:00\"]}'),(46,'{\"class_id\":[\"14\",\"10\",\"6\",\"14\"],\"value\":[\"19:00\",\"19:01\",\"14:00\",\"07:00\"]}'),(47,'{\"class_id\":[\"14\",\"10\",\"6\",\"14\"],\"value\":[\"23:00\",\"23:01\",\"16:00\",\"09:00\"]}'),(48,'{\"class_id\":[\"14\",\"10\",\"6\"],\"value\":[\"13:00\",\"13:01\",\"13:00\"]}'),(49,'{\"class_id\":[\"14\",\"10\",\"6\"],\"value\":[\"14:00\",\"14:01\",\"14:00\"]}'),(50,'{\"class_id\":[\"14\",\"10\",\"6\"],\"value\":[\"15:00\",\"15:01\",\"15:00\"]}'),(51,'{\"class_id\":[\"14\",\"10\",\"6\"],\"value\":[\"16:01\",\"16:01\",\"16:00\"]}'),(52,'{\"class_id\":[\"14\",\"10\",\"6\"],\"value\":[\"16:00\",\"16:01\",\"17:00\"]}'),(53,'{\"class_id\":[\"14\",\"10\",\"6\"],\"value\":[\"18:00\",\"18:01\",\"18:00\"]}'),(54,'{\"class_id\":[\"14\",\"10\",\"6\"],\"value\":[\"19:00\",\"19:01\",\"19:00\"]}'),(55,'{\"class_id\":[\"10\",\"14\",\"6\"],\"value\":[\"20:01\",\"20:00\",\"20:00\"]}'),(61,'{\"class_id\":[\"1\"],\"value\":[\"9\"]}'),(72,'{\"class_id\":[\"28\",\"1\",\"14\",\"10\"],\"value\":[\"00:00:00\",\"8\",\"06:00\",\"01:01:00\"]}'),(88,'{\"class_id\":[\"24\",\"9\",\"6\",\"4\",\"3\",\"28\"],\"value\":[\"09:00\",\"5\",\"12:00\",\"12:00\",\"5\",\"\"]}'),(89,'{\"class_id\":[\"24\",\"6\",\"4\",\"3\"],\"value\":[\"09:00:00\",\"12:00\",\"12:00\",\"\"]}'),(90,'{\"class_id\":[\"14\",\"10\",\"3\",\"6\",\"4\"],\"value\":[\"17:00\",\"13:00\",\"\",\"05:00\",\"05:00\"]}'),(92,'{\"class_id\":[\"14\",\"10\",\"3\",\"6\",\"4\"],\"value\":[\"18:00\",\"14:00\",\"0\",\"06:00\",\"06:00\"]}'),(93,'{\"class_id\":[\"14\",\"10\",\"9\",\"6\",\"4\",\"3\"],\"value\":[\"19:00\",\"15:00\",\"0\",\"07:00\",\"07:00\",\"0\"]}'),(94,'{\"class_id\":[\"14\",\"10\",\"6\",\"4\",\"3\"],\"value\":[\"20:00\",\"16:00\",\"08:00\",\"08:00\",\"0\"]}'),(95,'{\"class_id\":[\"14\",\"10\",\"6\",\"4\",\"3\"],\"value\":[\"21:00\",\"17:00\",\"09:00\",\"09:00\",\"0\"]}'),(96,'{\"class_id\":[\"14\",\"10\",\"6\",\"4\",\"3\"],\"value\":[\"22:00\",\"18:00\",\"10:00\",\"10:00\",\"\"]}'),(97,'{\"class_id\":[\"14\",\"10\",\"6\",\"4\",\"3\"],\"value\":[\"23:00\",\"19:00\",\"11:00\",\"11:00\",\"0\"]}'),(98,'{\"class_id\":[\"14\",\"10\",\"6\",\"4\",\"3\"],\"value\":[\"00:00\",\"20:00\",\"12:00\",\"12:00\",\"0\"]}'),(99,'{\"class_id\":[\"14\",\"10\",\"6\",\"4\",\"3\"],\"value\":[\"01:00\",\"21:00\",\"13:00\",\"13:00\",\"\"]}'),(100,'{\"class_id\":[\"14\",\"10\",\"6\",\"4\",\"3\"],\"value\":[\"02:00\",\"22:00\",\"14:00\",\"14:00\",\"\"]}'),(101,'{\"class_id\":[\"14\",\"10\",\"6\",\"4\",\"3\"],\"value\":[\"03:00\",\"23:00\",\"15:00\",\"15:00\",\"\"]}'),(102,'{\"class_id\":[\"14\",\"10\",\"6\",\"4\",\"3\"],\"value\":[\"04:00\",\"00:00\",\"16:00\",\"16:00\",\"\"]}'),(103,'{\"class_id\":[\"14\",\"10\",\"6\",\"4\",\"3\"],\"value\":[\"05:00\",\"01:00\",\"17:00\",\"17:00\",\"\"]}'),(104,'{\"class_id\":[\"14\",\"10\",\"6\",\"4\",\"3\"],\"value\":[\"06:00\",\"02:00\",\"18:00\",\"18:00\",\"\"]}'),(105,'{\"class_id\":[\"14\",\"10\",\"6\",\"4\",\"3\"],\"value\":[\"07:00\",\"03:00\",\"19:00\",\"19:00\",\"\"]}'),(106,'{\"class_id\":[\"14\",\"10\",\"6\",\"4\",\"3\"],\"value\":[\"08:00\",\"04:00\",\"20:00\",\"20:00\",\"\"]}'),(107,'{\"class_id\":[\"14\",\"10\",\"6\",\"4\",\"3\"],\"value\":[\"09:00\",\"05:00\",\"21:00\",\"21:00\",\"\"]}'),(108,'{\"class_id\":[\"14\",\"10\",\"6\",\"4\",\"3\"],\"value\":[\"10;00\",\"06:00\",\"22:00\",\"22:00\",\"\"]}'),(109,'{\"class_id\":[\"14\",\"10\",\"6\",\"4\",\"3\"],\"value\":[\"11:00\",\"07:00\",\"23:00\",\"23:00\",\"\"]}'),(110,'{\"class_id\":[\"14\",\"10\",\"6\",\"4\",\"3\"],\"value\":[\"12:00\",\"08:00\",\"00:00\",\"00:00\",\"\"]}'),(111,'{\"class_id\":[\"14\",\"10\",\"6\",\"4\",\"3\"],\"value\":[\"13:00\",\"09:00\",\"01:00\",\"01:00\",\"\"]}'),(112,'{\"class_id\":[\"14\",\"10\",\"6\",\"4\",\"3\"],\"value\":[\"14:00\",\"10:00\",\"02:00\",\"02:00\",\"\"]}'),(113,'{\"class_id\":[\"14\",\"10\",\"6\",\"4\",\"3\"],\"value\":[\"15:00\",\"11:00\",\"03:00\",\"03:00\",\"\"]}'),(114,'{\"class_id\":[\"14\",\"10\",\"6\",\"4\",\"3\"],\"value\":[\"16:00\",\"12:00\",\"04:00\",\"04:00\",\"\"]}'),(115,'{\"class_id\":[\"14\",\"10\",\"9\",\"6\",\"4\",\"3\"],\"value\":[\"02:00\",\"22:00\",\"\",\"14:00\",\"14:00\",\"\"]}'),(117,'{\"class_id\":[\"6\",\"4\",\"24\",\"3\"],\"value\":[\"00:00\",\"00:00\",\"12:00:00\",\"\"]}'),(118,'{\"class_id\":[\"24\",\"6\",\"4\"],\"value\":[\"23:59:00\",\"09:00\",\"09:00\"]}'),(119,'{\"class_id\":[\"1\"],\"value\":[\"9\"]}'),(120,'{\"class_id\":[\"24\",\"6\",\"4\",\"3\"],\"value\":[\"12:00:00\",\"10:00\",\"10:00\",\"\"]}'),(121,'{\"class_id\":[\"24\"],\"value\":[\"23:59\"]}');

/*Data for the table `ww_time_shift_class` */

insert  into `ww_time_shift_class`(`class_id`,`class_code`,`class`,`default_value`,`data_type`,`deleted`) values (1,'WORKING-HOURS','Working Hours','8','text',0),(2,'GRACE-PERIOD','Allowable late in time format',NULL,'combodate',1),(3,'GRACE-PERIOD-IN-MINUTES','Allowable late in minutes','5','text',0),(4,'HALFDAY','Half-day marker in time format',NULL,'combodate',0),(5,'HALFDAY-IN-MINUTES','Half-day marker in minutes','240','text',1),(6,'FIRST-HALF-END',NULL,NULL,'combodate',0),(7,'FIRST-HALF-END-IN-MINUTES',NULL,'60','text',1),(8,'SECOND-HALF-GRACE',NULL,NULL,'combodate',1),(9,'SECOND-HALF-GRACE-IN-MINUTES',NULL,NULL,'text',0),(10,'MAX-PRESHIFT',NULL,NULL,'text',0),(11,'MAX-PRESHIFT-IN-MINUTES',NULL,NULL,'text',1),(12,'MID-POSTSHIFT',NULL,NULL,'text',1),(13,'MID-POSTSHIFT-IN-MINUTES',NULL,NULL,'text',1),(14,'MAX-POSTSHIFT',NULL,NULL,'text',0),(15,'MAX-POSTSHIFT-IN-MINUTES',NULL,'900','text',1),(16,'BREAKA-START',NULL,NULL,'text',1),(17,'BREAKA-END',NULL,NULL,'text',1),(18,'BREAKA-IN-MINUTE',NULL,NULL,'text',1),(19,'BREAKA-GRACE-IN-MINUTES',NULL,NULL,'text',1),(20,'BREAKB-START',NULL,NULL,'combodate',1),(21,'BREAKB-END',NULL,NULL,'combodate',1),(22,'BREAKA-IN-MINUTE',NULL,NULL,'text',1),(23,'BREAKB-GRACE-IN-MINUTES',NULL,NULL,'text',1),(24,'FLEXIBLE-SHIFT',NULL,NULL,'text',0),(25,'FLEXIBLE-SHIFT-IN-MINUTES',NULL,NULL,'text',1),(26,'CONSIDER-HALFDAY',NULL,NULL,'text',1),(27,'CONSIDER-HALFDAY-IN-MINUTES',NULL,NULL,'text',1),(28,'BREAK-IN-MINUTES','Lunch break in minutes',NULL,'text',0),(29,'NIGHT-DIFF-START',NULL,'22:00:00','combodate',0),(30,'NIGHT-DIFF-END',NULL,'06:00:00','combodate',0);

/*Data for the table `ww_time_shift_class_company` */

insert  into `ww_time_shift_class_company`(`id`,`shift_id`,`company_id`,`class_id`,`class_value`,`employment_status_id`,`employment_type_id`,`partners_id`,`deleted`) values (62,1,1,1,'23','ALL','ALL','NONE',0),(63,1,1,3,'5','ALL','ALL','NONE',0),(64,1,1,4,'04:00:00','ALL','ALL','NONE',0),(65,1,1,6,'04:00:00','ALL','ALL','NONE',0),(66,1,1,9,'0','ALL','ALL','NONE',0),(67,1,1,10,'22:00:00','ALL','ALL','NONE',0),(68,1,1,14,'12:59:00','ALL','ALL','NONE',0),(69,1,1,28,'60','ALL','ALL','NONE',0),(70,1,1,29,'22:00:00','ALL','ALL','NONE',0),(71,1,1,30,'06:00:00','ALL','ALL','NONE',0),(72,1,2,1,'23','ALL','ALL','NONE',0),(73,1,2,3,'5','ALL','ALL','NONE',0),(74,1,2,4,'04:00:00','ALL','ALL','NONE',0),(75,1,2,6,'04:00:00','ALL','ALL','NONE',0),(76,1,2,9,'0','ALL','ALL','NONE',0),(77,1,2,10,'22:00:00','ALL','ALL','NONE',0),(78,1,2,14,'12:59:00','ALL','ALL','NONE',0),(79,1,2,28,'60','ALL','ALL','NONE',0),(80,1,2,29,'22:00:00','ALL','ALL','NONE',0),(81,1,2,30,'06:00:00','ALL','ALL','NONE',0),(213,10,2,1,'8','ALL','ALL','NONE',0),(214,10,2,3,'5','ALL','ALL','NONE',0),(215,10,2,4,'14:00:00','ALL','ALL','NONE',0),(216,10,2,6,'14:00:00','ALL','ALL','NONE',0),(217,10,2,9,'0','ALL','ALL','NONE',0),(218,10,2,10,'08:00:00','ALL','ALL','NONE',0),(219,10,2,14,'07:59:00','ALL','ALL','NONE',0),(220,10,2,28,'60','ALL','ALL','NONE',0),(221,10,2,29,'22:00:00','ALL','ALL','NONE',0),(222,10,2,30,'06:00:00','ALL','ALL','NONE',0),(228,11,2,1,'8','ALL','ALL','NONE',0),(229,11,2,3,'5','ALL','ALL','NONE',0),(230,11,2,4,'14:30:00','ALL','ALL','NONE',0),(231,11,2,6,'14:30:00','ALL','ALL','NONE',0),(232,11,2,9,'0','ALL','ALL','NONE',0),(233,11,2,10,'08:30:00','ALL','ALL','NONE',0),(234,11,2,14,'08:29:00','ALL','ALL','NONE',0),(235,11,2,28,'60','ALL','ALL','NONE',0),(236,11,2,29,'22:00:00','ALL','ALL','NONE',0),(237,11,2,30,'06:00:00','ALL','ALL','NONE',0),(310,2,2,1,'8','ALL','ALL','NONE',0),(311,2,2,3,'5','ALL','ALL','NONE',0),(312,2,2,4,'09:30:00','ALL','ALL','NONE',0),(313,2,2,6,'09:30:00','ALL','ALL','NONE',0),(314,2,2,9,'0','ALL','ALL','NONE',0),(315,2,2,10,'03:30:00','ALL','ALL','NONE',0),(316,2,2,14,'03:29:00','ALL','ALL','NONE',0),(317,2,2,28,'60','ALL','ALL','NONE',0),(318,2,2,29,'22:00:00','ALL','ALL','NONE',0),(319,2,2,30,'06:00:00','ALL','ALL','NONE',0),(332,3,2,1,'8','ALL','ALL','NONE',0),(333,3,2,3,'5','ALL','ALL','NONE',0),(334,3,2,4,'11:00:00','ALL','ALL','NONE',0),(335,3,2,6,'11:00:00','ALL','ALL','NONE',0),(336,3,2,9,'0','ALL','ALL','NONE',0),(337,3,2,10,'05:00:00','ALL','ALL','NONE',0),(338,3,2,14,'04:59:00','ALL','ALL','NONE',0),(339,3,2,28,'60','ALL','ALL','NONE',0),(340,3,2,29,'22:00:00','ALL','ALL','NONE',0),(341,3,2,30,'06:00:00','ALL','ALL','NONE',0),(354,4,2,1,'8','ALL','ALL','NONE',0),(355,4,2,3,'5','ALL','ALL','NONE',0),(356,4,2,4,'10:00:00','ALL','ALL','NONE',0),(357,4,2,6,'10:00:00','ALL','ALL','NONE',0),(358,4,2,9,'0','ALL','ALL','NONE',0),(359,4,2,10,'04:00:00','ALL','ALL','NONE',0),(360,4,2,14,'03:59:00','ALL','ALL','NONE',0),(361,4,2,28,'60','ALL','ALL','NONE',0),(362,4,2,29,'22:00:00','ALL','ALL','NONE',0),(363,4,2,30,'06:00:00','ALL','ALL','NONE',0),(376,5,2,1,'8','ALL','ALL','NONE',0),(377,5,2,3,'5','ALL','ALL','NONE',0),(378,5,2,4,'11:30:00','ALL','ALL','NONE',0),(379,5,2,6,'11:30:00','ALL','ALL','NONE',0),(380,5,2,9,'0','ALL','ALL','NONE',0),(381,5,2,10,'05:30:00','ALL','ALL','NONE',0),(382,5,2,14,'05:29:00','ALL','ALL','NONE',0),(383,5,2,28,'60','ALL','ALL','NONE',0),(384,5,2,29,'22:00:00','ALL','ALL','NONE',0),(385,5,2,30,'06:00:00','ALL','ALL','NONE',0),(398,6,2,1,'8','ALL','ALL','NONE',0),(399,6,2,3,'5','ALL','ALL','NONE',0),(400,6,2,4,'12:00:00','ALL','ALL','NONE',0),(401,6,2,6,'12:00:00','ALL','ALL','NONE',0),(402,6,2,9,'0','ALL','ALL','NONE',0),(403,6,2,10,'06:00:00','ALL','ALL','NONE',0),(404,6,2,14,'05:59:00','ALL','ALL','NONE',0),(405,6,2,28,'60','ALL','ALL','NONE',0),(406,6,2,29,'22:00:00','ALL','ALL','NONE',0),(407,6,2,30,'06:00:00','ALL','ALL','NONE',0),(420,7,2,1,'8','ALL','ALL','NONE',0),(421,7,2,3,'5','ALL','ALL','NONE',0),(422,7,2,4,'12:30:00','ALL','ALL','NONE',0),(423,7,2,6,'12:30:00','ALL','ALL','NONE',0),(424,7,2,9,'0','ALL','ALL','NONE',0),(425,7,2,10,'06:30:00','ALL','ALL','NONE',0),(426,7,2,14,'06:29:00','ALL','ALL','NONE',0),(427,7,2,28,'60','ALL','ALL','NONE',0),(428,7,2,29,'22:00:00','ALL','ALL','NONE',0),(429,7,2,30,'06:00:00','ALL','ALL','NONE',0),(442,8,2,1,'8','ALL','ALL','NONE',0),(443,8,2,3,'5','ALL','ALL','NONE',0),(444,8,2,4,'13:00:00','ALL','ALL','NONE',0),(445,8,2,6,'13:00:00','ALL','ALL','NONE',0),(446,8,2,9,'0','ALL','ALL','NONE',0),(447,8,2,10,'07:00:00','ALL','ALL','NONE',0),(448,8,2,14,'06:59:00','ALL','ALL','NONE',0),(449,8,2,28,'60','ALL','ALL','NONE',0),(450,8,2,29,'22:00:00','ALL','ALL','NONE',0),(451,8,2,30,'06:00:00','ALL','ALL','NONE',0),(464,9,2,1,'8','ALL','ALL','NONE',0),(465,9,2,3,'5','ALL','ALL','NONE',0),(466,9,2,4,'13:30:00','ALL','ALL','NONE',0),(467,9,2,6,'13:30:00','ALL','ALL','NONE',0),(468,9,2,9,'0','ALL','ALL','NONE',0),(469,9,2,10,'07:30:00','ALL','ALL','NONE',0),(470,9,2,14,'07:29:00','ALL','ALL','NONE',0),(471,9,2,28,'60','ALL','ALL','NONE',0),(472,9,2,29,'22:00:00','ALL','ALL','NONE',0),(473,9,2,30,'06:00:00','ALL','ALL','NONE',0),(486,12,2,1,'9','ALL','ALL','NONE',0),(487,12,2,3,'5','ALL','ALL','NONE',0),(488,12,2,4,'10:00:00','ALL','ALL','NONE',0),(489,12,2,6,'10:00:00','ALL','ALL','NONE',0),(490,12,2,9,'0','ALL','ALL','NONE',0),(491,12,2,10,'04:00:00','ALL','ALL','NONE',0),(492,12,2,14,'04:59:00','ALL','ALL','NONE',0),(493,12,2,28,'60','ALL','ALL','NONE',0),(494,12,2,29,'22:00:00','ALL','ALL','NONE',0),(495,12,2,30,'06:00:00','ALL','ALL','NONE',0),(508,13,2,1,'9','ALL','ALL','NONE',0),(509,13,2,3,'5','ALL','ALL','NONE',0),(510,13,2,4,'11:00:00','ALL','ALL','NONE',0),(511,13,2,6,'11:00:00','ALL','ALL','NONE',0),(512,13,2,9,'0','ALL','ALL','NONE',0),(513,13,2,10,'05:00:00','ALL','ALL','NONE',0),(514,13,2,14,'05:59:00','ALL','ALL','NONE',0),(515,13,2,28,'60','ALL','ALL','NONE',0),(516,13,2,29,'22:00:00','ALL','ALL','NONE',0),(517,13,2,30,'06:00:00','ALL','ALL','NONE',0),(530,14,2,1,'9','ALL','ALL','NONE',0),(531,14,2,3,'5','ALL','ALL','NONE',0),(532,14,2,4,'12:00:00','ALL','ALL','NONE',0),(533,14,2,6,'12:00:00','ALL','ALL','NONE',0),(534,14,2,9,'0','ALL','ALL','NONE',0),(535,14,2,10,'06:00:00','ALL','ALL','NONE',0),(536,14,2,14,'06:59:00','ALL','ALL','NONE',0),(537,14,2,28,'60','ALL','ALL','NONE',0),(538,14,2,29,'22:00:00','ALL','ALL','NONE',0),(539,14,2,30,'06:00:00','ALL','ALL','NONE',0),(552,15,2,1,'9','ALL','ALL','NONE',0),(553,15,2,3,'5','ALL','ALL','NONE',0),(554,15,2,4,'13:00:00','ALL','ALL','NONE',0),(555,15,2,6,'13:00:00','ALL','ALL','NONE',0),(556,15,2,9,'0','ALL','ALL','NONE',0),(557,15,2,10,'07:00:00','ALL','ALL','NONE',0),(558,15,2,14,'07:59:00','ALL','ALL','NONE',0),(559,15,2,28,'60','ALL','ALL','NONE',0),(560,15,2,29,'22:00:00','ALL','ALL','NONE',0),(561,15,2,30,'06:00:00','ALL','ALL','NONE',0),(584,16,2,1,'9','ALL','ALL','NONE',0),(585,16,2,3,'5','ALL','ALL','NONE',0),(586,16,2,4,'10:00:00','ALL','ALL','NONE',0),(587,16,2,6,'10:00:00','ALL','ALL','NONE',0),(588,16,2,9,'0','ALL','ALL','NONE',0),(589,16,2,10,'04:00:00','ALL','ALL','NONE',0),(590,16,2,14,'04:59:00','ALL','ALL','NONE',0),(591,16,2,28,'60','ALL','ALL','NONE',0),(592,16,2,29,'22:00:00','ALL','ALL','NONE',0),(593,16,2,30,'06:00:00','ALL','ALL','NONE',0),(599,17,2,1,'9','ALL','ALL','NONE',0),(600,17,2,3,'5','ALL','ALL','NONE',0),(601,17,2,4,'11:00:00','ALL','ALL','NONE',0),(602,17,2,6,'11:00:00','ALL','ALL','NONE',0),(603,17,2,9,'0','ALL','ALL','NONE',0),(604,17,2,10,'05:00:00','ALL','ALL','NONE',0),(605,17,2,14,'05:59:00','ALL','ALL','NONE',0),(606,17,2,28,'60','ALL','ALL','NONE',0),(607,17,2,29,'22:00:00','ALL','ALL','NONE',0),(608,17,2,30,'06:00:00','ALL','ALL','NONE',0),(614,18,2,1,'9','ALL','ALL','NONE',0),(615,18,2,3,'5','ALL','ALL','NONE',0),(616,18,2,4,'12:00:00','ALL','ALL','NONE',0),(617,18,2,6,'12:00:00','ALL','ALL','NONE',0),(618,18,2,9,'0','ALL','ALL','NONE',0),(619,18,2,10,'06:00:00','ALL','ALL','NONE',0),(620,18,2,14,'06:59:00','ALL','ALL','NONE',0),(621,18,2,28,'60','ALL','ALL','NONE',0),(622,18,2,29,'22:00:00','ALL','ALL','NONE',0),(623,18,2,30,'06:00:00','ALL','ALL','NONE',0),(629,19,2,1,'9','ALL','ALL','NONE',0),(630,19,2,3,'5','ALL','ALL','NONE',0),(631,19,2,4,'13:00:00','ALL','ALL','NONE',0),(632,19,2,6,'13:00:00','ALL','ALL','NONE',0),(633,19,2,9,'0','ALL','ALL','NONE',0),(634,19,2,10,'07:00:00','ALL','ALL','NONE',0),(635,19,2,14,'07:59:00','ALL','ALL','NONE',0),(636,19,2,28,'60','ALL','ALL','NONE',0),(637,19,2,29,'22:00:00','ALL','ALL','NONE',0),(638,19,2,30,'06:00:00','ALL','ALL','NONE',0),(659,20,2,1,'8','ALL','ALL','NONE',0),(660,20,2,3,'5','ALL','ALL','NONE',0),(661,20,2,4,'02:00:00','ALL','ALL','NONE',0),(662,20,2,6,'02:00:00','ALL','ALL','NONE',0),(663,20,2,9,'0','ALL','ALL','NONE',0),(664,20,2,10,'20:00:00','ALL','ALL','NONE',0),(665,20,2,14,'19:59:00','ALL','ALL','NONE',0),(666,20,2,28,'60','ALL','ALL','NONE',0),(667,20,2,29,'22:00:00','ALL','ALL','NONE',0),(668,20,2,30,'06:00:00','ALL','ALL','NONE',0),(669,20,3,1,'8','ALL','ALL','NONE',0),(670,20,3,3,'5','ALL','ALL','NONE',0),(671,20,3,4,'02:00:00','ALL','ALL','NONE',0),(672,20,3,6,'02:00:00','ALL','ALL','NONE',0),(673,20,3,9,'0','ALL','ALL','NONE',0),(674,20,3,10,'20:00:00','ALL','ALL','NONE',0),(675,20,3,14,'19:59:00','ALL','ALL','NONE',0),(676,20,3,28,'60','ALL','ALL','NONE',0),(677,20,3,29,'22:00:00','ALL','ALL','NONE',0),(678,20,3,30,'06:00:00','ALL','ALL','NONE',0);

/*Data for the table `ww_time_shift_class_company_department` */

insert  into `ww_time_shift_class_company_department`(`id`,`shift_id`,`company_id`,`department_id`,`employment_type_id`,`partners_id`,`class_id`,`class_code`,`class_value`,`deleted`) values (1,0,1,'1,2,3,4,5,6,7,8,9,10,11,12,13,14,15,16,17,18,19','ALL','0',3,'GRACE-PERIOD-IN-MINUTES','5',0),(2,0,2,'1,2,3,4,5,6,7,8,9,10','ALL','0',3,'GRACE-PERIOD-IN-MINUTES','5',0),(3,0,3,'1,2,3,4,5,6','ALL','0',3,'GRACE-PERIOD-IN-MINUTES','5',0),(4,0,4,'1','ALL','0',3,'GRACE-PERIOD-IN-MINUTES','5',0);

/*Data for the table `ww_time_shift_company` */

insert  into `ww_time_shift_company`(`shift_id`,`shift`,`company_id`,`working_hrs`,`grace_period`,`grace_minutes`,`halfday`,`halfday_minutes`,`firsthalf_start`,`firsthalf_end`,`firsthalf_minutes`,`secondhalf_grace_period`,`secondhalf_grace_minutes`,`max_preshift`,`max_preshift_minutes`,`mid_postshift`,`max_postshift`,`max_postshift_minutes`,`breaka_start`,`breaka_end`,`breaka_minutes`,`breaka_grace_minutes`,`breakb_start`,`breakb_end`,`breakb_minutes`,`breakb_grace_minutes`) values (1,'Restday',1,8,'00:00:00',0,'00:00:00',0,NULL,NULL,0,NULL,0,'00:00:00',NULL,'23:59:59','00:00:00',NULL,NULL,NULL,0,0,NULL,NULL,0,0),(1,'Restday',2,8,'00:00:00',0,NULL,0,NULL,NULL,0,NULL,0,'00:00:00',NULL,'23:59:59','00:00:00',NULL,NULL,NULL,0,0,NULL,NULL,0,0),(1,'Restday',3,8,'00:00:00',0,'00:00:00',0,NULL,NULL,0,NULL,0,'00:00:00',NULL,'23:59:59','00:00:00',NULL,NULL,NULL,0,0,NULL,NULL,0,0),(2,'7-4pm',1,8,'07:05:00',5,'09:00:00',120,NULL,NULL,0,NULL,0,'00:00:00',NULL,'23:59:59','00:00:00',NULL,NULL,NULL,0,0,NULL,NULL,0,0),(2,'7-4pm',2,8,'07:05:00',5,'09:00:00',120,NULL,NULL,0,NULL,0,'00:00:00',NULL,'23:59:59','00:00:00',NULL,NULL,NULL,0,0,NULL,NULL,0,0),(2,'7-4pm',3,8,'07:05:00',5,'09:00:00',120,NULL,NULL,0,NULL,0,'00:00:00',NULL,'23:59:59','00:00:00',NULL,NULL,NULL,0,0,NULL,NULL,0,0),(3,'7:30-4:30pm',1,8,'07:35:00',5,'09:30:00',120,NULL,NULL,0,NULL,0,'00:00:00',NULL,'23:59:59','00:00:00',NULL,NULL,NULL,0,0,NULL,NULL,0,0),(3,'7:30-4:30pm',2,8,'07:35:00',5,'09:30:00',120,NULL,NULL,0,NULL,0,'00:00:00',NULL,'23:59:59','00:00:00',NULL,NULL,NULL,0,0,NULL,NULL,0,0),(3,'7:30-4:30pm',3,8,'07:35:00',5,'09:30:00',120,NULL,NULL,0,NULL,0,'00:00:00',NULL,'23:59:59','00:00:00',NULL,NULL,NULL,0,0,NULL,NULL,0,0),(4,'8-5pm',1,8,'08:05:00',5,'10:00:00',120,NULL,NULL,0,NULL,0,'00:00:00',NULL,'23:59:59','00:00:00',NULL,NULL,NULL,0,0,NULL,NULL,0,0),(4,'8-5pm',2,8,'08:05:00',5,'10:00:00',120,NULL,NULL,0,NULL,0,'00:00:00',NULL,'23:59:59','00:00:00',NULL,NULL,NULL,0,0,NULL,NULL,0,0),(4,'8-5pm',3,8,'08:05:00',5,'10:00:00',120,NULL,NULL,0,NULL,0,'00:00:00',NULL,'23:59:59','00:00:00',NULL,NULL,NULL,0,0,NULL,NULL,0,0),(5,'8:30-5:30pm',1,8,'08:35:00',5,'10:30:00',120,NULL,NULL,0,NULL,0,'00:00:00',NULL,'23:59:59','00:00:00',NULL,NULL,NULL,0,0,NULL,NULL,0,0),(5,'8:30-5:30pm',2,8,'08:35:00',5,'10:30:00',120,NULL,NULL,0,NULL,0,'00:00:00',NULL,'23:59:59','00:00:00',NULL,NULL,NULL,0,0,NULL,NULL,0,0),(5,'8:30-5:30pm',3,8,'08:35:00',5,'10:30:00',120,NULL,NULL,0,NULL,0,'00:00:00',NULL,'23:59:59','00:00:00',NULL,NULL,NULL,0,0,NULL,NULL,0,0),(6,'9-6pm',1,8,'09:05:00',5,'11:00:00',120,'12:00:00','13:00:00',60,'13:05:00',5,'05:01:00',239,'23:59:59','05:00:00',660,'10:30:00','10:45:00',15,0,'14:30:00','14:45:00',15,0),(6,'9-6pm',2,8,'09:05:00',5,'11:00:00',120,'12:00:00','13:00:00',60,'13:05:00',5,'05:01:00',239,'23:59:59','05:00:00',660,'10:30:00','10:45:00',15,0,'14:30:00','14:45:00',15,0),(6,'9-6pm',3,8,'09:05:00',5,'11:00:00',120,'12:00:00','13:00:00',60,'13:05:00',5,'05:01:00',239,'23:59:59','05:00:00',660,'10:30:00','10:45:00',15,0,'14:30:00','14:45:00',15,0),(7,'9:30-6:30pm',1,8,'09:35:00',5,'11:30:00',120,NULL,NULL,0,NULL,0,'00:00:00',NULL,'23:59:59','00:00:00',NULL,NULL,NULL,0,0,NULL,NULL,0,0),(7,'9:30-6:30pm',2,8,'09:35:00',5,'11:30:00',120,NULL,NULL,0,NULL,0,'00:00:00',NULL,'23:59:59','00:00:00',NULL,NULL,NULL,0,0,NULL,NULL,0,0),(7,'9:30-6:30pm',3,8,'09:35:00',5,'11:30:00',120,NULL,NULL,0,NULL,0,'00:00:00',NULL,'23:59:59','00:00:00',NULL,NULL,NULL,0,0,NULL,NULL,0,0),(8,'10-7pm',1,8,'10:35:00',5,'12:00:00',120,NULL,NULL,0,NULL,0,'00:00:00',NULL,'23:59:59','00:00:00',NULL,NULL,NULL,0,0,NULL,NULL,0,0),(8,'10-7pm',2,8,'10:35:00',5,'12:00:00',120,NULL,NULL,0,NULL,0,'00:00:00',NULL,'23:59:59','00:00:00',NULL,NULL,NULL,0,0,NULL,NULL,0,0),(8,'10-7pm',3,8,'10:35:00',5,'12:00:00',120,NULL,NULL,0,NULL,0,'00:00:00',NULL,'23:59:59','00:00:00',NULL,NULL,NULL,0,0,NULL,NULL,0,0);

/*Data for the table `ww_time_shift_restday` */

insert  into `ww_time_shift_restday`(`shift_id`,`shift`,`company_id`,`day`,`deleted`) values (2,'7-4pm',1,'Saturday',0),(2,'7-4pm',1,'Sunday',0),(2,'9-6pm',2,'Saturday',0),(2,'9-6pm',2,'Sunday',0),(3,'9-6pm',1,'Saturday',0),(3,'9-6pm',1,'Sunday',0),(3,'9-6pm',2,'Saturday',0),(3,'9-6pm',2,'Sunday',0),(4,'9-6pm',1,'Saturday',0),(4,'9-6pm',1,'Sunday',0),(4,'9-6pm',2,'Saturday',0),(4,'9-6pm',2,'Sunday',0),(5,'9-6pm',1,'Saturday',0),(5,'9-6pm',1,'Sunday',0),(5,'9-6pm',2,'Saturday',0),(5,'9-6pm',2,'Sunday',0),(6,'9-6pm',1,'Saturday',0),(6,'9-6pm',1,'Sunday',0),(6,'9-6pm',2,'Saturday',0),(6,'9-6pm',2,'Sunday',0),(7,'9-6pm',1,'Saturday',0),(7,'9-6pm',1,'Sunday',0),(7,'9-6pm',2,'Saturday',0),(7,'9-6pm',2,'Sunday',0),(8,'9-6pm',1,'Saturday',0),(8,'9-6pm',1,'Sunday',0),(8,'9-6pm',2,'Saturday',0),(8,'9-6pm',2,'Sunday',0),(2,'9-6pm',3,'Saturday',0),(2,'9-6pm',3,'Sunday',0),(3,'9-6pm',3,'Saturday',0),(3,'9-6pm',3,'Sunday',0),(4,'9-6pm',3,'Saturday',0),(4,'9-6pm',3,'Sunday',0),(5,'9-6pm',3,'Saturday',0),(5,'9-6pm',3,'Sunday',0),(6,'9-6pm',3,'Saturday',0),(6,'9-6pm',3,'Sunday',0),(7,'9-6pm',3,'Saturday',0),(7,'9-6pm',3,'Sunday',0),(8,'9-6pm',3,'Saturday',0),(8,'9-6pm',3,'Sunday',0),(5,'8:30-5pm',5,'Sunday',0),(5,'8:30-5pm',5,'Saturday',0);

/*Data for the table `ww_time_shift_weekly` */

insert  into `ww_time_shift_weekly`(`calendar_id`,`calendar`,`workingdays`,`restdays`,`created_on`,`created_by`,`modified_on`,`modified_by`,`deleted`) values (1,'Mon-Sat - 05:30AM-02:30PM','','','2016-11-09 10:42:46',1,'2016-11-09 11:02:14',1,0),(2,'Mon-Sat - 06:00AM-03:00PM','','','2016-11-09 11:01:33',1,NULL,0,0),(3,'Mon-Sat - 07:00AM-04:00PM','','','2016-11-09 11:01:56',1,NULL,0,0),(4,'Mon-Thu - 6AM-4PM, Fri - 6AM-3PM','','','2016-11-09 11:05:12',1,'2016-11-09 11:06:41',1,0),(5,'Mon-Thu - 7AM-5PM, Fri - 7AM-4PM','','','2016-11-09 11:07:28',1,NULL,0,0),(6,'Mon-Thu - 8AM-6PM, Fri - 8AM-5PM','','','2016-11-09 11:09:16',1,NULL,0,0),(7,'Mon-Thu - 9AM-7PM, Fri - 9AM-6PM','','','2016-11-09 11:10:41',1,NULL,0,0);

/*Data for the table `ww_time_shift_weekly_calendar` */

insert  into `ww_time_shift_weekly_calendar`(`calendar_id`,`week_no`,`week_name`,`shift_id`,`shift`) values (1,'1','Sunday',1,'Restday'),(1,'2','Monday',2,'05:30AM-02:30PM'),(1,'3','Tuesday',2,'05:30AM-02:30PM'),(1,'4','Wednesday',2,'05:30AM-02:30PM'),(1,'5','Thursday',2,'05:30AM-02:30PM'),(1,'6','Friday',2,'05:30AM-02:30PM'),(1,'7','Saturday',2,'05:30AM-02:30PM'),(2,'1','Sunday',1,'Restday'),(2,'2','Monday',4,'06:00AM-03:00PM'),(2,'3','Tuesday',4,'06:00AM-03:00PM'),(2,'4','Wednesday',4,'06:00AM-03:00PM'),(2,'5','Thursday',4,'06:00AM-03:00PM'),(2,'6','Friday',4,'06:00AM-03:00PM'),(2,'7','Saturday',4,'06:00AM-03:00PM'),(3,'1','Sunday',1,'Restday'),(3,'2','Monday',3,'07:00AM-04:00PM'),(3,'3','Tuesday',3,'07:00AM-04:00PM'),(3,'4','Wednesday',3,'07:00AM-04:00PM'),(3,'5','Thursday',3,'07:00AM-04:00PM'),(3,'6','Friday',3,'07:00AM-04:00PM'),(3,'7','Saturday',3,'07:00AM-04:00PM'),(4,'1','Sunday',1,'Restday'),(4,'2','Monday',12,'06:00AM-04:00PM'),(4,'3','Tuesday',12,'06:00AM-04:00PM'),(4,'4','Wednesday',12,'06:00AM-04:00PM'),(4,'5','Thursday',12,'06:00AM-04:00PM'),(4,'6','Friday',4,'06:00AM-03:00PM'),(4,'7','Saturday',1,'Restday'),(5,'1','Sunday',1,'Restday'),(5,'2','Monday',13,'07:00AM-05:00PM'),(5,'3','Tuesday',13,'07:00AM-05:00PM'),(5,'4','Wednesday',13,'07:00AM-05:00PM'),(5,'5','Thursday',13,'07:00AM-05:00PM'),(5,'6','Friday',3,'07:00AM-04:00PM'),(5,'7','Saturday',1,'Restday'),(6,'1','Sunday',1,'Restday'),(6,'2','Monday',14,'08:00AM-06:00PM'),(6,'3','Tuesday',14,'08:00AM-06:00PM'),(6,'4','Wednesday',14,'08:00AM-06:00PM'),(6,'5','Thursday',14,'08:00AM-06:00PM'),(6,'6','Friday',6,'08:00AM-05:00PM'),(6,'7','Saturday',1,'Restday'),(7,'1','Sunday',1,'Restday'),(7,'2','Monday',15,'09:00AM-07:00PM'),(7,'3','Tuesday',15,'09:00AM-07:00PM'),(7,'4','Wednesday',15,'09:00AM-07:00PM'),(7,'5','Thursday',15,'09:00AM-07:00PM'),(7,'6','Friday',8,'09:00AM-06:00PM'),(7,'7','Saturday',1,'Restday');

/*Data for the table `ww_training_applicable_for` */

insert  into `ww_training_applicable_for`(`applicable_for_id`,`applicable_for`,`deleted`) values (1,'somebody 1',0);

/*Data for the table `ww_training_bond` */

insert  into `ww_training_bond`(`bond_id`,`cost_from`,`cost_to`,`rls_months`,`rls_days`,`status_id`,`can_delete`,`created_on`,`created_by`,`modified_on`,`modified_by`,`deleted`) values (1,'111.00','222.00',333,444,0,1,'2016-12-08 14:39:42',1,'2016-12-16 04:45:29',1,0),(2,'1.00','2.00',4,3,0,1,'2016-12-08 14:45:27',1,NULL,NULL,0),(3,'66.00','33.00',6,5,0,1,'2016-12-08 14:45:52',1,'2016-12-08 07:47:46',1,0),(4,'44.00','55.00',324,12,0,1,'2016-12-08 14:48:45',1,'2016-12-08 07:49:30',1,0),(5,'33.00','22.00',4,3,0,1,'2016-12-08 14:49:38',1,NULL,NULL,0),(6,'222.00','333.00',2,1,0,1,'2016-12-08 15:12:37',1,'2016-12-08 08:13:59',1,0),(7,'2.00','3.00',2,1,0,1,'2016-12-08 15:14:12',1,NULL,NULL,0),(8,'22.00','33.00',2,1,0,1,'2016-12-08 15:14:30',1,NULL,NULL,0),(9,'3.00','6.00',1,2,0,1,'2016-12-09 09:46:33',1,NULL,NULL,0),(10,'33.00','44.23',1,2,0,1,'2016-12-09 09:48:27',1,NULL,NULL,0),(11,'20.00','30.00',2,1,0,1,'2016-12-09 09:49:12',1,NULL,NULL,0),(12,'20.00','30.00',1,2,0,1,'2016-12-09 09:50:20',1,NULL,NULL,0),(13,'44322.00','23232.00',1,2,0,1,'2016-12-09 09:52:12',1,NULL,NULL,0),(14,'3.00','3.00',3,3,0,1,'2016-12-16 11:45:43',1,'2016-12-16 04:45:58',1,1);

/*Data for the table `ww_training_calendar` */

insert  into `ww_training_calendar`(`training_calendar_id`,`course_id`,`training_revalida_master_id`,`feedback_category_id`,`training_category_id`,`topic`,`calendar_type_id`,`partner_id`,`venue`,`room`,`equipment`,`min_training_capacity`,`training_capacity`,`with_certification`,`with_budget`,`with_session`,`registration_date`,`last_registration_date`,`total_session_hours`,`total_session_breaks`,`total_cost`,`total_pax`,`tba`,`publish_date`,`published`,`confirmed`,`closed_date`,`closed`,`cancelled`,`cancelled_date`,`cost_per_pax`,`revalida_date`,`planned`,`location_id`,`company_id`,`project_id`,`department_id`,`assignment_id`,`created_on`,`modified_on`,`created_by`,`modified_by`,`deleted`) values (1,2,1,'1',0,'test',0,NULL,'test',NULL,'test',9,7,1,0,0,'2016-12-29','2016-12-29','0:00','0:00','100.00',1,1,'2016-12-28',0,0,NULL,1,2,NULL,'34.00','2016-12-23',1,NULL,1,NULL,NULL,NULL,'2016-12-14 11:14:18','2017-02-02',NULL,1,0),(2,1,0,'1',0,'Test',0,NULL,'Admix',NULL,'Test',30,10,1,0,0,'2016-12-14','2016-12-15','0:00','0:00','0.00',0,1,'2016-12-19',0,0,NULL,1,2,NULL,'3.00','2016-12-20',1,1,1,1,1,NULL,'2016-12-14 17:02:58',NULL,NULL,NULL,0),(3,6,1,'1, 2',0,'Training 3',0,NULL,'Orient Square, Ortigas',NULL,'none',100,50,1,0,0,'2016-12-19','2016-12-21','0:00','0:00','178.00',2,1,'2016-12-22',0,0,NULL,0,2,NULL,'100.00','2016-12-23',1,1,1,1,1,NULL,'2016-12-19 14:32:23',NULL,NULL,NULL,0),(4,3,1,'1, 2',0,'toooo',0,NULL,'yyyy',NULL,'',5,5,1,0,0,'2016-12-26','2016-12-27','0:00','0:00','12.00',2,1,'2016-12-28',0,0,NULL,0,2,NULL,'0.00','2016-12-29',1,NULL,NULL,NULL,NULL,NULL,'2016-12-19 15:18:28',NULL,NULL,NULL,0);

/*Data for the table `ww_training_calendar_budget` */

/*Data for the table `ww_training_calendar_participant` */

insert  into `ww_training_calendar_participant`(`calendar_participant_id`,`training_calendar_id`,`user_id`,`participant_status_id`,`no_show`,`bond`,`nominate`,`send_nominate_status`,`send_reject_status`,`send_confirm_status`,`send_reg_notification`,`send_no_show_notification`,`previous_participant_status_id`,`send_revalida_notification`,`remarks`,`deleted`) values (1,1,2,2,1,0,1,0,0,0,0,1,2,0,NULL,0),(2,2,2,2,1,0,1,0,0,0,0,1,2,0,NULL,0),(3,3,2,2,1,0,1,0,0,0,0,1,2,0,NULL,0),(4,3,3,0,0,0,0,0,0,0,0,0,0,0,NULL,0);

/*Data for the table `ww_training_calendar_participant_status` */

insert  into `ww_training_calendar_participant_status`(`participant_status_id`,`participant_status`,`deleted`) values (1,'Enrolled',0),(2,'Confirmed',0),(4,'Moved',0),(6,'Disapproved',0);

/*Data for the table `ww_training_calendar_session` */

insert  into `ww_training_calendar_session`(`calendar_session_id`,`training_calendar_id`,`session_no`,`session_date`,`sessiontime_from`,`sessiontime_to`,`breaktime_from`,`breaktime_to`,`instructor`,`deleted`) values (18,1,6543,'2016-12-14','01:01:00','03:00:00','02:00:00','02:30:00','Annyeong',0),(13,2,876,'2016-12-16','01:00:00','05:00:00','02:00:00','03:00:00','Min Ho',0),(29,4,0,'2016-12-22','01:00:00','01:00:00','01:00:00','01:00:00','asfghjkl',0),(31,3,9789,'2016-12-21','09:00:00','11:00:00','10:00:00','10:30:00','Mr. Sunshine',0);

/*Data for the table `ww_training_calendar_type` */

insert  into `ww_training_calendar_type`(`calendar_type_id`,`calendar_type`,`deleted`) values (1,'Internal',0),(2,'External',0);

/*Data for the table `ww_training_category` */

insert  into `ww_training_category`(`category_id`,`category`,`category_code`,`description`,`status_id`,`can_delete`,`created_on`,`created_by`,`modified_on`,`modified_by`,`deleted`) values (14,'test 1','test 2','test 3',0,1,'2016-12-09 10:42:49',1,NULL,NULL,0),(15,'Leadership Competency Development','LCD','Leadership Competency Development Category',0,1,'2016-12-16 11:57:25',1,'2016-12-16 06:40:00',1,0),(16,'Core Competency Development','CCD','Core Competency Development Category',0,1,'2016-12-16 11:58:04',1,NULL,NULL,0),(17,'test','test','dess',0,1,'2016-12-16 11:58:23',1,'2016-12-16 04:58:33',1,1);

/*Data for the table `ww_training_cost` */

insert  into `ww_training_cost`(`cost_id`,`cost`,`description`,`created_on`,`modified_on`,`created_by`,`modified_by`,`deleted`) values (3,'Cost Test','Test','2016-12-15 14:42:27','2016-12-16',1,1,0),(4,'lala','lallalaa','2016-12-16 14:05:34','2016-12-16',1,1,1),(5,'Food','Food cost','2016-12-16 14:39:21',NULL,1,NULL,0),(6,'Lodging','Lodging cost','2016-12-16 14:39:47',NULL,1,NULL,0),(7,'Transportation','Transportation cost','2016-12-16 14:40:13',NULL,1,NULL,0),(8,'Allowance','Allowance cost','2016-12-16 14:40:42',NULL,1,NULL,0),(9,'Materials','Materials cost','2016-12-16 14:41:09',NULL,1,NULL,0);

/*Data for the table `ww_training_course` */

insert  into `ww_training_course`(`course_id`,`course`,`category_id`,`type_id`,`provider_id`,`facilitator`,`planned`,`position_id`,`with_bond`,`cost`,`length_of_service`,`remarks`,`created_on`,`modified_on`,`created_by`,`modified_by`,`deleted`) values (1,'Test Course',14,1,15,'Test F',0,'2,3',0,2.00,'2','Test','2016-12-09 11:36:23','2016-12-16',1,1,0),(2,'Test 2',14,1,15,'test',0,'3',0,1.00,'1','reee','2016-12-09 12:03:58','2016-12-15',1,1,0),(3,'Test',14,1,15,'ee',0,NULL,0,444.00,'555','rttt','2016-12-15 17:03:40',NULL,1,NULL,0),(4,'Test',14,1,15,'ee',0,NULL,0,444.00,'555','rttt','2016-12-15 17:04:37',NULL,1,NULL,0),(5,'test',14,1,15,'rrrr',0,'1,2',0,0.00,'4444','555hhhh','2016-12-15 17:11:19','2016-12-16',1,1,1),(6,'Leadership and Management Development Program',15,3,16,'',1,'1,3',0,5000.00,'2','Test Remarks','2016-12-16 13:42:32','2016-12-16',1,1,0);

/*Data for the table `ww_training_employee_database` */

insert  into `ww_training_employee_database`(`employee_database_id`,`calendar_id`,`employee_id`,`position_id`,`department_id`,`division_id`,`group_name_id`,`project_name_id`,`rank_id`,`start_date`,`end_date`,`bond_start_date`,`bond_end_date`,`no_bond_days`,`training_balance`,`daily_training_cost`,`status_id`,`can_delete`,`created_on`,`created_by`,`modified_on`,`modified_by`,`deleted`) values (1,1,1,2,1,1,1,1,1,'2016-12-12','2016-12-13','2016-12-12','2016-12-13',1,'123','321',1,1,'2016-12-12 16:14:34',NULL,NULL,NULL,0),(2,2,2,4,1,1,1,1,1,'2016-12-14','2016-12-16','2016-12-17','2016-12-18',1,'543','345',1,1,'2016-12-13 12:39:56',NULL,NULL,NULL,0),(4,NULL,NULL,NULL,NULL,NULL,NULL,NULL,NULL,NULL,NULL,NULL,NULL,NULL,NULL,NULL,0,1,'2016-12-13 12:40:56',NULL,NULL,NULL,0);

/*Data for the table `ww_training_evaluation_template` */

insert  into `ww_training_evaluation_template`(`evaluation_template_id`,`title`,`description`,`applicable_for`,`status_id`,`can_delete`,`created_on`,`created_by`,`modified_on`,`modified_by`,`deleted`) values (1,'test  445','test 6777',1,0,1,'2016-12-11 16:18:46',1,'2016-12-16 08:04:57',1,0),(2,'Test 2','',1,0,1,'2016-12-13 08:56:38',1,NULL,NULL,0),(3,'asdf','asdf',1,0,1,'2016-12-13 10:58:13',1,NULL,NULL,0),(4,'test','',1,0,1,'2016-12-14 23:23:12',1,'2016-12-16 10:39:54',1,1),(5,'Eval 1','Test Description',1,0,1,'2016-12-16 11:34:38',1,'2016-12-16 04:43:49',1,1);

/*Data for the table `ww_training_evaluation_template_section` */

insert  into `ww_training_evaluation_template_section`(`template_section_id`,`template_id`,`template_section`,`parent_id`,`weight`,`section_type_id`,`sequence`,`header`,`footer`,`deleted`) values (3,1,'test 1',0,2,1,1,'testing header 11','testing footer 11',0),(4,1,'test 2',0,3,1,2,'testing header 12','testing footer 12',0),(5,0,'Section 1',0,20,1,1,'Test Header','Test Footer',0),(6,5,'test',0,20,0,1,'test','test',0),(7,1,'Boy',0,566,2,344,'reee','tttt',0);

/*Data for the table `ww_training_evaluation_template_section_type` */

insert  into `ww_training_evaluation_template_section_type`(`section_type_id`,`section_type`,`deleted`) values (1,'5-point Scale',0),(2,'Yes or No',0),(3,'Essay',0),(4,'6-point Scale',0),(5,'4-point Scale',0),(6,'Multiple',0);

/*Data for the table `ww_training_facilitator` */

insert  into `ww_training_facilitator`(`facilitator_id`,`facilitator`,`is_internal`,`provider_id`,`course_id`,`created_on`,`modified_on`,`created_by`,`modified_by`,`deleted`) values (1,'Test Facilitator',1,15,'4','2016-12-11 15:01:17','2016-12-16',1,1,0),(2,'Technical Department',1,17,'6','2016-12-16 14:04:11',NULL,1,NULL,0),(3,'tesyyy',1,17,'6','2016-12-16 14:04:35','2016-12-16',1,1,1);

/*Data for the table `ww_training_feedback` */

insert  into `ww_training_feedback`(`feedback_id`,`training_calendar_id`,`employee_id`,`feedback_status_id`,`total_score`,`average_score`,`status_id`,`can_delete`,`created_on`,`created_by`,`modified_on`,`modified_by`,`deleted`) values (1,1,2,3,38,'42.22',0,1,NULL,1,'2016-12-14 17:32:36',1,0);

/*Data for the table `ww_training_feedback_category` */

insert  into `ww_training_feedback_category`(`feedback_category_id`,`feedback_category`,`deleted`) values (1,'Training Evaluation Level 1',0),(2,'Training Evaluation Level 2',0);

/*Data for the table `ww_training_feedback_item` */

insert  into `ww_training_feedback_item`(`feedback_item_id`,`feedback_category_id`,`feedback_item_no`,`feedback_item`,`score_type`,`inactive`,`deleted`) values (1,1,1,'The training purpose and objectives of the course were clearly identified by the Trainer.',1,0,0),(2,1,2,'The course content met all stated objectives',1,0,0),(3,1,3,'The course was organized and followed a logical sequence.',1,0,0),(4,1,3,'The audio-visual presentation and training aids used were relevant and effective.',1,0,0),(5,1,3,'The pacing and length of the course was just right.',1,0,0),(6,1,3,' The exercises/activities were applicable and relevant to the course objectives.',1,0,0),(7,1,7,'The course has increased my knowledge and skill level.',1,0,0),(8,1,8,' Overall, the training exceeded my needs and expectations.',1,0,0),(9,1,9,'The trainer clearly communicated and met the course objectives.',1,0,0),(10,1,10,'The trainer effectively presented the course in a clear and organized manner.',1,0,0),(11,1,11,'The trainer displayed mastery of the subject matter.',1,0,0),(12,1,12,'The trainer encouraged trainees’ participation in discussions and activities.',1,0,0),(13,1,12,'The trainer was confident and enthusiastic throughout the session.',1,0,0),(14,1,13,'The trainer’s response to issues and questions met the need for  clarification. 			',1,0,0),(15,1,15,'The trainer demonstrated an acceptable professional conduct.',1,0,0),(16,1,16,'Overall, the trainer did an effective job.',1,0,0),(17,1,17,'The classroom was comfortable. (i.e. Temp, light, space, sounds)',1,0,0),(18,1,17,'The laptop/PC/projector used illustrated clear visuals and presentation. ',1,0,0),(19,1,19,'What did you like most about the module?',3,0,0),(20,1,19,'What do you think might make this module better?',3,0,0),(21,1,21,'Which of the topics were the most useful to you? ',3,0,0),(22,1,22,'Which of the topics did you find least useful? ',3,0,0),(23,1,23,'Please add any other comments that may help us better improve the module.',3,0,0);

/*Data for the table `ww_training_feedback_score` */

insert  into `ww_training_feedback_score`(`feedback_score_id`,`feedback_id`,`feedback_item_id`,`score`,`remarks`,`deleted`) values (208,1,1,'1.00',NULL,0),(209,1,2,'2.00',NULL,0),(210,1,6,'2.00',NULL,0),(211,1,3,'1.00',NULL,0),(212,1,5,'2.00',NULL,0),(213,1,4,'1.00',NULL,0),(214,1,7,'2.00',NULL,0),(215,1,8,'1.00',NULL,0),(216,1,9,'2.00',NULL,0),(217,1,10,'2.00',NULL,0),(218,1,11,'3.00',NULL,0),(219,1,13,'3.00',NULL,0),(220,1,12,'3.00',NULL,0),(221,1,14,'3.00',NULL,0),(222,1,15,'4.00',NULL,0),(223,1,16,'2.00',NULL,0),(224,1,18,'2.00',NULL,0),(225,1,17,'2.00',NULL,0),(226,1,20,'0.00','test 7',0),(227,1,19,'0.00','test 3',0),(228,1,21,'0.00','test 3',0),(229,1,22,'0.00','test 3',0),(230,1,23,'0.00','test 5',0);

/*Data for the table `ww_training_feedback_score_type` */

insert  into `ww_training_feedback_score_type`(`score_type_id`,`score_type`,`deleted`) values (1,'5-point Scale',0),(2,'Yes or No',0),(3,'Essay',0),(4,'6-point Scale',0),(5,'4-point Scale',0);

/*Data for the table `ww_training_feedback_status` */

insert  into `ww_training_feedback_status`(`feedback_status_id`,`feedback_status`,`description`,`deleted`) values (1,'Draft',NULL,NULL),(2,'Pending',NULL,NULL),(3,'Completed',NULL,NULL);

/*Data for the table `ww_training_library` */

insert  into `ww_training_library`(`library_id`,`library`,`author`,`published_date`,`description`,`upload`,`module`,`status_id`,`can_delete`,`created_on`,`created_by`,`modified_on`,`modified_by`,`deleted`) values (16,'test  training_libary','test Author','2016-12-14','test Description',NULL,'uploads/training_library/Desert.jpg',0,1,'2016-12-11 15:00:37',1,NULL,NULL,0),(17,'fdsfsdf','dsadsad','2016-12-14','asdsadasd',NULL,'uploads/training_library/Koala.jpg',0,1,'2016-12-11 15:03:39',1,NULL,NULL,0),(18,'t','rt','2016-12-23','errr',NULL,'',0,1,'2016-12-16 12:02:09',1,'2016-12-16 05:02:34',1,1);

/*Data for the table `ww_training_provider` */

insert  into `ww_training_provider`(`provider_id`,`provider_code`,`provider`,`description`,`status_id`,`can_delete`,`created_on`,`created_by`,`modified_on`,`modified_by`,`deleted`) values (14,'test 1','test','test 3',0,1,'2016-12-09 10:42:49',1,'2016-12-09 04:26:25',1,1),(15,'sfds','test','wew',0,1,'2016-12-09 11:33:41',1,NULL,NULL,0),(16,'ADMU CCE','Ateneo De Manila University CCE','Ateneo De Manila University CCE Provider',0,1,'2016-12-16 11:59:57',1,NULL,NULL,0),(17,'TD','Training Department','Training Department Provider',0,1,'2016-12-16 12:00:42',1,NULL,NULL,0),(18,'rrr','reee','ttt',0,1,'2016-12-16 12:00:55',1,'2016-12-16 05:01:03',1,1);

/*Data for the table `ww_training_revalida` */

insert  into `ww_training_revalida`(`training_revalida_id`,`training_calendar_id`,`employee_id`,`revalida_status_id`,`total_score`,`average_score`,`created_by`,`created_date`,`updated_by`,`updated_date`,`deleted`) values (1,1,2,3,0,'0.00',0,'2016-12-15 01:03:18',0,NULL,0);

/*Data for the table `ww_training_revalida_category` */

insert  into `ww_training_revalida_category`(`training_revalida_category_id`,`training_revalida_master_id`,`revalida_category`,`revalida_category_weight`,`deleted`) values (9,1,'aasd',50,0),(10,1,'llll',50,0),(14,3,'Hey',100,0);

/*Data for the table `ww_training_revalida_item` */

insert  into `ww_training_revalida_item`(`training_revalida_item_id`,`training_revalida_category_id`,`training_revalida_item_no`,`description`,`score_type`,`item_weight`,`inactive`,`deleted`) values (10,10,1,'asdf',2,50,0,0),(11,10,2,'sdf',3,50,0,0),(9,9,1,'asd',2,100,0,0),(15,14,1,'Test',2,100,0,0);

/*Data for the table `ww_training_revalida_master` */

insert  into `ww_training_revalida_master`(`training_revalida_master_id`,`revalida_type`,`course_id`,`draft`,`created_on`,`modified_on`,`created_by`,`modified_by`,`deleted`) values (1,'ok lang ako',NULL,0,'2016-12-14 22:09:33','2016-12-16',1,1,0),(3,'Testtt',NULL,0,'2016-12-19 14:22:27','2016-12-19',1,1,0);

/*Data for the table `ww_training_revalida_score` */

insert  into `ww_training_revalida_score`(`training_revalida_score_id`,`training_revalida_id`,`training_revalida_item_id`,`score`,`remarks`,`deleted`) values (1,1,9,NULL,NULL,0),(2,1,10,NULL,NULL,0),(3,1,11,'0.00','test',0);

/*Data for the table `ww_training_revalida_score_type` */

insert  into `ww_training_revalida_score_type`(`score_type_id`,`score_type`,`deleted`) values (1,'5-point Scale',0),(2,'Yes or No',0),(3,'Essay',0),(4,'6-point Scale',0),(5,'4-point Scale',0);

/*Data for the table `ww_training_source` */

insert  into `ww_training_source`(`source_id`,`source_code`,`source`,`description`,`created_on`,`modified_on`,`created_by`,`modified_by`,`deleted`) values (1,'TEST','Test source','Test Description','2016-12-09 10:58:56',NULL,1,NULL,0),(2,'Test','Kitchen','Pagkain masarap','2016-12-12 09:13:12',NULL,1,NULL,0);

/*Data for the table `ww_training_subject` */

/*Data for the table `ww_training_type` */

insert  into `ww_training_type`(`type_id`,`training_type_code`,`training_type`,`description`,`status_id`,`can_delete`,`created_on`,`created_by`,`modified_on`,`modified_by`,`deleted`) values (1,'TEST','Test','This is a Test',0,1,'2016-12-09 10:57:19',1,'2016-12-16 04:55:32',1,1),(2,'INT','Internal','Internal Type',0,1,'2016-12-16 11:54:33',1,'2016-12-16 04:54:49',1,0),(3,'EXT','External','External Type',0,1,'2016-12-16 11:55:18',1,NULL,NULL,0);

/*Data for the table `ww_uitypes` */

insert  into `ww_uitypes`(`uitype_id`,`uitype`,`description`,`deleted`) values (1,'Textfield',NULL,0),(2,'Textarea',NULL,0),(3,'Yes/No, On/Off Switch',NULL,0),(4,'Searchable Dropdowns','DDLB',0),(5,'WYSIWYG',NULL,0),(6,'Date Picker',NULL,0),(7,'Password',NULL,0),(8,'Single Upload',NULL,0),(9,'Multiple Upload',NULL,0),(10,'Multiselect Checkbox',NULL,0),(11,'Auto/Readonly',NULL,0),(12,'Date From - Date To Picker',NULL,0),(13,'Place holder/Label',NULL,0),(14,'Time From - Time To Picker',NULL,0),(15,'Sex',NULL,0),(16,'Date and Time Picker',NULL,0),(17,'Time Picker',NULL,0),(18,'Month and Year Picker',NULL,0),(19,'Number Range',NULL,0),(20,'Time - Minute Second Picker',NULL,0),(21,'Date and Time From - Date and Ti',NULL,0);

/*Data for the table `ww_users` */

insert  into `ww_users`(`user_id`,`role_id`,`company_id`,`can_view`,`can_delete`,`email`,`full_name`,`login`,`hash`,`last_login`,`display_name`,`timezone`,`language`,`active`,`lastactivity`,`login_old`,`created_on`,`created_by`,`modified_on`,`modified_by`,`deleted`) values (1,1,1,0,0,'teemworxgroup@gmail.com','Admin, System ','admin','$2a$08$hRV4eko18h6qPQ0gn7.f.eKk9O9Dv7nPKfZbN1mhregMrBYi3sR6i','2017-03-02 14:07:12','Admin, System','Asia/Manila','en',1,0,NULL,NULL,NULL,'2014-04-26 07:38:23',1,0);

/*Data for the table `ww_users_assignment` */

/*Data for the table `ww_users_branch` */

/*Data for the table `ww_users_company` */

insert  into `ww_users_company`(`company_id`,`company_code`,`company`,`status_id`,`can_delete`,`address`,`city_id`,`city`,`country_id`,`country`,`zipcode`,`vat`,`logo`,`print_logo`,`bank_id`,`sss`,`hdmf`,`phic`,`tin`,`rdo`,`business_group_id`,`created_on`,`created_by`,`modified_on`,`modified_by`,`deleted`) values (1,'DEF','DEFAULT',0,0,'Philippines',161,'Quezon City',174,'Philippines','','',NULL,'uploads/company/HDI-Systech-h100.jpg',NULL,NULL,NULL,NULL,NULL,NULL,1,'2017-03-02 07:01:57',NULL,NULL,NULL,0);

/*Data for the table `ww_users_company_contact` */

/*Data for the table `ww_users_competency_level` */

/*Data for the table `ww_users_contact_type` */

/*Data for the table `ww_users_cost_center` */

insert  into `ww_users_cost_center`(`cost_center_id`,`cost_center_code`,`cost_center`,`status_id`,`can_delete`,`created_on`,`created_by`,`modified_on`,`modified_by`,`deleted`) values (1,'P16000','Central Office - Treasury',0,1,'2016-10-24 18:17:47',NULL,NULL,NULL,0),(2,'P16000','Central Office - Procument',0,1,'2016-10-24 18:17:47',NULL,NULL,NULL,0),(3,'P16000','Central Office - Engineering',0,1,'2016-10-24 18:17:47',NULL,NULL,NULL,0),(4,'P16000','Central Office - Personnel & General Affairs Dept',0,1,'2016-10-24 18:17:47',NULL,NULL,NULL,0),(5,'P16000','Central Office - Marketing',0,1,'2016-10-24 18:17:47',NULL,NULL,NULL,0),(6,'P16000','Central Office - OPCEN',0,1,'2016-10-24 18:17:47',NULL,NULL,NULL,0),(7,'P16000','Central Office - Operations',0,1,'2016-10-24 18:17:47',NULL,NULL,NULL,0),(8,'P16004','MDC - Lio Jetty Project',0,1,'2016-10-24 18:17:47',NULL,NULL,NULL,0),(9,'P14007','Shell NMIF Package 2',0,1,'2016-10-24 18:17:47',NULL,NULL,NULL,0),(10,'P15024','Project Arete - Nestle Malt Extract Plant',0,1,'2016-10-24 18:17:47',NULL,NULL,NULL,0),(11,'P16003','PKI Cargo Elevator at Phase-6',0,1,'2016-10-24 18:17:47',NULL,NULL,NULL,0),(12,'P16010','YTPI - TBM Area Construction',0,1,'2016-10-24 18:17:47',NULL,NULL,NULL,0),(13,'P15022','Unilever Phils., Inc. 2015 - Project Straits Non-Halal Building',0,1,'2016-10-24 18:17:47',NULL,NULL,NULL,0),(14,'P16008','K & K Molding, Inc. (Various Works)',0,1,'2016-10-24 18:17:47',NULL,NULL,NULL,0),(15,'P16004','MDC-Lio Jetty Project',0,1,'2016-10-24 18:17:47',NULL,NULL,NULL,0),(16,'P16015','FGW1 Canopy Roofing Extension Project',0,1,'2016-10-24 18:17:47',NULL,NULL,NULL,0),(17,'P16014','KelPhil Inc. - New KelPhil Office',0,1,'2016-10-24 18:17:47',NULL,NULL,NULL,0),(18,'P16016','Design,Construction,& Demolition for Toaster Bldg.',0,1,'2016-10-24 18:17:47',NULL,NULL,NULL,0);

/*Data for the table `ww_users_department` */

/*Data for the table `ww_users_department_position` */

/*Data for the table `ww_users_division` */

/*Data for the table `ww_users_group` */

/*Data for the table `ww_users_job_class` */

/*Data for the table `ww_users_job_family` */

/*Data for the table `ww_users_job_family_department` */

/*Data for the table `ww_users_job_grade_level` */

insert  into `ww_users_job_grade_level`(`job_grade_id`,`job_grade_code`,`job_level`,`status_id`,`can_delete`,`min_salary`,`max_salary`,`created_on`,`created_by`,`modified_on`,`modified_by`,`deleted`) values (1,'1','1',1,1,'0.00','0.00','2016-11-11 13:54:22',1,'2016-11-11 13:54:44',1,0),(2,'2','2',1,1,'0.00','0.00','2016-11-11 13:54:28',1,NULL,NULL,0),(3,'3','3',1,1,'0.00','0.00','2016-11-11 13:54:33',1,NULL,NULL,0);

/*Data for the table `ww_users_job_pay_level` */

/*Data for the table `ww_users_job_rank` */

/*Data for the table `ww_users_job_rank_code` */

/*Data for the table `ww_users_job_rank_level` */

/*Data for the table `ww_users_job_title` */

/*Data for the table `ww_users_location` */

insert  into `ww_users_location`(`location_id`,`location_code`,`location`,`min_wage_amt`,`ecola_amt`,`ecola_amt_month`,`status_id`,`can_delete`,`created_on`,`created_by`,`modified_on`,`modified_by`,`deleted`) values (1,'HQ','Head Office','0.00','0.00','0.00',0,0,'2017-03-02 07:02:00',NULL,NULL,NULL,0);

/*Data for the table `ww_users_pay_set_rates` */

/*Data for the table `ww_users_position` */

insert  into `ww_users_position`(`position_id`,`position_code`,`position`,`status_id`,`can_delete`,`job_title_id`,`job_title`,`job_rank_id`,`job_rank`,`employee_type_id`,`employee_type`,`immediate_id`,`immediate`,`immediate_position_id`,`immediate_position`,`job_description`,`attachment`,`created_on`,`created_by`,`modified_on`,`modified_by`,`amp_position_id`,`deleted`) values (1,'','Accountant I',0,1,0,NULL,0,NULL,0,'',0,'',0,'',NULL,NULL,'2016-11-11 11:19:58',NULL,NULL,NULL,NULL,0);

/*Data for the table `ww_users_profile` */

insert  into `ww_users_profile`(`user_id`,`partner_id`,`recruit_id`,`title`,`suffix`,`lastname`,`firstname`,`middlename`,`maidenname`,`nickname`,`coordinator_id`,`company_id`,`company`,`group_id`,`division_id`,`department_id`,`position_id`,`reports_to_id`,`project_hr_id`,`job_title_id`,`specialization_id`,`location_id`,`project_id`,`section_id`,`branch_id`,`photo`,`birth_date`,`business_level_id`,`start_date`,`end_date`,`modified_on`) values (1,1,0,'Mr.','','Admin','System','Web','','Webadmin',0,1,'DEFAULT',1,1,0,1,1,0,1,0,1,NULL,NULL,NULL,'uploads/users/avatar.png','2006-08-01',3,'0000-00-00','0000-00-00','2016-01-29 14:03:54');

/*Data for the table `ww_users_profile_public` */

/*Data for the table `ww_users_profile_public_data` */

/*Data for the table `ww_users_project` */

insert  into `ww_users_project`(`project_id`,`project_code`,`project`,`status_id`,`can_delete`,`immediate_id`,`immediate`,`position_id`,`position`,`created_on`,`created_by`,`modified_on`,`modified_by`,`deleted`) values (1,'P16015','FGW1 Canopy Roofing Extension Project',0,1,0,'',0,'','2016-10-20 10:58:46',NULL,'2016-11-11 11:23:21',1,0),(2,'P15024','Project Arete - Nestle Malt Extract Plant',0,1,0,'',0,'','2016-10-20 10:58:46',NULL,'2016-11-11 11:23:11',1,0),(3,'P16014','KelPhil Inc. - New KelPhil Office',0,1,0,'',0,'','2016-10-20 10:58:46',NULL,'2016-11-11 11:23:02',1,0),(4,'P16003','PKI Cargo Elevator at Phase-6',0,1,0,'',0,'','2016-10-20 10:58:46',NULL,'2016-11-11 11:22:49',1,0),(5,'P14007','Shell NMIF Package 2',0,1,0,'',0,'','2016-10-20 10:58:46',NULL,'2016-11-11 11:22:40',1,0),(6,'P16004','MDC-Lio Jetty Project',0,1,0,'',0,'','2016-10-20 10:58:46',NULL,'2016-11-11 11:22:31',1,0),(7,'P16014','KelPhil Inc. - New KelPhil Office',0,1,0,'',0,'','2016-10-20 10:58:46',NULL,'2016-11-11 11:22:21',1,1),(8,'P16016','Design, Construction, & Demolition for Toaster Bldg.',0,1,0,'',0,'','2016-10-20 10:58:46',NULL,'2016-11-11 11:22:13',1,0),(9,'P16010','YTPI TBM Area Reconstruction',0,1,0,'',0,'','2016-10-20 10:58:46',NULL,'2016-11-11 11:21:54',1,0),(10,'P16000','Central Office - Riofil',0,1,0,'',0,'','2016-10-24 14:17:35',NULL,'2016-11-11 11:21:42',1,0);

/*Data for the table `ww_users_section` */

insert  into `ww_users_section`(`section_id`,`section_code`,`section`,`status_id`,`can_delete`,`immediate_id`,`immediate`,`position_id`,`position`,`created_on`,`created_by`,`modified_on`,`modified_by`,`deleted`) values (1,'','General Ledger/TAX/ FS',0,1,0,'',0,'','2016-10-24 18:11:06',NULL,NULL,NULL,0),(2,'','Accounts Receivable/ Billing & Collection',0,1,0,'',0,'','2016-10-24 18:11:06',NULL,NULL,NULL,0),(3,'','Accounts Payable',0,1,0,'',0,'','2016-10-24 18:11:06',NULL,NULL,NULL,0),(4,'','Special Project (Admin & Finance)',0,1,0,'',0,'','2016-10-24 18:11:06',NULL,NULL,NULL,0),(5,'','IT',0,1,0,'',0,'','2016-10-24 18:11:06',NULL,NULL,NULL,0),(6,'','Admin',0,1,0,'',0,'','2016-10-24 18:11:06',NULL,NULL,NULL,0),(7,'','Personnel',0,1,0,'',0,'','2016-10-24 18:11:06',NULL,NULL,NULL,0),(8,'','Payroll',0,1,0,'',0,'','2016-10-24 18:11:06',NULL,NULL,NULL,0),(9,'','Civil, Jetty & Offshores',0,1,0,'',0,'','2016-10-24 18:11:06',NULL,NULL,NULL,0),(10,'','Civil & Building',0,1,0,'',0,'','2016-10-24 18:11:06',NULL,NULL,NULL,0),(11,'','Auto CAD',0,1,0,'',0,'','2016-10-24 18:11:06',NULL,NULL,NULL,0),(12,'','Mechanical',0,1,0,'',0,'','2016-10-24 18:11:06',NULL,NULL,NULL,0),(13,'','Electrical',0,1,0,'',0,'','2016-10-24 18:11:06',NULL,NULL,NULL,0),(14,'','Building',0,1,0,'',0,'','2016-10-24 18:11:06',NULL,NULL,NULL,0),(15,'','Costing',0,1,0,'',0,'','2016-10-24 18:11:06',NULL,NULL,NULL,0),(16,'','Permits',0,1,0,'',0,'','2016-10-24 18:11:06',NULL,NULL,NULL,0),(17,'','Document Controller',0,1,0,'',0,'','2016-10-24 18:11:06',NULL,NULL,NULL,0),(18,'','Structural Designs',0,1,0,'',0,'','2016-10-24 18:11:06',NULL,NULL,NULL,0),(19,'','Marketing',0,1,0,'',0,'','2016-10-24 18:11:06',NULL,NULL,NULL,0),(20,'','Quality Assurance / Quality Control',0,1,0,'',0,'','2016-10-24 18:11:06',NULL,NULL,NULL,0),(21,'','HSSE',0,1,0,'',0,'','2016-10-24 18:11:06',NULL,NULL,NULL,0);

/*Data for the table `ww_users_specialization` */

insert  into `ww_users_specialization`(`specialization_id`,`specialization_code`,`specialization`,`status_id`,`can_delete`,`created_on`,`created_by`,`modified_on`,`modified_by`,`deleted`) values (1,'Eng1','Engineering',1,1,'2016-11-13 17:15:01',16,NULL,NULL,0);

/*Data for the table `ww_utility_task` */

insert  into `ww_utility_task`(`task_id`,`task`,`task_status`,`minute`,`hour`,`day_of_month`,`month`,`day_of_week`,`variable`,`template_id`,`email_to`,`email_cc`,`email_bcc`,`last_run`,`deleted`) values (1,'Send Email Logs','Idle','1,2,3,4,5,6,7,8,9,10,11,12,13,14,15,16,17,18,19,20,21,22,23,24,25,26,27,28,29,30,31,32,33,34,35,36,37,38,39,40,41,42,43,44,45,46,47,48,49,50,51,52,53,54,55,56,57,58,59,60','1,2,3,4,5,6,7,8,9,10,11,12,13,14,15,16,17,18,19,20,21,22,23,24','1,2,3,4,5,6,7,8,9,10,11,12,13,14,15,16,17,18,19,20,21,22,23,24,25,26,27,28,29,30,31','1,2,3,4,5,6,7,8,9,10,11,12,13,14,15,16,17,18,19,','1,2,3,4,5,6,7,8',NULL,NULL,NULL,NULL,'webmaster@hdisystech.com',NULL,0),(2,'Archive Audit Logs','Idle',NULL,NULL,NULL,NULL,NULL,NULL,NULL,NULL,NULL,NULL,NULL,0),(3,'Archive Time Record Logs','Idle',NULL,NULL,NULL,NULL,NULL,NULL,NULL,NULL,NULL,NULL,NULL,0),(4,'Session Cleaning','Idle',NULL,NULL,NULL,NULL,NULL,NULL,NULL,NULL,NULL,NULL,NULL,0);

/*Data for the table `ww_ww_system_email_queue` */

/*Data for the table `ww_ww_system_feeds` */

/*Data for the table `ww_ww_time_form_balance` */

/*Data for the table `ww_ww_time_forms` */

/*Data for the table `ww_ww_time_forms_approver` */

/*Data for the table `ww_ww_time_record` */

/*Data for the table `ww_ww_time_record_raw` */

/*!40101 SET SQL_MODE=@OLD_SQL_MODE */;
/*!40014 SET FOREIGN_KEY_CHECKS=@OLD_FOREIGN_KEY_CHECKS */;
/*!40014 SET UNIQUE_CHECKS=@OLD_UNIQUE_CHECKS */;
/*!40111 SET SQL_NOTES=@OLD_SQL_NOTES */;
